# vtk DataFile Version 3.0
vtk output
ASCII
DATASET UNSTRUCTURED_GRID
POINTS 1988 double
0.000000e+00	0.000000e+00	0.0	1.000374e+00	1.529959e-03	0.0	-3.000000e+00	-3.000000e+00	0.0	1.100000e+01	-3.000000e+00	0.0	1.100000e+01	3.000000e+00	0.0	-3.000000e+00	3.000000e+00	0.0	-2.271169e-03	4.441539e-03	0.0	-3.433976e-03	9.292254e-03	0.0	-3.599966e-03	1.428133e-02	0.0	-2.978782e-03	1.923714e-02	0.0	-1.763546e-03	2.408329e-02	0.0	-9.861201e-05	2.879486e-02	0.0	1.914313e-03	3.336914e-02	0.0	4.203822e-03	3.781179e-02	0.0	6.719506e-03	4.213061e-02	0.0	9.424356e-03	4.633367e-02	0.0	1.229018e-02	5.042874e-02	0.0	1.529543e-02	5.442271e-02	0.0	1.842478e-02	5.832025e-02	0.0	2.166392e-02	6.212706e-02	0.0	2.500236e-02	6.584714e-02	0.0	2.843214e-02	6.948318e-02	0.0	3.194436e-02	7.303969e-02	0.0	3.553484e-02	7.651719e-02	0.0	3.919619e-02	7.991999e-02	0.0	4.292598e-02	8.324766e-02	0.0	4.671814e-02	8.650407e-02	0.0	5.057127e-02	8.968812e-02	0.0	5.448014e-02	9.280350e-02	0.0	5.844416e-02	9.584839e-02	0.0	6.245858e-02	9.882653e-02	0.0	6.652333e-02	1.017356e-01	0.0	7.063431e-02	1.045790e-01	0.0	7.479115e-02	1.073549e-01	0.0	7.899122e-02	1.100649e-01	0.0	8.323279e-02	1.127095e-01	0.0	8.751539e-02	1.152872e-01	0.0	9.183574e-02	1.178011e-01	0.0	9.619439e-02	1.202479e-01	0.0	1.005884e-01	1.226307e-01	0.0	1.050171e-01	1.249483e-01	0.0	1.094800e-01	1.271995e-01	0.0	1.139743e-01	1.293872e-01	0.0	1.185005e-01	1.315082e-01	0.0	1.230565e-01	1.335645e-01	0.0	1.276410e-01	1.355563e-01	0.0	1.322542e-01	1.374808e-01	0.0	1.368934e-01	1.393415e-01	0.0	1.415585e-01	1.411364e-01	0.0	1.462490e-01	1.428642e-01	0.0	1.509624e-01	1.445280e-01	0.0	1.556989e-01	1.461252e-01	0.0	1.604574e-01	1.476554e-01	0.0	1.652362e-01	1.491212e-01	0.0	1.700350e-01	1.505199e-01	0.0	1.748528e-01	1.518516e-01	0.0	1.796881e-01	1.531187e-01	0.0	1.845405e-01	1.543182e-01	0.0	1.894091e-01	1.554506e-01	0.0	1.942922e-01	1.565181e-01	0.0	1.991897e-01	1.575181e-01	0.0	2.041004e-01	1.584507e-01	0.0	2.090231e-01	1.593183e-01	0.0	2.139571e-01	1.601187e-01	0.0	2.189016e-01	1.608513e-01	0.0	2.238553e-01	1.615190e-01	0.0	2.288176e-01	1.621200e-01	0.0	2.337876e-01	1.626531e-01	0.0	2.387641e-01	1.631213e-01	0.0	2.437464e-01	1.635235e-01	0.0	2.487338e-01	1.638566e-01	0.0	2.537258e-01	1.641121e-01	0.0	2.587204e-01	1.643097e-01	0.0	2.637164e-01	1.644705e-01	0.0	2.687135e-01	1.645859e-01	0.0	2.737117e-01	1.646494e-01	0.0	2.787100e-01	1.646910e-01	0.0	2.837085e-01	1.647193e-01	0.0	2.887070e-01	1.647250e-01	0.0	2.937055e-01	1.647084e-01	0.0	2.987039e-01	1.646699e-01	0.0	3.037021e-01	1.646098e-01	0.0	3.087000e-01	1.645283e-01	0.0	3.136975e-01	1.644257e-01	0.0	3.186945e-01	1.643022e-01	0.0	3.236910e-01	1.641582e-01	0.0	3.286868e-01	1.639939e-01	0.0	3.336820e-01	1.638095e-01	0.0	3.386763e-01	1.636052e-01	0.0	3.436699e-01	1.633814e-01	0.0	3.486625e-01	1.631382e-01	0.0	3.536541e-01	1.628758e-01	0.0	3.586447e-01	1.625945e-01	0.0	3.636343e-01	1.622945e-01	0.0	3.686227e-01	1.619759e-01	0.0	3.736098e-01	1.616390e-01	0.0	3.785958e-01	1.612840e-01	0.0	3.835804e-01	1.609110e-01	0.0	3.885636e-01	1.605204e-01	0.0	3.935455e-01	1.601120e-01	0.0	3.985258e-01	1.596864e-01	0.0	4.035047e-01	1.592435e-01	0.0	4.084821e-01	1.587835e-01	0.0	4.134578e-01	1.583066e-01	0.0	4.184319e-01	1.578131e-01	0.0	4.234044e-01	1.573029e-01	0.0	4.283751e-01	1.567763e-01	0.0	4.333441e-01	1.562335e-01	0.0	4.383113e-01	1.556745e-01	0.0	4.432766e-01	1.550995e-01	0.0	4.482401e-01	1.545088e-01	0.0	4.532018e-01	1.539024e-01	0.0	4.581614e-01	1.532803e-01	0.0	4.631192e-01	1.526428e-01	0.0	4.680749e-01	1.519901e-01	0.0	4.730286e-01	1.513221e-01	0.0	4.779803e-01	1.506391e-01	0.0	4.829299e-01	1.499412e-01	0.0	4.878773e-01	1.492285e-01	0.0	4.928227e-01	1.485010e-01	0.0	4.977658e-01	1.477590e-01	0.0	5.027068e-01	1.470025e-01	0.0	5.076455e-01	1.462316e-01	0.0	5.125820e-01	1.454465e-01	0.0	5.175163e-01	1.446473e-01	0.0	5.224482e-01	1.438339e-01	0.0	5.273778e-01	1.430066e-01	0.0	5.323051e-01	1.421655e-01	0.0	5.372300e-01	1.413106e-01	0.0	5.421525e-01	1.404420e-01	0.0	5.470726e-01	1.395599e-01	0.0	5.519902e-01	1.386643e-01	0.0	5.569054e-01	1.377551e-01	0.0	5.618181e-01	1.368329e-01	0.0	5.667283e-01	1.358973e-01	0.0	5.716360e-01	1.349485e-01	0.0	5.765411e-01	1.339867e-01	0.0	5.814437e-01	1.330120e-01	0.0	5.863437e-01	1.320241e-01	0.0	5.912411e-01	1.310235e-01	0.0	5.961358e-01	1.300103e-01	0.0	6.010279e-01	1.289842e-01	0.0	6.059173e-01	1.279454e-01	0.0	6.108041e-01	1.268943e-01	0.0	6.156882e-01	1.258305e-01	0.0	6.205694e-01	1.247542e-01	0.0	6.254480e-01	1.236657e-01	0.0	6.303238e-01	1.225648e-01	0.0	6.351968e-01	1.214516e-01	0.0	6.400671e-01	1.203263e-01	0.0	6.449345e-01	1.191889e-01	0.0	6.497990e-01	1.180392e-01	0.0	6.546607e-01	1.168776e-01	0.0	6.595196e-01	1.157041e-01	0.0	6.643755e-01	1.145185e-01	0.0	6.692285e-01	1.133210e-01	0.0	6.740786e-01	1.121119e-01	0.0	6.789256e-01	1.108907e-01	0.0	6.837698e-01	1.096579e-01	0.0	6.886110e-01	1.084136e-01	0.0	6.934491e-01	1.071573e-01	0.0	6.982842e-01	1.058895e-01	0.0	7.031162e-01	1.046102e-01	0.0	7.079452e-01	1.033192e-01	0.0	7.127711e-01	1.020168e-01	0.0	7.175939e-01	1.007030e-01	0.0	7.224135e-01	9.937757e-02	0.0	7.272300e-01	9.804080e-02	0.0	7.320433e-01	9.669282e-02	0.0	7.368534e-01	9.533323e-02	0.0	7.416603e-01	9.396245e-02	0.0	7.464640e-01	9.258050e-02	0.0	7.512644e-01	9.118704e-02	0.0	7.560616e-01	8.978251e-02	0.0	7.608555e-01	8.836680e-02	0.0	7.656459e-01	8.693970e-02	0.0	7.704332e-01	8.550167e-02	0.0	7.752170e-01	8.405239e-02	0.0	7.799974e-01	8.259185e-02	0.0	7.847745e-01	8.112050e-02	0.0	7.895481e-01	7.963781e-02	0.0	7.943182e-01	7.814405e-02	0.0	7.990849e-01	7.663947e-02	0.0	8.038481e-01	7.512354e-02	0.0	8.086077e-01	7.359678e-02	0.0	8.133638e-01	7.205898e-02	0.0	8.181163e-01	7.051000e-02	0.0	8.228653e-01	6.895032e-02	0.0	8.276106e-01	6.737937e-02	0.0	8.323522e-01	6.579756e-02	0.0	8.370903e-01	6.420485e-02	0.0	8.418245e-01	6.260094e-02	0.0	8.465551e-01	6.098639e-02	0.0	8.512818e-01	5.936057e-02	0.0	8.560049e-01	5.772401e-02	0.0	8.607241e-01	5.607641e-02	0.0	8.654394e-01	5.441778e-02	0.0	8.701510e-01	5.274841e-02	0.0	8.748585e-01	5.106781e-02	0.0	8.795623e-01	4.937658e-02	0.0	8.842619e-01	4.767406e-02	0.0	8.889577e-01	4.596090e-02	0.0	8.936494e-01	4.423646e-02	0.0	8.983371e-01	4.250135e-02	0.0	9.030207e-01	4.075498e-02	0.0	9.077002e-01	3.899791e-02	0.0	9.123755e-01	3.722956e-02	0.0	9.170468e-01	3.545051e-02	0.0	9.217137e-01	3.366015e-02	0.0	9.263765e-01	3.185907e-02	0.0	9.310349e-01	3.004669e-02	0.0	9.356890e-01	2.822347e-02	0.0	9.403389e-01	2.638918e-02	0.0	9.449842e-01	2.454364e-02	0.0	9.496253e-01	2.268727e-02	0.0	9.542618e-01	2.081970e-02	0.0	9.588938e-01	1.894089e-02	0.0	9.635214e-01	1.705112e-02	0.0	9.681444e-01	1.515023e-02	0.0	9.727628e-01	1.323813e-02	0.0	9.773765e-01	1.131484e-02	0.0	9.819855e-01	9.380342e-03	0.0	9.865898e-01	7.434606e-03	0.0	9.911893e-01	5.477608e-03	0.0	9.957841e-01	3.509429e-03	0.0	9.977473e-01	-1.396756e-03	0.0	9.927663e-01	-1.045797e-03	0.0	9.877851e-01	-6.979750e-04	0.0	9.828036e-01	-3.534051e-04	0.0	9.778219e-01	-1.208888e-05	0.0	9.728400e-01	3.259281e-04	0.0	9.678579e-01	6.605998e-04	0.0	9.628756e-01	9.918975e-04	0.0	9.578930e-01	1.319743e-03	0.0	9.529102e-01	1.644077e-03	0.0	9.479271e-01	1.964892e-03	0.0	9.429439e-01	2.282216e-03	0.0	9.379604e-01	2.595879e-03	0.0	9.329767e-01	2.905890e-03	0.0	9.279927e-01	3.212314e-03	0.0	9.230086e-01	3.514927e-03	0.0	9.180242e-01	3.813876e-03	0.0	9.130395e-01	4.108996e-03	0.0	9.080547e-01	4.400308e-03	0.0	9.030696e-01	4.687813e-03	0.0	8.980843e-01	4.971382e-03	0.0	8.930988e-01	5.251123e-03	0.0	8.881131e-01	5.526847e-03	0.0	8.831271e-01	5.798692e-03	0.0	8.781410e-01	6.066472e-03	0.0	8.731546e-01	6.330300e-03	0.0	8.681680e-01	6.590054e-03	0.0	8.631812e-01	6.845748e-03	0.0	8.581942e-01	7.097395e-03	0.0	8.532070e-01	7.344855e-03	0.0	8.482196e-01	7.588298e-03	0.0	8.432319e-01	7.827466e-03	0.0	8.382441e-01	8.062602e-03	0.0	8.332561e-01	8.293453e-03	0.0	8.282679e-01	8.520175e-03	0.0	8.232795e-01	8.742697e-03	0.0	8.182909e-01	8.960916e-03	0.0	8.133022e-01	9.175017e-03	0.0	8.083132e-01	9.384759e-03	0.0	8.033241e-01	9.590332e-03	0.0	7.983348e-01	9.791644e-03	0.0	7.933454e-01	9.988612e-03	0.0	7.883557e-01	1.018142e-02	0.0	7.833659e-01	1.036985e-02	0.0	7.783760e-01	1.055406e-02	0.0	7.733859e-01	1.073402e-02	0.0	7.683956e-01	1.090961e-02	0.0	7.634052e-01	1.108101e-02	0.0	7.584146e-01	1.124812e-02	0.0	7.534239e-01	1.141091e-02	0.0	7.484331e-01	1.156951e-02	0.0	7.434421e-01	1.172381e-02	0.0	7.384510e-01	1.187387e-02	0.0	7.334598e-01	1.201973e-02	0.0	7.284685e-01	1.216132e-02	0.0	7.234770e-01	1.229872e-02	0.0	7.184854e-01	1.243196e-02	0.0	7.134938e-01	1.256096e-02	0.0	7.085020e-01	1.268585e-02	0.0	7.035101e-01	1.280660e-02	0.0	6.985181e-01	1.292320e-02	0.0	6.935260e-01	1.303574e-02	0.0	6.885338e-01	1.314421e-02	0.0	6.835416e-01	1.324860e-02	0.0	6.785492e-01	1.334901e-02	0.0	6.735568e-01	1.344543e-02	0.0	6.685643e-01	1.353789e-02	0.0	6.635717e-01	1.362643e-02	0.0	6.585791e-01	1.371110e-02	0.0	6.535864e-01	1.379191e-02	0.0	6.485937e-01	1.386891e-02	0.0	6.436008e-01	1.394215e-02	0.0	6.386080e-01	1.401167e-02	0.0	6.336151e-01	1.407749e-02	0.0	6.286221e-01	1.413969e-02	0.0	6.236291e-01	1.419832e-02	0.0	6.186360e-01	1.425337e-02	0.0	6.136429e-01	1.430495e-02	0.0	6.086498e-01	1.435314e-02	0.0	6.036567e-01	1.439791e-02	0.0	5.986635e-01	1.443937e-02	0.0	5.936703e-01	1.447762e-02	0.0	5.886771e-01	1.451262e-02	0.0	5.836838e-01	1.454450e-02	0.0	5.786905e-01	1.457338e-02	0.0	5.736973e-01	1.459921e-02	0.0	5.687040e-01	1.462209e-02	0.0	5.637106e-01	1.464223e-02	0.0	5.587173e-01	1.465952e-02	0.0	5.537240e-01	1.467409e-02	0.0	5.487307e-01	1.468615e-02	0.0	5.437373e-01	1.469562e-02	0.0	5.387440e-01	1.470260e-02	0.0	5.337506e-01	1.470732e-02	0.0	5.287573e-01	1.470976e-02	0.0	5.237639e-01	1.470993e-02	0.0	5.187706e-01	1.470812e-02	0.0	5.137772e-01	1.470437e-02	0.0	5.087839e-01	1.469861e-02	0.0	5.037905e-01	1.469116e-02	0.0	4.987972e-01	1.468213e-02	0.0	4.938038e-01	1.467138e-02	0.0	4.888105e-01	1.465925e-02	0.0	4.838172e-01	1.464592e-02	0.0	4.788238e-01	1.463120e-02	0.0	4.738305e-01	1.461543e-02	0.0	4.688372e-01	1.459887e-02	0.0	4.638439e-01	1.458129e-02	0.0	4.588505e-01	1.456302e-02	0.0	4.538572e-01	1.454437e-02	0.0	4.488639e-01	1.452513e-02	0.0	4.438706e-01	1.450556e-02	0.0	4.388773e-01	1.448608e-02	0.0	4.338840e-01	1.446645e-02	0.0	4.288906e-01	1.444692e-02	0.0	4.238973e-01	1.442794e-02	0.0	4.189040e-01	1.440932e-02	0.0	4.139107e-01	1.439125e-02	0.0	4.089174e-01	1.437422e-02	0.0	4.039240e-01	1.435809e-02	0.0	3.989307e-01	1.434302e-02	0.0	3.939374e-01	1.432952e-02	0.0	3.889440e-01	1.431750e-02	0.0	3.839507e-01	1.430708e-02	0.0	3.789574e-01	1.429881e-02	0.0	3.739640e-01	1.429264e-02	0.0	3.689707e-01	1.428865e-02	0.0	3.639773e-01	1.428746e-02	0.0	3.589840e-01	1.428901e-02	0.0	3.539906e-01	1.429340e-02	0.0	3.489973e-01	1.430128e-02	0.0	3.440039e-01	1.431259e-02	0.0	3.390106e-01	1.432746e-02	0.0	3.340173e-01	1.434658e-02	0.0	3.290240e-01	1.436984e-02	0.0	3.240307e-01	1.439749e-02	0.0	3.190375e-01	1.443020e-02	0.0	3.140442e-01	1.446783e-02	0.0	3.090511e-01	1.451073e-02	0.0	3.040580e-01	1.455959e-02	0.0	2.990649e-01	1.461422e-02	0.0	2.940719e-01	1.467512e-02	0.0	2.890790e-01	1.474290e-02	0.0	2.840862e-01	1.481732e-02	0.0	2.790936e-01	1.489925e-02	0.0	2.741011e-01	1.499328e-02	0.0	2.691089e-01	1.509917e-02	0.0	2.641165e-01	1.519620e-02	0.0	2.591238e-01	1.527938e-02	0.0	2.541308e-01	1.533357e-02	0.0	2.491375e-01	1.532583e-02	0.0	2.441445e-01	1.526471e-02	0.0	2.391524e-01	1.515430e-02	0.0	2.341617e-01	1.499316e-02	0.0	2.291727e-01	1.478461e-02	0.0	2.241860e-01	1.452758e-02	0.0	2.192018e-01	1.422502e-02	0.0	2.142206e-01	1.387666e-02	0.0	2.092427e-01	1.348471e-02	0.0	2.042683e-01	1.304993e-02	0.0	1.992978e-01	1.257370e-02	0.0	1.943311e-01	1.205780e-02	0.0	1.893687e-01	1.150287e-02	0.0	1.844105e-01	1.091151e-02	0.0	1.794568e-01	1.028389e-02	0.0	1.745074e-01	9.623161e-03	0.0	1.695625e-01	8.929272e-03	0.0	1.646218e-01	8.205770e-03	0.0	1.596856e-01	7.452528e-03	0.0	1.547534e-01	6.673376e-03	0.0	1.498254e-01	5.868264e-03	0.0	1.449010e-01	5.041209e-03	0.0	1.399804e-01	4.192409e-03	0.0	1.350628e-01	3.325945e-03	0.0	1.301482e-01	2.442522e-03	0.0	1.252360e-01	1.546072e-03	0.0	1.203258e-01	6.382547e-04	0.0	1.154172e-01	-2.775685e-04	0.0	1.105094e-01	-1.198108e-03	0.0	1.056021e-01	-2.120992e-03	0.0	1.006942e-01	-3.040849e-03	0.0	9.578539e-02	-3.955887e-03	0.0	9.087441e-02	-4.859125e-03	0.0	8.596078e-02	-5.747801e-03	0.0	8.104329e-02	-6.614858e-03	0.0	7.612095e-02	-7.453951e-03	0.0	7.119296e-02	-8.259176e-03	0.0	6.625790e-02	-9.019772e-03	0.0	6.131489e-02	-9.726833e-03	0.0	5.636305e-02	-1.036899e-02	0.0	5.140136e-02	-1.092990e-02	0.0	4.642956e-02	-1.139224e-02	0.0	4.144808e-02	-1.173404e-02	0.0	3.645867e-02	-1.192649e-02	0.0	3.146568e-02	-1.193148e-02	0.0	2.647829e-02	-1.169958e-02	0.0	2.151472e-02	-1.116399e-02	0.0	1.661058e-02	-1.023365e-02	0.0	1.183475e-02	-8.786683e-03	0.0	7.316765e-03	-6.673646e-03	0.0	3.275977e-03	-3.755922e-03	0.0	-2.000000e+00	-3.000000e+00	0.0	-1.000000e+00	-3.000000e+00	0.0	-1.409983e-12	-3.000000e+00	0.0	1.000000e+00	-3.000000e+00	0.0	2.000000e+00	-3.000000e+00	0.0	3.000000e+00	-3.000000e+00	0.0	4.000000e+00	-3.000000e+00	0.0	5.000000e+00	-3.000000e+00	0.0	6.000000e+00	-3.000000e+00	0.0	7.000000e+00	-3.000000e+00	0.0	8.000000e+00	-3.000000e+00	0.0	9.000000e+00	-3.000000e+00	0.0	1.000000e+01	-3.000000e+00	0.0	1.100000e+01	-2.000000e+00	0.0	1.100000e+01	-1.000000e+00	0.0	1.100000e+01	-1.102274e-11	0.0	1.100000e+01	1.000000e+00	0.0	1.100000e+01	2.000000e+00	0.0	1.000000e+01	3.000000e+00	0.0	9.000000e+00	3.000000e+00	0.0	8.000000e+00	3.000000e+00	0.0	7.000000e+00	3.000000e+00	0.0	6.000000e+00	3.000000e+00	0.0	5.000000e+00	3.000000e+00	0.0	4.000000e+00	3.000000e+00	0.0	3.000000e+00	3.000000e+00	0.0	2.000000e+00	3.000000e+00	0.0	1.000000e+00	3.000000e+00	0.0	-1.421085e-12	3.000000e+00	0.0	-1.000000e+00	3.000000e+00	0.0	-2.000000e+00	3.000000e+00	0.0	-3.000000e+00	2.000000e+00	0.0	-3.000000e+00	1.000000e+00	0.0	-3.000000e+00	1.102274e-11	0.0	-3.000000e+00	-1.000000e+00	0.0	-3.000000e+00	-2.000000e+00	0.0	3.574220e+00	-2.215985e+00	0.0	3.451547e+00	2.207429e+00	0.0	7.500000e+00	-2.133975e+00	0.0	5.500000e+00	2.133975e+00	0.0	5.500321e+00	-2.163915e+00	0.0	7.599288e+00	2.127991e+00	0.0	1.582863e+00	-2.248955e+00	0.0	-2.237891e+00	-4.358916e-01	0.0	-5.645144e-01	-2.242102e+00	0.0	1.536830e+00	2.223574e+00	0.0	-5.228249e-01	2.219331e+00	0.0	1.017189e+01	5.128361e-01	0.0	9.400437e+00	-2.115279e+00	0.0	-2.341099e+00	1.531582e+00	0.0	9.534151e+00	2.153223e+00	0.0	4.901290e-01	2.101973e+00	0.0	9.760723e-01	1.425215e+00	0.0	5.530410e-01	-2.239765e+00	0.0	1.065645e+00	-1.549154e+00	0.0	2.640315e+00	2.263099e+00	0.0	3.004296e+00	1.451915e+00	0.0	3.803849e+00	1.465014e+00	0.0	3.358250e+00	8.129915e-01	0.0	2.666387e+00	8.056457e-01	0.0	4.114873e+00	7.466111e-01	0.0	3.000233e+00	2.925980e-01	0.0	2.364601e+00	2.275487e-01	0.0	2.670841e+00	-1.724003e-01	0.0	2.269160e+00	-1.658675e-01	0.0	1.911567e+00	2.773391e-01	0.0	1.787335e+00	-1.075651e-01	0.0	3.246971e+00	-2.367888e-01	0.0	2.360343e+00	-5.509173e-01	0.0	2.115569e+00	5.911031e-01	0.0	1.659432e+00	5.479888e-01	0.0	8.741315e-01	5.568660e-02	0.0	9.302178e-01	3.582728e-02	0.0	1.890674e+00	8.852681e-01	0.0	1.510516e+00	8.565334e-01	0.0	7.596846e-01	9.322627e-02	0.0	6.975288e-01	1.113181e-01	0.0	1.389017e+00	5.065301e-01	0.0	8.176797e-01	7.597445e-02	0.0	1.180922e+00	8.065485e-01	0.0	4.267545e-01	1.622077e-01	0.0	4.860209e-01	1.538695e-01	0.0	5.456415e-01	1.461097e-01	0.0	6.000092e-01	1.343647e-01	0.0	1.094710e+00	4.769926e-01	0.0	1.666028e+00	1.211395e+00	0.0	2.104805e+00	1.285868e+00	0.0	1.628062e+00	2.725104e-01	0.0	1.906949e+00	-6.524618e-01	0.0	2.153183e+00	-1.032035e+00	0.0	2.715471e+00	-1.049342e+00	0.0	2.481555e+00	-1.599205e+00	0.0	1.659232e+00	-9.440931e-01	0.0	1.471887e+00	-6.187675e-01	0.0	6.707527e-01	8.127469e-03	0.0	7.504076e-01	6.435535e-03	0.0	8.261009e-01	4.756171e-03	0.0	8.959539e-01	-1.133627e-03	0.0	1.237805e+00	-8.486505e-01	0.0	2.970232e-01	1.089464e-02	0.0	3.762521e-01	9.416665e-03	0.0	4.558686e-01	1.080114e-02	0.0	5.362183e-01	9.325902e-03	0.0	1.732543e-01	5.383132e-03	0.0	6.011242e-01	1.009442e-02	0.0	2.367983e-01	1.069819e-02	0.0	2.021720e-01	8.518198e-03	0.0	2.665286e-01	1.082413e-02	0.0	1.877237e-01	6.277022e-03	0.0	2.168800e-01	9.597476e-03	0.0	2.516391e-01	1.092765e-02	0.0	2.765159e-01	1.062267e-02	0.0	2.269041e-01	1.029583e-02	0.0	1.075250e+00	-5.950654e-01	0.0	9.496866e-01	-3.184390e-03	0.0	4.549135e+00	1.364929e+00	0.0	4.902052e+00	6.320602e-01	0.0	4.426475e+00	2.370171e-02	0.0	5.256980e+00	-1.548162e-01	0.0	5.800118e+00	5.539387e-01	0.0	6.174654e+00	-2.840183e-01	0.0	6.740198e+00	4.732135e-01	0.0	7.131061e+00	-3.936345e-01	0.0	7.708356e+00	3.681536e-01	0.0	8.101802e+00	-5.093099e-01	0.0	4.700220e+00	-7.644301e-01	0.0	6.611257e+00	-1.240534e+00	0.0	8.652412e+00	2.523467e-01	0.0	9.036907e+00	-5.805304e-01	0.0	-2.193209e+00	3.227703e-01	0.0	-1.266675e+00	9.938787e-01	0.0	-1.526967e+00	-1.705730e-02	0.0	-1.503988e+00	-6.164152e-01	0.0	-8.875170e-01	-4.042660e-01	0.0	-9.752123e-01	-8.710622e-01	0.0	-6.638746e-01	-6.681026e-01	0.0	-6.194454e-01	-1.820271e-01	0.0	-1.389476e+00	-1.278641e+00	0.0	-5.454931e-01	-9.978090e-01	0.0	-1.713433e-01	-8.649451e-01	0.0	-2.370383e-01	-4.076693e-01	0.0	1.036351e-01	-7.449913e-03	0.0	-1.800919e-01	-1.214998e+00	0.0	1.189052e-01	-9.598057e-01	0.0	-1.033046e+00	1.785530e-01	0.0	2.026035e-01	-1.396649e+00	0.0	1.292330e-01	-6.351020e-01	0.0	4.058372e-01	-7.059468e-01	0.0	3.689696e-01	-4.696859e-01	0.0	-1.391970e+00	-2.196346e+00	0.0	8.260178e+00	1.174812e+00	0.0	6.203862e+00	1.322276e+00	0.0	8.491997e+00	-1.459913e+00	0.0	-1.387269e+00	2.199060e+00	0.0	4.512950e+00	-2.222190e+00	0.0	-9.543859e-01	1.552198e+00	0.0	-3.455581e-01	1.504529e+00	0.0	-6.978349e-01	9.731043e-01	0.0	-3.823559e-02	9.003525e-01	0.0	4.796325e-01	-1.095629e+00	0.0	6.729457e-01	-8.548582e-01	0.0	6.794925e-01	-6.141025e-01	0.0	5.735128e-01	-3.464151e-01	0.0	1.275004e+00	1.125373e+00	0.0	9.586055e-01	1.057441e+00	0.0	6.273116e-01	1.244706e+00	0.0	4.757939e-01	8.692167e-01	0.0	8.196080e-01	6.727221e-01	0.0	6.477457e-01	1.223895e-01	0.0	5.171748e-01	6.023909e-01	0.0	2.508314e-01	1.684324e-01	0.0	2.915450e-01	1.704258e-01	0.0	3.318146e-01	1.688330e-01	0.0	3.709669e-01	1.667138e-01	0.0	2.468551e-01	1.108577e+00	0.0	2.170745e-01	1.542110e+00	0.0	-2.155974e+00	-1.313378e+00	0.0	4.002672e+00	-1.387643e+00	0.0	9.274673e+00	1.060238e+00	0.0	1.003087e+01	-5.446107e-01	0.0	-5.447852e-01	-1.564091e+00	0.0	8.528994e+00	2.126096e+00	0.0	6.454240e+00	-2.184614e+00	0.0	5.631474e+00	-9.979291e-01	0.0	4.363993e+00	2.212498e+00	0.0	2.219532e-01	1.010536e-02	0.0	2.196383e-01	4.859631e-03	0.0	2.141984e-01	8.134937e-01	0.0	-3.814366e-02	6.261023e-01	0.0	2.109645e-01	1.658678e-01	0.0	8.326404e-02	1.183625e-01	0.0	1.718962e-01	1.563769e-01	0.0	1.187530e-01	1.358152e-01	0.0	2.269436e-01	5.855380e-01	0.0	-3.144124e-01	6.924233e-01	0.0	-2.921993e-01	4.283192e-01	0.0	-3.452709e-02	3.682270e-01	0.0	2.597095e-02	7.597690e-02	0.0	4.588724e-02	9.143300e-02	0.0	-5.699252e-01	5.399176e-01	0.0	-4.464592e-01	2.325784e-01	0.0	-1.985553e-01	1.774357e-01	0.0	-9.515144e-01	5.725932e-01	0.0	2.318526e-01	1.049578e-02	0.0	2.417555e-01	1.081263e-02	0.0	1.017539e+01	-1.520188e+00	0.0	1.020811e+01	1.499041e+00	0.0	7.168647e+00	1.284559e+00	0.0	2.466863e-01	1.085462e-02	0.0	2.565912e-01	1.086131e-02	0.0	2.610642e-01	1.161072e-02	0.0	2.608165e-01	6.065485e-03	0.0	2.234512e+00	-2.287254e+00	0.0	2.710356e-01	1.140877e-02	0.0	3.178033e+00	-1.568997e+00	0.0	3.312755e+00	-8.845592e-01	0.0	2.818060e-01	9.910717e-03	0.0	-7.283928e-01	3.184120e-01	0.0	5.391034e+00	1.201436e+00	0.0	7.567223e+00	-1.147473e+00	0.0	6.540119e+00	2.191875e+00	0.0	2.864378e-01	1.067962e-02	0.0	2.916478e-01	8.855561e-03	0.0	1.353795e+00	-1.285398e+00	0.0	1.837555e+00	-1.551858e+00	0.0	9.006913e-01	-1.119767e+00	0.0	3.015141e-01	1.026280e-02	0.0	3.360645e-01	9.307692e-03	0.0	2.985994e-01	4.476703e-03	0.0	3.208916e-01	9.296888e-03	0.0	3.113621e-01	8.968162e-03	0.0	3.065484e-01	1.006161e-02	0.0	3.062881e-01	3.414341e-03	0.0	3.003624e-01	-4.416282e-03	0.0	3.105028e-01	-7.001948e-03	0.0	3.014471e-01	-1.732298e-02	0.0	2.783568e-01	3.906791e-03	0.0	2.700854e-01	5.755202e-03	0.0	2.652127e-01	-1.966140e-03	0.0	2.397929e-01	4.960228e-03	0.0	2.293243e-01	3.792239e-03	0.0	2.494440e-01	5.090102e-03	0.0	3.158254e-01	3.516187e-03	0.0	2.919046e-01	-1.038160e-03	0.0	2.547511e-01	-1.332637e-03	0.0	2.612485e-01	-1.227347e-02	0.0	2.489997e-01	-1.268323e-02	0.0	2.550396e-01	-2.674857e-02	0.0	2.732726e-01	-1.108782e-02	0.0	2.443287e-01	-1.489660e-03	0.0	2.361784e-01	-1.132184e-02	0.0	-1.495864e+00	4.979630e-01	0.0	3.268072e-01	9.471884e-03	0.0	3.249335e-01	3.038098e-03	0.0	3.227589e-01	-5.685854e-03	0.0	3.564835e-01	9.966838e-03	0.0	3.464908e-01	9.982574e-03	0.0	3.179557e-01	-1.707007e-02	0.0	4.168585e-01	9.376920e-03	0.0	3.102794e-01	-3.145943e-02	0.0	3.962543e-01	8.103713e-03	0.0	4.059335e-01	1.061270e-02	0.0	4.264104e-01	1.011309e-02	0.0	3.869544e-01	1.056015e-02	0.0	3.324012e-01	-1.411158e-02	0.0	3.319396e-01	5.082577e-03	0.0	3.385567e-01	2.932903e-03	0.0	3.614793e-01	9.963863e-03	0.0	3.589779e-01	4.183087e-03	0.0	3.664195e-01	4.394689e-03	0.0	3.625813e-01	-4.523065e-03	0.0	3.728113e-01	-3.161339e-03	0.0	3.680075e-01	-1.545461e-02	0.0	3.808932e-01	-1.370376e-02	0.0	3.767844e-01	-2.547448e-02	0.0	3.529562e-01	-2.338540e-03	0.0	3.849126e-01	-2.573954e-03	0.0	3.934120e-01	-1.143091e-02	0.0	3.517407e-01	5.177551e-03	0.0	3.952479e-01	-5.175010e-04	0.0	4.055492e-01	-6.703737e-03	0.0	3.162322e-01	1.013585e-02	0.0	3.664635e-01	1.057975e-02	0.0	4.314042e-01	1.013235e-02	0.0	4.289296e-01	4.342828e-03	0.0	4.413908e-01	1.017148e-02	0.0	4.221058e-01	5.578379e-03	0.0	4.243946e-01	-2.949999e-03	0.0	4.963237e-01	1.055329e-02	0.0	4.765591e-01	8.545494e-03	0.0	4.859933e-01	9.353067e-03	0.0	4.658544e-01	1.082623e-02	0.0	4.364052e-01	-2.731161e-03	0.0	4.289384e-01	-1.505331e-02	0.0	4.429437e-01	-1.431494e-02	0.0	4.342427e-01	-2.959729e-02	0.0	4.042894e-01	-2.069270e-02	0.0	4.491147e-01	-3.696754e-03	0.0	4.563907e-01	-1.355317e-02	0.0	4.608300e-01	-3.275078e-03	0.0	4.690018e-01	-1.181348e-02	0.0	4.140026e-01	2.779528e-03	0.0	4.721530e-01	2.156299e-04	0.0	4.810025e-01	-8.400388e-03	0.0	4.793331e-01	-2.369088e-02	0.0	5.158371e-01	9.683891e-03	0.0	5.062936e-01	1.037052e-02	0.0	4.363831e-01	5.130358e-03	0.0	4.157581e-01	-1.202418e-02	0.0	4.823545e-01	2.598738e-03	0.0	4.920333e-01	-3.571447e-03	0.0	3.904307e-01	-2.553511e-02	0.0	3.805297e-01	-4.607517e-02	0.0	4.916945e-01	9.418858e-03	0.0	4.896948e-01	4.101166e-03	0.0	5.009014e-01	9.601332e-03	0.0	5.049959e-01	3.351043e-03	0.0	5.117161e-01	5.524179e-03	0.0	5.184010e-01	3.268109e-03	0.0	5.661899e-01	1.030783e-02	0.0	5.514318e-01	9.992608e-03	0.0	5.112101e-01	-3.611481e-03	0.0	5.241641e-01	-5.227174e-03	0.0	5.144602e-01	-1.641741e-02	0.0	5.292996e-01	-1.919852e-02	0.0	5.189166e-01	-3.168598e-02	0.0	5.383962e-01	-8.000809e-03	0.0	5.260472e-01	1.082363e-02	0.0	4.998468e-01	-2.690544e-02	0.0	5.085194e-01	-4.966288e-02	0.0	5.017706e-01	-1.160404e-02	0.0	5.327548e-01	2.540950e-03	0.0	5.711808e-01	1.028908e-02	0.0	5.428908e-01	-2.000576e-02	0.0	6.355129e-01	1.058266e-02	0.0	6.210849e-01	9.901736e-03	0.0	5.811622e-01	1.023464e-02	0.0	6.104024e-01	7.663095e-03	0.0	5.686638e-01	4.577512e-03	0.0	5.613044e-01	4.799377e-03	0.0	5.647555e-01	-2.893563e-03	0.0	5.760978e-01	-2.503574e-03	0.0	5.683266e-01	-1.411691e-02	0.0	5.834821e-01	-1.408320e-02	0.0	5.748401e-01	-2.904698e-02	0.0	5.926557e-01	-2.818107e-02	0.0	7.108897e-01	8.300390e-03	0.0	6.911902e-01	8.140738e-03	0.0	5.858799e-01	-5.312905e-02	0.0	6.810737e-01	9.300352e-03	0.0	7.009131e-01	8.541712e-03	0.0	7.208658e-01	8.042513e-03	0.0	6.002111e-01	-1.218113e-02	0.0	6.106258e-01	-2.670244e-02	0.0	6.182019e-01	-1.010730e-02	0.0	6.281736e-01	-2.446517e-02	0.0	6.515317e-01	1.007887e-02	0.0	6.212545e-01	-4.268496e-02	0.0	6.350402e-01	-8.680799e-03	0.0	6.447891e-01	-2.291882e-02	0.0	6.517281e-01	-7.680432e-03	0.0	6.610228e-01	-2.094690e-02	0.0	6.547127e-01	-3.786821e-02	0.0	6.603752e-01	7.474348e-03	0.0	6.673700e-01	-7.035934e-03	0.0	6.762617e-01	-1.929620e-02	0.0	6.822126e-01	-5.854625e-03	0.0	6.909667e-01	-1.777170e-02	0.0	5.546762e-01	-8.013114e-04	0.0	5.900682e-01	-1.786773e-03	0.0	5.906541e-01	8.096963e-03	0.0	6.960580e-01	-4.455813e-03	0.0	7.051671e-01	-1.538458e-02	0.0	7.906836e-01	5.763869e-03	0.0	7.708117e-01	4.840556e-03	0.0	7.005164e-01	-3.036312e-02	0.0	8.001780e-01	5.932896e-03	0.0	8.104196e-01	3.802657e-03	0.0	7.809590e-01	6.617252e-03	0.0	7.090216e-01	-4.785826e-03	0.0	7.175112e-01	-1.265944e-02	0.0	7.358291e-01	7.624276e-03	0.0	6.434178e-01	1.949734e-03	0.0	6.261383e-01	-1.038580e-03	0.0	6.082148e-01	-1.868879e-03	0.0	5.760680e-01	5.286150e-03	0.0	6.591550e-01	-6.873870e-04	0.0	7.184313e-01	-3.996830e-03	0.0	7.291773e-01	-7.057749e-03	0.0	6.739251e-01	1.587293e-03	0.0	6.057915e-01	1.011788e-02	0.0	6.035749e-01	4.598058e-03	0.0	6.164059e-01	2.703474e-03	0.0	6.277790e-01	5.694003e-03	0.0	5.968702e-01	4.683241e-03	0.0	5.761598e-01	1.099649e-02	0.0	6.160344e-01	9.765326e-03	0.0	5.612260e-01	1.095083e-02	0.0	5.562081e-01	1.034518e-02	0.0	6.407899e-01	9.536600e-03	0.0	5.857299e-01	1.033019e-02	0.0	5.961338e-01	1.013751e-02	0.0	5.458574e-01	9.865845e-03	0.0	5.491126e-01	4.242147e-03	0.0	5.413360e-01	4.493302e-03	0.0	6.468943e-01	8.848812e-03	0.0	6.558262e-01	9.549271e-03	0.0	6.660771e-01	3.189145e-03	0.0	5.411786e-01	1.061665e-02	0.0	5.112816e-01	1.099631e-02	0.0	4.813332e-01	1.031559e-02	0.0	5.213356e-01	9.519843e-03	0.0	4.463842e-01	1.019101e-02	0.0	4.363879e-01	1.087734e-02	0.0	4.216352e-01	1.078113e-02	0.0	4.613630e-01	1.024852e-02	0.0	4.701856e-01	8.870048e-03	0.0	4.014404e-01	1.002516e-02	0.0	4.042652e-01	4.908322e-03	0.0	4.106480e-01	9.407156e-03	0.0	3.913366e-01	1.007693e-02	0.0	4.517738e-01	1.090009e-02	0.0	5.304537e-01	9.338822e-03	0.0	3.714708e-01	9.964087e-03	0.0	3.814612e-01	9.978578e-03	0.0	3.795149e-01	3.607548e-03	0.0	3.415562e-01	9.102332e-03	0.0	3.515406e-01	1.074433e-02	0.0	6.658682e-01	9.191057e-03	0.0	6.765364e-01	7.959836e-03	0.0	6.958086e-01	8.946494e-03	0.0	6.856689e-01	8.136576e-03	0.0	6.885643e-01	1.667903e-03	0.0	3.315705e-01	1.051571e-02	0.0	7.054178e-01	9.003445e-03	0.0	4.835236e-01	-4.486023e-02	0.0	4.864451e-01	-7.256874e-02	0.0	4.642144e-01	-3.814183e-02	0.0	7.412182e-01	6.993545e-03	0.0	7.382011e-01	8.426951e-05	0.0	7.460388e-01	2.181438e-03	0.0	7.528407e-01	-3.164930e-04	0.0	7.469652e-01	-7.014876e-03	0.0	7.583922e-01	-9.660820e-03	0.0	7.495678e-01	-1.952521e-02	0.0	7.645258e-01	-2.284831e-02	0.0	7.505121e-01	-3.779730e-02	0.0	7.716305e-01	-1.162611e-02	0.0	7.278520e-01	-2.074158e-02	0.0	7.606962e-01	7.222659e-03	0.0	7.670628e-01	-1.983666e-03	0.0	7.752118e-01	-2.031335e-03	0.0	7.842181e-01	-8.878223e-03	0.0	7.799948e-01	-2.265160e-02	0.0	8.602352e-01	2.102383e-03	0.0	8.749781e-01	1.395626e-03	0.0	8.459069e-01	2.823880e-03	0.0	8.355951e-01	4.027948e-03	0.0	8.853847e-01	1.344813e-03	0.0	7.945732e-01	-1.963686e-02	0.0	7.905162e-01	-3.628497e-02	0.0	7.966213e-01	-8.009920e-03	0.0	8.078921e-01	-1.474522e-02	0.0	8.068990e-01	-4.063817e-03	0.0	8.181324e-01	-7.361040e-03	0.0	8.194625e-01	-1.853369e-02	0.0	8.316172e-01	-1.244445e-02	0.0	8.325863e-01	-2.788889e-02	0.0	8.446022e-01	-1.950213e-02	0.0	8.485118e-01	-3.670919e-02	0.0	8.291013e-01	-4.630283e-02	0.0	8.503848e-01	-6.041871e-02	0.0	9.247670e-01	-4.771939e-04	0.0	9.357339e-01	-1.027290e-03	0.0	9.150875e-01	5.271114e-04	0.0	8.720161e-01	-4.351781e-02	0.0	8.113343e-01	-3.048774e-02	0.0	8.075127e-01	-5.404148e-02	0.0	7.844352e-01	-5.850691e-02	0.0	7.981962e-01	-7.891749e-02	0.0	8.432561e-01	-8.490540e-03	0.0	8.549898e-01	-9.805648e-03	0.0	8.615714e-01	-2.430576e-02	0.0	8.782510e-01	-2.379036e-02	0.0	8.695262e-01	-1.142286e-02	0.0	8.820992e-01	-1.129808e-02	0.0	8.934738e-01	-1.738386e-02	0.0	8.915252e-01	-3.521065e-02	0.0	8.908112e-01	-5.551124e-02	0.0	9.848188e-01	-5.252818e-03	0.0	9.703553e-01	-5.273876e-03	0.0	9.065491e-01	-2.693972e-02	0.0	9.067364e-01	-1.220565e-02	0.0	9.196903e-01	-1.829612e-02	0.0	9.208647e-01	-3.419095e-02	0.0	9.329815e-01	-2.502627e-02	0.0	9.048475e-01	8.274740e-04	0.0	9.306297e-01	-1.311577e-02	0.0	9.432566e-01	-1.569741e-02	0.0	9.468720e-01	-2.923139e-02	0.0	9.571514e-01	-1.833946e-02	0.0	9.619227e-01	-3.204590e-02	0.0	9.535009e-01	-4.415969e-02	0.0	9.693268e-01	-4.922238e-02	0.0	9.699743e-01	-2.136296e-02	0.0	9.600362e-01	-2.824093e-03	0.0	9.069859e-01	-4.427453e-02	0.0	9.117931e-01	-6.845397e-02	0.0	8.872904e-01	-8.469755e-02	0.0	9.193859e-01	-1.043512e-01	0.0	8.515236e-01	-9.685981e-02	0.0	9.662370e-01	-1.178412e-02	0.0	9.756495e-01	-1.212612e-02	0.0	9.816146e-01	-1.900272e-02	0.0	9.769873e-01	-3.305783e-02	0.0	9.889177e-01	-4.797436e-02	0.0	7.305334e-01	2.374363e-03	0.0	9.644289e-01	-4.724457e-03	0.0	8.972969e-01	-8.987369e-03	0.0	9.902509e-01	-5.570137e-03	0.0	9.870416e-01	-1.145608e-02	0.0	9.937713e-01	-1.071238e-02	0.0	9.948501e-01	-4.895033e-03	0.0	9.795600e-01	-5.358481e-03	0.0	9.302555e-01	-3.317907e-03	0.0	9.751139e-01	-4.276177e-03	0.0	9.403043e-01	-1.975379e-03	0.0	9.374969e-01	-7.146652e-03	0.0	9.447585e-01	-7.361452e-03	0.0	9.517218e-01	-9.691894e-03	0.0	9.451609e-01	-2.188417e-03	0.0	9.005345e-01	6.155566e-04	0.0	8.900118e-01	-5.353549e-03	0.0	7.308289e-01	8.418230e-03	0.0	7.258539e-01	7.911460e-03	0.0	9.552432e-01	-3.808952e-03	0.0	-2.204617e+00	-2.150087e+00	0.0	7.650837e-01	5.360799e-03	0.0	7.559856e-01	6.015893e-03	0.0	8.658052e-01	1.813908e-03	0.0	8.628551e-01	-3.998731e-03	0.0	8.701985e-01	-2.405403e-03	0.0	8.554865e-01	2.906252e-03	0.0	8.499045e-01	-2.096391e-03	0.0	7.854924e-01	5.462037e-03	0.0	7.890084e-01	-7.543116e-04	0.0	1.843833e+00	1.681362e+00	0.0	9.157520e-01	-1.037600e-02	0.0	7.153950e-01	8.746930e-03	0.0	1.656866e+00	-3.757074e-01	0.0	4.541405e-01	5.499371e-03	0.0	9.097673e-01	-3.158924e-05	0.0	9.195108e-01	-7.355300e-04	0.0	8.045091e-01	4.030794e-03	0.0	7.960924e-01	6.202991e-03	0.0	3.894022e+00	-5.001827e-01	0.0	7.767291e-01	5.098557e-03	0.0	8.505449e-01	3.713379e-03	0.0	8.704609e-01	2.744897e-03	0.0	4.512155e-01	-2.707560e-02	0.0	4.442888e-01	-4.570108e-02	0.0	4.215797e-01	-4.587870e-02	0.0	4.341125e-01	-6.968578e-02	0.0	-6.609696e-01	7.018459e-02	0.0	-4.316340e-01	-2.457493e-02	0.0	-3.777224e-01	-2.355011e-01	0.0	-2.392141e-01	-1.475905e-01	0.0	8.150953e-01	5.057735e-03	0.0	7.719466e-01	-3.883109e-02	0.0	8.401854e-01	2.800576e-03	0.0	4.908833e-01	-1.501419e-02	0.0	8.805059e-01	9.253947e-04	0.0	7.038221e-01	2.851410e-03	0.0	9.902924e-01	-1.784806e-02	0.0	9.899123e-01	-2.893996e-02	0.0	7.459080e-01	7.780768e-03	0.0	3.674633e+00	2.333165e-01	0.0	6.515525e-01	-1.604860e+00	0.0	6.530604e-01	3.972944e-03	0.0	9.223563e-01	-7.211517e-03	0.0	8.478487e+00	-2.341833e+00	0.0	8.305659e-01	4.091100e-03	0.0	8.270646e-01	-1.726585e-03	0.0	8.201187e-01	2.463445e-03	0.0	8.905125e-01	1.127121e-03	0.0	4.439697e-01	4.094051e-03	0.0	4.029274e-01	-3.824159e-02	0.0	5.576812e-01	-2.589591e-02	0.0	7.152961e-01	-2.720672e-02	0.0	7.127971e-01	-4.748097e-02	0.0	7.708778e-01	-8.980163e-02	0.0	6.883508e-01	-4.992939e-02	0.0	7.077651e-01	-7.587174e-02	0.0	6.725124e-01	-7.921720e-02	0.0	7.004531e-01	-1.138140e-01	0.0	6.518503e-01	-1.216748e-01	0.0	6.914463e-01	-1.655416e-01	0.0	6.282805e-01	-1.762564e-01	0.0	5.950355e-01	-1.200259e-01	0.0	5.427749e-01	-1.845934e-01	0.0	5.205402e-01	-7.979284e-02	0.0	4.898351e-01	-1.091565e-01	0.0	6.808760e-01	-2.178780e-01	0.0	7.491615e-01	-2.120572e-01	0.0	7.040050e-01	-2.985522e-01	0.0	8.318310e-01	-2.743844e-01	0.0	8.109246e-01	-3.689834e-01	0.0	9.308481e-01	-3.536155e-01	0.0	9.541641e-01	-2.359760e-01	0.0	1.049990e+00	-3.137336e-01	0.0	1.059857e+00	-1.891271e-01	0.0	1.147777e+00	-2.565085e-01	0.0	1.185285e+00	-1.452443e-01	0.0	1.293723e+00	-2.271985e-01	0.0	1.327665e+00	-9.458623e-02	0.0	1.194368e+00	7.360093e-03	0.0	1.320117e+00	4.683596e-02	0.0	1.201116e+00	1.289592e-01	0.0	9.682723e-01	2.092347e-02	0.0	1.095971e+00	1.033161e-01	0.0	1.084888e+00	1.991316e-01	0.0	1.006351e+00	1.532182e-01	0.0	9.030317e-01	4.673345e-02	0.0	1.011653e+00	2.562631e-01	0.0	9.304333e-01	2.227947e-01	0.0	8.459492e-01	6.585532e-02	0.0	9.309691e-01	3.074492e-01	0.0	8.449388e-01	2.599885e-01	0.0	7.260987e-01	1.033060e-01	0.0	7.890027e-01	8.534566e-02	0.0	8.511948e-01	1.732554e-01	0.0	9.236338e-01	1.287796e-01	0.0	8.485654e-01	3.703712e-01	0.0	7.661324e-01	2.981072e-01	0.0	1.108489e+00	-9.490031e-03	0.0	1.022064e+00	7.652503e-02	0.0	9.927379e-01	1.037248e-02	0.0	7.436274e-01	4.105992e-01	0.0	6.389752e-01	3.657718e-01	0.0	6.586027e-01	2.537706e-01	0.0	6.237481e-01	1.292496e-01	0.0	5.701271e-01	3.085780e-01	0.0	5.161658e-01	1.487953e-01	0.0	7.454164e-01	2.390041e-01	0.0	6.730248e-01	1.183891e-01	0.0	5.854388e-01	2.289235e-01	0.0	5.798366e-01	1.377451e-01	0.0	5.649622e-01	1.407877e-01	0.0	1.469385e+00	-2.499991e-02	0.0	5.584103e-01	4.007326e-01	0.0	4.945003e-01	3.368119e-01	0.0	4.555104e-01	1.578577e-01	0.0	1.205234e+00	2.730144e-01	0.0	5.123076e-01	2.728168e-01	0.0	4.587819e-01	2.827360e-01	0.0	3.968406e-01	1.649348e-01	0.0	4.186195e-01	3.416182e-01	0.0	3.686626e-01	2.906614e-01	0.0	4.617194e-01	2.220411e-01	0.0	3.955755e-01	2.322360e-01	0.0	3.518612e-01	1.667824e-01	0.0	3.413016e-01	1.688798e-01	0.0	3.341918e-01	3.558088e-01	0.0	2.849990e-01	3.114690e-01	0.0	3.202309e-01	2.330311e-01	0.0	3.108782e-01	1.693276e-01	0.0	3.012600e-01	1.693873e-01	0.0	3.812931e-01	4.305422e-01	0.0	2.539297e-01	3.541879e-01	0.0	1.903526e-01	3.236625e-01	0.0	1.743182e-01	4.205014e-01	0.0	2.392210e-01	2.431111e-01	0.0	2.707097e-01	1.696797e-01	0.0	2.812197e-01	1.688595e-01	0.0	2.312235e-01	1.672443e-01	0.0	2.408797e-01	1.680152e-01	0.0	1.224719e-01	3.149594e-01	0.0	1.417133e-01	1.484120e-01	0.0	1.443136e-01	2.414467e-01	0.0	1.904127e-01	1.605679e-01	0.0	7.481874e-01	-1.422717e-01	0.0	8.174293e-01	-1.760564e-01	0.0	7.382200e-01	-6.390880e-02	0.0	9.837037e-01	-1.606535e-01	0.0	1.065746e+00	-1.019521e-01	0.0	9.828234e-01	-7.434083e-02	0.0	6.282711e-01	5.029098e-01	0.0	5.343544e-01	-1.200042e-01	0.0	4.931074e-01	-1.496000e-01	0.0	4.491728e-01	-1.392767e-01	0.0	4.590792e-01	-1.990604e-01	0.0	3.863198e-01	-1.684007e-01	0.0	3.976574e-01	-2.573446e-01	0.0	3.127121e-01	-2.285029e-01	0.0	4.423483e-02	-1.587720e-02	0.0	6.981556e-02	-1.366654e-02	0.0	3.043947e-01	-1.477789e-01	0.0	2.425552e-01	-1.986724e-01	0.0	1.388468e-01	-7.071790e-04	0.0	2.365864e-01	-2.835770e-01	0.0	1.613337e-01	-2.248514e-01	0.0	1.470894e-01	-1.547392e-01	0.0	7.654723e-02	-1.826188e-01	0.0	4.840272e-02	-2.699317e-01	0.0	8.224711e-02	-9.977696e-02	0.0	2.657912e-02	-1.184290e-01	0.0	1.462068e-01	-7.647757e-02	0.0	1.460183e-02	-7.447200e-02	0.0	1.705685e-02	-1.514254e-02	0.0	2.975000e-02	-1.755436e-02	0.0	-3.154364e-02	-9.886636e-02	0.0	-4.689681e-02	-1.677969e-01	0.0	6.642740e-02	-5.773539e-02	0.0	-2.252966e-02	-4.988613e-02	0.0	2.589025e-03	-1.101929e-02	0.0	-6.793029e-02	-5.435776e-02	0.0	-7.178918e-03	5.644035e-03	0.0	-5.447143e-02	-1.597603e-02	0.0	-1.752375e-03	3.725718e-02	0.0	-6.567380e-03	2.271247e-02	0.0	-9.799871e-02	-2.150717e-02	0.0	-8.866904e-02	2.761272e-02	0.0	-1.510530e-01	1.211226e-02	0.0	3.657116e-01	-1.102718e-01	0.0	3.137871e-01	-8.521899e-02	0.0	2.657217e-01	-9.711784e-02	0.0	2.791799e-01	-6.230026e-02	0.0	2.305228e-01	-7.081944e-02	0.0	-9.634387e-02	-2.853943e-01	0.0	2.177404e-01	-1.080413e-01	0.0	1.953934e-01	-6.766793e-02	0.0	2.155315e-01	-4.527354e-02	0.0	1.772631e-01	-4.775467e-02	0.0	1.924543e-01	-2.055866e-02	0.0	2.898970e-01	-3.406667e-02	0.0	-4.606987e-02	2.762570e-02	0.0	8.392827e-03	5.413517e-02	0.0	-6.735125e-02	6.641805e-02	0.0	-3.117384e-02	5.812584e-02	0.0	-3.539741e-02	9.787590e-02	0.0	-7.347861e-02	1.147602e-01	0.0	-4.035984e-02	1.556247e-01	0.0	2.334968e-03	1.329070e-01	0.0	6.570900e-02	1.072980e-01	0.0	5.628010e-02	1.018757e-01	0.0	6.653012e-03	1.817337e-01	0.0	4.844980e-02	1.634646e-01	0.0	9.996694e-02	1.285110e-01	0.0	9.121400e-02	1.233677e-01	0.0	1.098702e-01	1.331143e-01	0.0	5.148032e-02	2.107029e-01	0.0	9.595664e-02	1.869793e-01	0.0	-5.030913e-02	2.204883e-01	0.0	8.349017e-02	1.575538e-01	0.0	3.791249e-02	1.304400e-01	0.0	4.066283e-03	9.692333e-02	0.0	-9.221995e-03	7.411378e-02	0.0	1.334997e-02	-4.449923e-02	0.0	5.622846e-01	-7.920018e-02	0.0	6.281230e-01	-8.718755e-02	0.0	9.684311e-01	4.291705e-01	0.0	1.008801e+00	-6.858076e-02	0.0	1.006911e+00	-3.858871e-02	0.0	9.996859e-01	-1.833780e-02	0.0	1.024141e+00	-1.856309e-02	0.0	9.998252e-01	-5.921279e-03	0.0	1.040291e+00	-5.003304e-02	0.0	9.596145e-02	2.420900e-01	0.0	3.802774e-02	2.898588e-01	0.0	1.182017e+00	-3.926562e-01	0.0	3.552280e-01	-6.945700e-02	0.0	2.405804e-01	-4.241111e-02	0.0	1.859938e-02	-4.175072e-01	0.0	-2.097874e-02	-1.682613e-02	0.0	-3.259246e-02	3.860145e-03	0.0	-4.207090e-03	-3.051154e-02	0.0	8.725351e-01	-4.981033e-01	0.0	9.452394e-01	-6.638252e-02	0.0	3.847101e-01	-7.821886e-02	0.0	-1.274187e-01	-8.134488e-02	0.0	3.268756e-01	-3.309174e-01	0.0	2.112653e-01	-4.312456e-01	0.0	-1.036145e-01	-6.218037e-01	0.0	5.345432e-01	-5.359275e-02	0.0	5.966951e-01	-8.058845e-02	0.0	-2.179085e-01	-2.592971e-01	0.0	9.613310e-01	-1.140151e-01	0.0	3.031151e-01	-5.220398e-02	0.0	3.276895e-01	-5.172050e-02	0.0	3.536876e-01	-4.377964e-02	0.0	3.315058e-01	-3.021919e-02	0.0	3.470214e-01	-2.317393e-02	0.0	8.088788e-03	7.853845e-02	0.0	2.324805e-02	9.701267e-02	0.0	3.710155e-02	8.535252e-02	0.0	1.549238e-02	6.184687e-02	0.0	5.396709e-03	6.607961e-02	0.0	-7.486539e-03	5.466840e-02	0.0	3.601353e-02	1.102342e-01	0.0	-2.055009e-02	3.975799e-02	0.0	2.268350e-03	4.557525e-02	0.0	-2.549128e-02	2.144677e-02	0.0	-1.576099e-02	1.282000e-02	0.0	5.344939e-02	1.184121e-01	0.0	-1.261940e-01	8.894052e-02	0.0	2.256862e-01	-2.756074e-02	0.0	2.687001e-01	-4.130450e-02	0.0	9.288996e-01	-1.653371e-01	0.0	8.802487e-01	-1.430160e-01	0.0	4.405263e-02	4.301801e-01	0.0	1.691288e-02	7.300730e-02	0.0	1.985066e-02	8.445458e-02	0.0	3.685410e-02	9.563636e-02	0.0	2.957174e-02	8.407356e-02	0.0	8.032013e-01	-1.154677e-01	0.0	2.852433e-01	-1.777541e-02	0.0	1.464120e+00	-2.012563e-01	0.0	-2.131418e-01	6.843377e-02	0.0	-2.560202e-01	-1.317223e-02	0.0	4.986248e-01	-2.620719e-01	0.0	1.340251e+00	2.144054e-01	0.0	1.143280e+00	-7.454750e-02	0.0	1.077915e+00	3.399098e-01	0.0	-1.023429e-01	1.708639e-01	0.0	-1.274846e-01	2.546295e-01	0.0	9.774092e-01	6.017388e-01	0.0	7.355402e-01	-1.033789e-01	0.0	-1.128439e-02	3.310091e-02	0.0	8.825146e-01	-1.989540e-01	0.0	2.406285e-01	-2.536571e-02	0.0	2.214366e-01	-1.289321e-02	0.0	2.273209e-01	-3.965680e-03	0.0	2.050928e-02	6.670923e-02	0.0	6.932430e-01	-4.369236e-01	0.0	-8.693800e-01	-8.488448e-02	0.0	4.611601e-01	-6.143111e-02	0.0	5.832967e-01	4.942933e-03	0.0	-1.455564e-01	-1.882847e-01	0.0	8.271320e-01	-7.486903e-02	0.0	6.166292e-02	1.382340e-01	0.0	8.007117e-02	1.342284e-01	0.0	6.909217e-02	1.232424e-01	0.0	7.383978e-02	1.144931e-01	0.0	9.319668e-02	1.422592e-01	0.0	7.943435e-02	1.154633e-01	0.0	7.804271e-02	1.217402e-01	0.0	8.515306e-02	1.248890e-01	0.0	9.252632e-02	1.307792e-01	0.0	1.024728e-01	1.366587e-01	0.0	1.056704e-01	1.491359e-01	0.0	1.251577e-01	1.744209e-01	0.0	1.557864e-01	1.521829e-01	0.0	1.254669e-01	1.557531e-01	0.0	1.274991e-01	1.437324e-01	0.0	1.254791e-01	2.048746e-01	0.0	1.563230e-01	2.002629e-01	0.0	1.822751e-01	2.241346e-01	0.0	1.863416e-01	1.914491e-01	0.0	1.666712e-01	1.777131e-01	0.0	2.118346e-01	2.078162e-01	0.0	2.090949e-01	1.855083e-01	0.0	2.274820e-01	1.927030e-01	0.0	1.948192e-01	1.766179e-01	0.0	2.008699e-01	1.621034e-01	0.0	1.814765e-01	1.707255e-01	0.0	1.810755e-01	1.579208e-01	0.0	2.227060e-01	1.803220e-01	0.0	2.212310e-01	1.665058e-01	0.0	2.362757e-01	1.807117e-01	0.0	2.467490e-01	1.926648e-01	0.0	2.500749e-01	1.807766e-01	0.0	2.614896e-01	1.692648e-01	0.0	2.635423e-01	1.861649e-01	0.0	2.590321e-01	2.063543e-01	0.0	2.781316e-01	2.001669e-01	0.0	2.754594e-01	2.253336e-01	0.0	2.796965e-01	1.851650e-01	0.0	2.950121e-01	1.918691e-01	0.0	2.962230e-01	2.153560e-01	0.0	3.156933e-01	1.998748e-01	0.0	3.421163e-01	2.159532e-01	0.0	3.399715e-01	1.917555e-01	0.0	3.598328e-01	2.009094e-01	0.0	3.237052e-01	1.828245e-01	0.0	3.213358e-01	1.679587e-01	0.0	3.546509e-01	1.844408e-01	0.0	3.614620e-01	1.687084e-01	0.0	3.728109e-01	1.860407e-01	0.0	3.815075e-01	2.041765e-01	0.0	3.924352e-01	1.874987e-01	0.0	4.119142e-01	1.633357e-01	0.0	3.837481e-01	1.754786e-01	0.0	3.860965e-01	1.667350e-01	0.0	3.669760e-01	2.253372e-01	0.0	4.062655e-01	2.080757e-01	0.0	4.198896e-01	1.908627e-01	0.0	4.041149e-01	1.772530e-01	0.0	4.335012e-01	2.075099e-01	0.0	4.375224e-01	1.879104e-01	0.0	4.411504e-01	1.603460e-01	0.0	4.264453e-01	1.762673e-01	0.0	4.402706e-01	1.737085e-01	0.0	4.525437e-01	1.812044e-01	0.0	4.702321e-01	1.574210e-01	0.0	4.518028e-01	1.698831e-01	0.0	4.640895e-01	1.728235e-01	0.0	4.665707e-01	1.883590e-01	0.0	4.802618e-01	1.775333e-01	0.0	5.013127e-01	1.523220e-01	0.0	4.845547e-01	1.997894e-01	0.0	5.011781e-01	1.835003e-01	0.0	5.054283e-01	2.066262e-01	0.0	5.239496e-01	1.897590e-01	0.0	5.305381e-01	1.467848e-01	0.0	5.161680e-01	1.716946e-01	0.0	5.427541e-01	1.772352e-01	0.0	5.463471e-01	1.948457e-01	0.0	5.638911e-01	1.809520e-01	0.0	5.539419e-01	1.629561e-01	0.0	5.716102e-01	1.646231e-01	0.0	5.557350e-01	1.428671e-01	0.0	5.847053e-01	1.791720e-01	0.0	5.991605e-01	1.630581e-01	0.0	6.076656e-01	1.825438e-01	0.0	6.167679e-01	1.632098e-01	0.0	6.316436e-01	1.799219e-01	0.0	6.501406e-01	1.613197e-01	0.0	6.593012e-01	1.848114e-01	0.0	6.711742e-01	1.618234e-01	0.0	6.600641e-01	1.436206e-01	0.0	6.790735e-01	1.399026e-01	0.0	6.970259e-01	1.576580e-01	0.0	7.000834e-01	1.353835e-01	0.0	7.117962e-01	1.072031e-01	0.0	7.169542e-01	1.484543e-01	0.0	7.190186e-01	1.321147e-01	0.0	7.403977e-01	9.942606e-02	0.0	7.357598e-01	1.438769e-01	0.0	7.468286e-01	1.256362e-01	0.0	7.584559e-01	1.424980e-01	0.0	7.668013e-01	1.207558e-01	0.0	7.734448e-01	8.855480e-02	0.0	7.788696e-01	1.352483e-01	0.0	7.884006e-01	1.149692e-01	0.0	8.036072e-01	8.136721e-02	0.0	7.801187e-01	1.617895e-01	0.0	6.362670e-01	1.414430e-01	0.0	6.386065e-01	1.251067e-01	0.0	8.053431e-01	1.333842e-01	0.0	8.101904e-01	1.117526e-01	0.0	6.869515e-01	1.256756e-01	0.0	6.873700e-01	1.156665e-01	0.0	8.301640e-01	1.286732e-01	0.0	8.426161e-01	1.043476e-01	0.0	8.307046e-01	7.034316e-02	0.0	8.624658e-01	1.303646e-01	0.0	8.646650e-01	9.981031e-02	0.0	8.601189e-01	6.154528e-02	0.0	8.485538e-01	8.562954e-02	0.0	8.663854e-01	7.991776e-02	0.0	8.824322e-01	9.184023e-02	0.0	8.882828e-01	5.080369e-02	0.0	8.823058e-01	7.170070e-02	0.0	8.984124e-01	8.100039e-02	0.0	8.300162e-01	8.788874e-02	0.0	8.875030e-01	1.184890e-01	0.0	7.977218e-01	9.929821e-02	0.0	8.132907e-01	9.422055e-02	0.0	7.522322e-01	1.121723e-01	0.0	7.500269e-01	9.586762e-02	0.0	6.067062e-01	1.481941e-01	0.0	6.089617e-01	1.322164e-01	0.0	5.906193e-01	1.486558e-01	0.0	5.896589e-01	1.357651e-01	0.0	4.919269e-01	1.671736e-01	0.0	8.959938e-01	6.615168e-02	0.0	9.131275e-01	6.908475e-02	0.0	9.165321e-01	3.971772e-02	0.0	6.674266e-01	1.325184e-01	0.0	6.589070e-01	1.210645e-01	0.0	5.381217e-01	1.611593e-01	0.0	6.871272e-01	1.857943e-01	0.0	7.743124e-01	1.059314e-01	0.0	7.083148e-01	1.221264e-01	0.0	7.196484e-01	1.179426e-01	0.0	5.248588e-01	1.601749e-01	0.0	7.392746e-01	1.131786e-01	0.0	9.150588e-01	8.603848e-02	0.0	9.327225e-01	7.711668e-02	0.0	9.482647e-01	2.736781e-02	0.0	9.297041e-01	5.483750e-02	0.0	9.499391e-01	6.315936e-02	0.0	9.583313e-01	8.580236e-02	0.0	9.447954e-01	4.639927e-02	0.0	9.620123e-01	4.689486e-02	0.0	9.395497e-01	3.107764e-02	0.0	9.152048e-01	5.497161e-02	0.0	7.264121e-01	1.710824e-01	0.0	5.642829e-01	1.541659e-01	0.0	5.761881e-01	1.512721e-01	0.0	5.136289e-01	1.603275e-01	0.0	6.151455e-01	2.076849e-01	0.0	6.478442e-01	1.364639e-01	0.0	5.291398e-01	2.229178e-01	0.0	4.809259e-01	1.652012e-01	0.0	8.541727e-01	7.506909e-02	0.0	8.708477e-01	6.816130e-02	0.0	6.220412e-01	1.449515e-01	0.0	4.523061e-01	1.982746e-01	0.0	3.355774e-01	1.801650e-01	0.0	6.572705e-01	1.295787e-01	0.0	6.660676e-01	1.232783e-01	0.0	6.756664e-01	1.267734e-01	0.0	3.440943e-01	1.770254e-01	0.0	8.387110e-01	7.971685e-02	0.0	2.363881e-01	2.136359e-01	0.0	4.726670e-01	1.654935e-01	0.0	9.037658e-01	5.566207e-02	0.0	3.641011e-01	1.773518e-01	0.0	8.610138e-01	6.796106e-02	0.0	8.670431e-01	6.150922e-02	0.0	5.588314e-01	2.512712e-01	0.0	1.473667e-01	1.743416e-01	0.0	1.386951e-01	1.591918e-01	0.0	1.591573e-01	1.667473e-01	0.0	2.900345e-01	1.784163e-01	0.0	2.995048e-01	1.805342e-01	0.0	8.862756e-01	6.182200e-02	0.0	4.346751e-01	2.387115e-01	0.0	8.029124e-01	8.861841e-02	0.0	5.468188e-01	1.549104e-01	0.0	6.146290e-01	1.310818e-01	0.0	6.130276e-01	1.382817e-01	0.0	6.052482e-01	1.378817e-01	0.0	6.201315e-01	1.347083e-01	0.0	6.281821e-01	1.350054e-01	0.0	5.984121e-01	1.415342e-01	0.0	5.861194e-01	1.407679e-01	0.0	5.735293e-01	1.434658e-01	0.0	6.042329e-01	1.322785e-01	0.0	5.508567e-01	1.431930e-01	0.0	5.539583e-01	1.494885e-01	0.0	5.397343e-01	1.513991e-01	0.0	5.611515e-01	1.459206e-01	0.0	5.601382e-01	1.411898e-01	0.0	5.846805e-01	1.358628e-01	0.0	5.945969e-01	1.357079e-01	0.0	7.356258e-01	1.001787e-01	0.0	7.458828e-01	9.819891e-02	0.0	7.447577e-01	1.053688e-01	0.0	6.437243e-01	1.232130e-01	0.0	6.340940e-01	1.255906e-01	0.0	6.373001e-01	1.314287e-01	0.0	6.298494e-01	1.279175e-01	0.0	6.821095e-01	1.145147e-01	0.0	6.778160e-01	1.154545e-01	0.0	7.064203e-01	1.087788e-01	0.0	7.163233e-01	1.055479e-01	0.0	5.353535e-01	1.469764e-01	0.0	5.323727e-01	1.523640e-01	0.0	5.253615e-01	1.499883e-01	0.0	5.206867e-01	1.485118e-01	0.0	4.658565e-01	1.565331e-01	0.0	4.613601e-01	1.578378e-01	0.0	4.585045e-01	1.637720e-01	0.0	4.513695e-01	1.622366e-01	0.0	8.361879e-01	7.111829e-02	0.0	8.446586e-01	7.312829e-02	0.0	8.518302e-01	6.805534e-02	0.0	4.771803e-01	1.577955e-01	0.0	8.264697e-01	7.246807e-02	0.0	8.309481e-01	7.678797e-02	0.0	8.238606e-01	7.860819e-02	0.0	8.168431e-01	8.330651e-02	0.0	4.813850e-01	1.545086e-01	0.0	7.547082e-01	9.551659e-02	0.0	7.596341e-01	9.920648e-02	0.0	7.662502e-01	9.719631e-02	0.0	9.780767e-01	6.905582e-02	0.0	9.911129e-01	4.682271e-02	0.0	1.024934e+00	3.939591e-02	0.0	1.004610e+00	3.031331e-02	0.0	1.033007e+00	7.501092e-03	0.0	9.761720e-01	3.371798e-02	0.0	9.772107e-01	1.754648e-02	0.0	9.610958e-01	3.198436e-02	0.0	9.597328e-01	2.447040e-02	0.0	1.067400e+00	3.381564e-02	0.0	9.745874e-01	2.404978e-02	0.0	9.843760e-01	2.233350e-02	0.0	7.980636e-01	8.286944e-02	0.0	7.947498e-01	8.866963e-02	0.0	7.875854e-01	9.109617e-02	0.0	7.932268e-01	8.302198e-02	0.0	8.075536e-01	7.849300e-02	0.0	8.122777e-01	7.821814e-02	0.0	7.691613e-01	9.055940e-02	0.0	7.739239e-01	9.491688e-02	0.0	7.643195e-01	9.125770e-02	0.0	7.793330e-01	8.957175e-02	0.0	4.956658e-01	1.530699e-01	0.0	4.985681e-01	1.593364e-01	0.0	4.914107e-01	1.580291e-01	0.0	4.908675e-01	1.528373e-01	0.0	5.057538e-01	1.507147e-01	0.0	7.841386e-01	8.594519e-02	0.0	4.363727e-01	1.599422e-01	0.0	4.061088e-01	1.639414e-01	0.0	4.093498e-01	1.696666e-01	0.0	4.173260e-01	1.681116e-01	0.0	4.019805e-01	1.688243e-01	0.0	3.938036e-01	1.721961e-01	0.0	3.803301e-01	1.691570e-01	0.0	3.736636e-01	1.730211e-01	0.0	4.135669e-01	1.784984e-01	0.0	4.013954e-01	1.635468e-01	0.0	4.164983e-01	1.618896e-01	0.0	8.921807e-01	4.883086e-02	0.0	8.924112e-01	5.517229e-02	0.0	8.839036e-01	5.459317e-02	0.0	9.211585e-01	3.868167e-02	0.0	9.192722e-01	4.575297e-02	0.0	9.269435e-01	4.215510e-02	0.0	9.253754e-01	3.654287e-02	0.0	9.119572e-01	4.252412e-02	0.0	3.563931e-01	1.670572e-01	0.0	3.541343e-01	1.727098e-01	0.0	8.972293e-01	4.885608e-02	0.0	7.109842e-01	1.136445e-01	0.0	7.035529e-01	1.139773e-01	0.0	6.962672e-01	1.185851e-01	0.0	3.166996e-01	1.691789e-01	0.0	3.139331e-01	1.748408e-01	0.0	3.061189e-01	1.745201e-01	0.0	3.089945e-01	1.840772e-01	0.0	2.265664e-01	1.659981e-01	0.0	1.960447e-01	1.622632e-01	0.0	2.558371e-01	1.692640e-01	0.0	2.581404e-01	1.757880e-01	0.0	2.655927e-01	1.743571e-01	0.0	7.323785e-01	1.071563e-01	0.0	2.058934e-01	1.730655e-01	0.0	9.536449e-01	2.694470e-02	0.0	9.442598e-01	2.948942e-02	0.0	9.494236e-01	3.459348e-02	0.0	1.511060e-01	1.601780e-01	0.0	1.604803e-01	1.583209e-01	0.0	1.478340e-01	1.524771e-01	0.0	1.688572e-01	1.642246e-01	0.0	6.775704e-01	2.132582e-01	0.0	5.044555e-01	1.667883e-01	0.0	1.059476e+00	-1.567606e-02	0.0	9.636303e-01	2.173375e-02	0.0	1.914318e-01	1.672354e-01	0.0	9.813852e-01	1.459627e-02	0.0	8.765194e-01	6.058511e-02	0.0	9.089893e-01	4.953978e-02	0.0	7.628727e-01	1.065021e-01	0.0	7.226179e-01	1.095230e-01	0.0	9.873106e-01	1.422712e-02	0.0	9.594872e-01	1.221525e-01	0.0	2.719847e-01	-2.466554e-02	0.0	3.884495e-01	4.916822e-03	0.0	9.721955e-01	1.818162e-02	0.0	5.408456e-01	-3.286880e-02	0.0	9.369167e-01	-4.146943e-02	0.0	2.968774e-01	1.741412e-01	0.0	6.046790e-01	-2.476278e-01	0.0	2.162011e-01	1.726432e-01	0.0	3.473585e-01	2.451177e-01	0.0	7.315116e-01	1.235548e-01	0.0	2.738198e-01	-2.209769e-03	0.0	2.830348e-01	-5.098917e-03	0.0	8.138576e-01	1.588637e-01	0.0	8.024676e-01	1.972160e-01	0.0	7.852468e-01	2.452385e-01	0.0	4.968026e-01	4.257044e-03	0.0	8.358635e-01	-1.963319e-03	0.0	2.352301e-01	-2.533535e-04	0.0	9.967893e-01	2.124554e-02	0.0	1.011296e+00	1.461047e-02	0.0	1.011388e+00	-3.196774e-03	0.0	9.995966e-01	1.079870e-02	0.0	1.386953e+00	-3.958071e-01	0.0	2.272568e-01	1.724032e-01	0.0	2.092578e-01	-2.298775e-02	0.0	2.015635e-01	-9.830702e-03	0.0	1.896776e-01	-6.986977e-03	0.0	1.793845e-01	-1.527489e-02	0.0	1.536189e-01	1.423102e-03	0.0	1.789107e-01	-4.822795e-03	0.0	1.680203e-01	-8.654788e-03	0.0	1.626647e-01	3.415222e-03	0.0	1.674231e-01	-2.174622e-02	0.0	1.554789e-01	-1.394211e-02	0.0	1.547957e-01	-2.951357e-02	0.0	1.408013e-01	-2.028559e-02	0.0	1.190549e-01	-3.437300e-03	0.0	1.401923e-01	-3.828652e-02	0.0	1.255238e-01	-2.916378e-02	0.0	1.197272e-01	-4.800711e-02	0.0	1.060369e-01	-3.538474e-02	0.0	8.475957e-02	-1.088052e-02	0.0	1.280204e-01	-1.470112e-02	0.0	1.148065e-01	-1.794659e-02	0.0	1.283990e-01	-4.854770e-03	0.0	9.959959e-02	-2.194244e-02	0.0	9.418680e-02	-9.086212e-03	0.0	8.824633e-02	-3.439286e-02	0.0	9.481969e-02	-5.493537e-02	0.0	6.569086e-02	-3.517827e-02	0.0	6.009980e-02	-1.619404e-02	0.0	4.341135e-02	-4.962987e-02	0.0	1.994175e-01	-1.120744e-03	0.0	2.082558e-01	-9.559688e-04	0.0	1.456026e-01	-9.904724e-03	0.0	7.664725e-02	-2.555693e-02	0.0	4.776194e-02	-3.173178e-02	0.0	3.035702e-02	-3.409684e-02	0.0	1.187493e-01	-7.387556e-02	0.0	1.372047e-01	-7.728457e-03	0.0	1.442025e-01	-3.594672e-03	0.0	1.509378e-01	-4.467890e-03	0.0	1.590813e-01	-3.103284e-03	0.0	1.796273e-01	-2.964079e-02	0.0	2.123646e-01	4.950708e-03	0.0	2.177129e-01	-2.197880e-03	0.0	1.579262e-01	2.998418e-03	0.0	1.676506e-01	3.902449e-03	0.0	1.717012e-01	-4.762154e-04	0.0	1.140603e-01	-7.254579e-03	0.0	1.235650e-01	-3.148795e-03	0.0	1.082759e-01	-6.124798e-03	0.0	7.906845e-02	-1.197567e-02	0.0	8.242532e-02	-1.763278e-02	0.0	9.018395e-02	-1.509870e-02	0.0	7.504620e-02	-1.725864e-02	0.0	6.711840e-02	-2.076144e-02	0.0	5.712845e-02	-2.421791e-02	0.0	5.294657e-02	-1.838632e-02	0.0	8.919310e-02	-9.134471e-03	0.0	1.565728e-01	-5.007973e-02	0.0	1.072691e-01	-1.250409e-02	0.0	9.929140e-02	-1.258683e-02	0.0	7.424883e-02	-1.172279e-02	0.0	1.852006e-01	5.800942e-04	0.0	1.785315e-01	2.516757e-03	0.0	1.924250e-01	1.631388e-03	0.0	1.926139e-01	7.131894e-03	0.0	1.976662e-01	8.837724e-03	0.0	1.215717e-01	-8.802285e-03	0.0	1.545679e-02	-3.065147e-02	0.0	3.664065e-02	-2.427667e-02	0.0	2.224167e-02	-2.321803e-02	0.0	8.523069e-03	-1.963896e-02	0.0	2.119658e-01	1.019867e-02	0.0	2.074166e-01	9.073137e-03	0.0	1.823213e-01	6.484873e-03	0.0	8.252142e-01	1.040891e-01	0.0	4.312841e-01	1.681832e-01	0.0	8.135131e-01	-5.910994e-04	0.0	1.658236e-01	-9.833231e-04	0.0	9.672484e-01	2.614662e-02	0.0	2.722898e-01	2.618901e-01	0.0	3.172205e-01	2.771198e-01	0.0	2.451830e-01	1.734206e-01	0.0	8.768537e-01	-4.582075e-03	0.0	6.813302e-01	3.799556e-03	0.0	-8.818252e-01	-1.309550e+00	0.0	-9.541600e-01	-1.836149e+00	0.0	-1.192704e-01	-1.798230e+00	0.0	3.704738e-02	-2.220160e+00	0.0	4.448819e-01	1.651437e-01	0.0	9.356996e-01	4.102275e-02	0.0	4.559464e-01	-9.404473e-02	0.0	4.113334e-01	-1.030917e-01	0.0	7.306268e-01	-3.718372e-02	0.0	2.357364e-01	1.721457e-01	0.0	9.064534e-01	-7.550912e-01	0.0	1.811367e-01	2.709354e-01	0.0	5.662272e-01	2.084041e-01	0.0	9.061676e-01	1.014506e-01	0.0	9.020610e-01	1.587370e-01	0.0	6.421471e-01	-5.756506e-02	0.0	-2.193881e+00	2.215579e+00	0.0	1.336551e-01	-1.432810e-03	0.0	2.855313e-01	4.535936e-03	0.0	5.058613e+00	-1.528661e+00	0.0	1.083456e+00	-5.033974e-02	0.0	1.949212e-01	-3.898056e-02	0.0	5.825294e-02	1.090641e-01	0.0	4.780721e-02	1.051348e-01	0.0	4.946032e-02	9.745554e-02	0.0	9.591364e-01	-8.528830e-03	0.0	3.364020e-01	1.730964e-01	0.0	7.017805e-01	1.089148e-01	0.0	6.852631e-01	-3.011581e-02	0.0	8.218161e-01	7.355614e-02	0.0	3.670251e-01	1.709036e-01	0.0	7.835462e-01	9.929727e-02	0.0	8.094724e-01	8.456354e-02	0.0	6.923884e-01	1.121101e-01	0.0	9.460431e+00	6.581695e-02	0.0	5.400224e-01	1.452476e-01	0.0	-1.653680e+00	1.540880e+00	0.0	2.116918e-01	-9.167174e-03	0.0	3.292483e-01	1.745934e-01	0.0	3.218756e-01	1.729699e-01	0.0	6.526085e-01	1.228338e-01	0.0	1.767073e-01	1.615099e-01	0.0	7.138926e-01	2.725854e-03	0.0	4.313261e-01	1.607757e-01	0.0	-7.761008e-03	4.207194e-02	0.0	4.640311e-01	-2.285499e-02	0.0	1.476972e+00	1.520367e-01	0.0	4.211508e-01	1.624739e-01	0.0	4.245921e-01	1.674487e-01	0.0	6.190635e-01	1.295321e-01	0.0	5.608689e-01	-4.639235e-02	0.0	1.293665e-01	-1.084104e-01	0.0	8.591330e-01	5.023381e-01	0.0	7.455279e-01	5.593650e-01	0.0	1.109019e-01	1.637957e-01	0.0	1.174581e-01	1.473416e-01	0.0	1.332256e-01	1.492075e-01	0.0	6.809621e-01	1.201295e-01	0.0	4.177898e-01	-2.766041e-02	0.0	2.241971e-01	5.864952e-03	0.0	4.725889e-01	4.250954e-01	0.0	9.514372e-01	1.658489e-01	0.0	7.210095e-01	1.036915e-01	0.0	7.306753e-01	1.010749e-01	0.0	5.116189e-01	1.520925e-01	0.0	3.363753e-01	1.676448e-01	0.0	7.382071e-01	-1.391531e-02	0.0	8.409564e-01	6.746573e-02	0.0	5.187201e-01	1.533150e-01	0.0	5.678077e-01	1.466528e-01	0.0	2.162511e-01	1.651974e-01	0.0	2.458749e-01	1.674497e-01	0.0	7.624623e-01	-5.636259e-02	0.0	2.050393e-01	1.648132e-01	0.0	2.266051e+00	9.662751e-01	0.0	2.479620e+00	1.245701e+00	0.0	6.308067e-01	1.001243e-02	0.0	3.916670e-01	1.648278e-01	0.0	7.290862e-01	1.142711e-01	0.0	1.148684e-01	1.342377e-01	0.0	3.472873e-01	1.686528e-01	0.0	3.262179e-01	1.685904e-01	0.0	2.963035e-01	1.688621e-01	0.0	2.649948e-01	-1.851933e+00	0.0	5.189880e-01	-4.953850e-01	0.0	6.723048e-01	-3.548050e-02	0.0	6.660056e-01	-5.201207e-02	0.0	2.860868e-01	1.706568e-01	0.0	8.779645e-02	1.199415e-01	0.0	5.699563e-01	1.398264e-01	0.0	2.345996e-01	5.938616e-03	0.0	1.846554e-01	1.635197e-01	0.0	3.061319e-01	1.684746e-01	0.0	6.671232e-01	1.177200e-01	0.0	2.893664e+00	-2.134288e+00	0.0	1.990164e-01	1.676831e-01	0.0	9.357865e-01	3.405672e-02	0.0	2.360782e-01	1.666359e-01	0.0	1.382307e+00	1.608793e+00	0.0	6.041548e-01	-4.275530e-02	0.0	2.937151e-01	2.420390e-01	0.0	-3.368508e-02	1.942474e+00	0.0	6.381702e-01	-3.732072e-02	0.0	2.444015e-01	6.045582e-03	0.0	2.344811e-02	-1.612353e-02	0.0	7.232060e-01	2.120045e-03	0.0	1.860069e-01	1.585875e-01	0.0	1.465123e+00	3.463277e-01	0.0	9.414960e+00	-1.277056e+00	0.0	2.765359e-01	1.701688e-01	0.0	2.728972e-01	1.770551e-01	0.0	2.660444e-01	1.684716e-01	0.0	5.549965e-01	5.273634e-03	0.0	1.214420e-01	1.394968e-01	0.0	1.477517e-01	9.172014e-04	0.0	9.068741e-01	4.390679e-02	0.0	2.049238e-01	4.062061e-03	0.0	-3.090022e-01	1.101901e-01	0.0	8.550371e-01	6.277737e-02	0.0	7.011462e-01	2.495527e-01	0.0	6.906326e-01	3.098279e-01	0.0	2.856710e+00	-5.878282e-01	0.0	9.415858e-01	3.610655e-02	0.0	1.253248e+00	4.062769e-01	0.0	4.639337e-01	4.673429e-03	0.0	5.996979e-01	-2.590490e-03	0.0	1.026795e+01	-2.267949e+00	0.0	1.026795e+01	2.267949e+00	0.0	6.577399e-01	1.683286e+00	0.0	6.512362e-02	1.136567e-01	0.0	7.528735e-01	1.018333e-01	0.0	4.878422e-01	2.347615e-01	0.0	3.326159e-01	-2.969606e-03	0.0	3.432364e-01	-6.489226e-03	0.0	7.566671e-01	1.940179e-01	0.0	5.752046e-01	1.390171e-01	0.0	1.725321e-01	-1.054666e-01	0.0	3.664023e-01	1.664226e-01	0.0	3.731204e-01	4.541790e-03	0.0	3.764207e-01	1.660873e-01	0.0	3.811779e-01	1.647732e-01	0.0	6.631986e-01	1.184571e-01	0.0	6.492131e-02	-1.387373e-02	0.0	4.467579e-01	1.588205e-01	0.0	6.342121e-01	4.008007e-03	0.0	8.702169e-01	5.708194e-02	0.0	9.036654e-01	-4.146832e-03	0.0	5.466542e-01	-3.304108e-03	0.0	9.871858e-02	-7.223939e-03	0.0	6.168949e-01	2.480808e-01	0.0	3.558345e-01	-1.409009e-02	0.0	3.615485e-01	-2.896878e-02	0.0	2.356560e+00	1.718799e+00	0.0	3.775492e-01	2.513539e-01	0.0	6.330115e-01	1.546428e-01	0.0	7.032016e-02	1.788305e-01	0.0	2.437504e-02	1.518830e-01	0.0	8.780053e-01	5.415696e-02	0.0	1.992920e-01	4.248285e-03	0.0	2.103443e-01	2.365361e-01	0.0	1.615707e-01	1.525483e-01	0.0	1.663459e-01	1.551853e-01	0.0	5.848543e-01	1.602653e-01	0.0	-2.484488e-01	2.801958e-01	0.0	2.810784e-01	1.750536e-01	0.0	4.663058e-02	-2.185931e-02	0.0	3.812859e-02	-1.691580e-02	0.0	5.801007e-01	1.436709e-01	0.0	4.193918e-02	8.823298e-02	0.0	3.457562e-01	3.061266e-03	0.0	4.510160e-01	1.574652e-01	0.0	-1.253403e-01	4.844351e-01	0.0	9.719621e-02	5.555860e-01	0.0	3.552615e-01	6.930916e-01	0.0	-4.469565e-03	-1.708457e-02	0.0	-6.604024e-03	-6.105875e-03	0.0	-1.743529e-02	-9.041407e-07	0.0	-5.230030e-01	-4.213114e-01	0.0	1.053614e-01	1.300863e-01	0.0	2.343503e-02	7.053080e-02	0.0	5.522644e-01	-1.231764e-02	0.0	9.609801e-02	1.251073e-01	0.0	2.546484e-01	6.322383e-03	0.0	7.977723e-01	7.968087e-04	0.0	1.608425e+00	-1.234560e-01	0.0	1.696159e+00	6.420951e-02	0.0	4.880248e-02	-1.547617e-02	0.0	1.407247e-01	-3.280455e-01	0.0	1.515111e-01	1.485565e-01	0.0	1.046745e+00	1.236916e-01	0.0	1.008218e+00	-1.105233e-01	0.0	-1.991755e+00	9.811790e-01	0.0	1.139033e-01	1.405618e-01	0.0	9.932745e-01	1.024584e-01	0.0	8.704052e-01	-6.820103e-02	0.0	2.075508e+00	2.177367e+00	0.0	5.016623e-01	-2.930875e-03	0.0	4.665336e-02	-8.000864e-02	0.0	6.184479e-02	1.037600e-01	0.0	7.001957e-02	1.094763e-01	0.0	1.776143e-01	6.858362e-03	0.0	9.904087e-01	2.057817e-01	0.0	1.695936e-01	-6.948930e-02	0.0	2.249477e-03	2.405467e-01	0.0	8.501307e-01	6.340700e-02	0.0	6.258956e-01	1.004855e-02	0.0	-4.814255e-02	2.891848e-01	0.0	2.932162e-01	4.605267e-01	0.0	3.984661e-01	5.273464e-01	0.0	5.254312e-01	4.724415e-03	0.0	9.306426e-01	1.019486e-01	0.0	1.768440e-01	1.561556e-01	0.0	1.026726e+00	-4.296249e-01	0.0	1.380020e-01	1.888172e-01	0.0	9.220415e-01	-4.982576e-02	0.0	6.513974e-01	6.872690e-01	0.0	7.600447e-01	8.173199e-04	0.0	5.058896e-01	1.569302e-01	0.0	4.091734e-01	2.634170e-01	0.0	2.236387e-01	1.670652e-03	0.0	7.514827e-01	1.626529e-01	0.0	2.923985e-01	-9.130350e-03	0.0	1.270783e+00	-5.701893e-01	0.0	5.291705e-01	1.720046e-01	0.0	4.058655e-01	-6.353196e-02	0.0	2.541886e-01	2.276393e-01	0.0	9.464119e-01	8.013879e-01	0.0	5.326524e-01	4.933126e-01	0.0	4.386697e-01	-3.559986e-01	0.0	8.564300e-01	-3.259026e-03	0.0	4.678393e-01	2.049880e-01	0.0	2.463669e-01	-1.413066e-01	0.0	2.014222e-01	-1.549224e-01	0.0	-1.376775e-01	3.538395e-01	0.0	5.918365e-01	2.013457e-01	0.0	7.164760e-01	1.109376e-01	0.0	6.466785e-01	1.277922e-01	0.0	4.848083e-01	1.594296e-01	0.0	2.547788e-01	-5.707428e-02	0.0	-1.150675e+00	-1.134046e-01	0.0	8.776653e-02	-2.336383e-02	0.0	1.369339e-01	1.447773e-01	0.0	1.332244e-01	1.425273e-01	0.0	6.231511e-01	5.004559e-03	0.0	1.007180e+00	2.007140e+00	0.0	6.004039e+00	-1.635860e+00	0.0	9.906120e-01	3.088661e-02	0.0	7.465214e-01	8.887903e-01	0.0	2.331819e-01	2.859703e-01	0.0	-3.740611e-01	-6.636068e-01	0.0	6.957268e-01	3.656077e-03	0.0	1.230531e+00	-6.627763e-02	0.0	1.210935e+00	5.997614e-01	0.0	1.375754e+00	6.978908e-01	0.0	1.973846e+00	-3.113327e-01	0.0	7.819365e-01	9.189962e-04	0.0	6.431930e-01	2.145880e-01	0.0	-5.845513e-02	1.226074e+00	0.0	-2.908992e-01	1.059297e+00	0.0	7.384979e-01	1.057598e-01	0.0	3.147377e-02	7.821458e-02	0.0	3.446362e-02	8.113394e-02	0.0	-3.261477e-01	-1.052097e-01	0.0	1.472738e-01	1.474692e-01	0.0	1.043274e+00	-2.012354e+00	0.0	8.866341e-01	2.010729e-01	0.0	9.249310e-02	2.437746e+00	0.0	1.671364e-01	-3.574700e-02	0.0	6.350465e-01	2.972058e-01	0.0	9.812275e-01	-1.025226e-02	0.0	2.689188e-01	-5.567328e-01	0.0	6.454655e-01	1.474980e-01	0.0	7.157015e-01	2.045885e-01	0.0	2.000445e+00	-2.611335e-03	0.0	2.005531e-02	1.147624e-01	0.0	6.123841e-01	-6.268429e-02	0.0	4.375476e-01	1.646832e-01	0.0	-8.717978e-03	-7.752963e-01	0.0	4.072544e-01	1.884377e-01	0.0	2.519841e-01	1.738626e-01	0.0	1.373865e-01	-5.685978e-02	0.0	7.390835e-01	-2.596696e-02	0.0	1.431365e-01	1.169794e-03	0.0	8.429480e-01	-1.561193e-03	0.0	8.832120e-01	-4.048252e-03	0.0	8.362022e-01	-1.351984e-01	0.0	5.918813e-01	1.404862e-01	0.0	9.132679e-01	-4.882858e-03	0.0	1.135331e+00	5.027776e-02	0.0	1.678756e+00	-6.430791e-01	0.0	-1.723793e+00	-1.738454e+00	0.0	9.239180e-02	6.962145e-01	0.0	4.656233e-01	1.625686e-01	0.0	1.372995e+00	-1.740154e+00	0.0	
CELLS 3514	14056
3	1156	1153	1157	3	1306	1305	1307	3	751	1209	1590	3	728	715	842	3	1550	1547	1582	3	1124	1646	1647	3	950	898	1005	3	1230	1166	1249	3	581	556	583	3	1129	1128	1137	3	908	909	910	3	525	648	654	3	562	559	1871	3	529	1655	1672	3	763	816	817	3	1143	1139	1199	3	559	561	1871	3	1447	1071	1843	3	555	469	557	3	977	1840	1981	3	1162	17	1221	3	1079	1080	1825	3	654	648	669	3	1212	935	1233	3	796	826	1262	3	541	465	610	3	810	763	817	3	1238	624	1718	3	782	831	1004	3	15	1162	1226	3	1449	1103	1573	3	1506	1505	1507	3	842	717	1818	3	789	832	1004	3	1168	1165	1181	3	1282	1281	1283	3	847	838	976	3	1649	1617	1687	3	1138	1634	1636	3	841	527	976	3	687	844	845	3	843	686	844	3	582	583	1952	3	686	846	1588	3	1279	1749	1807	3	689	850	1588	3	1356	1355	1404	3	1463	1398	1861	3	899	950	953	3	533	637	663	3	1122	1117	1149	3	1102	1104	1705	3	1070	1437	1787	3	1203	1591	1908	3	1031	1034	1254	3	1080	1454	1825	3	1407	1357	1423	3	1390	1393	1499	3	586	651	1704	3	1137	1136	1205	3	1556	1377	1727	3	673	1197	1232	3	195	196	1446	3	1416	1548	1699	3	831	808	1004	3	1130	1128	1745	3	890	1008	1009	3	1376	1377	1556	3	772	860	998	3	796	795	820	3	503	496	1947	3	1203	928	1591	3	558	559	1933	3	419	1135	1860	3	1025	1116	1245	3	1358	1356	1376	3	583	556	628	3	1	1191	1607	3	1142	8	1228	3	414	415	1665	3	923	950	1005	3	11	1144	1253	3	1067	1076	1079	3	1442	1329	1495	3	896	893	902	3	1191	1189	1607	3	1205	1148	1244	3	1436	1405	1437	3	464	552	608	3	1186	1052	1248	3	757	528	848	3	795	796	1262	3	977	922	1840	3	497	1581	1839	3	552	464	645	3	763	810	818	3	559	560	561	3	777	974	1736	3	488	485	495	3	808	825	1838	3	1198	1207	1881	3	908	901	909	3	1627	1630	1632	3	933	1203	1908	3	1283	1281	1284	3	488	491	1967	3	1656	1630	1676	3	1067	1079	1447	3	604	476	607	3	980	799	1877	3	1518	1392	1725	3	769	778	795	3	751	755	1209	3	1256	676	1257	3	1078	1246	1817	3	558	469	602	3	508	1466	1467	3	597	1451	1781	3	1298	1565	1804	3	496	503	1801	3	1324	1321	1326	3	528	757	830	3	1631	1646	1711	3	626	990	1811	3	1277	1573	1882	3	1487	1486	1762	3	1307	1305	1309	3	1758	1068	1762	3	1056	1053	1600	3	1156	1157	1715	3	588	1030	1593	3	524	519	1916	3	662	537	663	3	1373	1476	1930	3	1220	1238	1239	3	563	558	602	3	1537	1318	1771	3	1154	566	1198	3	1358	1376	1556	3	589	478	590	3	1585	1062	1605	3	1149	1117	1701	3	1623	1656	1676	3	890	1009	1686	3	1366	1364	1394	3	465	541	644	3	979	802	1877	3	1053	1059	1601	3	651	524	1704	3	1305	1303	1560	3	594	1734	1930	3	1103	1449	1750	3	1183	1638	1644	3	1631	1657	1676	3	508	1468	1729	3	784	808	1838	3	950	923	953	3	1070	1481	1751	3	1361	1358	1409	3	1477	1478	1479	3	1480	1377	1751	3	576	604	607	3	1382	1379	1384	3	1009	993	1686	3	1495	1500	1931	3	1196	738	1215	3	1034	1036	1109	3	713	727	734	3	1057	1391	1707	3	615	1567	1767	3	587	1202	1259	3	1375	1369	1392	3	1355	1352	1965	3	491	496	513	3	1179	1265	1266	3	1498	1390	1499	3	1050	1053	1959	3	1385	1384	1431	3	786	790	812	3	1039	1195	1609	3	876	800	963	3	1138	1130	1635	3	669	648	1712	3	1369	1366	1408	3	1380	1492	1497	3	1287	1286	1292	3	1157	1153	1197	3	1523	1367	1525	3	715	728	735	3	1103	1750	1935	3	1420	1419	1570	3	463	481	482	3	490	488	1967	3	1393	1392	1455	3	1627	1625	1630	3	487	485	488	3	1354	1352	1355	3	1162	1222	1223	3	199	200	1545	3	1090	1305	1306	3	1145	11	1253	3	1371	1374	1599	3	1313	1311	1444	3	784	786	808	3	565	569	1971	3	1285	1283	1286	3	577	633	646	3	1293	1561	1610	3	557	469	558	3	1122	1149	1150	3	715	735	836	3	524	539	1704	3	1679	1134	1680	3	489	488	490	3	916	938	951	3	1315	1313	1317	3	1433	1396	1458	3	780	784	809	3	1651	1681	1682	3	471	453	1938	3	572	573	1964	3	1	1606	1608	3	1620	1617	1649	3	1140	425	1869	3	778	780	810	3	686	705	844	3	1345	1344	1424	3	933	935	1203	3	633	467	646	3	916	937	938	3	8	1145	1228	3	1551	1312	1552	3	1086	1552	1774	3	1544	1543	1553	3	468	638	650	3	1675	1674	1852	3	1056	1381	1708	3	1231	676	1256	3	1184	774	1744	3	1079	1076	1080	3	1678	1135	1679	3	1008	522	1009	3	1144	1226	1738	3	795	778	1819	3	29	1170	1718	3	1581	1446	1839	3	1409	1358	1556	3	518	519	524	3	1025	1245	1593	3	1594	1293	1610	3	957	523	1840	3	555	557	677	3	1636	1634	1642	3	1509	1514	1515	3	1403	1547	1550	3	590	478	591	3	1104	1102	1193	3	1061	1504	1505	3	1377	1376	1751	3	1447	1429	1706	3	766	794	1874	3	582	581	583	3	1523	1525	1725	3	472	581	582	3	1159	1612	1613	3	1151	1150	1152	3	557	558	1933	3	1879	492	1967	3	620	583	625	3	1056	1378	1381	3	1197	673	1255	3	1320	1323	1454	3	1656	1658	1668	3	491	513	1879	3	27	28	1718	3	1131	1130	1891	3	809	784	1838	3	1274	1175	1886	3	1278	1279	1750	3	1430	1495	1931	3	990	991	1956	3	1430	1442	1495	3	1128	1127	1745	3	937	916	943	3	1036	1038	1110	3	1350	1348	1396	3	1308	1307	1311	3	591	592	1941	3	728	842	1818	3	590	591	1941	3	1651	1682	1810	3	1518	1525	1531	3	825	808	831	3	622	1235	1865	3	662	1598	1712	3	600	584	613	3	1303	1452	1560	3	668	655	707	3	868	865	1760	3	718	723	1011	3	727	706	734	3	1631	1629	1646	3	1013	759	1590	3	1190	1508	1607	3	1613	1612	1639	3	621	626	1857	3	539	524	1916	3	1175	1773	1886	3	572	569	573	3	1045	1061	1513	3	1444	1312	1724	3	1045	1046	1883	3	566	991	1871	3	1398	1425	1861	3	691	679	1826	3	1119	1117	1122	3	1340	1336	1576	3	743	742	747	3	1632	1630	1668	3	1629	1631	1676	3	574	573	1778	3	1312	1444	1552	3	767	795	1262	3	1370	1455	1516	3	1630	1656	1668	3	429	468	1958	3	1179	1275	1748	3	865	814	1760	3	1343	1341	1344	3	484	482	485	3	638	517	650	3	1146	1148	1205	3	1525	1518	1725	3	454	455	472	3	992	1205	1244	3	1104	1281	1282	3	1317	1318	1537	3	467	576	607	3	459	469	555	3	1416	1402	1422	3	844	727	845	3	1439	1087	1774	3	428	479	1697	3	738	700	1845	3	895	901	908	3	792	797	858	3	1095	1102	1705	3	453	477	1938	3	1639	1810	1852	3	452	453	471	3	1136	1133	1139	3	990	562	991	3	1388	1385	1432	3	1198	572	1207	3	427	428	470	3	429	430	468	3	459	460	469	3	1024	1021	1185	3	800	876	877	3	513	496	1801	3	1384	1390	1440	3	1392	1369	1725	3	1158	1156	1715	3	713	712	727	3	790	792	815	3	1062	224	1608	3	573	586	587	3	576	467	633	3	1570	1419	1816	3	738	1196	1204	3	1223	1225	1738	3	1511	1420	1570	3	463	451	481	3	470	428	1697	3	1396	1398	1462	3	1354	1355	1356	3	465	449	610	3	1090	1304	1305	3	657	652	658	3	1268	1270	1271	3	1458	1396	1459	3	1109	1036	1884	3	947	1189	1191	3	1415	1568	1570	3	1431	1493	1494	3	1443	1544	1553	3	491	1879	1967	3	735	716	836	3	1123	1122	1925	3	976	838	1011	3	1048	1443	1553	3	1283	1284	1290	3	603	551	981	3	561	564	1943	3	1117	1115	1701	3	841	976	1818	3	1240	936	1264	3	1031	1033	1034	3	1266	1267	1271	3	1416	1547	1548	3	907	910	966	3	462	432	580	3	850	851	1588	3	706	727	844	3	1080	1082	1912	3	1571	1277	1572	3	666	1604	1784	3	477	453	1960	3	1505	1420	1509	3	1338	1336	1340	3	1053	1056	1959	3	768	766	1874	3	510	1186	1248	3	1036	1110	1884	3	618	1807	1886	3	818	809	1937	3	1159	1611	1612	3	1110	1038	1247	3	462	580	603	3	1630	1629	1676	3	1486	1411	1762	3	427	470	575	3	472	579	581	3	1568	1511	1570	3	518	514	1983	3	627	1230	1249	3	1671	534	1683	3	454	472	1960	3	1419	1416	1699	3	1187	1110	1192	3	772	998	1736	3	786	787	790	3	1061	1505	1506	3	784	785	786	3	1637	1663	1836	3	1344	1341	1406	3	991	992	1956	3	1335	1825	1924	3	1372	1433	1461	3	491	495	496	3	780	781	784	3	866	865	868	3	1639	1640	1810	3	1216	1215	1217	3	905	1240	1264	3	1220	1239	1955	3	1376	1356	1438	3	1717	1238	1718	3	520	815	855	3	1625	1622	1629	3	1383	195	1446	3	623	1236	1873	3	778	779	780	3	889	803	979	3	1655	1616	1672	3	1141	1139	1143	3	624	1238	1862	3	800	877	982	3	1507	1505	1940	3	1202	587	1704	3	1384	1379	1390	3	559	558	560	3	474	578	1006	3	1617	1616	1655	3	1013	1590	1744	3	924	926	955	3	1150	1149	1196	3	748	752	757	3	889	979	1877	3	665	675	1797	3	1129	1137	1154	3	705	686	1588	3	1290	1574	1735	3	912	917	918	3	1034	1035	1036	3	462	603	640	3	1082	1083	1912	3	1437	1405	1835	3	472	455	579	3	465	577	646	3	777	1736	1799	3	1084	1323	1434	3	1288	1283	1290	3	495	485	1768	3	992	991	1211	3	1502	1583	1824	3	1456	508	1467	3	614	1235	1866	3	811	767	1262	3	2	426	962	3	923	924	953	3	869	873	876	3	1382	1384	1385	3	464	578	645	3	1614	1613	1616	3	564	565	1943	3	730	754	996	3	569	572	1971	3	577	465	644	3	799	971	1877	3	578	474	1802	3	1320	1315	1972	3	1194	1102	1235	3	1512	1578	1688	3	1674	1673	1852	3	479	429	1958	3	586	585	651	3	911	912	958	3	890	892	1008	3	1485	1411	1486	3	926	930	937	3	614	620	1865	3	1284	1448	1450	3	578	464	1006	3	1606	1	1607	3	1279	1278	1749	3	1416	1422	1547	3	519	518	1983	3	508	1456	1468	3	808	786	1004	3	428	429	479	3	1396	1348	1398	3	1151	1152	1932	3	648	647	1712	3	1383	1445	1812	3	640	603	641	3	1572	1277	1854	3	1246	1801	1817	3	573	587	1778	3	463	483	610	3	1637	414	1665	3	494	490	1948	3	662	1597	1598	3	1323	1321	1324	3	617	1574	1855	3	1634	1138	1635	3	480	1003	1958	3	733	718	1011	3	484	485	487	3	989	562	990	3	595	592	1867	3	1047	1046	1895	3	1594	615	1764	3	656	657	658	3	1087	1439	1720	3	1227	1145	1253	3	463	482	483	3	790	791	792	3	1357	1356	1358	3	461	2	962	3	896	902	903	3	812	789	1004	3	1405	1436	1734	3	575	470	1695	3	450	451	463	3	431	432	462	3	592	600	613	3	1238	1220	1862	3	451	452	481	3	1528	1400	1931	3	478	1792	1938	3	491	488	495	3	774	1184	1210	3	559	562	1260	3	487	488	489	3	1451	597	1592	3	1343	1344	1345	3	1167	1165	1168	3	918	919	973	3	1024	1185	1210	3	573	574	1964	3	1336	1333	1400	3	1235	614	1865	3	1622	1620	1641	3	566	1871	1943	3	483	541	610	3	452	471	1889	3	1635	1130	1645	3	1152	1150	1213	3	1215	738	1845	3	1433	1458	1460	3	1360	1358	1361	3	1734	1436	1930	3	1652	1257	1913	3	468	650	1987	3	814	865	942	3	934	936	1234	3	1375	1392	1393	3	1424	1344	1467	3	1322	1315	1537	3	529	1672	1894	3	566	1154	1211	3	1338	1340	1917	3	1315	1317	1537	3	1108	872	1702	3	1304	1303	1305	3	1203	935	1212	3	584	614	1985	3	1302	1298	1804	3	780	809	818	3	906	907	969	3	496	500	1947	3	1045	1043	1046	3	469	460	602	3	919	921	923	3	1335	1337	1825	3	1096	1094	1901	3	1109	1212	1233	3	1067	1447	1843	3	1042	1041	1945	3	1418	1586	1904	3	1840	918	1981	3	815	520	833	3	1478	1373	1930	3	592	613	1867	3	1235	1096	1866	3	1365	1364	1366	3	1426	1758	1762	3	1119	1122	1123	3	1173	1273	1875	3	1646	1641	1647	3	769	771	778	3	1085	1320	1454	3	1351	1350	1848	3	718	720	723	3	1368	1366	1369	3	1128	1130	1131	3	626	989	990	3	1071	1447	1706	3	458	555	1885	3	757	752	830	3	792	793	797	3	1236	1221	1258	3	1363	1361	1596	3	561	560	564	3	1347	1345	1856	3	1374	1369	1375	3	666	1257	1604	3	601	477	1795	3	910	909	911	3	5	457	1710	3	1164	1161	1225	3	625	583	628	3	1478	1461	1479	3	767	769	795	3	1242	975	1878	3	1750	1279	1936	3	679	680	1826	3	614	584	620	3	1303	1302	1451	3	1402	1401	1443	3	1314	1315	1320	3	677	556	1885	3	714	739	1602	3	1492	1440	1497	3	1127	1126	1926	3	592	595	1909	3	1401	1388	1453	3	1378	1375	1684	3	485	482	1769	3	1029	1031	1107	3	1386	1385	1388	3	1394	1412	1475	3	912	918	944	3	1122	1150	1151	3	848	753	1903	3	200	1387	1545	3	663	637	664	3	1069	1059	1813	3	483	482	484	3	1547	1422	1582	3	1431	1384	1493	3	1410	1409	1554	3	588	1245	1922	3	1339	1484	1485	3	458	459	555	3	457	458	475	3	1286	1283	1288	3	1437	1070	1438	3	1417	1416	1419	3	935	934	1234	3	1612	1611	1731	3	1364	1363	1596	3	1609	1195	1916	3	1016	1106	1240	3	674	671	1587	3	1306	1307	1308	3	482	481	1846	3	1298	1564	1565	3	1298	1296	1564	3	1282	1283	1285	3	741	714	1602	3	655	668	679	3	924	925	926	3	1043	1045	1982	3	1381	1379	1382	3	1057	1707	1904	3	1567	615	1594	3	433	466	580	3	1445	1383	1446	3	1311	1307	1439	3	1153	1151	1932	3	1150	1196	1214	3	1046	1047	1883	3	892	894	906	3	1318	1317	1538	3	605	554	1802	3	432	433	580	3	1326	1535	1742	3	723	725	976	3	878	887	971	3	1564	1296	1973	3	481	452	1889	3	943	931	1719	3	1626	1627	1635	3	1106	1016	1252	3	1333	1331	1442	3	705	706	844	3	1339	1485	1486	3	1344	1406	1456	3	1126	1127	1128	3	1047	1586	1887	3	789	812	833	3	939	946	1963	3	918	917	919	3	1400	1333	1430	3	775	855	1693	3	1273	1173	1274	3	1314	1313	1315	3	1379	1378	1684	3	417	418	1860	3	1280	1276	1907	3	620	621	1865	3	1639	1612	1640	3	1648	1620	1649	3	1155	1153	1156	3	1089	1094	1942	3	1378	1056	1599	3	1414	1402	1416	3	551	603	1713	3	1422	1402	1443	3	656	658	668	3	776	856	1944	3	1050	1052	1053	3	626	1811	1857	3	1581	497	1851	3	1222	1221	1236	3	1309	1558	1733	3	1539	599	1833	3	1285	1286	1287	3	1054	1566	1584	3	1135	1678	1860	3	1646	1124	1711	3	755	1026	1209	3	468	430	638	3	1331	1330	1490	3	1077	1490	1491	3	1394	1364	1412	3	565	568	569	3	675	667	1797	3	1648	1615	1808	3	592	591	600	3	1067	1075	1076	3	1638	1636	1643	3	919	923	1005	3	723	724	725	3	1512	1511	1568	3	1025	1024	1113	3	926	927	930	3	1793	774	1969	3	514	494	1948	3	1515	1585	1605	3	426	427	575	3	1145	1227	1228	3	456	5	1710	3	641	603	981	3	1106	1107	1240	3	1348	1347	1856	3	670	667	675	3	1165	1164	1182	3	1308	1311	1313	3	448	449	465	3	1104	1280	1281	3	624	27	1718	3	1059	1063	1814	3	1552	1439	1774	3	1352	1351	1848	3	476	604	632	3	1494	1051	1898	3	603	580	1713	3	975	1242	1609	3	1041	1043	1982	3	1147	1143	1161	3	1138	1638	1891	3	1349	1348	1350	3	613	584	1985	3	907	908	910	3	1555	1409	1556	3	690	1217	1827	3	763	818	822	3	1792	471	1938	3	1163	1161	1164	3	1000	1188	1189	3	818	761	822	3	555	677	1885	3	638	431	1788	3	747	742	1890	3	1389	1388	1401	3	938	949	951	3	1778	588	1922	3	1285	1441	1853	3	1108	1016	1766	3	810	780	818	3	1391	1057	1708	3	1096	619	1866	3	652	654	658	3	1583	1394	1824	3	1735	1291	1785	3	1611	1256	1731	3	1243	627	1811	3	1307	1309	1435	3	748	750	752	3	1213	1150	1214	3	1183	1133	1638	3	1198	566	1208	3	621	625	626	3	573	585	586	3	1520	1521	1726	3	551	543	981	3	1023	1021	1024	3	1239	623	1954	3	1629	1622	1646	3	967	910	1692	3	475	458	1885	3	460	461	602	3	667	670	1876	3	869	871	873	3	1387	1544	1545	3	651	585	1003	3	1625	1629	1630	3	1053	1058	1059	3	910	911	1692	3	1171	1168	1850	3	909	901	913	3	923	921	924	3	1344	1456	1467	3	430	431	638	3	1361	1409	1410	3	455	456	579	3	1214	1215	1216	3	1440	1492	1493	3	1353	1352	1354	3	1093	1754	1902	3	433	434	466	3	1179	1269	1275	3	1061	1883	1887	3	1207	572	1964	3	1356	1404	1438	3	556	581	1730	3	544	551	609	3	662	663	1597	3	1438	1070	1751	3	441	473	605	3	440	441	605	3	889	890	1686	3	1154	1137	1263	3	804	982	1949	3	820	795	1819	3	631	605	1802	3	441	442	473	3	437	438	474	3	444	445	476	3	446	447	467	3	435	436	464	3	466	434	608	3	1257	666	1913	3	1159	1613	1614	3	1041	1042	1043	3	1003	479	1958	3	1350	1396	1433	3	1404	1355	1436	3	476	445	607	3	446	467	607	3	716	735	740	3	479	1003	1777	3	453	454	1960	3	450	463	610	3	1152	1160	1232	3	1709	1019	1780	3	1232	1197	1932	3	1133	1131	1891	3	991	566	1211	3	643	570	989	3	445	446	607	3	1406	1411	1485	3	435	464	608	3	675	665	1604	3	1107	1234	1979	3	1155	1156	1830	3	797	798	805	3	1236	623	1237	3	1384	1440	1493	3	1616	1613	1671	3	1445	1494	1812	3	549	550	553	3	912	944	958	3	1112	595	1921	3	554	550	578	3	549	553	576	3	1685	506	1737	3	1137	1205	1263	3	553	550	554	3	1300	1298	1302	3	1317	1313	1539	3	546	544	609	3	1393	1390	1684	3	1101	1691	1703	3	576	553	604	3	477	601	1822	3	448	465	646	3	505	590	1920	3	1678	1643	1859	3	1902	1754	1921	3	549	548	550	3	883	1007	1603	3	1092	1559	1592	3	1026	1184	1209	3	1300	1303	1304	3	1307	1435	1439	3	1395	1501	1824	3	1049	1050	1895	3	1474	1395	1824	3	1083	1088	1690	3	937	943	1719	3	1251	510	1946	3	548	546	552	3	1516	1455	1517	3	613	619	1867	3	1425	1424	1763	3	1475	1412	1953	3	1309	1305	1560	3	1211	1154	1263	3	1672	1671	1683	3	434	435	608	3	1644	1643	1678	3	989	570	1260	3	534	1671	1673	3	1267	1268	1271	3	547	548	549	3	1063	1064	1814	3	545	547	577	3	449	450	610	3	1225	1161	1227	3	515	514	518	3	579	1710	1730	3	896	903	1264	3	1266	1271	1272	3	1369	1408	1725	3	1404	1436	1437	3	1433	1460	1461	3	906	894	907	3	797	805	998	3	803	889	1686	3	496	499	500	3	878	885	887	3	1230	627	1243	3	1366	1394	1583	3	1781	1451	1858	3	1545	1581	1851	3	701	1827	1844	3	1758	1426	1911	3	1400	1430	1931	3	1107	1031	1254	3	619	1096	1901	3	439	440	631	3	858	797	1944	3	442	443	632	3	1161	1143	1200	3	544	543	551	3	1424	1467	1469	3	1633	1661	1669	3	604	473	632	3	1126	1123	1926	3	1372	1461	1478	3	1336	1400	1576	3	1113	1024	1184	3	547	546	548	3	1328	1327	1330	3	1614	1616	1617	3	1059	1069	1601	3	862	1261	1700	3	505	1251	1946	3	1094	1095	1942	3	1488	1329	1986	3	549	576	633	3	625	628	643	3	545	577	644	3	542	486	543	3	972	471	1792	3	426	575	962	3	1613	1639	1673	3	1341	1338	1917	3	1710	475	1730	3	523	944	1840	3	1371	1599	1600	3	545	546	547	3	1177	1179	1748	3	1508	1190	1577	3	656	668	707	3	1859	1120	1860	3	725	726	728	3	552	546	609	3	571	568	1696	3	697	702	851	3	489	490	494	3	757	848	1903	3	676	1231	1255	3	995	883	1603	3	1530	1758	1911	3	467	447	646	3	1179	1172	1265	3	719	734	1752	3	570	628	677	3	1034	1033	1035	3	1698	1325	1837	3	1455	1370	1726	3	1558	1309	1560	3	1284	1281	1448	3	641	493	1815	3	919	920	921	3	1443	1048	1582	3	1695	563	1984	3	1382	1386	1391	3	971	887	1877	3	1131	1133	1136	3	1030	588	1259	3	992	1211	1263	3	1005	978	1981	3	431	462	1788	3	876	963	1910	3	577	547	633	3	387	388	534	3	390	391	529	3	1376	1438	1751	3	1573	1103	1957	3	813	814	1799	3	647	642	1712	3	1095	1096	1102	3	1088	1089	1690	3	384	385	532	3	545	544	546	3	887	888	889	3	1036	1037	1038	3	1428	1372	1478	3	890	891	892	3	963	875	1910	3	578	550	645	3	1323	1084	1454	3	619	613	1985	3	622	1194	1235	3	516	640	641	3	1185	1019	1709	3	1293	1594	1764	3	1504	1420	1505	3	861	863	1261	3	1268	1267	1823	3	1342	1341	1343	3	565	564	568	3	1157	1197	1231	3	1621	1620	1622	3	738	1204	1918	3	1370	1520	1726	3	892	893	894	3	602	461	962	3	225	226	948	3	386	387	1674	3	381	382	535	3	1619	1617	1620	3	1233	935	1234	3	1586	1057	1904	3	790	787	791	3	1407	1423	1966	3	895	897	901	3	855	815	1693	3	1853	1097	1942	3	1767	1567	1789	3	440	605	631	3	1506	1507	1606	3	1624	1622	1625	3	1410	1554	1929	3	473	442	632	3	548	552	645	3	784	781	785	3	570	557	1933	3	786	785	787	3	931	961	1719	3	547	549	633	3	1181	1218	1237	3	998	776	1944	3	1176	1172	1849	3	478	589	1792	3	780	779	781	3	1604	665	1784	3	1841	752	1874	3	1803	1099	1858	3	505	589	590	3	1446	196	1839	3	379	380	538	3	754	730	861	3	1626	1625	1627	3	437	474	1006	3	464	436	1006	3	1562	1289	1789	3	483	484	486	3	975	492	1878	3	1038	1040	1945	3	380	381	611	3	1085	1314	1320	3	1737	1532	1970	3	1177	1276	1280	3	697	699	702	3	542	543	544	3	1290	1284	1574	3	778	771	779	3	944	523	958	3	723	720	724	3	1665	415	1880	3	557	570	677	3	1600	1601	1828	3	1219	1181	1237	3	660	661	683	3	1408	1503	1523	3	542	544	545	3	473	604	1728	3	1265	1229	1267	3	377	378	531	3	587	586	1704	3	543	486	1002	3	739	740	1602	3	938	939	1963	3	628	556	677	3	1155	1830	1926	3	735	736	740	3	1647	1648	1808	3	1428	1478	1930	3	378	379	629	3	1289	1767	1789	3	872	1108	1766	3	1224	1219	1238	3	1535	1326	1540	3	1288	1290	1579	3	1663	1637	1664	3	584	600	1951	3	1204	1149	1701	3	472	582	1795	3	568	606	1696	3	1176	1193	1194	3	1110	1187	1884	3	1574	1572	1855	3	1245	588	1593	3	1275	1274	1886	3	601	582	1951	3	674	1241	1598	3	1538	1539	1833	3	728	729	735	3	438	3	1820	3	3	439	1820	3	443	4	1821	3	4	444	1821	3	1517	1392	1518	3	1277	1571	1573	3	595	1112	1909	3	671	673	1587	3	725	728	1818	3	1432	1446	1581	3	376	377	630	3	911	909	912	3	1136	1139	1141	3	1484	1468	1485	3	857	775	1693	3	742	741	1602	3	649	524	651	3	1099	1781	1858	3	1015	1108	1702	3	1701	988	1918	3	1160	1152	1213	3	792	791	793	3	1497	1390	1498	3	702	703	705	3	1041	1060	1247	3	1632	1668	1669	3	604	553	1728	3	1869	1142	1870	3	805	806	813	3	1329	1442	1986	3	1193	1102	1194	3	374	375	536	3	1509	1515	1940	3	797	793	798	3	1694	563	1695	3	1425	1398	1856	3	1414	1416	1417	3	1634	1632	1934	3	375	376	634	3	510	1248	1817	3	1177	1176	1849	3	873	871	879	3	457	475	1710	3	1430	1333	1442	3	1292	1286	1594	3	387	534	1674	3	658	660	668	3	1046	1049	1895	3	1323	1324	1434	3	1238	1219	1239	3	1459	1396	1462	3	516	641	1815	3	1408	1366	1583	3	1599	1056	1600	3	447	448	646	3	550	548	645	3	483	486	541	3	912	913	917	3	493	641	981	3	1286	1288	1567	3	666	1753	1913	3	1866	619	1985	3	1300	1302	1303	3	1061	1045	1883	3	1214	1196	1215	3	1640	1651	1810	3	1124	1647	1976	3	47	48	1935	3	897	936	1888	3	1025	1113	1114	3	554	605	1728	3	1318	1538	1834	3	887	885	888	3	1827	1217	1844	3	1327	1326	1685	3	1417	1419	1420	3	1237	623	1239	3	382	383	1681	3	1181	1165	1182	3	1222	1182	1223	3	1611	1159	1715	3	1241	674	1587	3	701	704	1863	3	583	620	1952	3	1026	1113	1184	3	1281	1280	1907	3	1022	1029	1106	3	1527	1400	1528	3	383	384	1682	3	1769	482	1846	3	1345	1424	1425	3	1790	1421	1816	3	1626	1635	1645	3	1231	1256	1611	3	541	486	542	3	1324	1326	1327	3	1382	1385	1386	3	1112	1747	1909	3	1108	1018	1252	3	373	374	635	3	1267	1229	1823	3	1320	1321	1323	3	1354	1357	1407	3	484	487	1002	3	1332	1331	1333	3	1661	1632	1669	3	1034	1109	1233	3	754	749	756	3	1013	768	1874	3	372	373	636	3	1170	1717	1718	3	966	910	967	3	1354	1356	1357	3	1120	417	1860	3	1294	1292	1610	3	774	1210	1969	3	496	495	499	3	1259	588	1778	3	391	392	1654	3	1328	1330	1331	3	381	535	611	3	1170	1716	1717	3	1115	1027	1700	3	1335	1333	1336	3	1638	1133	1891	3	1138	1636	1638	3	670	637	1876	3	1490	1330	1491	3	1229	1716	1823	3	1330	1327	1698	3	814	942	1799	3	371	372	533	3	1226	1223	1738	3	1575	1065	1950	3	1411	1426	1762	3	1106	1029	1107	3	542	545	644	3	1172	1171	1850	3	1337	1336	1338	3	628	570	643	3	685	1214	1216	3	1357	1358	1360	3	538	380	611	3	1622	1641	1646	3	1705	1853	1942	3	573	569	585	3	1321	1320	1972	3	1167	1168	1171	3	1290	1735	1785	3	1601	1069	1828	3	1690	1689	1794	3	1040	1042	1945	3	663	664	1597	3	786	812	1004	3	889	888	890	3	1036	1035	1037	3	1386	1388	1389	3	1515	1580	1585	3	1176	1177	1193	3	1050	1049	1052	3	680	690	1826	3	1184	1024	1210	3	1825	1084	1924	3	1172	1180	1265	3	1218	1182	1222	3	621	620	625	3	949	938	1963	3	540	955	961	3	1598	669	1712	3	1080	1076	1082	3	981	543	1002	3	1511	1512	1688	3	1691	1294	1703	3	1651	1640	1652	3	924	921	925	3	1142	1228	1870	3	725	724	726	3	379	538	629	3	731	744	837	3	1248	1078	1817	3	226	227	945	3	370	371	639	3	1337	1429	1825	3	1536	1322	1537	3	1021	1019	1185	3	493	981	1002	3	830	752	1841	3	1187	1111	1884	3	516	517	640	3	721	719	1752	3	1411	1340	1426	3	752	750	759	3	727	684	845	3	1575	1407	1966	3	1251	505	1920	3	1360	1361	1363	3	609	1713	1939	3	927	929	940	3	1055	1517	1518	3	500	505	1947	3	1389	1401	1402	3	946	939	999	3	1016	1108	1252	3	673	1232	1587	3	1020	1106	1252	3	913	901	914	3	926	925	927	3	1023	1024	1025	3	1162	1221	1222	3	653	692	852	3	1234	1107	1254	3	973	919	1005	3	1168	1181	1968	3	1171	1172	1176	3	1680	1140	1868	3	385	386	1675	3	579	456	1710	3	581	579	1730	3	1008	892	1603	3	1883	1047	1887	3	531	378	629	3	1363	1364	1365	3	805	798	806	3	1521	1499	1726	3	1827	701	1863	3	1256	1257	1652	3	487	493	1002	3	1055	1518	1531	3	863	730	1739	3	1510	1514	1589	3	1189	1190	1607	3	369	370	537	3	659	654	669	3	384	532	1682	3	936	1240	1979	3	541	542	644	3	1365	1366	1368	3	1186	510	1251	3	877	878	1949	3	937	930	938	3	1067	1064	1075	3	1368	1369	1374	3	1118	1117	1119	3	961	955	1719	3	640	517	1788	3	516	515	517	3	861	730	863	3	569	568	571	3	930	927	940	3	1182	1164	1223	3	1295	1294	1296	3	580	466	1713	3	728	726	729	3	1374	1375	1378	3	1007	1008	1603	3	668	660	680	3	948	947	1191	3	938	930	939	3	1266	1265	1267	3	680	683	690	3	534	1673	1674	3	505	500	589	3	1193	1177	1280	3	683	661	685	3	702	699	703	3	540	954	955	3	978	900	1981	3	761	818	1937	3	1189	1188	1190	3	377	531	630	3	569	571	585	3	1017	1722	1779	3	1116	1115	1117	3	731	743	744	3	735	729	736	3	436	437	1006	3	1517	1055	1519	3	1491	1698	1837	3	535	382	1681	3	368	369	642	3	1204	1701	1918	3	199	1545	1851	3	1516	1517	1519	3	609	551	1713	3	653	691	692	3	712	684	727	3	1151	1153	1155	3	664	637	670	3	982	877	1949	3	1314	1085	1319	3	1644	1678	1679	3	1736	813	1799	3	1276	1278	1449	3	1449	1278	1750	3	976	725	1818	3	1627	1632	1634	3	1209	1184	1744	3	690	1216	1217	3	517	515	650	3	1125	1123	1126	3	1120	1859	1880	3	1199	1869	1870	3	529	391	1654	3	532	385	1675	3	875	964	1910	3	642	662	1712	3	1146	1143	1147	3	696	701	1844	3	517	638	1788	3	907	894	908	3	813	806	814	3	1160	1241	1587	3	487	489	493	3	995	1603	1977	3	1114	1027	1115	3	1378	1379	1381	3	940	941	1000	3	1324	1327	1328	3	1501	1502	1824	3	672	676	1255	3	1083	1082	1088	3	494	514	515	3	367	368	647	3	1130	1138	1891	3	1444	1311	1552	3	705	703	706	3	1673	1639	1852	3	1160	661	1241	3	1285	1287	1441	3	1848	1372	1965	3	789	833	854	3	723	976	1011	3	515	518	650	3	626	625	643	3	851	702	1588	3	1615	1648	1649	3	1509	1420	1511	3	388	389	1683	3	509	1462	1472	3	969	968	983	3	376	630	634	3	945	947	948	3	833	520	854	3	1475	1474	1824	3	605	473	1728	3	1029	1030	1031	3	502	1556	1727	3	1064	1067	1962	3	770	1013	1744	3	1181	1219	1968	3	1094	1088	1901	3	600	601	1951	3	504	1499	1521	3	1514	1044	1589	3	1590	1209	1744	3	1448	1276	1449	3	1022	1028	1029	3	1020	1022	1106	3	1795	477	1960	3	1515	1510	1580	3	1286	1567	1594	3	790	815	833	3	1421	1569	1816	3	554	578	1802	3	366	367	648	3	1015	1018	1108	3	394	395	1615	3	751	749	754	3	1381	1382	1391	3	1343	1345	1347	3	392	393	1618	3	1016	904	1766	3	1129	1198	1881	3	1299	1298	1300	3	560	558	563	3	534	388	1683	3	1308	1313	1314	3	1461	1066	1479	3	304	305	530	3	1181	1182	1218	3	1027	862	1700	3	521	867	964	3	1223	1164	1225	3	1654	1618	1687	3	563	602	1984	3	303	304	816	3	929	928	1203	3	302	303	763	3	1899	761	1937	3	536	375	634	3	1053	1052	1058	3	1031	1032	1033	3	232	233	931	3	792	858	1693	3	894	895	908	3	308	309	762	3	1433	1372	1848	3	393	394	1653	3	301	302	822	3	882	969	983	3	300	301	761	3	397	398	1124	3	309	310	821	3	305	306	827	3	1292	1594	1610	3	310	311	758	3	878	879	885	3	311	312	745	3	1707	1413	1904	3	307	308	826	3	1077	1491	1864	3	1347	1348	1349	3	1296	1294	1691	3	297	298	760	3	1643	1636	1664	3	228	229	949	3	306	307	796	3	312	313	823	3	1807	1749	1886	3	1090	1690	1794	3	231	232	943	3	313	314	824	3	365	366	525	3	314	315	746	3	1038	1039	1040	3	296	297	825	3	294	295	782	3	227	228	915	3	998	805	1736	3	295	296	831	3	292	293	789	3	1355	1428	1436	3	518	524	649	3	1089	1088	1094	3	293	294	832	3	1334	1530	1911	3	494	515	516	3	1190	1192	1577	3	323	324	732	3	364	365	652	3	229	230	951	3	325	326	714	3	315	316	828	3	321	322	731	3	362	363	656	3	363	364	657	3	324	325	741	3	322	323	835	3	327	328	716	3	326	327	739	3	1801	503	1817	3	319	320	753	3	320	321	837	3	1065	1843	1950	3	1175	1274	1872	3	856	773	1944	3	361	362	707	3	328	329	836	3	329	330	715	3	335	336	838	3	500	499	511	3	233	234	961	3	925	921	1591	3	1713	466	1939	3	316	317	834	3	291	292	854	3	819	809	1838	3	330	331	842	3	336	337	711	3	351	352	708	3	341	342	684	3	239	240	898	3	331	332	717	3	340	341	840	3	318	319	848	3	337	338	839	3	334	335	847	3	339	340	688	3	353	354	681	3	1349	1350	1351	3	338	339	709	3	342	343	845	3	332	333	841	3	350	351	849	3	317	318	528	3	1441	1097	1853	3	230	231	916	3	343	344	687	3	288	289	775	3	290	291	520	3	1514	1510	1515	3	352	353	693	3	333	334	527	3	1513	1060	1982	3	344	345	843	3	1641	1620	1648	3	360	361	655	3	289	290	855	3	286	287	773	3	345	346	686	3	346	347	846	3	354	355	853	3	287	288	857	3	238	239	950	3	521	866	867	3	347	348	689	3	519	975	1609	3	348	349	850	3	1702	872	1975	3	349	350	526	3	829	830	1841	3	237	238	899	3	359	360	678	3	572	1198	1208	3	285	286	856	3	1671	1613	1673	3	284	285	776	3	355	356	682	3	140	141	509	3	1716	1169	1823	3	358	359	859	3	1201	1677	1680	3	356	357	852	3	173	174	501	3	1059	1058	1063	3	243	244	922	3	1843	1427	1950	3	1626	1645	1974	3	283	284	860	3	672	670	675	3	486	484	1002	3	500	511	589	3	236	237	952	3	357	358	653	3	282	283	772	3	762	811	1262	3	736	756	1890	3	1199	1868	1869	3	398	399	1711	3	416	417	1120	3	1287	1292	1294	3	235	236	956	3	277	278	807	3	1081	1537	1771	3	1636	1663	1664	3	1450	1571	1572	3	1636	1642	1663	3	1440	1390	1497	3	160	161	502	3	1218	1222	1236	3	278	279	959	3	185	186	504	3	234	235	540	3	374	536	635	3	129	130	508	3	1301	1689	1919	3	892	906	1603	3	1813	1575	1966	3	756	747	1890	3	1600	1053	1601	3	918	973	1981	3	506	1685	1742	3	1351	1352	1353	3	1232	1160	1587	3	509	1459	1462	3	867	869	1910	3	272	273	875	3	139	140	1472	3	796	820	827	3	744	748	1903	3	1616	1671	1672	3	1067	1843	1962	3	281	282	974	3	811	762	821	3	606	470	1696	3	877	873	878	3	43	44	618	3	502	1555	1556	3	749	747	756	3	240	241	978	3	1605	1062	1608	3	141	142	1465	3	279	280	960	3	266	267	799	3	252	253	880	3	1308	1314	1319	3	150	151	594	3	172	173	1501	3	117	118	507	3	1504	1061	1887	3	54	55	617	3	1247	1060	1714	3	504	1498	1499	3	159	160	1727	3	128	129	1729	3	1664	1665	1859	3	184	185	1521	3	1353	1354	1407	3	174	175	1524	3	242	243	977	3	752	759	1874	3	105	106	506	3	492	1948	1967	3	919	917	920	3	1452	1451	1592	3	399	400	1631	3	1677	1679	1680	3	1284	1450	1574	3	1147	1161	1163	3	130	131	1466	3	209	210	498	3	1460	1066	1461	3	574	1778	1922	3	692	1827	1863	3	401	402	1623	3	149	150	1476	3	197	198	497	3	151	152	1734	3	35	36	616	3	1042	1040	1074	3	161	162	1721	3	116	117	1500	3	400	401	1657	3	186	187	1723	3	1679	1135	1798	3	280	281	777	3	999	1000	1189	3	765	823	824	3	953	924	954	3	118	119	1529	3	162	163	1482	3	267	268	970	3	62	63	615	3	664	674	1597	3	1426	1340	1576	3	439	631	1820	3	132	133	1470	3	632	443	1821	3	1456	1406	1468	3	764	767	811	3	104	105	1741	3	582	601	1795	3	187	188	1496	3	133	134	1073	3	685	661	1160	3	144	145	1743	3	143	144	1457	3	208	209	1549	3	390	529	1894	3	1111	1212	1884	3	94	95	599	3	1046	1043	1078	3	253	254	968	3	265	266	980	3	710	718	733	3	145	146	1066	3	1274	1173	1872	3	1699	498	1790	3	127	128	1484	3	251	252	965	3	701	694	704	3	858	857	1693	3	164	165	1483	3	142	143	1397	3	1196	1149	1204	3	936	934	1888	3	261	262	993	3	183	184	1520	3	170	171	1474	3	155	156	1070	3	136	137	1072	3	146	147	1479	3	165	166	1756	3	122	123	1758	3	676	675	1604	3	169	170	1362	3	123	124	1068	3	131	132	1346	3	138	139	1399	3	137	138	1471	3	156	157	1481	3	86	87	598	3	158	159	1377	3	157	158	1480	3	115	116	1495	3	152	153	1405	3	148	149	1373	3	111	112	1077	3	147	148	1477	3	268	269	804	3	119	120	1526	3	271	272	963	3	163	164	1359	3	178	179	1531	3	190	191	1761	3	179	180	1055	3	241	242	900	3	168	169	1473	3	189	190	1492	3	121	122	1530	3	553	554	1728	3	177	178	1525	3	373	635	636	3	124	125	1487	3	191	192	1051	3	175	176	1522	3	1579	1290	1785	3	107	108	1532	3	276	277	864	3	1417	1420	1504	3	180	181	1519	3	112	113	1489	3	753	837	1903	3	166	167	1054	3	188	189	1380	3	126	127	1339	3	892	891	893	3	106	107	1737	3	171	172	1395	3	125	126	1486	3	99	100	1081	3	207	208	1546	3	181	182	1516	3	702	705	1588	3	182	183	1370	3	176	177	1367	3	113	114	1488	3	1139	1183	1201	3	114	115	1329	3	103	104	1542	3	683	685	1216	3	98	99	1771	3	69	70	1765	3	402	403	1656	3	194	195	1383	3	1322	1540	1972	3	78	79	597	3	120	121	1334	3	61	62	1767	3	1544	1453	1545	3	89	90	1774	3	264	265	802	3	85	86	1775	3	626	643	989	3	903	905	1264	3	954	924	955	3	797	998	1944	3	685	1213	1214	3	100	101	1541	3	167	168	1757	3	108	109	1325	3	254	255	983	3	1269	1266	1273	3	88	89	1087	3	664	671	674	3	1180	1168	1968	3	70	71	596	3	269	270	982	3	250	251	984	3	1192	1110	1714	3	1681	383	1682	3	1241	661	1915	3	876	873	877	3	1326	1321	1540	3	940	929	941	3	77	78	1781	3	1645	1130	1745	3	101	102	1533	3	200	201	1387	3	201	202	1543	3	1276	1177	1748	3	53	54	1855	3	1664	1637	1665	3	90	91	1086	3	42	43	1773	3	1082	1076	1754	3	743	731	835	3	102	103	1316	3	679	668	680	3	911	958	1978	3	206	207	1403	3	1183	1644	1677	3	945	946	947	3	1278	1748	1749	3	711	733	1011	3	620	584	1952	3	87	88	1759	3	81	82	1786	3	1045	1513	1982	3	97	98	1318	3	942	807	959	3	890	888	891	3	91	92	1551	3	794	765	1806	3	1081	1536	1537	3	528	830	834	3	80	81	1092	3	748	757	1903	3	1295	1296	1298	3	568	564	606	3	1538	1317	1539	3	270	271	800	3	1439	1435	1720	3	1606	1605	1608	3	92	93	1312	3	511	499	512	3	255	256	882	3	407	408	1666	3	134	135	1783	3	708	695	849	3	878	971	1949	3	273	274	964	3	408	409	1628	3	263	264	979	3	812	790	833	3	766	765	794	3	695	696	697	3	733	711	839	3	684	712	840	3	1432	1445	1446	3	82	83	1091	3	1163	1164	1165	3	533	372	636	3	93	94	1831	3	249	250	881	3	84	85	1310	3	682	704	853	3	83	84	1557	3	894	893	895	3	205	206	1550	3	936	897	1264	3	511	512	972	3	474	438	1820	3	444	476	1821	3	79	80	1776	3	154	155	1787	3	612	535	1651	3	697	698	699	3	202	203	1553	3	210	211	1790	3	406	407	1633	3	76	77	1099	3	244	245	957	3	907	966	1923	3	871	872	994	3	869	876	1910	3	1342	1343	1706	3	1391	1386	1707	3	1535	1316	1542	3	65	66	1561	3	1663	1121	1836	3	75	76	1803	3	1435	1309	1732	3	862	861	1261	3	598	1732	1775	3	298	299	1770	3	57	58	1800	3	71	72	1563	3	1443	1401	1544	3	73	74	1805	3	691	653	859	3	884	958	1010	3	275	276	1001	3	1804	1803	1858	3	262	263	803	3	575	1695	1984	3	68	69	1101	3	409	410	1659	3	256	257	995	3	466	608	1939	3	44	45	1807	3	671	670	672	3	1219	1237	1239	3	66	67	1100	3	1413	1402	1414	3	758	764	811	3	48	49	1103	3	1306	1308	1319	3	260	261	1009	3	764	766	767	3	1685	1737	1970	3	1208	566	1943	3	204	205	1809	3	74	75	1098	3	248	249	997	3	1294	1610	1703	3	58	59	1105	3	1095	1094	1096	3	203	204	1048	3	764	745	765	3	1063	1058	1746	3	386	1674	1675	3	1166	1165	1167	3	672	675	676	3	829	828	830	3	706	722	734	3	696	694	701	3	732	742	743	3	709	710	733	3	767	768	769	3	693	694	695	3	710	688	712	3	678	679	691	3	817	530	820	3	34	35	1270	3	694	681	704	3	1141	1143	1146	3	710	713	718	3	1060	1041	1982	3	952	953	954	3	1338	1341	1342	3	1655	1654	1687	3	695	697	1832	3	72	73	1297	3	718	719	720	3	865	807	942	3	1579	1562	1789	3	769	770	771	3	26	27	624	3	758	811	821	3	964	867	1910	3	213	214	1415	3	257	258	883	3	59	60	1562	3	64	65	1293	3	1651	535	1681	3	56	57	1291	3	709	733	839	3	1156	1158	1896	3	212	213	1569	3	1614	1617	1619	3	135	136	1829	3	712	688	840	3	1119	1123	1125	3	21	22	623	3	60	61	1289	3	693	695	708	3	732	743	835	3	600	591	601	3	211	212	1421	3	410	411	1670	3	1371	1600	1828	3	403	404	1658	3	1064	1063	1112	3	1619	1620	1621	3	247	248	884	3	704	681	853	3	958	523	1010	3	1503	1408	1583	3	371	533	639	3	193	194	1812	3	678	691	859	3	1621	1622	1624	3	562	989	1260	3	470	606	1695	3	952	954	956	3	765	745	823	3	830	828	834	3	511	972	1792	3	820	530	827	3	420	421	1798	3	1400	1527	1576	3	1287	1294	1295	3	954	540	956	3	986	721	987	3	879	871	994	3	912	909	913	3	837	744	1903	3	1503	501	1524	3	63	64	1764	3	153	154	1835	3	480	651	1003	3	1104	1282	1705	3	556	1730	1885	3	888	885	902	3	274	275	521	3	214	215	1568	3	395	396	1808	3	258	259	1007	3	1246	1740	1801	3	1548	498	1699	3	1102	1096	1235	3	585	571	1003	3	1748	1275	1749	3	52	53	1854	3	1584	1566	1772	3	405	406	1842	3	1617	1655	1687	3	887	889	1877	3	1411	1406	1917	3	1038	1037	1039	3	226	945	948	3	969	882	1977	3	246	247	1010	3	413	414	1637	3	41	42	1175	3	698	1844	1845	3	917	913	932	3	67	68	1791	3	1129	1154	1198	3	1229	1224	1717	3	36	37	1782	3	411	412	1121	3	1343	1347	1706	3	608	552	1939	3	37	38	1174	3	1632	1661	1934	3	829	794	1806	3	1463	1072	1471	3	539	1195	1906	3	1311	1439	1552	3	259	260	522	3	1624	1625	1626	3	1399	1463	1471	3	719	713	734	3	518	649	650	3	574	1206	1207	3	1532	1325	1970	3	1615	1649	1653	3	1088	1093	1901	3	987	721	1752	3	215	216	1512	3	1649	1618	1653	3	25	26	1862	3	1375	1393	1684	3	631	474	1820	3	1325	109	1837	3	476	632	1821	3	245	246	523	3	1122	1151	1925	3	537	370	639	3	20	21	1873	3	814	806	874	3	1513	1508	1577	3	1534	1316	1535	3	1830	1127	1926	3	480	649	651	3	38	39	1875	3	611	535	612	3	1051	1493	1761	3	1224	1180	1968	3	1224	1238	1717	3	1493	1492	1761	3	219	220	1510	3	1699	1790	1816	3	629	538	666	3	1574	617	1735	3	1464	1425	1763	3	1459	509	1465	3	55	56	1905	3	1502	501	1503	3	1049	1046	1248	3	1000	941	1188	3	942	959	960	3	404	405	567	3	1148	1243	1244	3	1180	1229	1265	3	196	197	1839	3	1313	1444	1539	3	1374	1378	1599	3	867	868	869	3	805	813	1736	3	1638	1643	1644	3	1473	1566	1757	3	389	390	1894	3	756	736	996	3	1555	502	1721	3	222	223	1062	3	1566	1054	1757	3	1388	1432	1581	3	744	747	748	3	680	660	683	3	539	1202	1704	3	1414	1418	1904	3	1498	504	1723	3	1110	1247	1714	3	1868	1140	1869	3	1509	1511	1688	3	682	852	1863	3	412	413	1836	3	1385	1431	1445	3	965	966	967	3	1018	1017	1019	3	1301	1300	1304	3	30	31	1892	3	698	696	1844	3	587	1259	1778	3	748	749	750	3	1018	1020	1252	3	942	960	1799	3	221	222	1585	3	526	849	1832	3	927	928	929	3	630	531	665	3	788	1709	1780	3	1020	1019	1021	3	50	51	1882	3	474	631	1802	3	658	654	659	3	869	870	871	3	1126	1128	1129	3	1104	1193	1280	3	1205	992	1263	3	1043	1042	1246	3	1022	1021	1023	3	1098	1803	1804	3	192	193	1898	3	1662	1121	1663	3	1482	1555	1721	3	650	649	1987	3	1234	936	1979	3	198	199	1851	3	45	46	1279	3	778	810	1819	3	1432	1385	1445	3	299	300	1899	3	415	416	1880	3	706	703	722	3	774	770	1744	3	1429	1079	1825	3	1397	1459	1465	3	392	1618	1654	3	1496	1498	1723	3	658	659	660	3	220	221	1580	3	852	692	1863	3	369	537	642	3	991	562	1871	3	1489	1488	1986	3	51	52	1277	3	1273	1174	1875	3	492	975	1948	3	1328	1331	1332	3	1528	507	1529	3	1508	1506	1606	3	29	30	1170	3	421	422	1134	3	1015	801	1017	3	734	722	1752	3	1404	1437	1438	3	1079	1429	1447	3	690	683	1216	3	216	217	1578	3	33	34	1268	3	921	920	1591	3	1116	1118	1245	3	673	672	1255	3	1026	1027	1113	3	31	32	1169	3	598	1720	1732	3	1253	1144	1738	3	1732	1733	1775	3	218	219	1589	3	39	40	1173	3	1332	1333	1335	3	1398	1348	1856	3	1114	1115	1116	3	1871	561	1943	3	1118	1119	1206	3	1066	1460	1743	3	1116	1117	1118	3	819	1899	1937	3	1200	1199	1870	3	881	967	1692	3	19	20	1258	3	1460	1457	1743	3	1335	1336	1337	3	1550	1582	1809	3	536	634	667	3	1526	1528	1529	3	1073	1469	1470	3	1202	539	1906	3	903	886	904	3	806	798	1014	3	965	967	984	3	898	978	1005	3	23	24	1955	3	1652	1640	1731	3	1390	1379	1684	3	755	862	1026	3	1469	1346	1470	3	40	41	1872	3	773	858	1944	3	864	865	866	3	1029	1028	1030	3	1337	1338	1429	3	905	904	1016	3	751	754	755	3	913	914	932	3	798	793	801	3	729	726	730	3	703	699	737	3	1201	1183	1677	3	419	420	1135	3	1242	1039	1609	3	48	1103	1935	3	1058	1052	1186	3	529	1654	1655	3	781	779	783	3	1678	1859	1860	3	1017	1779	1780	3	787	785	788	3	1582	1048	1809	3	493	489	1815	3	1148	1230	1243	3	692	1826	1827	3	724	720	985	3	941	1187	1188	3	1482	1554	1555	3	1397	1458	1459	3	1682	532	1810	3	939	930	940	3	1046	1078	1248	3	1031	1030	1032	3	1199	1139	1201	3	885	886	902	3	1458	1457	1460	3	1496	1497	1498	3	1225	1227	1253	3	885	879	886	3	24	25	1220	3	867	866	868	3	1040	1039	1242	3	368	642	647	3	1266	1272	1273	3	1338	1342	1429	3	227	915	945	3	1134	1679	1798	3	1467	1346	1469	3	878	873	879	3	967	881	984	3	507	1528	1931	3	6	7	1142	3	1557	1310	1733	3	599	95	1833	3	1033	1032	1202	3	595	1902	1921	3	1683	389	1894	3	1468	1406	1485	3	970	804	1949	3	22	23	1954	3	904	886	994	3	1331	1490	1986	3	1522	1503	1524	3	1526	1527	1528	3	1536	1081	1541	3	926	937	1719	3	636	635	637	3	1618	1649	1687	3	560	563	1694	3	891	888	902	3	95	96	1833	3	895	896	897	3	1159	1614	1650	3	1867	619	1902	3	1502	1503	1583	3	49	50	1957	3	697	851	1832	3	1571	1449	1573	3	1401	1453	1544	3	1143	1199	1200	3	32	33	1893	3	1716	1170	1892	3	1219	1224	1968	3	1533	1536	1541	3	1677	1644	1679	3	664	670	671	3	217	218	1044	3	920	917	932	3	18	19	1221	3	1763	1073	1783	3	1169	1716	1892	3	498	1548	1549	3	1545	1453	1581	3	1017	801	1722	3	895	893	896	3	864	866	1001	3	1350	1433	1848	3	552	609	1939	3	744	743	747	3	968	969	1923	3	1074	1040	1242	3	902	886	903	3	424	425	1140	3	1180	1224	1229	3	1829	1072	1861	3	1423	1828	1966	3	46	47	1936	3	1584	1483	1756	3	1559	1452	1592	3	955	926	1719	3	1361	1410	1596	3	396	397	1976	3	1054	1584	1756	3	1455	1392	1517	3	1078	1043	1246	3	1037	1035	1195	3	764	765	766	3	1534	1535	1540	3	599	1539	1724	3	1527	1334	1911	3	1660	1642	1934	3	671	672	673	3	1076	1075	1754	3	697	696	698	3	685	1160	1213	3	695	694	696	3	1450	1448	1571	3	699	698	700	3	96	97	1834	3	927	925	928	3	710	712	713	3	1261	988	1700	3	1859	1665	1880	3	933	934	935	3	532	1675	1852	3	367	647	648	3	767	766	768	3	817	820	1819	3	1548	1546	1549	3	736	729	996	3	704	682	1863	3	986	987	988	3	769	768	770	3	718	713	719	3	660	659	661	3	720	719	721	3	771	770	774	3	1647	1641	1648	3	903	904	905	3	1565	1098	1804	3	1533	1534	1536	3	692	691	1826	3	1324	1328	1434	3	1558	1557	1733	3	794	829	1841	3	1157	1231	1611	3	612	1651	1652	3	1436	1428	1930	3	1119	1125	1206	3	1085	1454	1912	3	871	870	872	3	1015	1017	1018	3	849	695	1832	3	869	868	870	3	986	988	1261	3	1303	1451	1452	3	1640	1612	1731	3	1315	1322	1972	3	905	1016	1240	3	928	925	1591	3	1018	1019	1020	3	748	747	749	3	109	110	1837	3	1503	1522	1523	3	1340	1411	1917	3	750	749	751	3	1020	1021	1022	3	1022	1023	1028	3	880	968	1923	3	639	533	663	3	1026	862	1027	3	14	15	1226	3	1705	1282	1853	3	765	824	1806	3	1113	1027	1114	3	1034	1233	1254	3	972	512	1846	3	1019	1017	1780	3	700	698	1845	3	225	948	1191	3	1206	1125	1207	3	1709	783	1969	3	1621	1624	1667	3	1345	1425	1856	3	591	478	1822	3	933	914	934	3	1689	1097	1919	3	1272	1174	1273	3	1233	1234	1254	3	1559	1092	1786	3	394	1615	1653	3	1389	1402	1413	3	304	530	816	3	1618	393	1653	3	1592	597	1776	3	1091	1559	1786	3	1445	1431	1494	3	988	987	1918	3	763	303	816	3	1535	1542	1741	3	874	806	1014	3	1696	1697	1777	3	302	763	822	3	897	896	1264	3	525	366	648	3	866	521	1001	3	973	1005	1981	3	530	305	827	3	1179	1266	1269	3	762	309	821	3	761	301	822	3	1075	1064	1112	3	1569	1570	1816	3	499	495	1768	3	947	946	999	3	308	762	826	3	1299	1300	1301	3	310	758	821	3	1092	1592	1776	3	944	918	1840	3	1427	1071	1928	3	906	969	1977	3	311	745	758	3	232	931	943	3	1141	1146	1205	3	669	1598	1915	3	1732	1309	1733	3	1295	1298	1299	3	110	111	1864	3	1195	539	1916	3	306	796	827	3	627	1249	1250	3	945	915	946	3	745	312	823	3	796	307	826	3	1088	1082	1093	3	1217	1215	1845	3	1399	1472	1980	3	931	233	961	3	12	13	1144	3	1547	1546	1548	3	472	1795	1960	3	994	872	1766	3	1614	1619	1650	3	823	313	824	3	564	560	1694	3	297	760	825	3	1101	1703	1791	3	1360	1363	1423	3	1231	1197	1255	3	915	228	949	3	874	1014	1702	3	1703	1100	1791	3	314	746	824	3	949	229	951	3	462	640	1788	3	296	825	831	3	365	525	652	3	782	295	831	3	1628	1661	1666	3	642	537	662	3	294	782	832	3	746	315	828	3	1365	1368	1371	3	789	293	832	3	1353	1407	1575	3	1412	1364	1596	3	364	652	657	3	656	363	657	3	512	499	1768	3	494	516	1815	3	1661	1633	1666	3	732	324	741	3	932	914	933	3	325	714	741	3	323	732	835	3	1539	1444	1724	3	714	326	739	3	916	231	943	3	292	789	854	3	731	322	835	3	1269	1273	1274	3	1083	1595	1847	3	327	716	739	3	321	731	837	3	362	656	707	3	810	817	1819	3	1349	1351	1427	3	828	316	834	3	753	320	837	3	1813	1059	1814	3	716	328	836	3	1112	1063	1747	3	1124	398	1711	3	329	715	836	3	1176	1194	1897	3	319	753	848	3	715	330	842	3	336	711	838	3	230	916	951	3	770	768	1013	3	335	838	847	3	1098	1565	1805	3	331	717	842	3	711	337	839	3	341	684	840	3	863	986	1261	3	1091	1558	1559	3	684	342	845	3	655	361	707	3	688	340	840	3	755	754	861	3	317	528	834	3	351	708	849	3	338	709	839	3	352	693	708	3	339	688	709	3	520	291	854	3	717	332	841	3	528	318	848	3	353	681	693	3	527	334	847	3	343	687	845	3	1257	676	1604	3	333	527	841	3	681	354	853	3	687	344	843	3	239	898	950	3	915	949	1963	3	775	289	855	3	290	520	855	3	1565	1297	1805	3	1111	929	1203	3	345	686	843	3	1473	1362	1953	3	288	775	857	3	526	350	849	3	1733	1310	1775	3	686	346	846	3	360	655	678	3	773	287	857	3	347	689	846	3	689	348	850	3	349	526	850	3	355	682	853	3	729	730	996	3	286	773	856	3	1633	1669	1842	3	899	238	950	3	1328	1332	1434	3	1132	1830	1896	3	1068	1487	1762	3	359	678	859	3	776	285	856	3	1325	1698	1970	3	958	884	1978	3	682	356	852	3	1206	574	1922	3	1576	1527	1911	3	1093	1082	1754	3	1044	1514	1688	3	234	540	961	3	1199	1201	1868	3	237	899	952	3	284	776	860	3	538	611	1753	3	1083	1847	1912	3	653	358	859	3	357	653	852	3	596	1691	1765	3	1746	593	1747	3	1414	1417	1418	3	772	283	860	3	760	298	1770	3	1167	1171	1178	3	1056	1708	1959	3	1627	1634	1635	3	1472	1462	1980	3	1090	1595	1690	3	236	952	956	3	1186	1251	1746	3	1406	1341	1917	3	1535	1741	1742	3	722	737	1012	3	606	1694	1695	3	1615	395	1808	3	898	240	978	3	1071	1427	1843	3	851	526	1832	3	807	278	959	3	602	962	1984	3	540	235	956	3	140	509	1472	3	509	141	1465	3	1448	1449	1571	3	1194	622	1900	3	1352	1848	1965	3	722	703	737	3	1090	1306	1595	3	173	501	1501	3	282	772	974	3	501	174	1524	3	1554	1409	1555	3	1595	1083	1690	3	1740	513	1801	3	1188	1187	1192	3	243	922	977	3	870	868	1760	3	959	279	960	3	1422	1443	1582	3	1691	1101	1765	3	160	502	1727	3	502	161	1721	3	300	761	1899	3	129	508	1729	3	1948	490	1967	3	185	504	1521	3	504	186	1723	3	1408	1523	1725	3	399	1631	1711	3	508	130	1466	3	1394	1475	1824	3	726	724	1739	3	1146	1147	1148	3	742	1602	1890	3	759	750	1590	3	519	1609	1916	3	992	1244	1956	3	1662	1659	1670	3	1451	1302	1858	3	595	1867	1902	3	1287	1295	1441	3	1469	1073	1763	3	1166	1167	1249	3	1012	738	1918	3	717	841	1818	3	1610	1100	1703	3	1131	1136	1137	3	531	629	1784	3	1564	1297	1565	3	1023	1025	1593	3	816	530	817	3	962	575	1984	3	1210	1185	1969	3	150	594	1476	3	594	151	1734	3	1709	788	1796	3	777	281	974	3	596	1563	1973	3	826	762	1262	3	1172	1179	1849	3	507	118	1529	3	117	507	1500	3	1272	616	1782	3	280	777	960	3	1132	1667	1974	3	758	745	764	3	1628	1660	1661	3	277	807	864	3	799	267	970	3	1586	1047	1755	3	1063	1746	1747	3	755	861	862	3	589	511	1792	3	162	1482	1721	3	1251	593	1746	3	397	1124	1976	3	142	1397	1465	3	939	940	1000	3	1269	1274	1275	3	1631	400	1657	3	1708	1057	1755	3	652	525	654	3	1105	1579	1785	3	1586	1418	1887	3	1163	1165	1166	3	266	799	980	3	880	253	968	3	401	1623	1657	3	187	1496	1723	3	1668	567	1669	3	1042	1074	1740	3	1399	139	1472	3	105	506	1741	3	252	880	965	3	746	828	829	3	1180	1172	1850	3	272	875	963	3	832	782	1004	3	506	106	1737	3	209	498	1549	3	1689	1301	1794	3	971	970	1949	3	754	756	996	3	1484	128	1729	3	1377	159	1727	3	241	900	978	3	619	1901	1902	3	732	741	742	3	606	564	1694	3	1072	1463	1861	3	1520	184	1521	3	739	716	740	3	131	1346	1466	3	1669	567	1842	3	1179	1177	1849	3	1121	1662	1670	3	175	1522	1524	3	1720	598	1759	3	1395	172	1501	3	1097	1441	1919	3	693	681	694	3	838	711	1011	3	941	929	1111	3	1696	470	1697	3	900	242	977	3	527	847	976	3	709	688	710	3	678	655	679	3	133	1073	1470	3	687	843	844	3	737	700	738	3	773	857	858	3	1032	1030	1259	3	1373	149	1476	3	152	1405	1734	3	846	689	1588	3	850	526	851	3	1901	1093	1902	3	814	874	1760	3	119	1526	1529	3	163	1359	1482	3	145	1066	1743	3	1457	144	1743	3	884	997	1978	3	952	899	953	3	1397	143	1457	3	1495	116	1500	3	972	1846	1889	3	268	804	970	3	43	618	1773	3	1066	146	1479	3	1346	132	1470	3	1087	1720	1759	3	860	776	998	3	54	617	1855	3	975	519	1983	3	1463	1399	1980	3	922	244	957	3	188	1380	1496	3	815	792	1693	3	1623	402	1656	3	1072	137	1471	3	1070	156	1481	3	147	1477	1479	3	138	1399	1471	3	740	736	1602	3	1359	164	1483	3	1362	170	1474	3	1483	165	1756	3	157	1480	1481	3	1050	1708	1755	3	62	615	1767	3	158	1377	1480	3	107	1532	1737	3	123	1068	1758	3	148	1373	1477	3	169	1362	1473	3	1660	1659	1662	3	1645	1132	1974	3	1068	124	1487	3	1667	1132	1896	3	1339	127	1484	3	1826	690	1827	3	1490	1489	1986	3	1546	208	1549	3	1077	112	1489	3	489	494	1815	3	793	791	1722	3	1073	134	1783	3	179	1055	1531	3	1542	104	1741	3	875	273	964	3	166	1054	1756	3	171	1395	1474	3	947	999	1189	3	1370	183	1520	3	1055	180	1519	3	1530	122	1758	3	191	1051	1761	3	974	772	1736	3	1159	1650	1715	3	125	1486	1487	3	1492	190	1761	3	1525	178	1531	3	634	630	1797	3	802	265	980	3	1380	189	1492	3	1282	1285	1853	3	126	1339	1486	3	168	1473	1757	3	176	1367	1522	3	968	254	983	3	1329	115	1495	3	113	1488	1489	3	120	1334	1526	3	181	1516	1519	3	699	700	737	3	627	1250	1857	3	1218	1236	1237	3	1058	1186	1746	3	1157	1611	1715	3	182	1370	1516	3	1367	177	1525	3	571	1696	1777	3	1054	167	1757	3	1057	1586	1755	3	598	87	1759	3	155	1070	1787	3	86	598	1775	3	114	1329	1488	3	251	965	984	3	498	210	1790	3	985	721	986	3	1770	299	1899	3	886	879	994	3	1334	121	1530	3	108	1325	1532	3	1168	1180	1850	3	1089	1689	1690	3	1081	100	1541	3	99	1081	1771	3	94	599	1831	3	1642	1660	1662	3	804	269	982	3	799	970	971	3	659	669	1915	3	1228	1200	1870	3	618	44	1807	3	70	596	1765	3	1014	801	1015	3	88	1087	1759	3	136	1072	1829	3	1256	1652	1731	3	1087	89	1774	3	615	63	1764	3	965	880	966	3	101	1533	1541	3	946	915	1963	3	78	597	1781	3	941	1111	1187	3	1403	207	1546	3	722	1012	1752	3	1316	103	1542	3	800	271	963	3	1566	1473	1953	3	1405	153	1835	3	90	1086	1774	3	1540	1321	1972	3	597	79	1776	3	1132	1645	1745	3	1810	532	1852	3	1697	479	1777	3	1597	674	1598	3	599	1724	1831	3	1318	98	1771	3	197	497	1839	3	960	777	1799	3	102	1316	1533	3	616	36	1782	3	1151	1155	1925	3	1387	201	1543	3	966	880	1923	3	1577	1192	1714	3	1602	736	1890	3	1086	91	1551	3	1453	1388	1581	3	1783	135	1829	3	35	616	1270	3	596	71	1563	3	194	1383	1812	3	993	803	1686	3	264	802	979	3	255	882	983	3	270	800	982	3	720	721	985	3	416	1120	1880	3	1310	85	1775	3	497	198	1851	3	262	803	993	3	783	1709	1796	3	154	1787	1835	3	80	1092	1776	3	1830	1156	1896	3	864	807	865	3	92	1312	1551	3	617	55	1905	3	1092	81	1786	3	798	801	1014	3	779	771	1793	3	1312	93	1831	3	881	250	984	3	276	864	1001	3	802	980	1877	3	261	993	1009	3	1125	1126	1881	3	1099	77	1781	3	206	1403	1550	3	785	781	1796	3	82	1091	1786	3	1101	69	1765	3	1174	1272	1782	3	1543	202	1553	3	1642	1634	1934	3	408	1628	1666	3	1559	1558	1560	3	997	881	1692	3	1724	1312	1831	3	791	787	1779	3	1878	492	1879	3	1147	1163	1230	3	512	1769	1846	3	1051	192	1898	3	746	829	1806	3	1091	83	1557	3	1534	1322	1536	3	1700	988	1701	3	84	1310	1557	3	901	897	1888	3	1105	1785	1800	3	565	1208	1943	3	1633	407	1666	3	1657	1623	1676	3	1567	1288	1789	3	1515	1605	1940	3	932	933	1908	3	1069	1813	1966	3	16	17	1162	3	1501	501	1502	3	1785	1291	1800	3	76	1099	1803	3	1007	522	1008	3	1289	61	1767	3	1033	1202	1906	3	1628	409	1659	3	803	263	979	3	882	256	995	3	1808	396	1976	3	111	1077	1864	3	1060	1513	1577	3	205	1550	1809	3	1768	485	1769	3	1656	403	1658	3	1506	1508	1513	3	1306	1319	1595	3	1397	1457	1458	3	1466	1346	1467	3	66	1100	1561	3	1322	1534	1540	3	1386	1389	1707	3	1477	1373	1478	3	1481	1480	1751	3	1482	1359	1554	3	249	881	997	3	1496	1380	1497	3	203	1048	1553	3	1372	1428	1965	3	1685	1326	1742	3	58	1105	1800	3	1857	1250	1927	3	1098	75	1803	3	1897	1194	1900	3	1362	1474	1475	3	72	1297	1563	3	1442	1331	1986	3	74	1098	1805	3	1295	1299	1441	3	1077	1489	1490	3	1132	1745	1830	3	593	1920	1941	3	1526	1334	1527	3	1522	1367	1523	3	1111	1203	1212	3	211	1421	1790	3	922	957	1840	3	193	1812	1898	3	64	1293	1764	3	1293	65	1561	3	1003	571	1777	3	1048	204	1809	3	68	1101	1791	3	1297	73	1805	3	759	1013	1874	3	1105	59	1562	3	1100	67	1791	3	1741	506	1742	3	1291	57	1800	3	1126	1129	1881	3	97	1318	1834	3	1074	1242	1878	3	1854	53	1855	3	9	10	1145	3	1740	1074	1879	3	1716	1229	1717	3	1643	1664	1859	3	1065	1814	1962	3	1175	42	1773	3	1814	1064	1962	3	635	536	1876	3	274	521	964	3	257	883	995	3	1533	1316	1534	3	60	1289	1562	3	1246	1042	1740	3	1499	1393	1726	3	999	939	1000	3	406	1633	1842	3	1659	410	1670	3	1476	594	1930	3	863	985	986	3	730	726	1739	3	884	248	997	3	1464	1763	1783	3	1387	1543	1544	3	1418	1417	1504	3	1661	1660	1934	3	1393	1455	1726	3	521	275	1001	3	1483	1584	1929	3	213	1415	1569	3	794	1841	1874	3	737	738	1012	3	1304	1090	1794	3	997	1692	1978	3	1097	1689	1942	3	1817	503	1946	3	1086	1551	1552	3	824	746	1806	3	771	774	1793	3	56	1291	1905	3	1421	212	1569	3	1464	1829	1861	3	1268	1823	1893	3	1212	1109	1884	3	872	870	1975	3	934	914	1888	3	1403	1546	1547	3	1823	1169	1893	3	1596	1410	1772	3	666	538	1753	3	1415	214	1568	3	1249	1178	1250	3	1505	1509	1940	3	245	523	957	3	883	258	1007	3	37	1174	1782	3	1091	1557	1558	3	522	260	1009	3	1362	1475	1953	3	1462	1398	1980	3	1271	616	1272	3	750	751	1590	3	1244	1243	1811	3	1014	1015	1702	3	1452	1559	1560	3	874	1702	1975	3	1708	1050	1959	3	1412	1596	1772	3	665	531	1784	3	247	884	1010	3	1028	1023	1593	3	574	1207	1964	3	411	1121	1670	3	593	1251	1920	3	1167	1178	1249	3	1500	507	1931	3	26	624	1862	3	1278	1276	1748	3	1227	1200	1228	3	622	1865	1927	3	1658	567	1668	3	1779	788	1780	3	21	623	1873	3	1735	617	1905	3	1074	1878	1879	3	1276	1448	1907	3	1103	49	1957	3	1426	1576	1911	3	1161	1200	1227	3	1240	1107	1979	3	987	1012	1918	3	259	522	1007	3	1163	1166	1230	3	601	591	1822	3	215	1512	1568	3	1561	1100	1610	3	413	1637	1836	3	611	612	1753	3	1105	1562	1579	3	1563	1297	1564	3	404	567	1658	3	45	1279	1807	3	1121	412	1836	3	724	985	1739	3	1672	1683	1894	3	471	972	1889	3	629	666	1784	3	523	246	1010	3	1628	1659	1660	3	1190	1188	1192	3	1621	1667	1961	3	1730	475	1885	3	1152	1232	1932	3	1084	1434	1924	3	567	405	1842	3	1450	1572	1574	3	661	659	1915	3	1174	38	1875	3	1035	1033	1906	3	1060	1577	1714	3	1268	34	1270	3	801	793	1722	3	630	665	1797	3	512	1768	1769	3	1148	1147	1230	3	421	1134	1798	3	1185	1709	1969	3	1691	596	1973	3	1689	1089	1942	3	667	634	1797	3	41	1175	1872	3	1569	1415	1570	3	47	1935	1936	3	1207	1125	1881	3	787	788	1779	3	781	783	1796	3	1277	52	1854	3	1171	1176	1897	3	1135	420	1798	3	1828	1423	1914	3	1418	1504	1887	3	1507	1605	1606	3	536	667	1876	3	1065	1813	1814	3	914	901	1888	3	990	1244	1811	3	1642	1662	1663	3	649	480	1987	3	1291	1735	1905	3	623	22	1954	3	1197	1153	1932	3	1065	1575	1813	3	1448	1281	1907	3	1244	990	1956	3	1301	1304	1794	3	513	1740	1879	3	904	994	1766	3	50	1882	1957	3	783	779	1793	3	51	1277	1882	3	1512	216	1578	3	1554	1359	1929	3	788	785	1796	3	222	1062	1585	3	1925	1155	1926	3	1510	220	1580	3	1359	1483	1929	3	39	1173	1875	3	1363	1365	1914	3	1563	1564	1973	3	1508	1606	1607	3	637	635	1876	3	219	1510	1589	3	1773	618	1886	3	1413	1414	1904	3	1170	30	1892	3	584	1951	1952	3	592	1909	1941	3	1580	221	1585	3	809	819	1937	3	1371	1828	1914	3	1279	46	1936	3	1158	1667	1896	3	31	1169	1892	3	1220	25	1862	3	1173	40	1872	3	1258	20	1873	3	882	995	1977	3	1578	1044	1688	3	1270	616	1271	3	1095	1705	1942	3	1428	1355	1965	3	1755	1047	1895	3	1260	570	1933	3	1389	1413	1707	3	1920	590	1941	3	572	1208	1971	3	1288	1579	1789	3	1041	1247	1945	3	33	1268	1893	3	1347	1349	1928	3	1749	1275	1886	3	1169	32	1893	3	1946	503	1947	3	1822	478	1938	3	1650	1158	1715	3	510	1817	1946	3	1491	1330	1698	3	760	1770	1838	3	1706	1347	1928	3	1353	1575	1950	3	1245	1118	1922	3	480	1958	1987	3	24	1220	1955	3	1846	481	1889	3	1195	1035	1906	3	1954	23	1955	3	1722	791	1779	3	217	1044	1578	3	1425	1464	1861	3	1566	1412	1772	3	1221	19	1258	3	621	1857	1927	3	1349	1427	1928	3	1044	218	1589	3	1319	1085	1847	3	1844	1217	1845	3	1847	1085	1912	3	612	1652	1913	3	1351	1353	1950	3	1250	1178	1900	3	1178	1171	1897	3	783	1793	1969	3	1178	1897	1900	3	920	932	1908	3	1118	1206	1922	3	1365	1371	1914	3	1591	920	1908	3	1327	1685	1970	3	1115	1700	1701	3	614	1866	1985	3	1424	1469	1763	3	1753	612	1913	3	1454	1080	1912	3	975	514	1948	3	1012	987	1752	3	1619	1621	1961	3	1468	1484	1729	3	1423	1363	1914	3	1828	1069	1966	3	1603	906	1977	3	1434	1332	1924	3	1332	1335	1924	3	1075	1112	1921	3	1208	565	1971	3	1598	1241	1915	3	1754	1075	1921	3	1951	582	1952	3	1236	1258	1873	3	969	907	1923	3	1865	621	1927	3	1514	1509	1688	3	1624	1626	1974	3	1410	1584	1772	3	1441	1299	1919	3	1427	1351	1950	3	477	1822	1938	3	1650	1619	1961	3	1595	1319	1847	3	1667	1624	1974	3	1833	96	1834	3	514	975	1983	3	1935	1750	1936	3	1909	593	1941	3	1299	1301	1919	3	559	1260	1933	3	1720	1435	1732	3	900	977	1981	3	1302	1804	1858	3	1584	1410	1929	3	870	1760	1975	3	1667	1158	1961	3	1419	1699	1816	3	1843	1065	1962	3	1050	1755	1895	3	1770	819	1838	3	985	863	1739	3	819	1770	1899	3	1071	1706	1928	3	1247	1038	1945	3	1647	1808	1976	3	1837	110	1864	3	1692	911	1978	3	1745	1127	1830	3	1747	593	1909	3	1760	874	1975	3	1412	1566	1953	3	1605	1507	1940	3	1698	1327	1970	3	1201	1680	1868	3	1398	1463	1980	3	1958	468	1987	3	1123	1925	1926	3	1787	1437	1835	3	1464	1783	1829	3	505	1946	1947	3	1900	622	1927	3	1812	1494	1898	3	1250	1900	1927	3	1225	1253	1738	3	1158	1650	1961	3	1572	1854	1855	3	1538	1833	1834	3	1296	1691	1973	3	1491	1837	1864	3	1882	1573	1957	3	1239	1954	1955	3	8	9	1145	3	11	12	1144	3	15	16	1162	3	17	18	1221	3	0	6	1142	3	425	0	1869	3	0	1142	1869	3	224	1	1608	3	1	225	1191	3	7	8	1142	3	10	11	1145	3	13	14	1226	3	1144	13	1226	3	28	29	1718	3	223	224	1062	3	418	419	1860	3	422	423	1134	3	423	424	1140	3	1134	423	1680	3	423	1140	1680	3	533	636	637	3	537	639	663	3	1811	627	1857	3	825	760	1838	3	893	891	902	3	1025	1114	1116	3	1030	1028	1593	3	1202	1032	1259	3	1039	1037	1195	3	1052	1049	1248	3	1493	1051	1494	3	1061	1506	1513	3	1454	1084	1825	3	1128	1131	1137	3	1139	1133	1183	3	1136	1141	1205	3	1162	1223	1226	3	1429	1342	1706	3	1357	1360	1423	3	1371	1368	1374	3	1381	1391	1708	
CELL_TYPES 3514
5	5	5	5	5	5	5	5	5	5	5	5	5	5	5	5	5	5	5	5	5	5	5	5	5	5	5	5	5	5	5	5	5	5	5	5	5	5	5	5	5	5	5	5	5	5	5	5	5	5	5	5	5	5	5	5	5	5	5	5	5	5	5	5	5	5	5	5	5	5	5	5	5	5	5	5	5	5	5	5	5	5	5	5	5	5	5	5	5	5	5	5	5	5	5	5	5	5	5	5	5	5	5	5	5	5	5	5	5	5	5	5	5	5	5	5	5	5	5	5	5	5	5	5	5	5	5	5	5	5	5	5	5	5	5	5	5	5	5	5	5	5	5	5	5	5	5	5	5	5	5	5	5	5	5	5	5	5	5	5	5	5	5	5	5	5	5	5	5	5	5	5	5	5	5	5	5	5	5	5	5	5	5	5	5	5	5	5	5	5	5	5	5	5	5	5	5	5	5	5	5	5	5	5	5	5	5	5	5	5	5	5	5	5	5	5	5	5	5	5	5	5	5	5	5	5	5	5	5	5	5	5	5	5	5	5	5	5	5	5	5	5	5	5	5	5	5	5	5	5	5	5	5	5	5	5	5	5	5	5	5	5	5	5	5	5	5	5	5	5	5	5	5	5	5	5	5	5	5	5	5	5	5	5	5	5	5	5	5	5	5	5	5	5	5	5	5	5	5	5	5	5	5	5	5	5	5	5	5	5	5	5	5	5	5	5	5	5	5	5	5	5	5	5	5	5	5	5	5	5	5	5	5	5	5	5	5	5	5	5	5	5	5	5	5	5	5	5	5	5	5	5	5	5	5	5	5	5	5	5	5	5	5	5	5	5	5	5	5	5	5	5	5	5	5	5	5	5	5	5	5	5	5	5	5	5	5	5	5	5	5	5	5	5	5	5	5	5	5	5	5	5	5	5	5	5	5	5	5	5	5	5	5	5	5	5	5	5	5	5	5	5	5	5	5	5	5	5	5	5	5	5	5	5	5	5	5	5	5	5	5	5	5	5	5	5	5	5	5	5	5	5	5	5	5	5	5	5	5	5	5	5	5	5	5	5	5	5	5	5	5	5	5	5	5	5	5	5	5	5	5	5	5	5	5	5	5	5	5	5	5	5	5	5	5	5	5	5	5	5	5	5	5	5	5	5	5	5	5	5	5	5	5	5	5	5	5	5	5	5	5	5	5	5	5	5	5	5	5	5	5	5	5	5	5	5	5	5	5	5	5	5	5	5	5	5	5	5	5	5	5	5	5	5	5	5	5	5	5	5	5	5	5	5	5	5	5	5	5	5	5	5	5	5	5	5	5	5	5	5	5	5	5	5	5	5	5	5	5	5	5	5	5	5	5	5	5	5	5	5	5	5	5	5	5	5	5	5	5	5	5	5	5	5	5	5	5	5	5	5	5	5	5	5	5	5	5	5	5	5	5	5	5	5	5	5	5	5	5	5	5	5	5	5	5	5	5	5	5	5	5	5	5	5	5	5	5	5	5	5	5	5	5	5	5	5	5	5	5	5	5	5	5	5	5	5	5	5	5	5	5	5	5	5	5	5	5	5	5	5	5	5	5	5	5	5	5	5	5	5	5	5	5	5	5	5	5	5	5	5	5	5	5	5	5	5	5	5	5	5	5	5	5	5	5	5	5	5	5	5	5	5	5	5	5	5	5	5	5	5	5	5	5	5	5	5	5	5	5	5	5	5	5	5	5	5	5	5	5	5	5	5	5	5	5	5	5	5	5	5	5	5	5	5	5	5	5	5	5	5	5	5	5	5	5	5	5	5	5	5	5	5	5	5	5	5	5	5	5	5	5	5	5	5	5	5	5	5	5	5	5	5	5	5	5	5	5	5	5	5	5	5	5	5	5	5	5	5	5	5	5	5	5	5	5	5	5	5	5	5	5	5	5	5	5	5	5	5	5	5	5	5	5	5	5	5	5	5	5	5	5	5	5	5	5	5	5	5	5	5	5	5	5	5	5	5	5	5	5	5	5	5	5	5	5	5	5	5	5	5	5	5	5	5	5	5	5	5	5	5	5	5	5	5	5	5	5	5	5	5	5	5	5	5	5	5	5	5	5	5	5	5	5	5	5	5	5	5	5	5	5	5	5	5	5	5	5	5	5	5	5	5	5	5	5	5	5	5	5	5	5	5	5	5	5	5	5	5	5	5	5	5	5	5	5	5	5	5	5	5	5	5	5	5	5	5	5	5	5	5	5	5	5	5	5	5	5	5	5	5	5	5	5	5	5	5	5	5	5	5	5	5	5	5	5	5	5	5	5	5	5	5	5	5	5	5	5	5	5	5	5	5	5	5	5	5	5	5	5	5	5	5	5	5	5	5	5	5	5	5	5	5	5	5	5	5	5	5	5	5	5	5	5	5	5	5	5	5	5	5	5	5	5	5	5	5	5	5	5	5	5	5	5	5	5	5	5	5	5	5	5	5	5	5	5	5	5	5	5	5	5	5	5	5	5	5	5	5	5	5	5	5	5	5	5	5	5	5	5	5	5	5	5	5	5	5	5	5	5	5	5	5	5	5	5	5	5	5	5	5	5	5	5	5	5	5	5	5	5	5	5	5	5	5	5	5	5	5	5	5	5	5	5	5	5	5	5	5	5	5	5	5	5	5	5	5	5	5	5	5	5	5	5	5	5	5	5	5	5	5	5	5	5	5	5	5	5	5	5	5	5	5	5	5	5	5	5	5	5	5	5	5	5	5	5	5	5	5	5	5	5	5	5	5	5	5	5	5	5	5	5	5	5	5	5	5	5	5	5	5	5	5	5	5	5	5	5	5	5	5	5	5	5	5	5	5	5	5	5	5	5	5	5	5	5	5	5	5	5	5	5	5	5	5	5	5	5	5	5	5	5	5	5	5	5	5	5	5	5	5	5	5	5	5	5	5	5	5	5	5	5	5	5	5	5	5	5	5	5	5	5	5	5	5	5	5	5	5	5	5	5	5	5	5	5	5	5	5	5	5	5	5	5	5	5	5	5	5	5	5	5	5	5	5	5	5	5	5	5	5	5	5	5	5	5	5	5	5	5	5	5	5	5	5	5	5	5	5	5	5	5	5	5	5	5	5	5	5	5	5	5	5	5	5	5	5	5	5	5	5	5	5	5	5	5	5	5	5	5	5	5	5	5	5	5	5	5	5	5	5	5	5	5	5	5	5	5	5	5	5	5	5	5	5	5	5	5	5	5	5	5	5	5	5	5	5	5	5	5	5	5	5	5	5	5	5	5	5	5	5	5	5	5	5	5	5	5	5	5	5	5	5	5	5	5	5	5	5	5	5	5	5	5	5	5	5	5	5	5	5	5	5	5	5	5	5	5	5	5	5	5	5	5	5	5	5	5	5	5	5	5	5	5	5	5	5	5	5	5	5	5	5	5	5	5	5	5	5	5	5	5	5	5	5	5	5	5	5	5	5	5	5	5	5	5	5	5	5	5	5	5	5	5	5	5	5	5	5	5	5	5	5	5	5	5	5	5	5	5	5	5	5	5	5	5	5	5	5	5	5	5	5	5	5	5	5	5	5	5	5	5	5	5	5	5	5	5	5	5	5	5	5	5	5	5	5	5	5	5	5	5	5	5	5	5	5	5	5	5	5	5	5	5	5	5	5	5	5	5	5	5	5	5	5	5	5	5	5	5	5	5	5	5	5	5	5	5	5	5	5	5	5	5	5	5	5	5	5	5	5	5	5	5	5	5	5	5	5	5	5	5	5	5	5	5	5	5	5	5	5	5	5	5	5	5	5	5	5	5	5	5	5	5	5	5	5	5	5	5	5	5	5	5	5	5	5	5	5	5	5	5	5	5	5	5	5	5	5	5	5	5	5	5	5	5	5	5	5	5	5	5	5	5	5	5	5	5	5	5	5	5	5	5	5	5	5	5	5	5	5	5	5	5	5	5	5	5	5	5	5	5	5	5	5	5	5	5	5	5	5	5	5	5	5	5	5	5	5	5	5	5	5	5	5	5	5	5	5	5	5	5	5	5	5	5	5	5	5	5	5	5	5	5	5	5	5	5	5	5	5	5	5	5	5	5	5	5	5	5	5	5	5	5	5	5	5	5	5	5	5	5	5	5	5	5	5	5	5	5	5	5	5	5	5	5	5	5	5	5	5	5	5	5	5	5	5	5	5	5	5	5	5	5	5	5	5	5	5	5	5	5	5	5	5	5	5	5	5	5	5	5	5	5	5	5	5	5	5	5	5	5	5	5	5	5	5	5	5	5	5	5	5	5	5	5	5	5	5	5	5	5	5	5	5	5	5	5	5	5	5	5	5	5	5	5	5	5	5	5	5	5	5	5	5	5	5	5	5	5	5	5	5	5	5	5	5	5	5	5	5	5	5	5	5	5	5	5	5	5	5	5	5	5	5	5	5	5	5	5	5	5	5	5	5	5	5	5	5	5	5	5	5	5	5	5	5	5	5	5	5	5	5	5	5	5	5	5	5	5	5	5	5	5	5	5	5	5	5	5	5	5	5	5	5	5	5	5	5	5	5	5	5	5	5	5	5	5	5	5	5	5	5	5	5	5	5	5	5	5	5	5	5	5	5	5	5	5	5	5	5	5	5	5	5	5	5	5	5	5	5	5	5	5	5	5	5	5	5	5	5	5	5	5	5	5	5	5	5	5	5	5	5	5	5	5	5	5	5	5	5	5	5	5	5	5	5	5	5	5	5	5	5	5	5	5	5	5	5	5	5	5	5	5	5	5	5	5	5	5	5	5	5	5	5	5	5	5	5	5	5	5	5	5	5	5	5	5	5	5	5	5	5	5	5	5	5	5	5	5	5	5	5	5	5	5	5	5	5	5	5	5	5	5	5	5	5	5	5	5	5	5	5	5	5	5	5	5	5	5	5	5	5	5	5	5	5	5	5	5	5	5	5	5	5	5	5	5	5	5	5	5	5	5	5	5	5	5	5	5	5	5	5	5	5	5	5	5	5	5	5	5	5	5	5	5	5	5	5	5	5	5	5	5	5	5	5	5	5	5	5	5	5	5	5	5	5	5	5	5	5	5	5	5	5	5	5	5	5	5	5	5	5	5	5	5	5	5	5	5	5	5	5	5	5	5	5	5	5	5	5	5	5	5	5	5	5	5	5	5	5	5	5	5	5	5	5	5	5	5	5	5	5	5	5	5	5	5	5	5	5	5	5	5	5	5	5	5	5	5	5	5	5	5	5	5	5	5	5	5	5	5	5	5	5	5	5	5	5	5	5	5	5	5	5	5	5	5	5	5	5	5	5	5	5	5	5	5	5	5	5	5	5	5	5	5	5	5	5	5	5	5	5	5	5	5	5	5	5	5	5	5	5	5	5	5	5	5	5	5	5	5	5	5	5	5	5	5	5	5	5	5	5	5	5	5	5	5	5	5	5	5	5	5	5	5	5	5	5	5	5	5	5	5	5	5	5	5	5	5	5	5	5	5	5	5	5	5	5	5	5	5	5	5	5	5	5	5	5	5	5	5	5	5	5	5	5	5	5	5	5	5	5	5	5	5	5	5	5	5	5	5	5	5	5	5	5	5	5	5	5	5	5	5	5	5	5	5	5	5	5	5	5	5	5	5	5	5	5	5	5	5	5	5	5	5	5	5	5	5	5	5	5	5	5	5	5	5	5	5	5	5	5	5	5	5	5	5	5	5	5	5	5	5	5	5	5	5	5	5	5	5	5	5	5	5	5	5	5	5	5	5	5	5	5	5	5	5	5	5	5	5	5	5	5	5	5	5	5	5	5	5	5	5	5	5	5	5	5	5	5	5	5	5	5	5	5	5	5	5	5	5	5	5	5	5	5	5	5	5	5	5	5	5	5	5	5	5	5	5	5	5	5	5	5	5	5	5	5	5	5	5	5	5	5	5	5	5	5	5	5	5	5	5	5	5	5	5	5	5	5	5	5	5	5	5	5	5	5	5	5	5	5	5	5	5	5	5	5	5	5	5	5	5	5	5	5	5	5	5	5	5	5	5	5	5	5	5	5	5	5	5	5	5	5	5	5	5	5	5	5	5	5	5	5	5	5	5	5	5	5	5	5	5	5	5	5	5	5	5	5	5	5	5	5	5	5	5	5	5	5	5	5	5	5	5	5	5	5	5	5	5	5	5	5	5	5	5	5	5	5	5	5	5	5	5	5	5	5	5	5	5	5	5	5	5	5	5	5	5	5	5	5	5	5	5	5	5	5	5	5	5	5	5	5	5	5	5	5	5	5	5	5	5	5	5	5	5	5	5	5	5	5	5	5	5	5	5	5	5	5	5	5	5	5	5	5	5	5	5	5	5	5	5	5	5	5	5	5	5	5	5	5	5	5	5	5	5	5	5	5	5	5	5	5	5	5	5	5	5	5	5	5	5	5	5	5	5	5	5	5	5	5	5	5	5	5	5	5	5	5	5	5	5	5	5	5	5	5	5	5	5	5	5	5	5	5	5	5	5	5	5	5	5	5	5	5	5	5	5	5	5	5	5	5	5	5	5	5	5	5	5	5	5	5	5	5	5	5	5	5	5	5	5	5	5	5	5	5	5	5	5	5	5	5	5	5	5	5	5	5	5	5	5	5	5	5	5	5	5	5	5	5	5	5	5	5	5	5	5	5	5	5	5	5	5	5	5	5	5	5	5	5	5	5	5	5	5	5	5	5	5	5	5	5	5	5	5	5	5	5	5	5	5	5	5	5	5	5	5	5	5	5	5	5	5	5	5	5	5	5	5	5	5	5	5	5	5	5	5	5	5	5	5	5	5	5	5	5	5	5	5	5	5	5	5	5	5	5	5	5	5	5	5	5	5	5	5	5	5	5	5	5	5	5	5	5	5	5	5	5	5	5	5	5	5	5	5	5	5	5	5	5	5	5	5	5	5	5	5	5	5	5	5	5	5	5	5	5	5	5	5	5	5	5	5	5	5	5	5	5	5	5	5	5	5	5	5	5	5	5	5	5	5	5	5	5	5	5	5	5	5	5	5	5	5	5	5	5	5	5	5	5	5	5	5	5	5	5	5	5	5	5	5	5	5	5	5	5	5	5	5	5	5	5	5	5	5	5	5	5	5	5	5	5	5	5	5	5	5	5	5	5	5	5	5	5	5	5	5	5	5	5	5	5	5	5	5	5	5	5	5	5	5	5	5	5	5	5	5	5	5	5	5	5	5	5	5	5	5	5	5	5	5	5	5	5	5	5	5	5	5	5	5	5	5	5	5	5	5	5	5	5	5	5	5	5	5	5	5	5	5	5	5	5	5	5	5	5	5	5	5	5	5	5	5	5	5	5	5	5	5	5	5	5	5	5	5	5	5	5	5	5	5	5	5	5	5	5	5	5	5	5	5	5	5	5	5	5	5	5	5	5	5	5	5	5	5	5	5	5	5	5	5	5	5	5	5	5	5	5	5	5	5	5	5	5	5	5	5	5	5	5	5	5	5	5	5	5	5	5	5	5	5	5	5	5	5	5	5	5	5	5	5	5	5	5	5	5	5	5	5	5	5	5	5	5	5	5	5	5	5	5	5	5	5	5	5	5	5	5	5	5	5	5	5	5	5	5	5	5	5	5	5	5	5	5	5	5	5	5	5	5	5	5	5	5	5	5	5	5	5	5	5	5	5	5	5	5	5	5	5	5	5	5	5	5	5	5	5	5	5	5	5	5	5	5	5	5	5	5	5	5	5	5	5	5	5	5	5	5	5	5	5	5	5	5	5	5	5	5	5	5	5	5	5	5	5	5	5	5	5	5	5	5	5	5	5	5	5	5	5	5	5	5	5	5	5	5	5	5	5	5	5	5	5	5	5	5	5	5	5	5	5	5	5	5	5	5	5	5	5	5	5	5	5	5	5	5	5	5	5	5	5	5	5	5	5	5	5	5	5	5	5	5	5	5	5	5	5	5	5	5	5	5	5	5	5	5	5	5	5	5	5	5	
POINT_DATA 1988

SCALARS Density double 1
LOOKUP_TABLE default
1.012021e+00	8.988530e-01	1.004154e+00	1.004290e+00	1.003989e+00	1.003487e+00	1.072804e+00	1.129903e+00	1.144840e+00	1.156174e+00	1.162386e+00	1.154137e+00	1.147077e+00	1.132645e+00	1.129098e+00	1.116469e+00	1.108049e+00	1.094268e+00	1.090380e+00	1.082334e+00	1.072655e+00	1.063757e+00	1.054753e+00	1.046958e+00	1.039052e+00	1.028117e+00	1.020162e+00	1.013876e+00	1.002378e+00	9.924623e-01	9.861458e-01	9.800014e-01	9.720060e-01	9.653100e-01	9.584621e-01	9.532528e-01	9.465313e-01	9.404242e-01	9.323998e-01	9.267116e-01	9.186950e-01	9.134372e-01	9.065570e-01	9.002711e-01	8.929713e-01	8.872257e-01	8.839807e-01	8.799387e-01	8.726472e-01	8.688483e-01	8.655565e-01	8.606985e-01	8.568274e-01	8.513837e-01	8.471343e-01	8.445011e-01	8.415765e-01	8.388593e-01	8.365084e-01	8.343024e-01	8.320193e-01	8.292529e-01	8.267719e-01	8.256025e-01	8.248664e-01	8.240233e-01	8.230938e-01	8.217258e-01	8.206798e-01	8.197451e-01	8.190658e-01	8.182082e-01	8.182544e-01	8.188897e-01	8.194178e-01	8.202768e-01	8.215216e-01	8.219739e-01	8.224621e-01	8.235605e-01	8.244076e-01	8.250580e-01	8.256241e-01	8.264928e-01	8.275161e-01	8.283673e-01	8.291528e-01	8.299571e-01	8.305450e-01	8.313579e-01	8.324810e-01	8.333066e-01	8.338230e-01	8.346048e-01	8.354095e-01	8.362317e-01	8.371815e-01	8.380355e-01	8.392381e-01	8.402728e-01	8.412864e-01	8.420180e-01	8.428219e-01	8.437240e-01	8.444805e-01	8.452322e-01	8.460648e-01	8.468981e-01	8.475375e-01	8.483198e-01	8.490767e-01	8.496554e-01	8.502162e-01	8.508033e-01	8.512664e-01	8.517507e-01	8.524168e-01	8.530872e-01	8.536441e-01	8.541477e-01	8.547945e-01	8.554979e-01	8.560094e-01	8.567147e-01	8.573701e-01	8.579073e-01	8.587089e-01	8.593740e-01	8.600387e-01	8.605544e-01	8.613300e-01	8.620979e-01	8.628471e-01	8.635056e-01	8.642528e-01	8.649910e-01	8.657344e-01	8.664606e-01	8.670586e-01	8.675930e-01	8.681888e-01	8.688444e-01	8.694185e-01	8.700887e-01	8.707517e-01	8.712972e-01	8.718868e-01	8.725412e-01	8.730751e-01	8.736404e-01	8.741251e-01	8.745656e-01	8.752073e-01	8.759326e-01	8.765514e-01	8.770865e-01	8.777397e-01	8.783068e-01	8.788332e-01	8.796118e-01	8.802649e-01	8.809295e-01	8.814288e-01	8.819918e-01	8.825304e-01	8.830535e-01	8.834978e-01	8.840078e-01	8.844608e-01	8.849129e-01	8.853942e-01	8.859515e-01	8.864080e-01	8.869004e-01	8.873325e-01	8.877828e-01	8.882750e-01	8.886179e-01	8.891194e-01	8.895480e-01	8.900079e-01	8.903852e-01	8.908107e-01	8.912810e-01	8.916525e-01	8.921140e-01	8.925978e-01	8.930994e-01	8.936627e-01	8.941070e-01	8.947515e-01	8.953983e-01	8.960658e-01	8.966262e-01	8.972002e-01	8.977441e-01	8.983824e-01	8.988726e-01	8.993214e-01	8.997362e-01	9.001949e-01	9.005766e-01	9.008875e-01	9.012908e-01	9.017159e-01	9.020956e-01	9.025236e-01	9.029240e-01	9.034024e-01	9.038409e-01	9.043062e-01	9.047970e-01	9.051767e-01	9.055849e-01	9.060065e-01	9.064294e-01	9.067523e-01	9.069170e-01	9.070239e-01	9.070678e-01	9.070332e-01	9.070383e-01	9.064324e-01	9.059058e-01	9.037249e-01	9.072557e-01	9.190468e-01	9.205958e-01	9.208746e-01	9.210060e-01	9.213956e-01	9.220232e-01	9.225770e-01	9.229832e-01	9.234471e-01	9.239590e-01	9.243946e-01	9.247849e-01	9.252677e-01	9.257206e-01	9.260033e-01	9.264575e-01	9.267964e-01	9.271849e-01	9.274884e-01	9.278843e-01	9.281644e-01	9.283909e-01	9.286842e-01	9.289480e-01	9.292118e-01	9.294449e-01	9.297049e-01	9.299947e-01	9.302414e-01	9.305144e-01	9.308086e-01	9.310169e-01	9.311633e-01	9.313231e-01	9.315314e-01	9.317579e-01	9.319419e-01	9.320947e-01	9.322749e-01	9.323832e-01	9.324918e-01	9.325752e-01	9.327071e-01	9.328240e-01	9.328981e-01	9.329724e-01	9.330848e-01	9.331610e-01	9.332368e-01	9.333415e-01	9.334122e-01	9.334476e-01	9.335193e-01	9.335950e-01	9.336505e-01	9.337011e-01	9.337288e-01	9.337265e-01	9.337390e-01	9.337607e-01	9.337842e-01	9.337927e-01	9.338347e-01	9.338659e-01	9.338734e-01	9.339060e-01	9.339296e-01	9.339496e-01	9.339521e-01	9.339472e-01	9.339222e-01	9.339340e-01	9.339496e-01	9.339486e-01	9.339214e-01	9.338820e-01	9.338567e-01	9.338008e-01	9.337239e-01	9.336440e-01	9.335486e-01	9.334284e-01	9.333315e-01	9.332465e-01	9.331736e-01	9.330952e-01	9.330334e-01	9.329845e-01	9.329319e-01	9.328538e-01	9.327543e-01	9.326375e-01	9.324900e-01	9.323586e-01	9.322321e-01	9.320727e-01	9.319378e-01	9.318144e-01	9.316779e-01	9.315437e-01	9.314301e-01	9.313052e-01	9.311830e-01	9.310721e-01	9.309357e-01	9.308378e-01	9.307390e-01	9.306090e-01	9.304773e-01	9.303105e-01	9.301262e-01	9.299423e-01	9.297652e-01	9.295576e-01	9.293547e-01	9.291707e-01	9.289482e-01	9.287405e-01	9.285486e-01	9.283304e-01	9.280776e-01	9.278419e-01	9.276058e-01	9.273577e-01	9.271031e-01	9.268574e-01	9.266051e-01	9.263598e-01	9.261342e-01	9.259155e-01	9.256677e-01	9.253874e-01	9.251118e-01	9.248450e-01	9.245046e-01	9.241182e-01	9.237567e-01	9.233146e-01	9.228974e-01	9.224985e-01	9.221601e-01	9.217088e-01	9.213191e-01	9.208504e-01	9.203788e-01	9.199210e-01	9.192790e-01	9.186797e-01	9.179206e-01	9.171245e-01	9.163063e-01	9.154873e-01	9.146447e-01	9.137447e-01	9.128191e-01	9.119371e-01	9.109223e-01	9.100011e-01	9.089604e-01	9.079805e-01	9.071193e-01	9.060800e-01	9.050234e-01	9.040819e-01	9.031560e-01	9.019741e-01	9.006845e-01	8.993410e-01	8.978381e-01	8.961856e-01	8.947230e-01	8.932880e-01	8.913747e-01	8.895739e-01	8.872920e-01	8.855052e-01	8.832032e-01	8.799169e-01	8.773476e-01	8.743229e-01	8.715761e-01	8.680611e-01	8.650249e-01	8.612829e-01	8.575032e-01	8.540881e-01	8.494888e-01	8.444988e-01	8.385322e-01	8.339955e-01	8.335751e-01	8.301131e-01	8.235542e-01	8.171827e-01	8.125808e-01	8.142161e-01	8.219879e-01	8.495803e-01	8.727756e-01	9.270241e-01	1.004881e+00	1.005333e+00	1.004059e+00	1.001934e+00	1.000495e+00	9.999246e-01	9.993331e-01	9.989557e-01	9.985661e-01	9.986895e-01	9.988121e-01	9.993280e-01	1.000443e+00	9.998294e-01	9.911940e-01	9.862175e-01	9.896004e-01	9.981474e-01	1.000436e+00	9.994175e-01	9.988686e-01	9.984791e-01	9.978904e-01	9.972103e-01	9.967198e-01	9.962074e-01	9.957768e-01	9.969523e-01	1.000450e+00	1.003439e+00	1.003905e+00	1.004722e+00	1.006725e+00	1.007645e+00	1.007154e+00	1.005272e+00	9.997277e-01	9.972671e-01	9.987890e-01	9.985587e-01	9.996482e-01	9.979048e-01	1.000164e+00	1.008098e+00	1.004984e+00	9.950290e-01	1.001873e+00	9.896233e-01	9.980962e-01	1.005994e+00	9.972769e-01	9.952828e-01	9.897955e-01	1.001711e+00	9.987724e-01	9.961681e-01	9.976763e-01	9.984003e-01	9.960459e-01	9.979377e-01	9.931917e-01	9.849756e-01	9.784494e-01	9.835558e-01	9.784698e-01	9.790695e-01	9.724114e-01	9.871865e-01	9.994987e-01	9.987508e-01	9.970286e-01	8.990112e-01	9.038543e-01	9.975554e-01	9.936365e-01	8.871490e-01	8.807859e-01	9.930279e-01	8.925846e-01	9.860574e-01	8.461792e-01	8.537756e-01	8.614767e-01	8.688480e-01	9.807677e-01	9.938514e-01	9.965271e-01	9.801943e-01	1.000713e+00	1.000228e+00	1.000628e+00	9.998830e-01	9.984298e-01	9.977849e-01	9.338654e-01	9.332448e-01	9.313046e-01	9.278074e-01	9.954218e-01	9.222384e-01	9.272060e-01	9.304983e-01	9.325287e-01	9.028941e-01	9.336404e-01	9.149240e-01	9.086093e-01	9.193063e-01	9.058259e-01	9.114189e-01	9.173319e-01	9.203689e-01	9.132153e-01	9.924057e-01	9.234747e-01	9.980255e-01	9.918248e-01	9.878788e-01	9.895357e-01	9.913579e-01	9.906697e-01	9.912440e-01	9.917052e-01	9.910615e-01	9.920187e-01	9.952834e-01	9.971627e-01	9.906666e-01	9.919215e-01	1.007987e+00	1.007955e+00	1.009856e+00	1.009136e+00	1.012956e+00	1.009598e+00	1.011460e+00	1.018004e+00	1.007670e+00	1.008020e+00	1.005604e+00	1.013538e+00	8.767329e-01	1.004195e+00	1.000760e+00	1.012715e+00	1.001361e+00	9.985576e-01	9.945403e-01	9.902369e-01	1.005899e+00	9.940779e-01	9.961876e-01	9.962857e-01	1.004339e+00	9.997387e-01	1.004767e+00	1.000643e+00	1.007769e+00	9.961169e-01	9.979537e-01	9.946688e-01	9.913446e-01	9.874327e-01	9.895077e-01	9.850468e-01	9.870969e-01	9.782879e-01	9.736224e-01	8.745330e-01	9.640864e-01	8.217419e-01	8.251498e-01	8.306231e-01	8.365497e-01	9.893735e-01	9.938393e-01	1.007096e+00	1.000366e+00	9.929572e-01	9.904947e-01	1.005718e+00	9.974609e-01	9.994563e-01	9.964673e-01	9.980326e-01	9.123585e-01	9.119237e-01	9.845872e-01	9.995142e-01	8.304157e-01	9.521023e-01	8.489046e-01	9.003071e-01	9.744475e-01	1.008410e+00	1.018372e+00	1.010415e+00	1.061403e+00	1.017132e+00	1.014136e+00	1.023416e+00	1.043938e+00	1.011229e+00	9.141444e-01	9.157749e-01	9.958358e-01	9.943093e-01	9.952478e-01	9.165263e-01	9.180189e-01	9.186803e-01	9.185670e-01	9.999865e-01	9.198728e-01	1.000444e+00	1.000306e+00	9.208766e-01	1.015564e+00	9.965426e-01	9.956621e-01	9.984910e-01	9.213118e-01	9.217530e-01	9.979218e-01	9.991197e-01	9.966534e-01	9.225751e-01	9.251186e-01	9.224191e-01	9.241171e-01	9.233586e-01	9.229873e-01	9.230124e-01	9.227233e-01	9.237773e-01	9.240583e-01	9.204972e-01	9.196670e-01	9.192000e-01	9.153612e-01	9.136493e-01	9.169205e-01	9.237784e-01	9.218905e-01	9.177464e-01	9.193251e-01	9.175117e-01	9.210009e-01	9.207098e-01	9.162497e-01	9.156531e-01	1.009213e+00	9.245596e-01	9.244977e-01	9.247246e-01	9.262267e-01	9.257206e-01	9.253831e-01	9.290635e-01	9.273774e-01	9.281870e-01	9.286059e-01	9.294402e-01	9.277149e-01	9.260101e-01	9.249230e-01	9.253445e-01	9.264565e-01	9.264266e-01	9.267958e-01	9.269794e-01	9.274318e-01	9.282744e-01	9.286051e-01	9.300007e-01	9.263325e-01	9.279812e-01	9.291139e-01	9.260494e-01	9.283689e-01	9.291905e-01	9.237851e-01	9.267156e-01	9.296380e-01	9.296375e-01	9.300097e-01	9.293145e-01	9.297799e-01	9.315079e-01	9.310271e-01	9.312729e-01	9.307528e-01	9.302219e-01	9.309231e-01	9.314315e-01	9.334727e-01	9.307549e-01	9.307292e-01	9.318490e-01	9.310799e-01	9.319227e-01	9.290674e-01	9.311563e-01	9.319334e-01	9.336581e-01	9.319982e-01	9.317543e-01	9.299069e-01	9.300802e-01	9.313401e-01	9.318849e-01	9.309075e-01	9.356369e-01	9.314057e-01	9.314698e-01	9.316279e-01	9.318791e-01	9.319890e-01	9.322098e-01	9.330619e-01	9.328667e-01	9.323555e-01	9.327861e-01	9.335926e-01	9.343795e-01	9.362338e-01	9.333830e-01	9.322729e-01	9.346690e-01	9.402886e-01	9.327734e-01	9.325901e-01	9.331315e-01	9.348090e-01	9.339048e-01	9.338557e-01	9.332815e-01	9.337653e-01	9.331989e-01	9.330931e-01	9.334700e-01	9.335993e-01	9.343688e-01	9.346134e-01	9.364930e-01	9.367945e-01	9.336812e-01	9.337739e-01	9.424164e-01	9.338233e-01	9.337247e-01	9.336192e-01	9.347743e-01	9.368225e-01	9.347352e-01	9.365370e-01	9.339135e-01	9.400179e-01	9.347035e-01	9.363054e-01	9.346318e-01	9.360204e-01	9.388671e-01	9.339200e-01	9.345642e-01	9.357633e-01	9.344111e-01	9.354321e-01	9.332426e-01	9.337849e-01	9.334620e-01	9.342112e-01	9.350928e-01	9.324552e-01	9.328480e-01	9.371919e-01	9.322452e-01	9.319262e-01	9.326743e-01	9.341793e-01	9.347774e-01	9.334314e-01	9.340599e-01	9.341845e-01	9.340532e-01	9.332940e-01	9.341867e-01	9.340736e-01	9.341384e-01	9.340295e-01	9.336925e-01	9.337579e-01	9.339404e-01	9.339592e-01	9.336656e-01	9.332028e-01	9.338106e-01	9.329945e-01	9.329314e-01	9.338878e-01	9.333496e-01	9.335571e-01	9.327584e-01	9.329369e-01	9.327500e-01	9.339058e-01	9.339108e-01	9.340137e-01	9.326558e-01	9.318768e-01	9.311324e-01	9.321519e-01	9.301842e-01	9.298308e-01	9.292518e-01	9.306346e-01	9.308559e-01	9.283946e-01	9.286119e-01	9.287764e-01	9.279302e-01	9.303569e-01	9.323832e-01	9.269825e-01	9.274639e-01	9.274959e-01	9.254392e-01	9.259900e-01	9.338829e-01	9.338471e-01	9.337520e-01	9.337988e-01	9.339444e-01	9.248685e-01	9.337021e-01	9.382850e-01	9.476935e-01	9.363074e-01	9.333808e-01	9.335818e-01	9.334207e-01	9.333861e-01	9.338506e-01	9.338498e-01	9.350306e-01	9.352724e-01	9.380511e-01	9.337785e-01	9.355871e-01	9.330579e-01	9.331527e-01	9.329915e-01	9.332343e-01	9.348891e-01	9.297888e-01	9.289960e-01	9.305175e-01	9.309928e-01	9.284288e-01	9.340970e-01	9.369830e-01	9.328965e-01	9.331971e-01	9.323236e-01	9.321150e-01	9.331895e-01	9.320232e-01	9.340547e-01	9.322858e-01	9.349139e-01	9.377771e-01	9.402438e-01	9.257136e-01	9.247857e-01	9.264964e-01	9.350493e-01	9.352318e-01	9.403527e-01	9.420753e-01	9.475656e-01	9.311641e-01	9.306893e-01	9.320528e-01	9.310554e-01	9.300082e-01	9.292926e-01	9.292466e-01	9.322684e-01	9.370581e-01	9.191944e-01	9.210410e-01	9.297528e-01	9.278381e-01	9.274247e-01	9.300458e-01	9.273558e-01	9.272097e-01	9.258994e-01	9.249805e-01	9.268423e-01	9.238729e-01	9.259562e-01	9.296275e-01	9.304425e-01	9.228231e-01	9.223939e-01	9.333117e-01	9.395404e-01	9.457890e-01	9.506750e-01	9.512140e-01	9.219467e-01	9.205768e-01	9.206547e-01	9.246535e-01	9.286756e-01	9.336130e-01	9.218752e-01	9.280629e-01	9.182055e-01	9.184243e-01	9.166078e-01	9.174061e-01	9.198524e-01	9.253181e-01	9.205157e-01	9.243819e-01	9.247643e-01	9.241530e-01	9.235367e-01	9.239565e-01	9.274921e-01	9.283820e-01	9.335132e-01	9.335670e-01	9.228324e-01	1.005628e+00	9.329772e-01	9.331380e-01	9.294551e-01	9.298075e-01	9.293541e-01	9.300197e-01	9.304421e-01	9.325692e-01	9.326405e-01	9.949523e-01	9.270323e-01	9.336668e-01	9.971609e-01	9.305094e-01	9.268692e-01	9.261704e-01	9.321250e-01	9.323588e-01	9.930461e-01	9.327534e-01	9.302757e-01	9.292320e-01	9.336772e-01	9.379400e-01	9.371746e-01	9.459288e-01	1.018688e+00	1.026444e+00	1.021189e+00	1.029380e+00	9.317407e-01	9.379387e-01	9.307939e-01	9.327866e-01	9.286968e-01	9.338230e-01	9.190517e-01	9.220623e-01	9.333231e-01	9.861243e-01	9.998026e-01	9.340188e-01	9.261434e-01	9.986571e-01	9.311395e-01	9.314237e-01	9.315510e-01	9.281479e-01	9.301962e-01	9.343340e-01	9.358518e-01	9.366560e-01	9.407805e-01	9.506474e-01	9.413789e-01	9.489250e-01	9.498956e-01	9.600769e-01	9.636692e-01	9.732407e-01	9.754412e-01	9.627977e-01	9.774561e-01	9.502137e-01	9.608006e-01	9.809615e-01	9.792230e-01	9.859193e-01	9.841826e-01	9.878191e-01	9.876166e-01	9.798648e-01	9.867671e-01	9.732904e-01	9.845607e-01	9.694067e-01	9.864900e-01	9.658482e-01	9.313533e-01	9.377228e-01	9.329440e-01	9.063191e-01	9.180697e-01	9.438780e-01	9.177215e-01	9.014909e-01	9.521320e-01	9.309262e-01	8.957927e-01	9.542760e-01	9.351161e-01	8.838494e-01	8.899037e-01	9.022062e-01	9.033403e-01	9.587414e-01	9.403627e-01	9.211830e-01	9.086153e-01	9.053425e-01	9.566443e-01	9.460084e-01	9.165997e-01	8.717909e-01	9.288477e-01	8.575145e-01	9.194482e-01	8.775804e-01	8.952839e-01	8.662671e-01	8.641451e-01	9.524333e-01	9.483968e-01	9.336342e-01	8.501323e-01	9.700622e-01	9.126893e-01	9.140979e-01	8.414355e-01	9.320611e-01	9.161791e-01	8.783151e-01	8.808898e-01	8.335679e-01	8.319427e-01	9.394886e-01	9.320188e-01	8.813187e-01	8.272996e-01	8.261687e-01	9.497602e-01	9.462671e-01	9.525627e-01	9.679240e-01	9.045427e-01	8.222119e-01	8.234746e-01	8.252539e-01	8.232513e-01	9.715365e-01	8.767707e-01	9.505249e-01	8.388360e-01	9.668122e-01	9.725629e-01	9.447184e-01	9.660786e-01	9.518961e-01	9.381392e-01	9.604256e-01	9.637319e-01	9.719118e-01	9.695928e-01	9.794916e-01	9.747815e-01	9.839076e-01	9.817704e-01	8.368688e-01	8.557906e-01	9.698172e-01	9.780039e-01	8.931103e-01	9.849930e-01	9.820906e-01	9.679861e-01	9.821377e-01	9.939853e-01	9.494720e-01	9.845732e-01	9.371106e-01	9.714135e-01	8.384780e-01	8.360753e-01	1.014421e+00	1.007848e+00	9.153195e-01	1.012919e+00	9.238476e-01	1.044594e+00	1.081894e+00	1.069229e+00	1.129966e+00	1.140096e+00	1.064648e+00	1.080876e+00	1.053593e+00	9.599451e-01	9.490872e-01	9.538344e-01	9.373090e-01	9.394103e-01	1.012568e+00	9.569534e-01	9.342605e-01	9.229730e-01	9.192341e-01	9.085064e-01	9.261172e-01	1.099135e+00	1.105400e+00	1.085106e+00	1.105106e+00	1.084374e+00	1.073434e+00	1.056323e+00	1.054764e+00	9.790362e-01	9.950498e-01	1.032261e+00	1.010793e+00	9.277999e-01	9.411300e-01	9.123417e-01	1.003537e+00	9.706273e-01	1.037279e+00	9.803813e-01	1.028829e+00	1.074054e+00	1.096753e+00	9.450500e-01	9.505189e-01	9.528816e-01	9.722725e-01	9.375340e-01	9.250346e-01	9.170602e-01	9.139082e-01	9.046466e-01	9.321572e-01	9.773287e-01	1.001128e+00	9.920724e-01	9.445911e-01	9.238396e-01	1.000683e+00	1.046962e+00	1.088287e+00	9.730707e-01	9.899156e-01	9.374602e-01	9.483373e-01	1.040348e+00	9.864207e-01	9.915138e-01	1.005640e+00	9.420064e-01	9.508511e-01	1.020674e+00	9.525463e-01	9.342326e-01	9.349208e-01	9.336206e-01	9.288429e-01	9.282409e-01	1.086593e+00	1.056357e+00	1.039928e+00	1.090516e+00	1.095814e+00	1.114917e+00	1.036303e+00	1.122204e+00	1.123212e+00	1.113022e+00	1.100919e+00	1.011655e+00	1.063734e+00	9.169218e-01	9.271619e-01	9.678465e-01	9.637836e-01	9.939579e-01	1.077687e+00	1.068432e+00	1.036941e+00	1.053603e+00	9.590104e-01	9.225097e-01	9.881913e-01	1.047327e+00	1.039682e+00	9.846226e-01	9.653205e-01	9.522245e-01	9.709287e-01	1.051173e+00	1.035258e+00	9.780905e-01	9.565761e-01	1.123242e+00	9.745432e-01	9.185411e-01	9.130805e-01	9.134389e-01	1.080386e+00	9.888045e-01	1.015301e+00	9.434493e-01	9.333987e-01	1.024642e+00	9.450637e-01	1.005766e+00	9.707720e-01	9.817038e-01	9.668905e-01	9.510174e-01	9.579835e-01	9.636387e-01	9.515912e-01	9.418062e-01	9.288314e-01	9.350562e-01	9.323948e-01	8.636637e-01	9.104695e-01	8.938218e-01	9.474931e-01	9.184650e-01	9.179951e-01	8.810537e-01	8.827692e-01	8.823155e-01	8.565478e-01	8.556707e-01	8.528839e-01	8.338853e-01	8.576481e-01	8.431600e-01	8.410538e-01	8.276385e-01	8.350617e-01	8.474897e-01	8.311323e-01	8.215625e-01	8.354184e-01	8.624028e-01	8.512087e-01	8.817845e-01	8.338072e-01	8.399386e-01	8.670619e-01	8.485000e-01	8.646821e-01	8.432207e-01	8.520978e-01	8.345865e-01	8.287577e-01	8.396331e-01	8.352645e-01	8.427797e-01	8.569815e-01	8.471625e-01	8.438817e-01	8.404524e-01	8.393545e-01	8.751477e-01	8.623731e-01	8.527236e-01	8.450865e-01	8.656846e-01	8.539162e-01	8.483170e-01	8.482664e-01	8.497777e-01	8.535478e-01	8.519202e-01	8.507448e-01	8.529039e-01	8.581861e-01	8.558226e-01	8.556575e-01	8.654916e-01	8.605378e-01	8.715864e-01	8.658800e-01	8.594596e-01	8.594528e-01	8.648184e-01	8.716283e-01	8.682466e-01	8.636367e-01	8.662356e-01	8.629265e-01	8.713069e-01	8.702990e-01	8.755519e-01	8.723079e-01	8.775616e-01	8.766954e-01	8.836925e-01	8.796187e-01	8.762537e-01	8.784248e-01	8.824254e-01	8.810233e-01	8.823939e-01	8.833625e-01	8.827403e-01	8.852241e-01	8.854203e-01	8.857592e-01	8.873967e-01	8.876559e-01	8.884562e-01	8.892251e-01	8.893977e-01	8.912358e-01	8.921794e-01	8.735177e-01	8.735758e-01	8.917981e-01	8.910279e-01	8.791852e-01	8.794289e-01	8.930159e-01	8.939000e-01	8.939417e-01	8.972981e-01	8.965574e-01	8.973770e-01	8.952323e-01	8.972553e-01	8.983316e-01	9.002914e-01	8.991236e-01	8.999898e-01	8.933614e-01	8.990144e-01	8.903830e-01	8.918112e-01	8.862244e-01	8.862363e-01	8.698231e-01	8.699231e-01	8.678609e-01	8.675336e-01	8.554706e-01	9.002625e-01	9.012460e-01	9.027103e-01	8.769105e-01	8.759457e-01	8.612794e-01	8.873851e-01	8.883027e-01	8.818905e-01	8.830210e-01	8.593463e-01	8.848883e-01	9.010209e-01	9.024147e-01	9.054700e-01	9.029908e-01	9.037862e-01	9.041863e-01	9.042606e-01	9.051047e-01	9.048013e-01	9.020750e-01	8.882142e-01	8.644504e-01	8.660524e-01	8.577228e-01	8.866266e-01	8.745846e-01	8.855052e-01	8.539404e-01	8.962337e-01	8.981971e-01	8.718645e-01	8.616150e-01	8.344203e-01	8.755900e-01	8.767167e-01	8.778664e-01	8.343266e-01	8.943990e-01	8.788826e-01	8.528447e-01	9.011914e-01	8.378466e-01	8.971952e-01	8.981104e-01	9.048419e-01	9.017329e-01	8.940058e-01	8.748191e-01	8.286909e-01	8.306534e-01	8.997314e-01	8.887915e-01	8.910368e-01	8.618689e-01	8.707307e-01	8.705357e-01	8.694787e-01	8.713641e-01	8.724167e-01	8.685973e-01	8.670230e-01	8.653927e-01	8.693475e-01	8.621783e-01	8.627939e-01	8.608081e-01	8.636122e-01	8.634759e-01	8.668786e-01	8.680956e-01	8.848003e-01	8.858060e-01	8.855197e-01	8.740588e-01	8.730334e-01	8.734458e-01	8.725983e-01	8.787164e-01	8.781832e-01	8.817639e-01	8.828392e-01	8.601170e-01	8.598531e-01	8.588011e-01	8.580881e-01	8.513779e-01	8.508795e-01	8.508837e-01	8.498860e-01	8.944742e-01	8.953141e-01	8.962719e-01	8.529269e-01	8.934518e-01	8.937607e-01	8.929528e-01	8.923139e-01	8.532852e-01	8.866999e-01	8.870268e-01	8.876271e-01	9.057304e-01	9.055238e-01	9.079731e-01	9.047999e-01	9.095051e-01	9.058137e-01	9.062837e-01	9.057339e-01	9.060812e-01	9.146264e-01	9.061796e-01	9.058892e-01	8.906852e-01	8.902675e-01	8.896204e-01	8.902926e-01	8.916112e-01	8.920098e-01	8.880504e-01	8.883611e-01	8.875903e-01	8.889435e-01	8.548768e-01	8.556415e-01	8.545717e-01	8.542739e-01	8.561667e-01	8.894617e-01	8.475808e-01	8.429000e-01	8.440386e-01	8.452283e-01	8.426519e-01	8.415973e-01	8.384105e-01	8.379826e-01	8.467078e-01	8.421048e-01	8.445232e-01	9.006564e-01	9.004087e-01	8.998079e-01	9.031027e-01	9.026118e-01	9.033735e-01	9.035092e-01	9.022790e-01	8.343413e-01	8.348570e-01	9.009224e-01	8.822219e-01	8.813149e-01	8.804502e-01	8.283440e-01	8.293434e-01	8.281197e-01	8.339315e-01	8.259152e-01	8.365723e-01	8.216233e-01	8.255829e-01	8.240291e-01	8.843377e-01	8.410627e-01	9.056564e-01	9.051303e-01	9.050824e-01	8.788551e-01	8.638353e-01	8.723925e-01	8.594618e-01	8.976673e-01	8.571711e-01	9.187725e-01	9.062945e-01	8.442668e-01	9.062734e-01	8.989432e-01	9.017880e-01	8.872318e-01	8.834352e-01	9.058195e-01	9.061969e-01	9.224912e-01	9.278808e-01	9.064463e-01	9.369383e-01	9.306436e-01	8.271986e-01	9.834719e-01	8.336069e-01	8.914939e-01	8.841320e-01	9.202354e-01	9.212309e-01	8.953740e-01	9.052377e-01	9.228817e-01	9.316554e-01	9.310996e-01	9.147338e-01	9.052079e-01	9.003104e-01	9.000813e-01	9.033794e-01	9.960541e-01	8.300917e-01	9.122690e-01	9.087306e-01	9.064095e-01	9.051494e-01	8.975670e-01	9.042038e-01	9.018148e-01	9.002729e-01	9.036868e-01	8.986569e-01	9.031222e-01	8.951678e-01	8.851992e-01	9.056518e-01	8.946550e-01	9.091347e-01	8.934182e-01	8.657640e-01	8.894042e-01	8.841560e-01	8.892832e-01	8.776392e-01	8.715995e-01	8.831265e-01	9.101437e-01	8.750520e-01	8.499796e-01	9.057885e-01	9.080576e-01	9.099223e-01	8.956096e-01	8.683193e-01	8.641100e-01	8.802090e-01	9.290499e-01	8.923737e-01	8.947871e-01	8.966732e-01	8.992755e-01	9.091712e-01	9.105219e-01	9.116365e-01	8.988745e-01	9.014427e-01	9.025072e-01	8.827583e-01	8.871406e-01	8.794498e-01	8.617157e-01	8.659445e-01	8.695043e-01	8.604583e-01	8.570384e-01	8.552258e-01	8.462956e-01	8.681687e-01	9.166063e-01	8.794179e-01	8.746047e-01	8.582221e-01	9.052894e-01	9.039406e-01	9.069262e-01	9.068223e-01	9.077552e-01	8.864660e-01	9.009162e-01	8.482363e-01	8.567861e-01	8.918498e-01	9.104808e-01	9.096271e-01	9.046464e-01	8.924998e-01	8.476127e-01	9.319272e-01	9.009402e-01	9.061215e-01	9.090851e-01	9.118540e-01	8.257894e-01	9.290888e-01	9.339252e-01	1.007652e+00	1.006288e+00	1.003609e+00	1.003120e+00	8.492487e-01	9.040328e-01	9.559578e-01	9.583215e-01	9.382068e-01	8.267629e-01	9.933203e-01	9.430352e-01	8.823467e-01	9.003014e-01	9.054411e-01	9.436344e-01	1.004653e+00	8.911658e-01	9.211893e-01	9.996135e-01	9.353373e-01	9.156705e-01	9.938758e-01	1.014365e+00	1.010001e+00	9.226144e-01	8.320742e-01	8.812705e-01	9.372505e-01	8.929666e-01	8.365913e-01	8.891912e-01	8.916086e-01	8.801047e-01	9.900642e-01	8.607013e-01	1.005984e+00	9.109412e-01	8.317143e-01	8.298062e-01	8.750401e-01	8.493711e-01	9.337867e-01	8.468655e-01	1.125173e+00	9.332751e-01	9.561827e-01	8.453791e-01	8.462688e-01	8.712474e-01	9.402176e-01	9.530830e-01	9.700787e-01	9.672286e-01	9.428818e-01	9.136483e-01	8.898985e-01	8.784709e-01	9.324192e-01	9.126904e-01	9.487363e-01	9.138800e-01	8.833496e-01	8.842984e-01	8.570280e-01	8.310600e-01	9.345842e-01	8.951348e-01	8.579304e-01	8.646534e-01	8.281589e-01	8.218114e-01	9.422097e-01	8.330879e-01	9.985443e-01	9.976729e-01	9.339040e-01	8.403031e-01	8.839379e-01	9.058446e-01	8.331162e-01	8.296474e-01	8.253988e-01	1.001924e+00	9.899931e-01	9.383088e-01	9.420745e-01	8.245057e-01	9.458024e-01	8.649253e-01	9.145429e-01	8.445756e-01	8.263841e-01	8.769101e-01	9.996932e-01	8.389996e-01	9.043864e-01	8.235364e-01	9.929006e-01	9.400799e-01	8.928780e-01	9.983253e-01	9.388177e-01	9.161420e-01	8.333728e-01	9.337140e-01	8.403113e-01	9.900521e-01	9.948332e-01	8.234159e-01	8.270274e-01	8.212836e-01	9.330159e-01	8.978468e-01	8.957510e-01	9.018816e-01	9.091467e-01	1.035340e+00	8.967876e-01	9.190771e-01	9.380106e-01	9.977010e-01	9.046425e-01	9.856228e-01	9.308013e-01	9.340177e-01	9.996022e-01	9.986058e-01	9.920167e-01	9.802252e-01	8.864218e-01	8.891252e-01	9.252287e-01	9.260091e-01	8.990887e-01	8.656072e-01	9.543678e-01	8.358819e-01	9.271399e-01	8.374674e-01	8.381259e-01	8.764207e-01	8.517292e-01	8.491060e-01	9.340043e-01	8.986346e-01	9.274311e-01	9.332157e-01	8.739844e-01	9.091896e-01	9.274596e-01	9.299814e-01	9.964201e-01	8.953579e-01	8.737284e-01	9.877673e-01	1.031375e+00	8.993893e-01	9.080873e-01	9.113467e-01	8.578334e-01	8.540810e-01	8.679833e-01	1.030501e+00	8.260630e-01	8.461968e-01	8.350689e-01	8.664016e-01	1.027900e+00	9.257995e-01	8.495765e-01	1.009605e+00	9.868606e-01	9.730677e-01	9.844485e-01	1.034620e+00	1.081606e+00	1.015459e+00	9.188494e-01	1.068945e+00	9.340141e-01	9.328530e-01	9.177336e-01	9.324036e-01	9.707121e-01	9.585538e-01	8.396442e-01	9.897964e-01	8.660168e-01	9.161187e-01	9.521175e-01	1.007181e+00	9.102995e-01	9.087275e-01	9.413085e-01	9.957437e-01	9.321067e-01	9.472331e-01	9.857666e-01	9.714584e-01	9.037479e-01	9.335643e-01	9.332001e-01	1.020194e+00	8.963087e-01	9.338909e-01	1.021558e+00	9.578364e-01	9.598096e-01	9.323622e-01	9.019040e-01	8.452614e-01	9.904739e-01	9.253941e-01	9.335534e-01	9.704490e-01	9.331948e-01	8.565296e-01	9.045103e-01	9.126152e-01	8.893021e-01	9.223067e-01	9.950643e-01	8.615205e-01	9.426462e-01	8.888573e-01	9.801698e-01	9.562365e-01	9.873675e-01	9.301650e-01	8.670628e-01	9.677710e-01	9.693776e-01	1.021833e+00	8.816347e-01	8.827819e-01	8.743708e-01	8.539005e-01	9.335761e-01	1.011966e+00	8.708137e-01	8.811114e-01	8.854312e-01	9.339322e-01	9.938978e-01	9.993276e-01	9.053466e-01	9.792738e-01	9.317981e-01	1.010065e+00	9.338499e-01	9.475139e-01	9.878160e-01	9.929161e-01	9.953563e-01	9.327535e-01	8.939036e-01	9.971157e-01	1.002379e+00	8.849434e-01	1.050996e+00	1.044445e+00	1.030107e+00	8.697015e-01	1.000265e+00	9.162954e-01	9.984528e-01	9.095138e-01	9.309398e-01	9.196794e-01	9.937583e-01	8.746197e-01	8.985288e-01	9.651241e-01	1.049282e+00	9.453282e-01	8.480617e-01	1.002932e+00	8.496336e-01	8.248623e-01	9.192918e-01	9.361074e-01	8.943989e-01	9.308142e-01	9.286847e-01	9.622256e-01	8.678561e-01	9.267921e-01	9.179416e-01	9.986942e-01	1.006601e+00	9.886812e-01	8.517225e-01	9.993095e-01	
VECTORS Momentum double
0.000000e+00	0.000000e+00	0.0	0.000000e+00	0.000000e+00	0.0	9.979696e-01	-5.530211e-03	0.0	1.013115e+00	1.241705e-02	0.0	1.011500e+00	-1.510081e-02	0.0	9.978550e-01	4.433394e-03	0.0	0.000000e+00	0.000000e+00	0.0	0.000000e+00	0.000000e+00	0.0	0.000000e+00	0.000000e+00	0.0	0.000000e+00	0.000000e+00	0.0	0.000000e+00	0.000000e+00	0.0	0.000000e+00	0.000000e+00	0.0	0.000000e+00	0.000000e+00	0.0	0.000000e+00	0.000000e+00	0.0	0.000000e+00	0.000000e+00	0.0	0.000000e+00	0.000000e+00	0.0	0.000000e+00	0.000000e+00	0.0	0.000000e+00	0.000000e+00	0.0	0.000000e+00	0.000000e+00	0.0	0.000000e+00	0.000000e+00	0.0	0.000000e+00	0.000000e+00	0.0	0.000000e+00	0.000000e+00	0.0	0.000000e+00	0.000000e+00	0.0	0.000000e+00	0.000000e+00	0.0	0.000000e+00	0.000000e+00	0.0	0.000000e+00	0.000000e+00	0.0	0.000000e+00	0.000000e+00	0.0	0.000000e+00	0.000000e+00	0.0	0.000000e+00	0.000000e+00	0.0	0.000000e+00	0.000000e+00	0.0	0.000000e+00	0.000000e+00	0.0	0.000000e+00	0.000000e+00	0.0	0.000000e+00	0.000000e+00	0.0	0.000000e+00	0.000000e+00	0.0	0.000000e+00	0.000000e+00	0.0	0.000000e+00	0.000000e+00	0.0	0.000000e+00	0.000000e+00	0.0	0.000000e+00	0.000000e+00	0.0	0.000000e+00	0.000000e+00	0.0	0.000000e+00	0.000000e+00	0.0	0.000000e+00	0.000000e+00	0.0	0.000000e+00	0.000000e+00	0.0	0.000000e+00	0.000000e+00	0.0	0.000000e+00	0.000000e+00	0.0	0.000000e+00	0.000000e+00	0.0	0.000000e+00	0.000000e+00	0.0	0.000000e+00	0.000000e+00	0.0	0.000000e+00	0.000000e+00	0.0	0.000000e+00	0.000000e+00	0.0	0.000000e+00	0.000000e+00	0.0	0.000000e+00	0.000000e+00	0.0	0.000000e+00	0.000000e+00	0.0	0.000000e+00	0.000000e+00	0.0	0.000000e+00	0.000000e+00	0.0	0.000000e+00	0.000000e+00	0.0	0.000000e+00	0.000000e+00	0.0	0.000000e+00	0.000000e+00	0.0	0.000000e+00	0.000000e+00	0.0	0.000000e+00	0.000000e+00	0.0	0.000000e+00	0.000000e+00	0.0	0.000000e+00	0.000000e+00	0.0	0.000000e+00	0.000000e+00	0.0	0.000000e+00	0.000000e+00	0.0	0.000000e+00	0.000000e+00	0.0	0.000000e+00	0.000000e+00	0.0	0.000000e+00	0.000000e+00	0.0	0.000000e+00	0.000000e+00	0.0	0.000000e+00	0.000000e+00	0.0	0.000000e+00	0.000000e+00	0.0	0.000000e+00	0.000000e+00	0.0	0.000000e+00	0.000000e+00	0.0	0.000000e+00	0.000000e+00	0.0	0.000000e+00	0.000000e+00	0.0	0.000000e+00	0.000000e+00	0.0	0.000000e+00	0.000000e+00	0.0	0.000000e+00	0.000000e+00	0.0	0.000000e+00	0.000000e+00	0.0	0.000000e+00	0.000000e+00	0.0	0.000000e+00	0.000000e+00	0.0	0.000000e+00	0.000000e+00	0.0	0.000000e+00	0.000000e+00	0.0	0.000000e+00	0.000000e+00	0.0	0.000000e+00	0.000000e+00	0.0	0.000000e+00	0.000000e+00	0.0	0.000000e+00	0.000000e+00	0.0	0.000000e+00	0.000000e+00	0.0	0.000000e+00	0.000000e+00	0.0	0.000000e+00	0.000000e+00	0.0	0.000000e+00	0.000000e+00	0.0	0.000000e+00	0.000000e+00	0.0	0.000000e+00	0.000000e+00	0.0	0.000000e+00	0.000000e+00	0.0	0.000000e+00	0.000000e+00	0.0	0.000000e+00	0.000000e+00	0.0	0.000000e+00	0.000000e+00	0.0	0.000000e+00	0.000000e+00	0.0	0.000000e+00	0.000000e+00	0.0	0.000000e+00	0.000000e+00	0.0	0.000000e+00	0.000000e+00	0.0	0.000000e+00	0.000000e+00	0.0	0.000000e+00	0.000000e+00	0.0	0.000000e+00	0.000000e+00	0.0	0.000000e+00	0.000000e+00	0.0	0.000000e+00	0.000000e+00	0.0	0.000000e+00	0.000000e+00	0.0	0.000000e+00	0.000000e+00	0.0	0.000000e+00	0.000000e+00	0.0	0.000000e+00	0.000000e+00	0.0	0.000000e+00	0.000000e+00	0.0	0.000000e+00	0.000000e+00	0.0	0.000000e+00	0.000000e+00	0.0	0.000000e+00	0.000000e+00	0.0	0.000000e+00	0.000000e+00	0.0	0.000000e+00	0.000000e+00	0.0	0.000000e+00	0.000000e+00	0.0	0.000000e+00	0.000000e+00	0.0	0.000000e+00	0.000000e+00	0.0	0.000000e+00	0.000000e+00	0.0	0.000000e+00	0.000000e+00	0.0	0.000000e+00	0.000000e+00	0.0	0.000000e+00	0.000000e+00	0.0	0.000000e+00	0.000000e+00	0.0	0.000000e+00	0.000000e+00	0.0	0.000000e+00	0.000000e+00	0.0	0.000000e+00	0.000000e+00	0.0	0.000000e+00	0.000000e+00	0.0	0.000000e+00	0.000000e+00	0.0	0.000000e+00	0.000000e+00	0.0	0.000000e+00	0.000000e+00	0.0	0.000000e+00	0.000000e+00	0.0	0.000000e+00	0.000000e+00	0.0	0.000000e+00	0.000000e+00	0.0	0.000000e+00	0.000000e+00	0.0	0.000000e+00	0.000000e+00	0.0	0.000000e+00	0.000000e+00	0.0	0.000000e+00	0.000000e+00	0.0	0.000000e+00	0.000000e+00	0.0	0.000000e+00	0.000000e+00	0.0	0.000000e+00	0.000000e+00	0.0	0.000000e+00	0.000000e+00	0.0	0.000000e+00	0.000000e+00	0.0	0.000000e+00	0.000000e+00	0.0	0.000000e+00	0.000000e+00	0.0	0.000000e+00	0.000000e+00	0.0	0.000000e+00	0.000000e+00	0.0	0.000000e+00	0.000000e+00	0.0	0.000000e+00	0.000000e+00	0.0	0.000000e+00	0.000000e+00	0.0	0.000000e+00	0.000000e+00	0.0	0.000000e+00	0.000000e+00	0.0	0.000000e+00	0.000000e+00	0.0	0.000000e+00	0.000000e+00	0.0	0.000000e+00	0.000000e+00	0.0	0.000000e+00	0.000000e+00	0.0	0.000000e+00	0.000000e+00	0.0	0.000000e+00	0.000000e+00	0.0	0.000000e+00	0.000000e+00	0.0	0.000000e+00	0.000000e+00	0.0	0.000000e+00	0.000000e+00	0.0	0.000000e+00	0.000000e+00	0.0	0.000000e+00	0.000000e+00	0.0	0.000000e+00	0.000000e+00	0.0	0.000000e+00	0.000000e+00	0.0	0.000000e+00	0.000000e+00	0.0	0.000000e+00	0.000000e+00	0.0	0.000000e+00	0.000000e+00	0.0	0.000000e+00	0.000000e+00	0.0	0.000000e+00	0.000000e+00	0.0	0.000000e+00	0.000000e+00	0.0	0.000000e+00	0.000000e+00	0.0	0.000000e+00	0.000000e+00	0.0	0.000000e+00	0.000000e+00	0.0	0.000000e+00	0.000000e+00	0.0	0.000000e+00	0.000000e+00	0.0	0.000000e+00	0.000000e+00	0.0	0.000000e+00	0.000000e+00	0.0	0.000000e+00	0.000000e+00	0.0	0.000000e+00	0.000000e+00	0.0	0.000000e+00	0.000000e+00	0.0	0.000000e+00	0.000000e+00	0.0	0.000000e+00	0.000000e+00	0.0	0.000000e+00	0.000000e+00	0.0	0.000000e+00	0.000000e+00	0.0	0.000000e+00	0.000000e+00	0.0	0.000000e+00	0.000000e+00	0.0	0.000000e+00	0.000000e+00	0.0	0.000000e+00	0.000000e+00	0.0	0.000000e+00	0.000000e+00	0.0	0.000000e+00	0.000000e+00	0.0	0.000000e+00	0.000000e+00	0.0	0.000000e+00	0.000000e+00	0.0	0.000000e+00	0.000000e+00	0.0	0.000000e+00	0.000000e+00	0.0	0.000000e+00	0.000000e+00	0.0	0.000000e+00	0.000000e+00	0.0	0.000000e+00	0.000000e+00	0.0	0.000000e+00	0.000000e+00	0.0	0.000000e+00	0.000000e+00	0.0	0.000000e+00	0.000000e+00	0.0	0.000000e+00	0.000000e+00	0.0	0.000000e+00	0.000000e+00	0.0	0.000000e+00	0.000000e+00	0.0	0.000000e+00	0.000000e+00	0.0	0.000000e+00	0.000000e+00	0.0	0.000000e+00	0.000000e+00	0.0	0.000000e+00	0.000000e+00	0.0	0.000000e+00	0.000000e+00	0.0	0.000000e+00	0.000000e+00	0.0	0.000000e+00	0.000000e+00	0.0	0.000000e+00	0.000000e+00	0.0	0.000000e+00	0.000000e+00	0.0	0.000000e+00	0.000000e+00	0.0	0.000000e+00	0.000000e+00	0.0	0.000000e+00	0.000000e+00	0.0	0.000000e+00	0.000000e+00	0.0	0.000000e+00	0.000000e+00	0.0	0.000000e+00	0.000000e+00	0.0	0.000000e+00	0.000000e+00	0.0	0.000000e+00	0.000000e+00	0.0	0.000000e+00	0.000000e+00	0.0	0.000000e+00	0.000000e+00	0.0	0.000000e+00	0.000000e+00	0.0	0.000000e+00	0.000000e+00	0.0	0.000000e+00	0.000000e+00	0.0	0.000000e+00	0.000000e+00	0.0	0.000000e+00	0.000000e+00	0.0	0.000000e+00	0.000000e+00	0.0	0.000000e+00	0.000000e+00	0.0	0.000000e+00	0.000000e+00	0.0	0.000000e+00	0.000000e+00	0.0	0.000000e+00	0.000000e+00	0.0	0.000000e+00	0.000000e+00	0.0	0.000000e+00	0.000000e+00	0.0	0.000000e+00	0.000000e+00	0.0	0.000000e+00	0.000000e+00	0.0	0.000000e+00	0.000000e+00	0.0	0.000000e+00	0.000000e+00	0.0	0.000000e+00	0.000000e+00	0.0	0.000000e+00	0.000000e+00	0.0	0.000000e+00	0.000000e+00	0.0	0.000000e+00	0.000000e+00	0.0	0.000000e+00	0.000000e+00	0.0	0.000000e+00	0.000000e+00	0.0	0.000000e+00	0.000000e+00	0.0	0.000000e+00	0.000000e+00	0.0	0.000000e+00	0.000000e+00	0.0	0.000000e+00	0.000000e+00	0.0	0.000000e+00	0.000000e+00	0.0	0.000000e+00	0.000000e+00	0.0	0.000000e+00	0.000000e+00	0.0	0.000000e+00	0.000000e+00	0.0	0.000000e+00	0.000000e+00	0.0	0.000000e+00	0.000000e+00	0.0	0.000000e+00	0.000000e+00	0.0	0.000000e+00	0.000000e+00	0.0	0.000000e+00	0.000000e+00	0.0	0.000000e+00	0.000000e+00	0.0	0.000000e+00	0.000000e+00	0.0	0.000000e+00	0.000000e+00	0.0	0.000000e+00	0.000000e+00	0.0	0.000000e+00	0.000000e+00	0.0	0.000000e+00	0.000000e+00	0.0	0.000000e+00	0.000000e+00	0.0	0.000000e+00	0.000000e+00	0.0	0.000000e+00	0.000000e+00	0.0	0.000000e+00	0.000000e+00	0.0	0.000000e+00	0.000000e+00	0.0	0.000000e+00	0.000000e+00	0.0	0.000000e+00	0.000000e+00	0.0	0.000000e+00	0.000000e+00	0.0	0.000000e+00	0.000000e+00	0.0	0.000000e+00	0.000000e+00	0.0	0.000000e+00	0.000000e+00	0.0	0.000000e+00	0.000000e+00	0.0	0.000000e+00	0.000000e+00	0.0	0.000000e+00	0.000000e+00	0.0	0.000000e+00	0.000000e+00	0.0	0.000000e+00	0.000000e+00	0.0	0.000000e+00	0.000000e+00	0.0	0.000000e+00	0.000000e+00	0.0	0.000000e+00	0.000000e+00	0.0	0.000000e+00	0.000000e+00	0.0	0.000000e+00	0.000000e+00	0.0	0.000000e+00	0.000000e+00	0.0	0.000000e+00	0.000000e+00	0.0	0.000000e+00	0.000000e+00	0.0	0.000000e+00	0.000000e+00	0.0	0.000000e+00	0.000000e+00	0.0	0.000000e+00	0.000000e+00	0.0	0.000000e+00	0.000000e+00	0.0	0.000000e+00	0.000000e+00	0.0	0.000000e+00	0.000000e+00	0.0	0.000000e+00	0.000000e+00	0.0	0.000000e+00	0.000000e+00	0.0	0.000000e+00	0.000000e+00	0.0	0.000000e+00	0.000000e+00	0.0	0.000000e+00	0.000000e+00	0.0	0.000000e+00	0.000000e+00	0.0	0.000000e+00	0.000000e+00	0.0	0.000000e+00	0.000000e+00	0.0	0.000000e+00	0.000000e+00	0.0	0.000000e+00	0.000000e+00	0.0	0.000000e+00	0.000000e+00	0.0	0.000000e+00	0.000000e+00	0.0	0.000000e+00	0.000000e+00	0.0	0.000000e+00	0.000000e+00	0.0	0.000000e+00	0.000000e+00	0.0	0.000000e+00	0.000000e+00	0.0	0.000000e+00	0.000000e+00	0.0	0.000000e+00	0.000000e+00	0.0	0.000000e+00	0.000000e+00	0.0	0.000000e+00	0.000000e+00	0.0	0.000000e+00	0.000000e+00	0.0	0.000000e+00	0.000000e+00	0.0	0.000000e+00	0.000000e+00	0.0	0.000000e+00	0.000000e+00	0.0	0.000000e+00	0.000000e+00	0.0	0.000000e+00	0.000000e+00	0.0	0.000000e+00	0.000000e+00	0.0	0.000000e+00	0.000000e+00	0.0	0.000000e+00	0.000000e+00	0.0	0.000000e+00	0.000000e+00	0.0	0.000000e+00	0.000000e+00	0.0	0.000000e+00	0.000000e+00	0.0	0.000000e+00	0.000000e+00	0.0	0.000000e+00	0.000000e+00	0.0	0.000000e+00	0.000000e+00	0.0	0.000000e+00	0.000000e+00	0.0	0.000000e+00	0.000000e+00	0.0	0.000000e+00	0.000000e+00	0.0	0.000000e+00	0.000000e+00	0.0	0.000000e+00	0.000000e+00	0.0	0.000000e+00	0.000000e+00	0.0	0.000000e+00	0.000000e+00	0.0	0.000000e+00	0.000000e+00	0.0	0.000000e+00	0.000000e+00	0.0	0.000000e+00	0.000000e+00	0.0	0.000000e+00	0.000000e+00	0.0	0.000000e+00	0.000000e+00	0.0	0.000000e+00	0.000000e+00	0.0	0.000000e+00	0.000000e+00	0.0	0.000000e+00	0.000000e+00	0.0	0.000000e+00	0.000000e+00	0.0	0.000000e+00	0.000000e+00	0.0	0.000000e+00	0.000000e+00	0.0	0.000000e+00	0.000000e+00	0.0	0.000000e+00	0.000000e+00	0.0	0.000000e+00	0.000000e+00	0.0	0.000000e+00	0.000000e+00	0.0	0.000000e+00	0.000000e+00	0.0	0.000000e+00	0.000000e+00	0.0	0.000000e+00	0.000000e+00	0.0	0.000000e+00	0.000000e+00	0.0	0.000000e+00	0.000000e+00	0.0	0.000000e+00	0.000000e+00	0.0	0.000000e+00	0.000000e+00	0.0	0.000000e+00	0.000000e+00	0.0	0.000000e+00	0.000000e+00	0.0	0.000000e+00	0.000000e+00	0.0	0.000000e+00	0.000000e+00	0.0	0.000000e+00	0.000000e+00	0.0	0.000000e+00	0.000000e+00	0.0	0.000000e+00	0.000000e+00	0.0	0.000000e+00	0.000000e+00	0.0	0.000000e+00	0.000000e+00	0.0	0.000000e+00	0.000000e+00	0.0	0.000000e+00	0.000000e+00	0.0	0.000000e+00	0.000000e+00	0.0	0.000000e+00	0.000000e+00	0.0	0.000000e+00	0.000000e+00	0.0	0.000000e+00	0.000000e+00	0.0	0.000000e+00	0.000000e+00	0.0	0.000000e+00	0.000000e+00	0.0	0.000000e+00	0.000000e+00	0.0	0.000000e+00	0.000000e+00	0.0	0.000000e+00	0.000000e+00	0.0	0.000000e+00	0.000000e+00	0.0	0.000000e+00	0.000000e+00	0.0	0.000000e+00	0.000000e+00	0.0	0.000000e+00	0.000000e+00	0.0	0.000000e+00	0.000000e+00	0.0	0.000000e+00	0.000000e+00	0.0	0.000000e+00	0.000000e+00	0.0	0.000000e+00	0.000000e+00	0.0	0.000000e+00	0.000000e+00	0.0	0.000000e+00	0.000000e+00	0.0	0.000000e+00	0.000000e+00	0.0	0.000000e+00	0.000000e+00	0.0	0.000000e+00	0.000000e+00	0.0	0.000000e+00	0.000000e+00	0.0	0.000000e+00	0.000000e+00	0.0	0.000000e+00	0.000000e+00	0.0	0.000000e+00	0.000000e+00	0.0	0.000000e+00	0.000000e+00	0.0	0.000000e+00	0.000000e+00	0.0	0.000000e+00	0.000000e+00	0.0	0.000000e+00	0.000000e+00	0.0	0.000000e+00	0.000000e+00	0.0	0.000000e+00	0.000000e+00	0.0	0.000000e+00	0.000000e+00	0.0	0.000000e+00	0.000000e+00	0.0	0.000000e+00	0.000000e+00	0.0	0.000000e+00	0.000000e+00	0.0	0.000000e+00	0.000000e+00	0.0	0.000000e+00	0.000000e+00	0.0	0.000000e+00	0.000000e+00	0.0	0.000000e+00	0.000000e+00	0.0	0.000000e+00	0.000000e+00	0.0	0.000000e+00	0.000000e+00	0.0	0.000000e+00	0.000000e+00	0.0	0.000000e+00	0.000000e+00	0.0	0.000000e+00	0.000000e+00	0.0	0.000000e+00	0.000000e+00	0.0	0.000000e+00	0.000000e+00	0.0	0.000000e+00	0.000000e+00	0.0	0.000000e+00	0.000000e+00	0.0	0.000000e+00	0.000000e+00	0.0	0.000000e+00	0.000000e+00	0.0	0.000000e+00	0.000000e+00	0.0	0.000000e+00	0.000000e+00	0.0	0.000000e+00	0.000000e+00	0.0	0.000000e+00	0.000000e+00	0.0	0.000000e+00	0.000000e+00	0.0	0.000000e+00	0.000000e+00	0.0	0.000000e+00	0.000000e+00	0.0	0.000000e+00	0.000000e+00	0.0	9.945724e-01	-9.614195e-03	0.0	9.939433e-01	-1.074636e-02	0.0	9.984427e-01	-8.163234e-03	0.0	1.004598e+00	-3.801530e-03	0.0	1.007906e+00	-8.911474e-04	0.0	1.008658e+00	4.256531e-04	0.0	1.011398e+00	4.516959e-04	0.0	1.015128e+00	9.820657e-04	0.0	1.018468e+00	1.703956e-03	0.0	1.022937e+00	2.199372e-03	0.0	1.025848e+00	3.082138e-03	0.0	1.027299e+00	3.744234e-03	0.0	1.023116e+00	2.077813e-03	0.0	1.002035e+00	2.029875e-02	0.0	9.942130e-01	1.866674e-02	0.0	9.898543e-01	1.946461e-03	0.0	9.927627e-01	-1.614535e-02	0.0	9.995133e-01	-2.138489e-02	0.0	1.022398e+00	-3.405672e-03	0.0	1.027928e+00	-4.816673e-03	0.0	1.027861e+00	-4.229237e-03	0.0	1.026021e+00	-3.669546e-03	0.0	1.022845e+00	-3.571763e-03	0.0	1.019531e+00	-4.282411e-03	0.0	1.017400e+00	-5.639083e-03	0.0	1.017785e+00	-7.544619e-03	0.0	1.020245e+00	-8.532290e-03	0.0	1.018042e+00	-6.462087e-03	0.0	1.009385e+00	8.719590e-04	0.0	9.992308e-01	7.017386e-03	0.0	9.959521e-01	7.650830e-03	0.0	9.949849e-01	4.318119e-04	0.0	9.939454e-01	1.769864e-04	0.0	9.929072e-01	1.069669e-04	0.0	9.933520e-01	-3.079826e-04	0.0	9.947176e-01	-7.177259e-04	0.0	1.014647e+00	-1.501418e-03	0.0	1.019578e+00	-7.362609e-03	0.0	1.014837e+00	2.046157e-03	0.0	1.015945e+00	-4.182892e-03	0.0	1.016116e+00	3.239655e-04	0.0	1.010363e+00	-4.459436e-03	0.0	1.010601e+00	-3.581455e-03	0.0	9.907352e-01	-1.460780e-03	0.0	9.959273e-01	-1.422864e-02	0.0	1.024350e+00	-8.777505e-03	0.0	1.004709e+00	1.421702e-02	0.0	9.794319e-01	-4.935453e-03	0.0	1.012436e+00	5.532016e-03	0.0	9.936262e-01	5.155862e-03	0.0	1.008213e+00	-7.208639e-03	0.0	1.022883e+00	6.428447e-03	0.0	1.038767e+00	-4.090977e-03	0.0	1.005866e+00	-1.110167e-02	0.0	1.015680e+00	-9.620838e-03	0.0	1.020042e+00	-9.680655e-03	0.0	1.019786e+00	-1.078599e-02	0.0	1.012867e+00	-9.540268e-03	0.0	9.735333e-01	-1.867545e-02	0.0	9.898719e-01	-2.472629e-02	0.0	9.587948e-01	-1.410483e-02	0.0	8.820722e-01	-1.900136e-02	0.0	8.239304e-01	-3.004407e-02	0.0	8.610900e-01	9.753570e-03	0.0	8.260977e-01	1.744001e-02	0.0	8.098841e-01	-5.270417e-02	0.0	7.591486e-01	3.134129e-02	0.0	8.999564e-01	5.706962e-03	0.0	9.809242e-01	1.052070e-02	0.0	9.791874e-01	-3.595553e-02	0.0	1.007772e+00	-4.579285e-02	0.0	-1.849148e-03	6.936405e-04	0.0	-1.907985e-03	6.725068e-04	0.0	1.029839e+00	-2.264256e-02	0.0	1.040403e+00	-2.901626e-02	0.0	3.792522e-03	-9.760288e-04	0.0	8.392098e-03	-2.079476e-03	0.0	1.030564e+00	-5.642187e-02	0.0	3.767018e-04	1.724480e-04	0.0	1.053830e+00	-3.170393e-02	0.0	5.113137e-02	-4.845228e-03	0.0	3.244949e-02	-4.301451e-03	0.0	3.217999e-02	-5.050156e-03	0.0	1.853854e-02	-3.649364e-03	0.0	1.062591e+00	-6.109154e-02	0.0	1.029077e+00	-1.998410e-02	0.0	1.024921e+00	-1.530348e-02	0.0	7.920999e-01	-6.886735e-02	0.0	1.015863e+00	4.478777e-03	0.0	1.019212e+00	-1.706839e-03	0.0	1.014739e+00	-6.330696e-04	0.0	1.015869e+00	-2.267162e-03	0.0	1.022219e+00	-1.022430e-03	0.0	1.029552e+00	2.763608e-03	0.0	4.076408e-02	-7.043829e-04	0.0	4.147327e-02	-1.226305e-03	0.0	3.571821e-02	-1.516100e-03	0.0	6.529933e-02	-3.306057e-03	0.0	1.027380e+00	-3.827163e-03	0.0	1.958017e-02	-1.544116e-04	0.0	3.036628e-02	5.934654e-05	0.0	2.479765e-02	1.223905e-04	0.0	3.662272e-02	1.782534e-05	0.0	1.471417e-02	1.963558e-03	0.0	3.058191e-02	-2.083949e-04	0.0	1.493672e-02	6.222934e-04	0.0	1.398820e-02	1.216114e-03	0.0	1.863119e-02	-3.391192e-05	0.0	1.781528e-02	1.989903e-03	0.0	1.410855e-02	1.057422e-03	0.0	1.655994e-02	2.820378e-04	0.0	2.041404e-02	-9.606738e-05	0.0	1.416448e-02	7.937638e-04	0.0	1.040187e+00	-4.605594e-03	0.0	6.130916e-02	-3.496084e-03	0.0	1.001920e+00	-8.781127e-03	0.0	9.512074e-01	-9.940578e-03	0.0	9.209307e-01	-3.734166e-03	0.0	9.388422e-01	-7.696256e-04	0.0	9.533990e-01	-6.786016e-03	0.0	9.523561e-01	4.383122e-04	0.0	9.576145e-01	-4.323483e-03	0.0	9.623341e-01	1.386149e-03	0.0	9.619452e-01	-2.488044e-03	0.0	9.696478e-01	1.789063e-03	0.0	9.706677e-01	3.234955e-03	0.0	9.926636e-01	2.783321e-03	0.0	9.663863e-01	-1.404272e-03	0.0	9.750134e-01	2.866990e-03	0.0	9.907640e-01	2.370773e-03	0.0	9.882667e-01	1.653913e-02	0.0	9.846518e-01	1.181437e-03	0.0	9.860444e-01	-6.137831e-03	0.0	9.733525e-01	-1.295441e-02	0.0	9.844091e-01	-1.689112e-02	0.0	9.778099e-01	-2.611040e-02	0.0	9.551279e-01	-1.535666e-02	0.0	9.895147e-01	-1.145556e-02	0.0	9.889450e-01	-2.791115e-02	0.0	9.965361e-01	-4.256554e-02	0.0	9.699552e-01	-6.898199e-02	0.0	3.357798e-02	5.439526e-03	0.0	9.996827e-01	-3.000026e-02	0.0	1.010801e+00	-3.888923e-02	0.0	9.747765e-01	9.108252e-03	0.0	1.008364e+00	-2.500383e-02	0.0	1.016855e+00	-5.772254e-02	0.0	1.028856e+00	-3.901819e-02	0.0	1.042137e+00	-5.084593e-02	0.0	9.926464e-01	-1.108815e-02	0.0	9.828302e-01	-4.844253e-03	0.0	9.893882e-01	-6.460552e-03	0.0	9.972022e-01	3.605616e-03	0.0	9.961680e-01	1.169819e-02	0.0	1.016056e+00	-6.055330e-04	0.0	9.961125e-01	2.059292e-02	0.0	1.007989e+00	3.067965e-02	0.0	9.888985e-01	3.475601e-02	0.0	1.019939e+00	6.820272e-02	0.0	1.019062e+00	-2.641832e-02	0.0	1.028864e+00	-2.294424e-02	0.0	1.039644e+00	-2.541608e-02	0.0	1.055185e+00	-3.454128e-02	0.0	1.038666e+00	-2.026992e-02	0.0	1.051722e+00	-1.122155e-02	0.0	1.046710e+00	1.225138e-02	0.0	1.069689e+00	3.314306e-02	0.0	1.088984e+00	-1.667512e-02	0.0	9.361657e-03	-2.109448e-03	0.0	1.107560e+00	3.440708e-02	0.0	1.183512e-01	7.918680e-03	0.0	1.116714e-01	1.165850e-03	0.0	7.633120e-02	-2.116906e-03	0.0	6.165774e-02	-3.402452e-03	0.0	1.040548e+00	4.167061e-02	0.0	1.027350e+00	2.353071e-02	0.0	9.918455e-01	-5.102140e-03	0.0	1.011241e+00	2.748357e-05	0.0	9.823475e-01	-5.271016e-03	0.0	9.800762e-01	5.823952e-03	0.0	9.951338e-01	-2.044296e-02	0.0	1.008836e+00	-5.169051e-03	0.0	1.016444e+00	7.769850e-04	0.0	9.832497e-01	3.093475e-03	0.0	1.018617e+00	-5.356128e-03	0.0	1.366503e-02	8.874047e-04	0.0	3.487825e-02	2.527359e-03	0.0	1.053756e+00	6.952409e-02	0.0	1.011440e+00	1.077150e-01	0.0	2.044225e-01	3.576877e-02	0.0	2.039601e-01	1.216062e-01	0.0	2.015894e-01	5.796122e-02	0.0	1.665950e-01	7.585653e-02	0.0	1.077634e+00	1.067507e-01	0.0	9.848475e-01	7.026157e-02	0.0	9.510851e-01	8.144843e-02	0.0	9.670122e-01	1.879511e-01	0.0	1.969471e-01	1.930665e-01	0.0	1.623118e-01	1.363589e-01	0.0	9.701277e-01	4.246679e-02	0.0	9.356524e-01	3.409055e-02	0.0	8.644217e-01	8.307461e-02	0.0	9.788592e-01	2.110771e-02	0.0	1.461013e-02	7.909235e-04	0.0	1.545184e-02	5.351876e-04	0.0	9.985721e-01	1.197637e-02	0.0	9.937661e-01	-1.214515e-02	0.0	9.857454e-01	-5.511424e-03	0.0	1.612695e-02	3.868110e-04	0.0	1.744901e-02	1.044271e-04	0.0	1.468040e-02	-4.644812e-05	0.0	4.102124e-02	8.862541e-04	0.0	1.010916e+00	-1.271781e-03	0.0	1.628745e-02	-1.425267e-04	0.0	1.016843e+00	-2.063919e-03	0.0	9.957895e-01	3.828330e-03	0.0	2.435714e-02	-8.913642e-05	0.0	9.655840e-01	2.271238e-02	0.0	9.878529e-01	-8.161187e-03	0.0	9.878901e-01	2.972281e-03	0.0	1.014129e+00	-3.981690e-03	0.0	2.057430e-02	-1.657230e-04	0.0	3.051153e-02	-1.029906e-04	0.0	1.018661e+00	-5.202457e-03	0.0	1.014950e+00	-2.568109e-03	0.0	1.022760e+00	-1.360524e-02	0.0	2.309166e-02	-1.255733e-04	0.0	2.991128e-02	2.665103e-05	0.0	5.633379e-02	2.084720e-04	0.0	2.915391e-02	5.378220e-07	0.0	3.059167e-02	-6.718948e-05	0.0	2.426471e-02	-8.713201e-05	0.0	6.361066e-02	2.864148e-04	0.0	1.146960e-01	1.477420e-03	0.0	1.354061e-01	2.075906e-03	0.0	2.162274e-01	3.887659e-03	0.0	5.697600e-02	8.254936e-04	0.0	4.480432e-02	7.803168e-04	0.0	8.997713e-02	3.097272e-03	0.0	4.098597e-02	2.042969e-03	0.0	4.333616e-02	2.737413e-03	0.0	4.322245e-02	1.567640e-03	0.0	6.411332e-02	5.010114e-04	0.0	9.013205e-02	1.020187e-03	0.0	8.243826e-02	3.210703e-03	0.0	1.649004e-01	6.481227e-03	0.0	1.645843e-01	7.228318e-03	0.0	2.953036e-01	9.415059e-03	0.0	1.586766e-01	5.103148e-03	0.0	7.993191e-02	4.044474e-03	0.0	1.496539e-01	8.484133e-03	0.0	9.857939e-01	8.239562e-03	0.0	2.844880e-02	1.591680e-05	0.0	6.830808e-02	6.309441e-04	0.0	1.279583e-01	1.851791e-03	0.0	2.652631e-02	8.748696e-06	0.0	2.618338e-02	1.029110e-05	0.0	2.161872e-01	3.533090e-03	0.0	3.227790e-02	1.501311e-04	0.0	3.440623e-01	3.975353e-03	0.0	3.948434e-02	1.937831e-04	0.0	2.378419e-02	9.305063e-05	0.0	2.787707e-02	1.266771e-04	0.0	2.338913e-02	7.138640e-05	0.0	1.937993e-01	3.055683e-03	0.0	5.592782e-02	3.830809e-04	0.0	7.054941e-02	5.223163e-04	0.0	2.662159e-02	5.524233e-06	0.0	6.381530e-02	1.797066e-04	0.0	6.272702e-02	1.852210e-04	0.0	1.243045e-01	6.216115e-04	0.0	1.151257e-01	4.744470e-04	0.0	2.072661e-01	1.077259e-03	0.0	1.940343e-01	9.905870e-04	0.0	2.888331e-01	1.397057e-03	0.0	1.080018e-01	7.188685e-04	0.0	1.114177e-01	5.934272e-04	0.0	1.775246e-01	1.713559e-03	0.0	5.691239e-02	1.994418e-04	0.0	9.762573e-02	8.111153e-04	0.0	1.430816e-01	1.519732e-03	0.0	2.407728e-02	-9.077557e-05	0.0	2.283194e-02	1.668880e-05	0.0	2.797877e-02	1.352907e-04	0.0	6.662050e-02	4.545102e-04	0.0	2.820312e-02	1.435892e-04	0.0	5.778206e-02	3.676256e-04	0.0	1.175341e-01	8.993078e-04	0.0	2.771903e-02	4.044166e-05	0.0	4.102325e-02	1.416347e-04	0.0	3.575233e-02	9.020002e-05	0.0	2.513293e-02	1.075931e-04	0.0	1.168232e-01	9.996349e-04	0.0	2.080478e-01	1.768859e-03	0.0	2.035872e-01	2.174324e-03	0.0	3.244646e-01	2.612898e-03	0.0	2.513617e-01	2.532926e-03	0.0	1.249206e-01	1.341169e-03	0.0	1.989374e-01	2.220711e-03	0.0	1.230161e-01	1.183987e-03	0.0	1.865424e-01	1.387251e-03	0.0	7.638959e-02	5.633181e-04	0.0	9.877533e-02	5.807502e-04	0.0	1.616139e-01	5.897343e-04	0.0	2.783073e-01	1.054180e-03	0.0	3.378118e-02	2.641891e-05	0.0	2.904722e-02	2.289688e-05	0.0	6.170076e-02	4.355793e-04	0.0	1.838899e-01	1.701919e-03	0.0	8.236034e-02	2.540251e-04	0.0	1.264824e-01	1.628996e-04	0.0	2.909837e-01	2.566165e-03	0.0	4.681374e-01	1.158317e-03	0.0	3.536861e-02	5.153028e-05	0.0	7.195098e-02	1.162617e-04	0.0	3.421466e-02	3.761137e-05	0.0	7.732108e-02	8.585659e-05	0.0	6.228581e-02	6.668079e-05	0.0	7.810248e-02	1.396657e-04	0.0	3.005970e-02	-1.268566e-04	0.0	3.235118e-02	-3.654090e-05	0.0	1.269436e-01	2.029891e-04	0.0	1.392040e-01	5.769936e-04	0.0	2.226069e-01	6.604936e-04	0.0	2.445989e-01	1.315134e-03	0.0	3.423498e-01	9.666451e-04	0.0	1.604375e-01	9.708499e-04	0.0	2.619067e-02	9.287707e-06	0.0	3.042656e-01	4.688542e-04	0.0	4.814488e-01	-2.563357e-04	0.0	1.857351e-01	2.085575e-04	0.0	8.375605e-02	2.943143e-04	0.0	3.006399e-02	-1.468256e-04	0.0	2.510617e-01	1.292258e-03	0.0	2.556769e-02	-3.127288e-04	0.0	3.134039e-02	-2.977791e-04	0.0	3.014416e-02	-1.757405e-04	0.0	4.779552e-02	-3.036719e-04	0.0	7.036629e-02	-2.513544e-04	0.0	6.883598e-02	-1.355114e-04	0.0	1.240454e-01	-2.003389e-04	0.0	1.211776e-01	-4.180993e-04	0.0	2.069028e-01	-2.139872e-04	0.0	2.069443e-01	-2.191456e-04	0.0	3.203453e-01	-1.669216e-04	0.0	3.142235e-01	4.955969e-04	0.0	3.372425e-02	-8.039379e-04	0.0	3.805891e-02	-8.019432e-04	0.0	4.985747e-01	-1.264369e-03	0.0	3.058795e-02	-6.053022e-04	0.0	3.346204e-02	-7.663054e-04	0.0	3.413848e-02	-8.444746e-04	0.0	1.933250e-01	2.680259e-04	0.0	3.027535e-01	3.308458e-04	0.0	1.785017e-01	-5.800805e-05	0.0	2.858485e-01	-3.323988e-04	0.0	2.800410e-02	-4.213769e-04	0.0	4.202629e-01	-9.992389e-04	0.0	1.682184e-01	-6.598710e-04	0.0	2.739114e-01	-1.300628e-03	0.0	1.606314e-01	-1.325194e-03	0.0	2.590177e-01	-2.033582e-03	0.0	3.831431e-01	-2.305653e-03	0.0	4.674373e-02	-7.046799e-04	0.0	1.552336e-01	-1.798010e-03	0.0	2.462966e-01	-2.689122e-03	0.0	1.454656e-01	-2.138425e-03	0.0	2.342142e-01	-3.170569e-03	0.0	1.087315e-01	1.104401e-04	0.0	1.159952e-01	-2.500619e-04	0.0	4.492575e-02	-2.365692e-04	0.0	1.337279e-01	-2.387965e-03	0.0	2.158663e-01	-3.044889e-03	0.0	3.756142e-02	-1.359677e-03	0.0	5.021832e-02	-1.604181e-03	0.0	3.276476e-01	-3.230871e-03	0.0	3.337417e-02	-1.296403e-03	0.0	4.923352e-02	-1.856116e-03	0.0	3.283494e-02	-1.166421e-03	0.0	1.350963e-01	-2.391372e-03	0.0	1.948087e-01	-2.799565e-03	0.0	3.480175e-02	-9.657482e-04	0.0	8.912543e-02	-8.191368e-04	0.0	1.114103e-01	-4.953778e-04	0.0	1.170653e-01	-1.666698e-04	0.0	6.517299e-02	-2.956848e-04	0.0	1.081254e-01	-1.276593e-03	0.0	1.282320e-01	-2.269526e-03	0.0	1.510812e-01	-2.621960e-03	0.0	8.996781e-02	-1.364087e-03	0.0	3.028808e-02	-2.350185e-04	0.0	6.989726e-02	-2.633177e-04	0.0	8.379230e-02	-3.519271e-04	0.0	6.182713e-02	-4.788765e-04	0.0	6.926126e-02	-2.353200e-04	0.0	2.497174e-02	-1.380051e-04	0.0	3.250679e-02	-2.892327e-04	0.0	2.566454e-02	-9.289903e-05	0.0	2.991990e-02	-7.053949e-05	0.0	3.292041e-02	-4.175494e-04	0.0	2.931736e-02	-1.852633e-04	0.0	3.039020e-02	-2.009776e-04	0.0	3.313609e-02	-6.362967e-06	0.0	7.258491e-02	1.273949e-04	0.0	7.050745e-02	2.221024e-04	0.0	3.758846e-02	-5.032613e-04	0.0	3.157314e-02	-4.907051e-04	0.0	7.851634e-02	-1.118487e-03	0.0	2.786516e-02	-1.279927e-05	0.0	2.485346e-02	2.319439e-05	0.0	2.910082e-02	7.359122e-05	0.0	3.497341e-02	2.817875e-05	0.0	2.833645e-02	1.469354e-04	0.0	2.331896e-02	1.077113e-04	0.0	2.333726e-02	8.752221e-05	0.0	2.878754e-02	1.438704e-04	0.0	3.855003e-02	1.763731e-04	0.0	2.734575e-02	9.870584e-05	0.0	6.111986e-02	4.255551e-04	0.0	3.177460e-02	1.586093e-04	0.0	2.659243e-02	9.505548e-05	0.0	2.391190e-02	1.168122e-04	0.0	3.639022e-02	3.219408e-05	0.0	2.680172e-02	5.399685e-05	0.0	2.693216e-02	5.994028e-05	0.0	6.841277e-02	2.571924e-04	0.0	3.141588e-02	2.242526e-05	0.0	2.160121e-02	-3.931753e-07	0.0	3.325506e-02	-5.653219e-04	0.0	4.138406e-02	-7.513046e-04	0.0	3.115199e-02	-6.979835e-04	0.0	3.886153e-02	-7.828426e-04	0.0	8.793538e-02	-1.612507e-03	0.0	2.245013e-02	-2.371232e-05	0.0	2.915956e-02	-6.908893e-04	0.0	4.454007e-01	8.798416e-04	0.0	6.457671e-01	-3.145450e-03	0.0	3.928858e-01	2.259056e-03	0.0	3.883111e-02	-1.095292e-03	0.0	9.445441e-02	-2.165808e-03	0.0	7.662182e-02	-1.986707e-03	0.0	9.559161e-02	-2.428991e-03	0.0	1.494875e-01	-3.132545e-03	0.0	1.694064e-01	-3.470963e-03	0.0	2.462731e-01	-3.720581e-03	0.0	2.720444e-01	-3.799453e-03	0.0	3.831620e-01	-3.403792e-03	0.0	1.842557e-01	-3.671180e-03	0.0	2.560706e-01	-3.158937e-03	0.0	3.275099e-02	-1.059396e-03	0.0	1.070569e-01	-2.764406e-03	0.0	1.063342e-01	-2.826769e-03	0.0	1.613058e-01	-3.790245e-03	0.0	2.703632e-01	-4.289111e-03	0.0	4.809638e-02	-2.276114e-03	0.0	4.874548e-02	-2.417743e-03	0.0	4.672029e-02	-2.078129e-03	0.0	3.909945e-02	-1.721928e-03	0.0	4.465756e-02	-2.300085e-03	0.0	2.466900e-01	-4.796545e-03	0.0	3.718534e-01	-4.811215e-03	0.0	1.528756e-01	-4.022169e-03	0.0	2.068572e-01	-4.980390e-03	0.0	1.183457e-01	-3.615023e-03	0.0	1.445713e-01	-4.315273e-03	0.0	2.366453e-01	-5.482205e-03	0.0	1.857040e-01	-5.231604e-03	0.0	3.094129e-01	-6.241673e-03	0.0	2.428564e-01	-6.367828e-03	0.0	3.755538e-01	-6.808361e-03	0.0	4.425656e-01	-6.013493e-03	0.0	5.354713e-01	-5.091674e-03	0.0	4.410961e-02	-2.553891e-03	0.0	4.411002e-02	-2.619146e-03	0.0	3.837291e-02	-2.135863e-03	0.0	4.262034e-01	-6.862336e-03	0.0	3.295970e-01	-5.762692e-03	0.0	4.926289e-01	-5.453054e-03	0.0	5.213888e-01	-5.254082e-03	0.0	6.384643e-01	-5.761240e-03	0.0	1.502384e-01	-5.034238e-03	0.0	1.597581e-01	-5.599811e-03	0.0	2.807224e-01	-7.343224e-03	0.0	2.762847e-01	-7.621319e-03	0.0	1.714602e-01	-6.314011e-03	0.0	1.678643e-01	-6.285684e-03	0.0	2.208667e-01	-7.268614e-03	0.0	3.669494e-01	-7.325420e-03	0.0	5.099360e-01	-4.694997e-03	0.0	7.182685e-02	-3.249741e-03	0.0	7.675692e-02	-4.077914e-03	0.0	3.020979e-01	-7.783405e-03	0.0	1.716787e-01	-6.717128e-03	0.0	2.267976e-01	-7.777756e-03	0.0	3.621783e-01	-7.090541e-03	0.0	2.871608e-01	-7.350581e-03	0.0	4.052700e-02	-2.226404e-03	0.0	1.758132e-01	-6.980742e-03	0.0	2.000901e-01	-7.137878e-03	0.0	3.261366e-01	-5.430402e-03	0.0	2.269047e-01	-6.164785e-03	0.0	3.550854e-01	-1.201662e-03	0.0	4.474136e-01	1.145760e-03	0.0	4.907463e-01	9.095786e-03	0.0	2.602425e-01	-2.840859e-03	0.0	5.092035e-02	-3.080521e-03	0.0	4.363541e-01	-5.849628e-03	0.0	5.935330e-01	-6.686899e-04	0.0	6.768767e-01	-2.402794e-04	0.0	7.652316e-01	5.311908e-03	0.0	7.295084e-01	-2.088369e-03	0.0	1.568736e-01	-5.472860e-03	0.0	1.614707e-01	-4.205911e-03	0.0	2.419304e-01	1.876215e-03	0.0	3.710165e-01	6.325499e-03	0.0	4.876803e-01	2.010113e-02	0.0	7.735185e-02	-1.733458e-03	0.0	7.239647e-02	-4.002807e-03	0.0	1.429358e-01	-5.872145e-03	0.0	7.763666e-02	-1.682005e-03	0.0	1.586527e-01	1.037568e-03	0.0	1.586691e-01	1.100484e-02	0.0	7.154222e-02	2.295258e-03	0.0	7.445325e-02	-3.700636e-03	0.0	7.289004e-02	-3.912711e-03	0.0	6.135358e-02	-3.420570e-03	0.0	5.237968e-02	-3.076848e-03	0.0	1.118758e-01	-5.473772e-03	0.0	1.116247e-01	-5.415931e-03	0.0	1.354053e-01	-5.999499e-03	0.0	5.202762e-02	-3.046132e-03	0.0	4.498463e-02	-2.447494e-03	0.0	1.097367e-01	-4.831751e-03	0.0	2.940740e-02	-7.922301e-04	0.0	3.432871e-02	-8.865597e-04	0.0	6.579592e-02	-3.738236e-03	0.0	9.934582e-01	-6.467288e-03	0.0	4.715193e-02	-1.479497e-03	0.0	4.373153e-02	-1.324950e-03	0.0	4.858937e-02	-2.365654e-03	0.0	1.051615e-01	-4.423526e-03	0.0	8.770196e-02	-3.920714e-03	0.0	4.223864e-02	-1.986070e-03	0.0	9.136654e-02	-3.712821e-03	0.0	4.150876e-02	-1.450832e-03	0.0	9.348477e-02	-2.804355e-03	0.0	1.023819e+00	-1.429232e-02	0.0	1.516881e-01	-6.485926e-03	0.0	2.950774e-02	-7.250848e-04	0.0	9.792334e-01	2.125833e-02	0.0	6.055900e-02	4.935566e-04	0.0	4.721361e-02	-2.546222e-03	0.0	4.986193e-02	-2.770737e-03	0.0	4.881865e-02	-1.825277e-03	0.0	3.221124e-02	-1.225091e-03	0.0	9.454685e-01	4.441949e-03	0.0	4.672696e-02	-1.536873e-03	0.0	3.645819e-02	-1.700134e-03	0.0	3.734807e-02	-1.892149e-03	0.0	3.045076e-01	3.030576e-03	0.0	4.554314e-01	1.931858e-03	0.0	4.597915e-01	5.916498e-04	0.0	6.391937e-01	-3.830091e-03	0.0	9.527552e-01	6.429311e-03	0.0	9.240935e-01	-1.076495e-02	0.0	9.427833e-01	-4.707291e-02	0.0	9.097716e-01	-7.439285e-02	0.0	3.661507e-02	-1.513565e-03	0.0	3.901418e-01	-4.280175e-03	0.0	4.897376e-02	-2.120269e-03	0.0	2.113675e-01	2.710420e-04	0.0	5.106926e-02	-2.511181e-03	0.0	7.694115e-02	-1.590591e-03	0.0	2.358701e-01	1.130744e-02	0.0	3.421012e-01	1.701445e-02	0.0	3.149525e-02	-9.442923e-04	0.0	9.027088e-01	-1.060030e-02	0.0	1.012682e+00	-1.579676e-02	0.0	7.357506e-02	-8.922439e-04	0.0	1.178042e-01	-5.582730e-03	0.0	1.017882e+00	3.462854e-03	0.0	4.030473e-02	-1.740053e-03	0.0	9.390455e-02	-3.339893e-03	0.0	5.836709e-02	-2.256881e-03	0.0	4.448112e-02	-2.333801e-03	0.0	6.935659e-02	5.544586e-04	0.0	3.981567e-01	1.679375e-03	0.0	2.961402e-01	5.394755e-04	0.0	3.045842e-01	-2.924800e-03	0.0	4.504536e-01	-2.730084e-03	0.0	6.960175e-01	-7.125968e-03	0.0	4.673801e-01	-3.456217e-03	0.0	6.302543e-01	-4.777082e-03	0.0	6.531643e-01	-6.115845e-03	0.0	8.115028e-01	-1.108480e-02	0.0	8.478470e-01	-1.336334e-02	0.0	9.542046e-01	-1.739244e-02	0.0	9.782861e-01	-2.203007e-02	0.0	8.519970e-01	-1.481282e-02	0.0	1.001281e+00	-2.788898e-02	0.0	6.829684e-01	-5.789493e-03	0.0	8.374065e-01	-1.370232e-02	0.0	1.019744e+00	-2.220140e-02	0.0	1.010013e+00	-1.807155e-02	0.0	1.049126e+00	-2.401589e-02	0.0	1.040513e+00	-1.301660e-02	0.0	1.052726e+00	-1.680606e-02	0.0	1.049297e+00	-6.551199e-03	0.0	1.014720e+00	3.402803e-03	0.0	1.035735e+00	7.405999e-03	0.0	9.531186e-01	2.442282e-02	0.0	9.986568e-01	2.542639e-02	0.0	8.390464e-01	5.620371e-02	0.0	9.439881e-01	3.794909e-02	0.0	6.664586e-01	6.248127e-02	0.0	3.051234e-01	2.725355e-02	0.0	3.938338e-01	-1.831535e-02	0.0	4.120206e-01	-8.952329e-02	0.0	4.506972e-03	-2.522886e-03	0.0	2.561095e-01	-8.090743e-02	0.0	6.295262e-01	-1.163951e-01	0.0	4.200407e-01	-1.089852e-01	0.0	-1.896442e-03	7.812431e-04	0.0	8.390346e-01	-1.019509e-01	0.0	7.328016e-01	-9.722527e-02	0.0	-2.200888e-03	8.696644e-04	0.0	9.719456e-01	-8.386842e-02	0.0	8.750796e-01	-8.209284e-02	0.0	6.177141e-03	-1.578465e-03	0.0	3.029116e-03	-7.385762e-04	0.0	4.497235e-01	-6.814375e-02	0.0	2.467088e-01	-5.522868e-02	0.0	1.067673e+00	-5.849656e-02	0.0	9.979222e-01	-5.992014e-02	0.0	2.714461e-01	6.393317e-02	0.0	1.149131e-01	-6.459390e-02	0.0	1.373749e-02	-7.049532e-03	0.0	1.108821e+00	-3.276987e-02	0.0	1.113300e+00	-1.740697e-02	0.0	8.911399e-01	-5.350489e-02	0.0	1.599487e-02	-3.343428e-03	0.0	1.076471e+00	-1.040933e-02	0.0	2.388476e-02	-3.689054e-03	0.0	8.055635e-01	-7.107475e-02	0.0	1.206758e-02	-2.787459e-03	0.0	7.602117e-01	-4.225514e-02	0.0	1.726708e-02	-3.297418e-03	0.0	1.955366e-02	-3.440875e-03	0.0	5.571371e-01	2.191683e-02	0.0	1.142906e+00	1.436138e-02	0.0	1.130920e+00	2.757588e-02	0.0	3.635507e-02	-4.322543e-03	0.0	8.363234e-01	-1.065887e-01	0.0	1.017555e+00	-7.875449e-04	0.0	1.071585e+00	2.699459e-02	0.0	5.664822e-02	-4.419523e-03	0.0	1.150173e+00	6.569019e-02	0.0	1.128550e+00	8.444267e-02	0.0	7.460888e-01	-1.304639e-02	0.0	8.835424e-01	2.936263e-02	0.0	5.262280e-02	-2.504459e-03	0.0	7.899725e-02	-2.546355e-03	0.0	1.163202e+00	1.194320e-01	0.0	1.165140e+00	1.573552e-01	0.0	9.770518e-01	8.853031e-02	0.0	8.371556e-02	-6.099138e-04	0.0	8.730101e-02	1.170076e-06	0.0	1.149889e+00	8.710235e-02	0.0	1.143496e+00	1.697344e-01	0.0	1.121847e+00	2.259402e-01	0.0	1.085216e+00	1.709178e-01	0.0	1.109227e+00	2.023537e-01	0.0	1.129136e-01	3.382382e-03	0.0	8.632562e-02	1.005749e-03	0.0	1.469159e-01	1.738954e-02	0.0	1.342737e-01	1.276973e-02	0.0	1.064055e+00	2.575450e-01	0.0	2.799317e-01	1.056665e-01	0.0	1.088572e+00	3.275405e-01	0.0	1.738424e-01	3.984049e-02	0.0	8.976196e-01	-1.278353e-02	0.0	9.637327e-01	-1.001587e-02	0.0	5.574086e-01	-3.798820e-03	0.0	9.195947e-01	1.699402e-02	0.0	7.464788e-01	4.761676e-02	0.0	6.407435e-01	1.975140e-02	0.0	1.129242e+00	4.850177e-03	0.0	8.646410e-01	-1.561857e-02	0.0	9.559713e-01	-2.531466e-02	0.0	9.452838e-01	-2.474444e-02	0.0	1.027519e+00	-3.615514e-02	0.0	1.012510e+00	-3.847920e-02	0.0	1.057626e+00	-4.855474e-02	0.0	1.060883e+00	-6.001195e-02	0.0	1.179775e-01	4.190775e-03	0.0	7.497263e-02	7.755624e-03	0.0	1.007959e+00	-4.684882e-02	0.0	1.062444e+00	-7.341872e-02	0.0	2.165728e-02	3.354325e-03	0.0	1.060568e+00	-7.761691e-02	0.0	1.067933e+00	-1.021633e-01	0.0	1.065126e+00	-1.063742e-01	0.0	1.068020e+00	-1.566373e-01	0.0	1.021334e+00	-1.245825e-01	0.0	1.066089e+00	-1.544217e-01	0.0	1.055911e+00	-2.370763e-01	0.0	8.918593e-01	-5.354245e-02	0.0	1.034176e+00	-3.215765e-01	0.0	2.697532e-01	-7.158845e-02	0.0	2.318678e-01	-2.322503e-02	0.0	9.461622e-01	-2.711380e-01	0.0	9.618924e-01	-1.799407e-01	0.0	9.138534e-01	-1.259086e-01	0.0	8.814308e-01	-4.155371e-01	0.0	3.921730e-01	-2.808407e-01	0.0	8.031531e-01	-2.733734e-01	0.0	8.765773e-02	-2.789275e-01	0.0	6.640772e-01	-3.123326e-01	0.0	4.273464e-02	6.210182e-02	0.0	-3.795449e-03	-6.423297e-02	0.0	7.545444e-01	-1.653059e-01	0.0	6.610293e-01	-7.878169e-02	0.0	7.847262e-01	-5.900734e-02	0.0	8.844983e-01	-2.267357e-02	0.0	7.852480e-01	-1.698622e-02	0.0	8.798480e-01	-2.889297e-02	0.0	6.390523e-01	-3.298157e-03	0.0	7.444634e-01	-1.246149e-02	0.0	9.736585e-01	-1.134229e-01	0.0	9.627785e-01	-5.122976e-02	0.0	7.561672e-01	-1.831130e-02	0.0	5.071289e-01	7.156281e-03	0.0	5.651630e-01	1.870957e-03	0.0	2.236341e-01	1.215106e-02	0.0	3.701194e-01	6.258251e-03	0.0	4.588601e-01	-1.215550e-01	0.0	1.150296e-01	1.422566e-01	0.0	6.010701e-01	5.488947e-02	0.0	4.156252e-01	1.160085e-01	0.0	6.044011e-01	2.299322e-01	0.0	7.087333e-01	1.524474e-01	0.0	7.636347e-01	2.582829e-01	0.0	7.121861e-01	3.791968e-01	0.0	2.017822e-01	1.397334e-01	0.0	2.339604e-01	1.715095e-01	0.0	8.350792e-01	3.468689e-01	0.0	8.539256e-01	4.451850e-01	0.0	2.358589e-01	1.241063e-01	0.0	2.202292e-01	1.241793e-01	0.0	2.231068e-01	1.095605e-01	0.0	9.386542e-01	3.714200e-01	0.0	9.646249e-01	4.172586e-01	0.0	8.605953e-01	2.331444e-01	0.0	8.461487e-01	4.375254e-01	0.0	7.168229e-01	4.640388e-01	0.0	5.478307e-01	3.825226e-01	0.0	4.185329e-01	2.920289e-01	0.0	9.785537e-01	-3.545355e-01	0.0	6.720944e-01	-5.974831e-03	0.0	7.023165e-01	-7.843085e-03	0.0	1.073777e+00	-6.319207e-02	0.0	6.119504e-01	3.351489e-02	0.0	4.199039e-01	4.159121e-02	0.0	2.466497e-01	3.540489e-02	0.0	2.483278e-01	6.439801e-02	0.0	9.989906e-02	2.741500e-02	0.0	4.861440e-01	6.177086e-02	0.0	1.025964e+00	3.451668e-01	0.0	9.781034e-01	2.685951e-01	0.0	1.034557e+00	1.015394e-02	0.0	6.621593e-01	-5.942500e-03	0.0	4.645469e-01	7.518426e-03	0.0	1.009001e+00	-8.732953e-02	0.0	6.449026e-01	-5.437890e-01	0.0	4.340826e-01	-3.860411e-01	0.0	8.602173e-01	-4.897657e-01	0.0	1.047905e+00	-1.392750e-02	0.0	5.918911e-01	5.545208e-03	0.0	7.118484e-01	-8.286666e-03	0.0	8.584598e-01	-1.529784e-01	0.0	1.056300e+00	-6.017112e-02	0.0	1.035534e+00	-6.988824e-02	0.0	9.957026e-01	-6.039087e-02	0.0	5.074664e-01	-1.205249e-03	0.0	6.717437e-01	-6.314111e-03	0.0	9.449159e-01	-8.482751e-02	0.0	8.018034e-01	1.588928e-02	0.0	5.371343e-01	-1.032164e-03	0.0	5.254618e-01	-9.670287e-04	0.0	4.486804e-01	1.130943e-03	0.0	3.308434e-01	3.508606e-03	0.0	2.691797e-01	2.777068e-03	0.0	3.945563e-01	3.445917e-01	0.0	5.056784e-01	4.090446e-01	0.0	1.937546e-01	1.697867e-01	0.0	1.229549e-01	1.405203e-01	0.0	2.871342e-01	2.804594e-01	0.0	2.598761e-01	2.100373e-01	0.0	5.821399e-01	4.338396e-01	0.0	2.584691e-01	3.444245e-02	0.0	8.443634e-02	1.103277e-01	0.0	2.358822e-01	-1.986180e-01	0.0	1.448435e-01	-2.956485e-01	0.0	5.886648e-01	4.046300e-01	0.0	7.559900e-01	4.777459e-02	0.0	3.038033e-01	1.200183e-02	0.0	4.446990e-01	7.751075e-03	0.0	9.351421e-01	6.211226e-03	0.0	8.894661e-01	-5.436049e-04	0.0	1.018154e+00	1.787590e-01	0.0	2.715176e-01	2.711399e-01	0.0	3.966782e-01	3.526918e-01	0.0	3.994884e-01	3.319114e-01	0.0	2.965712e-01	2.707814e-01	0.0	8.078294e-01	-6.501009e-03	0.0	2.165816e-01	4.823835e-03	0.0	8.750158e-01	4.207782e-02	0.0	8.395094e-01	1.252387e-02	0.0	8.698773e-01	-2.844444e-02	0.0	1.051526e+00	-3.810238e-02	0.0	6.873279e-01	-9.615822e-02	0.0	5.831880e-01	7.681457e-02	0.0	9.847022e-01	-8.510715e-02	0.0	8.091767e-01	1.533586e-01	0.0	8.881059e-01	1.517907e-01	0.0	1.085230e+00	-3.872776e-02	0.0	7.626128e-01	-8.838769e-03	0.0	1.025411e-01	2.504723e-03	0.0	9.876661e-01	-4.135865e-03	0.0	2.798750e-01	1.012189e-02	0.0	1.575476e-01	8.573550e-03	0.0	8.949166e-02	5.569604e-03	0.0	1.176492e-01	1.276186e-01	0.0	1.051969e+00	-2.597473e-02	0.0	9.671139e-01	-2.024903e-03	0.0	5.734609e-01	-5.736114e-04	0.0	6.745089e-02	-3.181917e-04	0.0	9.292581e-01	-1.226342e-01	0.0	6.179634e-01	-4.463572e-03	0.0	7.542586e-01	4.495785e-01	0.0	6.342904e-01	3.619905e-01	0.0	5.406027e-01	3.397101e-01	0.0	2.593998e-01	1.661651e-01	0.0	6.604025e-01	3.483363e-01	0.0	1.825215e-01	1.116836e-01	0.0	3.967255e-01	2.394594e-01	0.0	3.735583e-01	2.161007e-01	0.0	4.271330e-01	2.346136e-01	0.0	4.498247e-01	2.296410e-01	0.0	6.746928e-01	3.337131e-01	0.0	8.952468e-01	3.641637e-01	0.0	2.366624e-01	7.850972e-02	0.0	6.540079e-01	2.765639e-01	0.0	3.149325e-01	1.329799e-01	0.0	1.025500e+00	3.770821e-01	0.0	1.014990e+00	3.295371e-01	0.0	1.084091e+00	2.881721e-01	0.0	8.868146e-01	2.380364e-01	0.0	7.779207e-01	2.465401e-01	0.0	9.701042e-01	2.160296e-01	0.0	7.142171e-01	1.521490e-01	0.0	7.568115e-01	1.386640e-01	0.0	6.039543e-01	1.460746e-01	0.0	1.471350e-01	2.889331e-02	0.0	5.536961e-01	1.512327e-01	0.0	1.637750e-01	4.214629e-02	0.0	5.396017e-01	9.294842e-02	0.0	1.683259e-01	2.435838e-02	0.0	4.842950e-01	6.997092e-02	0.0	6.852269e-01	9.958082e-02	0.0	4.291117e-01	4.930337e-02	0.0	1.172383e-01	5.673298e-03	0.0	5.043129e-01	5.013641e-02	0.0	8.466249e-01	1.196098e-01	0.0	7.124627e-01	7.211346e-02	0.0	9.936757e-01	1.318941e-01	0.0	4.370803e-01	2.970469e-02	0.0	5.328908e-01	3.427128e-02	0.0	8.650206e-01	8.574503e-02	0.0	6.276626e-01	3.651113e-02	0.0	7.943003e-01	4.415843e-02	0.0	4.605520e-01	9.097540e-03	0.0	5.790461e-01	1.113653e-02	0.0	3.205337e-01	5.046229e-03	0.0	6.029080e-02	-1.267422e-03	0.0	3.264030e-01	-2.267408e-03	0.0	8.393010e-02	-3.911665e-03	0.0	3.445479e-01	-5.336957e-03	0.0	6.028961e-01	5.934202e-03	0.0	3.611468e-01	-9.455576e-03	0.0	5.074996e-02	-4.397791e-03	0.0	1.858407e-01	-8.102498e-03	0.0	7.042690e-02	-4.649603e-03	0.0	8.567508e-01	3.829099e-02	0.0	6.296587e-01	1.242666e-03	0.0	4.000059e-01	-1.316834e-02	0.0	2.168076e-01	-1.170875e-02	0.0	6.065462e-01	-1.159384e-02	0.0	3.606668e-01	-1.861468e-02	0.0	4.547287e-02	-4.840351e-03	0.0	2.103402e-01	-1.337217e-02	0.0	1.861067e-01	-1.474140e-02	0.0	2.804113e-01	-2.027626e-02	0.0	4.669205e-02	-5.795939e-03	0.0	1.508115e-01	-1.401049e-02	0.0	1.906644e-01	-1.737111e-02	0.0	3.699141e-01	-2.359700e-02	0.0	2.501125e-01	-2.027588e-02	0.0	3.454497e-02	-4.888240e-03	0.0	5.006692e-01	-2.480121e-02	0.0	3.239618e-01	-2.409219e-02	0.0	5.746708e-01	-2.794691e-02	0.0	3.975965e-01	-2.689267e-02	0.0	2.387696e-02	-3.873373e-03	0.0	2.087408e-01	-1.926501e-02	0.0	2.763085e-01	-2.648844e-02	0.0	4.595954e-01	-3.610927e-02	0.0	3.252849e-01	-3.236255e-02	0.0	1.552286e-01	-1.865337e-02	0.0	1.821289e-01	-2.278270e-02	0.0	2.267151e-02	-3.893291e-03	0.0	3.243769e-01	-3.829860e-02	0.0	1.929616e-01	-2.758025e-02	0.0	3.669505e-01	-3.994033e-02	0.0	2.074298e-01	-2.767418e-02	0.0	3.559120e-01	-3.780886e-02	0.0	2.164133e-01	-2.851825e-02	0.0	4.140763e-01	-4.482289e-02	0.0	2.353891e-01	-3.288684e-02	0.0	1.066957e-01	-1.711366e-02	0.0	1.007419e-01	-1.775155e-02	0.0	2.241623e-01	-3.326929e-02	0.0	9.318730e-02	-1.764216e-02	0.0	7.025384e-03	-1.770296e-03	0.0	1.778405e-01	-2.907819e-02	0.0	9.153833e-02	-1.683498e-02	0.0	5.493286e-03	-1.434002e-03	0.0	1.666850e-01	-2.945234e-02	0.0	8.358930e-02	-1.654214e-02	0.0	1.779161e-01	-3.155359e-02	0.0	7.751895e-02	-1.592107e-02	0.0	2.612963e-03	-7.608771e-04	0.0	1.550490e-01	-2.947012e-02	0.0	7.080994e-02	-1.440731e-02	0.0	2.287313e-03	-4.628748e-04	0.0	3.254243e-01	-5.472123e-02	0.0	7.779344e-02	-1.287319e-02	0.0	1.197925e-02	-2.576693e-03	0.0	1.708110e-01	-3.228484e-02	0.0	7.518843e-02	-1.341924e-02	0.0	4.226024e-02	-8.686775e-03	0.0	1.268176e-02	-2.927853e-03	0.0	1.694832e-01	-2.794302e-02	0.0	6.923267e-02	-1.140182e-02	0.0	-1.147417e-03	4.832722e-04	0.0	2.075579e-01	-3.944525e-02	0.0	6.849048e-02	-1.666030e-02	0.0	-2.466428e-03	7.969182e-04	0.0	1.772314e-02	-2.923845e-03	0.0	1.493851e-02	-4.445777e-03	0.0	5.445040e-02	-1.546085e-02	0.0	-1.604609e-03	6.376082e-04	0.0	9.218416e-03	-3.528839e-03	0.0	3.583908e-02	-1.083505e-02	0.0	1.590704e-02	-1.250864e-03	0.0	1.657647e-01	-3.681633e-02	0.0	2.843254e-02	-5.406247e-03	0.0	2.323599e-02	-3.461254e-03	0.0	3.812886e-02	-8.453975e-03	0.0	3.988642e-03	-1.094638e-03	0.0	9.400077e-02	-1.536101e-02	0.0	1.657797e-02	-3.347300e-03	0.0	8.272273e-02	-1.397653e-02	0.0	1.650961e-02	-3.321715e-03	0.0	1.511133e-01	-1.491803e-02	0.0	7.816892e-03	-2.638202e-03	0.0	2.007484e-02	-5.793555e-03	0.0	-1.717503e-03	7.559710e-04	0.0	5.627544e-02	-1.042752e-02	0.0	1.157289e-02	-2.536771e-03	0.0	1.292996e-01	-1.558826e-02	0.0	4.357327e-01	-5.020892e-02	0.0	3.320674e-02	-7.386048e-03	0.0	4.387711e-02	-9.210697e-03	0.0	3.677161e-02	-7.691342e-03	0.0	1.120941e-01	-1.341510e-02	0.0	3.365927e-02	-7.360837e-03	0.0	6.095527e-02	-1.705196e-02	0.0	4.923349e-02	-1.730745e-02	0.0	-2.361933e-04	-5.138905e-05	0.0	7.538725e-03	-3.501949e-03	0.0	3.098423e-02	-1.840710e-02	0.0	9.441172e-02	-4.113032e-02	0.0	6.016453e-03	-5.485712e-03	0.0	1.680969e-02	-1.629184e-02	0.0	-1.105324e-03	3.810459e-04	0.0	2.536983e-03	-5.700954e-04	0.0	3.464659e-01	-4.931469e-02	0.0	9.666981e-02	-1.340569e-02	0.0	8.668730e-02	-1.335161e-02	0.0	1.055249e-01	-1.222922e-02	0.0	5.888574e-01	-4.577924e-02	0.0	6.107118e-02	-1.033064e-02	0.0	7.276037e-01	-2.874907e-02	0.0	1.251312e-01	-1.296471e-02	0.0	2.840472e-03	-2.642451e-04	0.0	7.886175e-04	-5.447281e-04	0.0	8.680976e-02	-1.433243e-02	0.0	4.904909e-01	-2.128712e-02	0.0	2.627979e-01	7.305905e-05	0.0	3.782452e-02	-7.100990e-03	0.0	2.159711e-02	-4.535066e-03	0.0	3.884835e-02	-7.794072e-03	0.0	2.077898e-01	-3.304054e-03	0.0	4.668900e-03	2.922094e-04	0.0	9.710459e-01	1.778086e-01	0.0	1.217741e-01	-1.263660e-02	0.0	4.967127e-04	1.836337e-04	0.0	2.108486e-01	-5.675825e-03	0.0	-1.576597e-03	5.236392e-04	0.0	-2.668133e-03	8.688676e-04	0.0	9.064846e-01	-2.712170e-02	0.0	8.168540e-01	2.984539e-01	0.0	6.196557e-01	2.398694e-01	0.0	6.182258e-01	2.097112e-01	0.0	2.764214e-01	1.085321e-02	0.0	3.054357e-01	1.002864e-02	0.0	5.032520e-04	-4.799937e-04	0.0	9.030792e-01	1.133677e-02	0.0	9.617511e-03	-1.767175e-03	0.0	8.845949e-02	-1.173852e-02	0.0	1.632145e-02	-3.397779e-03	0.0	4.500597e-02	-8.244142e-03	0.0	3.730229e-02	-6.846411e-03	0.0	3.429147e-02	-6.572691e-03	0.0	4.125498e-02	-7.736995e-03	0.0	4.942959e-02	-8.811840e-03	0.0	3.577617e-02	-6.576985e-03	0.0	3.919591e-02	-6.696912e-03	0.0	1.358205e-02	-2.769256e-03	0.0	2.056388e-02	-3.530846e-03	0.0	5.836138e-02	-8.551247e-03	0.0	5.958156e-02	-8.599063e-03	0.0	4.281159e-02	-6.805521e-03	0.0	1.785649e-02	-3.147852e-03	0.0	1.316780e-02	-2.585550e-03	0.0	1.999895e-02	-3.920709e-03	0.0	4.971595e-03	-1.309363e-03	0.0	5.559562e-03	-1.451067e-03	0.0	1.711600e-02	-3.966716e-03	0.0	9.433784e-03	-2.077729e-03	0.0	1.075725e-02	-2.344577e-03	0.0	3.282667e-02	-6.221910e-03	0.0	1.546128e-02	-3.255973e-03	0.0	7.823453e-03	-1.923634e-03	0.0	7.829882e-03	-1.884708e-03	0.0	7.529347e-03	-1.881316e-03	0.0	6.064685e-03	-1.524586e-03	0.0	2.896654e-02	-4.640985e-03	0.0	6.028186e-02	-8.517356e-03	0.0	3.902728e-02	-5.805298e-03	0.0	2.592240e-02	-4.050081e-03	0.0	3.500305e-02	-4.440208e-03	0.0	4.182827e-02	-5.073844e-03	0.0	9.376744e-02	-1.001441e-02	0.0	7.285470e-02	-7.820121e-03	0.0	-1.562731e-03	8.809004e-04	0.0	-5.614694e-04	9.379444e-04	0.0	-2.379908e-03	9.868269e-04	0.0	5.615499e-02	-6.867799e-03	0.0	-7.596367e-04	5.030980e-04	0.0	1.012743e-03	6.560570e-04	0.0	2.024171e-03	4.528582e-04	0.0	5.795891e-03	-3.947540e-04	0.0	3.320277e-02	-4.381127e-03	0.0	4.950547e-03	-1.320966e-03	0.0	1.181552e-02	-2.912290e-03	0.0	1.110403e-02	-2.662434e-03	0.0	6.317033e-02	-4.435308e-02	0.0	3.729135e-02	-3.574660e-02	0.0	5.137976e-02	-3.341656e-02	0.0	3.727769e-02	-3.187129e-02	0.0	9.586363e-02	2.032324e-02	0.0	1.779775e-02	-1.638064e-02	0.0	7.561748e-03	-4.016208e-03	0.0	5.946338e-03	-5.898437e-03	0.0	2.209880e-03	-1.512091e-03	0.0	1.112400e-01	-4.559109e-03	0.0	1.084344e-02	-7.718632e-03	0.0	1.774117e-02	-1.256187e-02	0.0	2.580099e-03	-6.015138e-04	0.0	7.598329e-03	-1.612570e-03	0.0	9.009753e-03	-1.968284e-03	0.0	2.038242e-03	-5.189482e-04	0.0	1.088937e-03	-1.862512e-04	0.0	1.185010e-03	-6.201788e-05	0.0	3.425267e-03	-9.198103e-04	0.0	1.020225e-02	-2.569967e-03	0.0	2.951768e-03	-7.835917e-04	0.0	4.907726e-03	-1.278822e-03	0.0	3.497033e-02	-4.772631e-03	0.0	8.618333e-02	-1.019196e-02	0.0	6.990391e-02	-8.366455e-03	0.0	2.901184e-02	-3.994083e-03	0.0	2.732622e-02	-4.097498e-03	0.0	2.651346e-03	-6.977225e-04	0.0	3.732318e-02	-4.011061e-03	0.0	5.267403e-02	-4.375068e-03	0.0	1.214749e-01	-8.629578e-03	0.0	1.080709e-01	-8.305288e-03	0.0	1.064030e-01	-7.561476e-03	0.0	1.445019e-01	-8.604628e-03	0.0	9.793852e-02	-5.223937e-03	0.0	1.482120e-01	-5.872112e-03	0.0	2.347241e-01	-1.224066e-02	0.0	4.451435e-02	-3.705086e-03	0.0	3.920597e-02	-3.672687e-03	0.0	-1.431144e-03	5.692757e-04	0.0	-1.454160e-03	5.151069e-04	0.0	-2.067122e-03	6.793323e-04	0.0	-1.979848e-03	7.984812e-04	0.0	-1.749455e-03	8.656992e-04	0.0	-1.995780e-03	5.691401e-04	0.0	-1.784305e-03	6.867336e-04	0.0	-1.887407e-03	8.186851e-04	0.0	5.876124e-02	-2.963069e-03	0.0	1.397760e-01	-4.535634e-03	0.0	-1.800350e-03	7.535810e-04	0.0	1.997657e-02	-4.611679e-03	0.0	1.691912e-02	-3.982137e-03	0.0	2.502223e-02	-5.629193e-03	0.0	8.057740e-02	-1.086375e-03	0.0	1.819573e-01	1.257722e-03	0.0	1.811617e-01	2.560510e-03	0.0	3.606153e-01	1.299628e-02	0.0	1.283903e-01	1.629227e-02	0.0	1.878382e-01	4.002709e-02	0.0	1.282268e-01	7.706727e-03	0.0	2.827685e-01	2.383574e-02	0.0	2.292736e-01	1.435655e-02	0.0	1.541870e-02	-3.617481e-03	0.0	4.459647e-01	9.184932e-02	0.0	7.783762e-04	-8.096175e-04	0.0	-7.273688e-04	1.479764e-04	0.0	1.172089e-03	-2.237114e-03	0.0	5.345168e-01	1.890653e-01	0.0	3.893760e-01	1.281654e-01	0.0	3.442904e-01	1.225315e-01	0.0	4.769251e-01	1.481442e-01	0.0	6.511580e-01	-5.935195e-02	0.0	1.557039e-01	-1.620224e-02	0.0	2.513834e-01	6.868474e-02	0.0	2.714077e-03	-1.442687e-03	0.0	3.814218e-01	9.078793e-02	0.0	7.619623e-03	-3.757390e-03	0.0	-2.000635e-03	5.495912e-04	0.0	-1.651868e-03	8.111019e-04	0.0	2.849672e-02	-6.618048e-03	0.0	1.604899e-02	-3.750272e-03	0.0	1.266871e-02	-7.264893e-03	0.0	2.425129e-01	-7.022212e-02	0.0	2.771389e-01	8.078084e-03	0.0	6.002776e-02	2.832049e-04	0.0	4.743104e-03	-2.342119e-03	0.0	3.506810e-01	1.049860e-03	0.0	4.216174e-01	-3.818122e-03	0.0	1.815223e-01	3.433282e-03	0.0	1.040486e+00	-2.902143e-02	0.0	3.758257e-01	6.561203e-02	0.0	1.021624e+00	7.481125e-02	0.0	6.388737e-02	-1.286165e-02	0.0	9.406768e-02	2.643120e-03	0.0	1.161939e-01	2.437557e-03	0.0	3.318155e-01	-5.526294e-02	0.0	5.727959e-01	-7.499119e-02	0.0	8.233280e-01	-7.594113e-02	0.0	7.095007e-02	8.885810e-05	0.0	9.401764e-02	-3.489043e-03	0.0	6.842295e-02	4.201033e-03	0.0	2.811188e-02	-2.137124e-02	0.0	3.885298e-02	-1.669347e-02	0.0	9.509043e-02	3.747555e-02	0.0	2.294849e-02	-1.298906e-02	0.0	1.016449e+00	1.453092e-02	0.0	3.128431e-01	4.530193e-02	0.0	2.528799e-01	1.088729e-02	0.0	1.248592e-01	7.544003e-03	0.0	9.736640e-02	7.633194e-03	0.0	1.653324e-01	1.342218e-02	0.0	2.065312e-02	3.000858e-03	0.0	7.556776e-02	7.880687e-03	0.0	9.855983e-02	1.057127e-02	0.0	1.715173e-02	2.560071e-03	0.0	2.319513e-01	1.629815e-02	0.0	1.402785e-01	1.323439e-02	0.0	3.343806e-01	1.495566e-02	0.0	2.081517e-01	1.632244e-02	0.0	2.080348e-02	3.769968e-03	0.0	4.764430e-01	7.666233e-03	0.0	3.409129e-01	1.580459e-02	0.0	6.566526e-01	-1.775280e-02	0.0	4.727469e-01	3.211705e-03	0.0	4.960559e-02	6.496349e-03	0.0	1.317550e-01	1.418656e-02	0.0	1.660076e-01	1.664312e-02	0.0	3.908290e-02	5.920771e-03	0.0	2.248197e-01	1.476315e-02	0.0	3.869034e-02	5.501937e-03	0.0	4.949116e-01	-9.834490e-03	0.0	8.058578e-01	-6.042882e-02	0.0	5.751734e-01	-3.929387e-02	0.0	1.201434e-01	7.903907e-03	0.0	9.163415e-01	-1.895643e-01	0.0	6.068654e-02	4.318904e-03	0.0	6.283828e-02	4.427840e-03	0.0	9.485787e-02	1.071121e-02	0.0	3.162401e-01	4.155403e-03	0.0	5.794741e-01	-6.648971e-02	0.0	7.696707e-01	-1.790486e-01	0.0	9.177431e-01	-7.166161e-02	0.0	6.896394e-02	8.352985e-03	0.0	4.318156e-02	5.917829e-03	0.0	5.412183e-02	6.715432e-03	0.0	5.063959e-02	6.576239e-03	0.0	3.294197e-01	1.571860e-02	0.0	3.208587e-02	2.392421e-03	0.0	7.418202e-02	4.970518e-03	0.0	1.599596e-02	2.404308e-03	0.0	1.788820e-02	2.448546e-03	0.0	4.290611e-02	5.315147e-03	0.0	4.295624e-02	6.585866e-03	0.0	2.337733e-02	4.346351e-03	0.0	2.808196e-02	4.999039e-03	0.0	5.753615e-02	7.088099e-03	0.0	1.476380e-01	1.020914e-02	0.0	1.091441e-01	8.823431e-03	0.0	1.394661e-01	9.352347e-03	0.0	2.159036e-01	5.152152e-03	0.0	3.246424e-01	-7.349923e-03	0.0	1.744921e-01	5.395840e-03	0.0	3.444355e-02	5.044078e-03	0.0	6.192503e-01	-5.385682e-03	0.0	8.794067e-02	1.111921e-02	0.0	8.108341e-02	9.483527e-03	0.0	4.937650e-02	6.507106e-03	0.0	4.449874e-02	4.484750e-03	0.0	3.079692e-02	3.725156e-03	0.0	4.189161e-02	3.647289e-03	0.0	1.627509e-02	1.634485e-03	0.0	1.151150e-02	1.110312e-03	0.0	6.457122e-02	9.312298e-03	0.0	8.137473e-01	-2.985841e-01	0.0	4.377121e-01	-5.337303e-02	0.0	5.517527e-01	-1.449673e-01	0.0	6.259674e-01	-3.072176e-01	0.0	1.070246e-02	8.404649e-04	0.0	1.343937e-02	1.083497e-03	0.0	1.471397e-02	1.819963e-03	0.0	5.695233e-02	-8.457675e-03	0.0	1.178394e-01	-9.883493e-03	0.0	8.704231e-02	-3.016935e-03	0.0	4.190306e-02	5.380437e-03	0.0	6.804113e-03	-5.309391e-03	0.0	1.129996e+00	1.653988e-01	0.0	1.134715e+00	1.231804e-01	0.0	2.661849e-01	2.769368e-02	0.0	1.064003e-01	-4.584689e-03	0.0	7.247953e-02	-1.258964e-03	0.0	9.904484e-01	-1.813102e-02	0.0	9.929076e-01	-1.480854e-02	0.0	1.000958e+00	-1.930123e-02	0.0	1.001185e+00	-1.413855e-02	0.0	9.600625e-02	-9.476206e-03	0.0	-7.777300e-04	-4.742106e-04	0.0	7.791896e-01	-1.049727e-02	0.0	8.372049e-01	-1.709755e-02	0.0	3.777149e-01	-3.267190e-03	0.0	2.672509e-01	3.330854e-02	0.0	1.033578e+00	-1.306132e-02	0.0	1.126752e+00	2.707756e-01	0.0	5.962564e-01	-4.208251e-02	0.0	1.062952e-01	-2.739903e-02	0.0	3.956295e-01	-6.850538e-02	0.0	5.220099e-01	-3.546123e-03	0.0	9.948816e-01	6.530552e-03	0.0	2.183494e-02	3.362069e-03	0.0	5.450774e-02	4.497804e-04	0.0	1.009447e+00	7.500966e-04	0.0	4.700320e-01	8.531574e-02	0.0	4.392005e-01	9.112232e-03	0.0	3.810302e-01	2.681706e-01	0.0	4.384597e-01	3.309181e-01	0.0	2.482594e-01	1.954218e-01	0.0	1.203400e-01	-5.387368e-03	0.0	1.447542e-01	-2.447721e-03	0.0	5.892447e-03	-1.494552e-03	0.0	3.254970e-01	-3.399771e-03	0.0	-3.200407e-04	3.336686e-04	0.0	1.166980e-01	-4.974090e-03	0.0	2.192608e-02	-4.802428e-03	0.0	5.922597e-03	-7.849638e-04	0.0	7.626450e-03	-1.874351e-03	0.0	9.708859e-01	-2.268878e-04	0.0	2.303843e-02	-3.847191e-03	0.0	9.931607e-01	1.119329e-02	0.0	1.228390e-01	7.451528e-03	0.0	1.711216e-01	-1.656573e-03	0.0	1.447780e-01	-8.098351e-04	0.0	1.305359e-02	-2.797665e-03	0.0	3.260552e-01	9.165877e-02	0.0	7.665009e-02	-1.573661e-03	0.0	4.084607e-02	-4.180667e-03	0.0	1.419660e-01	1.051725e-01	0.0	2.712613e-01	2.281866e-03	0.0	5.871317e-01	-7.064707e-02	0.0	4.922339e-02	-4.621492e-03	0.0	1.051144e-01	-8.616675e-03	0.0	1.390451e-02	-2.954720e-03	0.0	4.509618e-01	-6.298928e-04	0.0	1.036721e+00	-1.007952e-01	0.0	1.103309e+00	-3.857300e-02	0.0	1.110551e+00	-1.454941e-02	0.0	8.422651e-01	3.809878e-01	0.0	5.410575e-01	2.474919e-01	0.0	4.159827e-01	1.689217e-01	0.0	2.063863e-02	-4.493285e-03	0.0	3.084465e-01	2.148381e-03	0.0	3.163297e-02	2.094399e-03	0.0	1.152542e+00	4.769861e-02	0.0	4.635287e-01	-9.254711e-02	0.0	4.933313e-03	-1.311534e-03	0.0	4.578928e-03	-1.159317e-03	0.0	4.179351e-02	-5.869323e-03	0.0	5.902205e-02	-1.995597e-03	0.0	2.036521e-01	-3.275557e-03	0.0	-1.937273e-03	8.142768e-04	0.0	5.600082e-02	-7.581578e-03	0.0	5.192406e-02	-8.268552e-03	0.0	1.524784e-01	2.404421e-02	0.0	1.041964e-01	7.980362e-03	0.0	5.085380e-01	-4.778241e-03	0.0	2.073508e-01	3.965772e-02	0.0	1.022663e+00	-1.707757e-02	0.0	1.024248e+00	-1.231243e-02	0.0	3.003311e-02	-3.297561e-04	0.0	5.135338e-02	-3.849020e-03	0.0	3.109128e-02	-6.785965e-03	0.0	1.752204e-01	8.265283e-02	0.0	7.760562e-02	-3.021564e-03	0.0	7.123173e-02	-1.676470e-03	0.0	7.888170e-02	-8.955343e-07	0.0	1.005766e+00	-1.709667e-02	0.0	1.045187e+00	-3.758191e-02	0.0	3.650338e-01	-3.133379e-03	0.0	4.815081e-01	-3.865497e-03	0.0	1.200443e-01	2.082451e-03	0.0	1.673179e-01	9.702941e-02	0.0	1.888726e-02	-3.479114e-03	0.0	3.460353e-02	1.970073e-03	0.0	3.196678e-01	8.113589e-02	0.0	6.934968e-02	-4.867171e-04	0.0	7.673117e-03	-1.834445e-03	0.0	1.012885e+00	-1.345343e-03	0.0	3.383281e-01	7.340093e-02	0.0	-1.647677e-03	4.835366e-04	0.0	1.108920e-01	1.138675e-02	0.0	1.029717e+00	-1.200755e-02	0.0	4.222594e-01	-4.487943e-04	0.0	1.060592e+00	1.293708e-01	0.0	1.015610e+00	1.756917e-02	0.0	3.798525e-01	-1.595103e-03	0.0	3.696692e-02	1.564884e-03	0.0	2.222675e-01	-3.522612e-02	0.0	8.021618e-02	-1.686529e-03	0.0	1.423700e-01	3.403327e-02	0.0	9.109458e-01	-7.822751e-02	0.0	9.922913e-01	5.914266e-03	0.0	1.180520e-01	2.471093e-03	0.0	2.780064e-01	1.457873e-02	0.0	9.120726e-02	3.159596e-03	0.0	6.543194e-02	-9.033685e-06	0.0	2.551056e-01	1.143481e-01	0.0	1.945984e-02	2.999508e-03	0.0	-1.715005e-03	7.008707e-04	0.0	3.380102e-02	2.586668e-03	0.0	8.920986e-01	2.690330e-02	0.0	-2.358129e-03	8.243488e-04	0.0	8.643718e-01	-6.176477e-02	0.0	1.040880e+00	-4.365095e-02	0.0	9.674072e-01	1.056397e-02	0.0	-8.163539e-04	-4.803515e-04	0.0	1.004695e+00	-7.483597e-02	0.0	6.701149e-02	4.960238e-04	0.0	1.220589e-01	-8.841267e-05	0.0	1.010548e+00	9.215318e-03	0.0	1.007018e+00	-1.062254e-02	0.0	1.032567e+00	7.621744e-03	0.0	3.820959e-01	2.592256e-01	0.0	1.373832e-02	-3.369773e-03	0.0	8.381406e-01	-1.216896e-02	0.0	1.100423e-01	1.364639e-03	0.0	1.369293e-01	1.588215e-03	0.0	5.412775e-01	-7.257877e-02	0.0	1.923331e-02	-3.558336e-03	0.0	9.926026e-01	-6.981926e-02	0.0	5.543723e-02	-3.113712e-03	0.0	6.194716e-02	2.006399e-04	0.0	5.667286e-02	-3.423103e-03	0.0	4.333607e-02	-2.952143e-03	0.0	7.434687e-03	-1.739368e-03	0.0	7.511038e-02	7.621307e-03	0.0	3.659523e-02	-4.137756e-03	0.0	7.407452e-02	-5.909429e-04	0.0	-1.925280e-03	7.358403e-04	0.0	9.299476e-02	-4.425044e-03	0.0	1.265127e-01	4.721687e-04	0.0	2.674123e-02	4.450987e-03	0.0	8.740226e-01	-4.348048e-02	0.0	1.959523e-01	1.447941e-03	0.0	3.188535e-01	1.484699e-03	0.0	1.021618e+00	-1.169884e-02	0.0	1.022838e+00	5.739963e-02	0.0	1.561422e-01	-2.179993e-02	0.0	9.155434e-01	4.352861e-01	0.0	7.899764e-01	4.255058e-01	0.0	-1.743587e-03	6.394337e-04	0.0	3.105976e-02	2.475130e-03	0.0	1.106028e+00	2.438239e-01	0.0	1.794207e-01	5.660890e-02	0.0	2.199583e-01	6.698506e-02	0.0	1.580450e-01	-2.314995e-02	0.0	9.135126e-01	8.783707e-02	0.0	2.186441e-01	7.981407e-03	0.0	2.925429e-01	-1.132877e-02	0.0	1.629842e-01	-1.438798e-03	0.0	4.548704e-02	-7.926352e-03	0.0	1.654692e-01	1.392841e-01	0.0	7.043709e-02	4.523904e-04	0.0	2.851639e-02	-3.377335e-03	0.0	9.747805e-01	1.242624e-01	0.0	1.045458e+00	1.331995e-01	0.0	1.083187e+00	6.351259e-02	0.0	6.652660e-01	-5.059474e-01	0.0	3.838231e-01	-4.621261e-01	0.0	3.275851e-01	-4.790880e-01	0.0	9.650985e-01	-3.363726e-02	0.0	1.938507e-01	9.755369e-02	0.0	1.342090e-01	1.409559e-01	0.0	1.930473e-01	6.068740e-04	0.0	1.873144e-01	1.018500e-01	0.0	3.819466e-02	9.889239e-04	0.0	7.856990e-02	-2.590129e-03	0.0	7.487930e-01	3.596171e-02	0.0	6.143737e-01	-1.880418e-02	0.0	1.044510e-01	7.241633e-03	0.0	1.039513e+00	-9.288320e-02	0.0	1.545916e-01	5.278201e-02	0.0	2.995109e-01	-9.851869e-02	0.0	7.896990e-01	2.767325e-02	0.0	9.913871e-01	6.677168e-03	0.0	4.021733e-01	1.915866e-01	0.0	1.824488e-01	-7.702631e-02	0.0	5.850159e-01	-3.683159e-03	0.0	1.021836e+00	-1.097564e-02	0.0	1.219046e-01	1.402890e-04	0.0	1.067552e+00	-2.270690e-01	0.0	1.746515e-01	1.233446e-01	0.0	1.788564e-01	1.202418e-01	0.0	1.107688e-02	1.467084e-03	0.0	6.607648e-01	-1.127482e-01	0.0	8.009766e-01	-2.958662e-02	0.0	9.105027e-01	2.864696e-01	0.0	-1.988839e-03	7.383226e-04	0.0	3.003898e-02	-3.116887e-04	0.0	9.228304e-01	2.117345e-01	0.0	1.118911e+00	1.178837e-01	0.0	1.118090e+00	7.032748e-02	0.0	6.813201e-02	1.656550e-04	0.0	1.291109e-01	-3.604631e-02	0.0	1.419083e-01	3.846709e-02	0.0	1.047390e+00	-1.800005e-03	0.0	9.656372e-01	3.580898e-01	0.0	4.786695e-01	-4.210238e-03	0.0	1.093493e+00	8.213873e-03	0.0	8.535734e-02	-2.296699e-03	0.0	7.267235e-02	-9.178445e-03	0.0	1.054156e+00	4.556672e-02	0.0	5.278969e-02	3.510504e-03	0.0	3.032601e-01	-4.874532e-02	0.0	1.478271e-01	2.501414e-03	0.0	1.036214e+00	2.684786e-03	0.0	2.181634e-01	-2.146047e-02	0.0	6.013021e-01	-4.225018e-03	0.0	1.039096e+00	1.686491e-01	0.0	1.067725e+00	-2.189031e-02	0.0	1.135307e+00	3.017409e-02	0.0	1.055270e+00	-4.667736e-02	0.0	1.002039e-01	-4.086185e-03	0.0	5.638453e-01	-2.065817e-02	0.0	1.020836e+00	-5.927635e-02	0.0	1.050559e+00	-7.931730e-02	0.0	9.371826e-01	1.411183e-01	0.0	5.339381e-01	-4.608874e-02	0.0	1.631297e-02	-3.772533e-03	0.0	2.519636e-02	-4.896609e-03	0.0	7.640162e-02	-8.794753e-03	0.0	6.096859e-01	1.207275e-04	0.0	9.775357e-01	1.065886e-04	0.0	2.532911e-01	7.715161e-03	0.0	2.151800e-01	8.444952e-02	0.0	1.871648e-01	7.540368e-02	0.0	6.695133e-02	-4.465658e-04	0.0	1.027554e+00	-1.964215e-03	0.0	1.008769e+00	1.315561e-03	0.0	2.813966e-02	-2.419956e-02	0.0	1.068883e+00	5.754801e-04	0.0	1.154247e+00	2.103256e-01	0.0	9.809134e-01	-4.236789e-02	0.0	7.181953e-02	-1.466455e-03	0.0	5.382845e-01	6.781592e-02	0.0	1.063190e+00	-4.747031e-02	0.0	1.050415e+00	-3.808453e-02	0.0	9.198159e-01	2.392921e-02	0.0	8.071354e-02	-2.418627e-03	0.0	6.515170e-01	-5.238141e-02	0.0	1.019631e+00	4.335374e-02	0.0	1.004259e+00	4.914528e-02	0.0	1.519912e-02	-3.582506e-03	0.0	1.385958e-01	1.310956e-01	0.0	1.440670e-01	1.321097e-01	0.0	9.133943e-01	-4.239355e-02	0.0	1.704334e-01	6.065869e-02	0.0	1.010690e+00	-8.465884e-03	0.0	6.224470e-01	-8.795133e-02	0.0	1.013450e+00	6.962792e-03	0.0	4.161669e-01	1.307116e-02	0.0	1.036248e+00	-3.312136e-02	0.0	1.397366e-01	-2.957175e-03	0.0	1.029943e+00	-5.389612e-02	0.0	1.183553e-01	-1.781661e-02	0.0	6.000060e-01	-6.632587e-02	0.0	7.212144e-01	3.425267e-03	0.0	6.422331e-01	4.395600e-01	0.0	5.596100e-01	-3.270296e-03	0.0	8.527170e-02	-8.103304e-03	0.0	1.004936e+00	-4.979567e-02	0.0	3.688292e-01	-1.120738e-02	0.0	2.544124e-01	2.278521e-02	0.0	7.316394e-01	-2.539486e-02	0.0	2.953391e-01	-3.615540e-03	0.0	1.511788e-02	2.507452e-03	0.0	8.844886e-02	-3.468349e-03	0.0	9.913694e-02	-4.368720e-03	0.0	8.695440e-01	-5.243499e-03	0.0	3.907806e-02	-7.306399e-03	0.0	9.699649e-02	-4.574770e-03	0.0	2.050973e-01	-1.063947e-02	0.0	1.023523e+00	4.489267e-03	0.0	9.917587e-01	-9.029422e-03	0.0	1.040805e+00	9.832435e-02	0.0	8.846535e-02	-9.921183e-03	0.0	1.013758e+00	-5.708555e-03	0.0	
SCALARS Energy double 1
LOOKUP_TABLE default
7.619325e+00	6.715986e+00	7.680337e+00	7.684386e+00	7.677543e+00	7.673875e+00	8.078668e+00	8.536496e+00	8.675894e+00	8.755172e+00	8.800954e+00	8.732789e+00	8.672223e+00	8.558323e+00	8.524886e+00	8.425490e+00	8.353588e+00	8.248000e+00	8.212386e+00	8.150639e+00	8.074002e+00	8.004760e+00	7.933156e+00	7.869262e+00	7.806053e+00	7.719513e+00	7.654218e+00	7.602793e+00	7.507529e+00	7.436667e+00	7.385950e+00	7.336429e+00	7.273988e+00	7.222779e+00	7.168739e+00	7.125451e+00	7.071544e+00	7.022555e+00	6.959475e+00	6.913853e+00	6.851207e+00	6.808931e+00	6.754550e+00	6.704945e+00	6.650139e+00	6.610006e+00	6.582273e+00	6.547644e+00	6.492195e+00	6.461053e+00	6.433347e+00	6.396204e+00	6.366411e+00	6.323818e+00	6.290358e+00	6.267965e+00	6.244323e+00	6.222835e+00	6.204313e+00	6.187296e+00	6.168819e+00	6.147382e+00	6.128769e+00	6.118590e+00	6.112010e+00	6.104975e+00	6.097465e+00	6.086850e+00	6.078870e+00	6.071847e+00	6.066932e+00	6.061055e+00	6.061943e+00	6.067049e+00	6.071771e+00	6.079226e+00	6.089212e+00	6.093458e+00	6.098049e+00	6.106927e+00	6.114035e+00	6.119754e+00	6.124898e+00	6.132338e+00	6.140740e+00	6.147935e+00	6.154723e+00	6.161557e+00	6.166850e+00	6.173857e+00	6.182975e+00	6.189922e+00	6.194626e+00	6.201260e+00	6.208006e+00	6.214968e+00	6.222839e+00	6.230028e+00	6.239776e+00	6.248137e+00	6.256269e+00	6.262253e+00	6.268743e+00	6.275844e+00	6.281826e+00	6.287759e+00	6.294224e+00	6.300687e+00	6.305717e+00	6.311825e+00	6.317719e+00	6.322317e+00	6.326817e+00	6.331496e+00	6.335270e+00	6.339259e+00	6.344505e+00	6.349808e+00	6.354304e+00	6.358433e+00	6.363657e+00	6.369294e+00	6.373529e+00	6.379200e+00	6.384512e+00	6.388972e+00	6.395415e+00	6.400825e+00	6.406249e+00	6.410576e+00	6.416840e+00	6.423049e+00	6.429134e+00	6.434559e+00	6.440664e+00	6.446710e+00	6.452799e+00	6.458766e+00	6.463791e+00	6.468355e+00	6.473371e+00	6.478812e+00	6.483638e+00	6.489168e+00	6.494611e+00	6.499162e+00	6.504028e+00	6.509343e+00	6.513749e+00	6.518387e+00	6.522419e+00	6.526142e+00	6.531351e+00	6.537135e+00	6.542102e+00	6.546458e+00	6.551653e+00	6.556162e+00	6.560369e+00	6.566411e+00	6.571465e+00	6.576577e+00	6.580447e+00	6.584799e+00	6.588941e+00	6.592965e+00	6.596424e+00	6.600383e+00	6.603926e+00	6.607493e+00	6.611282e+00	6.615615e+00	6.619206e+00	6.623085e+00	6.626502e+00	6.630096e+00	6.634033e+00	6.636899e+00	6.640925e+00	6.644373e+00	6.648075e+00	6.651182e+00	6.654663e+00	6.658427e+00	6.661458e+00	6.665168e+00	6.668985e+00	6.672941e+00	6.677378e+00	6.680964e+00	6.685983e+00	6.690939e+00	6.696028e+00	6.700350e+00	6.704816e+00	6.709017e+00	6.713818e+00	6.717404e+00	6.720760e+00	6.723950e+00	6.727389e+00	6.730177e+00	6.732546e+00	6.735608e+00	6.738748e+00	6.741564e+00	6.744763e+00	6.747779e+00	6.751440e+00	6.754856e+00	6.758504e+00	6.762286e+00	6.765260e+00	6.768504e+00	6.771923e+00	6.775345e+00	6.777933e+00	6.779338e+00	6.780333e+00	6.780848e+00	6.780738e+00	6.780849e+00	6.776237e+00	6.771904e+00	6.754798e+00	6.773395e+00	6.859961e+00	6.871642e+00	6.874128e+00	6.875536e+00	6.878931e+00	6.884103e+00	6.888500e+00	6.891850e+00	6.895643e+00	6.899658e+00	6.903117e+00	6.906224e+00	6.910086e+00	6.913638e+00	6.915816e+00	6.919293e+00	6.921946e+00	6.924962e+00	6.927329e+00	6.930444e+00	6.932662e+00	6.934389e+00	6.936656e+00	6.938703e+00	6.940688e+00	6.942505e+00	6.944571e+00	6.946795e+00	6.948693e+00	6.950831e+00	6.953171e+00	6.954787e+00	6.955949e+00	6.957216e+00	6.958904e+00	6.960654e+00	6.962066e+00	6.963286e+00	6.964603e+00	6.965402e+00	6.966280e+00	6.966958e+00	6.967956e+00	6.968873e+00	6.969523e+00	6.970089e+00	6.970870e+00	6.971437e+00	6.972041e+00	6.972807e+00	6.973361e+00	6.973675e+00	6.974218e+00	6.974818e+00	6.975291e+00	6.975709e+00	6.975957e+00	6.976001e+00	6.976145e+00	6.976384e+00	6.976642e+00	6.976803e+00	6.977166e+00	6.977478e+00	6.977643e+00	6.977934e+00	6.978179e+00	6.978358e+00	6.978388e+00	6.978424e+00	6.978314e+00	6.978409e+00	6.978546e+00	6.978596e+00	6.978455e+00	6.978228e+00	6.978119e+00	6.977713e+00	6.977127e+00	6.976546e+00	6.975864e+00	6.974944e+00	6.974165e+00	6.973496e+00	6.972934e+00	6.972346e+00	6.971864e+00	6.971496e+00	6.971122e+00	6.970557e+00	6.969797e+00	6.968921e+00	6.967810e+00	6.966761e+00	6.965773e+00	6.964553e+00	6.963474e+00	6.962508e+00	6.961475e+00	6.960435e+00	6.959566e+00	6.958636e+00	6.957691e+00	6.956852e+00	6.955829e+00	6.955014e+00	6.954221e+00	6.953221e+00	6.952196e+00	6.950945e+00	6.949555e+00	6.948147e+00	6.946796e+00	6.945223e+00	6.943666e+00	6.942267e+00	6.940581e+00	6.938947e+00	6.937438e+00	6.935764e+00	6.933800e+00	6.931944e+00	6.930121e+00	6.928217e+00	6.926254e+00	6.924356e+00	6.922422e+00	6.920553e+00	6.918819e+00	6.917151e+00	6.915276e+00	6.913140e+00	6.911006e+00	6.908947e+00	6.906340e+00	6.903345e+00	6.900529e+00	6.897090e+00	6.893819e+00	6.890677e+00	6.887998e+00	6.884458e+00	6.881362e+00	6.877678e+00	6.873955e+00	6.870332e+00	6.865328e+00	6.860624e+00	6.854711e+00	6.848492e+00	6.842076e+00	6.835623e+00	6.828964e+00	6.821849e+00	6.814517e+00	6.807487e+00	6.799439e+00	6.792070e+00	6.783791e+00	6.775942e+00	6.768972e+00	6.760664e+00	6.752207e+00	6.744591e+00	6.737088e+00	6.727660e+00	6.717396e+00	6.706683e+00	6.694724e+00	6.681588e+00	6.669794e+00	6.658137e+00	6.642828e+00	6.628258e+00	6.609966e+00	6.595215e+00	6.576450e+00	6.550131e+00	6.528915e+00	6.504086e+00	6.481146e+00	6.452390e+00	6.427156e+00	6.396658e+00	6.365802e+00	6.337690e+00	6.300892e+00	6.261373e+00	6.214903e+00	6.177790e+00	6.171578e+00	6.143403e+00	6.090902e+00	6.047489e+00	6.016393e+00	6.031633e+00	6.091372e+00	6.348833e+00	6.501321e+00	6.963135e+00	7.683930e+00	7.687535e+00	7.680162e+00	7.666015e+00	7.655548e+00	7.650543e+00	7.650238e+00	7.650092e+00	7.649119e+00	7.650998e+00	7.651312e+00	7.654346e+00	7.657632e+00	7.645626e+00	7.588663e+00	7.559567e+00	7.577607e+00	7.632278e+00	7.651552e+00	7.649681e+00	7.647382e+00	7.645837e+00	7.642349e+00	7.637317e+00	7.631477e+00	7.625714e+00	7.623071e+00	7.632175e+00	7.656797e+00	7.675023e+00	7.675972e+00	7.682759e+00	7.700853e+00	7.708615e+00	7.704317e+00	7.687699e+00	7.655336e+00	7.635430e+00	7.640180e+00	7.637859e+00	7.648936e+00	7.631021e+00	7.655021e+00	7.710830e+00	7.686417e+00	7.620758e+00	7.665852e+00	7.578635e+00	7.635183e+00	7.693590e+00	7.627270e+00	7.621499e+00	7.585990e+00	7.665064e+00	7.646924e+00	7.627972e+00	7.635463e+00	7.634684e+00	7.606495e+00	7.618215e+00	7.590021e+00	7.526678e+00	7.462130e+00	7.515745e+00	7.463991e+00	7.445462e+00	7.399942e+00	7.546360e+00	7.630033e+00	7.616461e+00	7.616792e+00	6.718737e+00	6.755413e+00	7.640845e+00	7.621173e+00	6.625228e+00	6.575614e+00	7.599001e+00	6.669116e+00	7.566889e+00	6.295706e+00	6.355402e+00	6.417983e+00	6.478753e+00	7.522247e+00	7.615339e+00	7.634840e+00	7.438553e+00	7.652120e+00	7.657899e+00	7.652401e+00	7.657609e+00	7.649825e+00	7.641238e+00	6.978177e+00	6.972688e+00	6.957576e+00	6.931234e+00	7.628657e+00	6.888813e+00	6.927362e+00	6.952615e+00	6.968578e+00	6.734997e+00	6.976875e+00	6.831339e+00	6.780985e+00	6.865779e+00	6.758627e+00	6.803465e+00	6.850304e+00	6.874136e+00	6.817783e+00	7.610588e+00	6.897095e+00	7.628948e+00	7.585375e+00	7.560107e+00	7.574191e+00	7.585144e+00	7.583684e+00	7.586836e+00	7.592005e+00	7.587153e+00	7.593510e+00	7.609487e+00	7.623950e+00	7.585174e+00	7.592547e+00	7.709757e+00	7.707154e+00	7.721462e+00	7.715818e+00	7.740350e+00	7.718963e+00	7.730567e+00	7.771478e+00	7.705469e+00	7.708470e+00	7.693437e+00	7.745810e+00	6.523458e+00	7.682749e+00	7.661564e+00	7.739008e+00	7.664425e+00	7.647570e+00	7.621542e+00	7.596054e+00	7.691771e+00	7.602664e+00	7.614802e+00	7.618979e+00	7.680263e+00	7.651906e+00	7.684567e+00	7.657249e+00	7.706275e+00	7.628050e+00	7.643053e+00	7.622034e+00	7.602644e+00	7.575492e+00	7.584387e+00	7.555912e+00	7.569173e+00	7.512277e+00	7.488426e+00	6.525724e+00	7.425097e+00	6.090999e+00	6.121915e+00	6.167856e+00	6.217907e+00	7.584883e+00	7.612581e+00	7.702378e+00	7.647850e+00	7.596741e+00	7.584260e+00	7.692575e+00	7.627848e+00	7.646578e+00	7.619040e+00	7.637937e+00	6.810945e+00	6.807819e+00	7.555782e+00	7.657735e+00	6.166077e+00	7.128232e+00	6.313247e+00	6.713276e+00	7.492208e+00	7.709517e+00	7.775611e+00	7.730487e+00	7.999854e+00	7.638053e+00	7.749195e+00	7.806552e+00	7.948596e+00	7.729095e+00	6.825135e+00	6.838054e+00	7.617092e+00	7.605622e+00	7.609020e+00	6.843992e+00	6.855701e+00	6.860818e+00	6.860466e+00	7.653962e+00	6.870162e+00	7.658750e+00	7.640574e+00	6.878182e+00	7.757829e+00	7.616758e+00	7.614130e+00	7.636398e+00	6.881543e+00	6.885190e+00	7.642333e+00	7.650386e+00	7.634023e+00	6.891523e+00	6.911386e+00	6.891061e+00	6.903669e+00	6.897799e+00	6.894772e+00	6.896004e+00	6.896203e+00	6.905920e+00	6.915506e+00	6.876015e+00	6.869159e+00	6.867287e+00	6.835311e+00	6.821771e+00	6.847649e+00	6.902026e+00	6.888269e+00	6.855608e+00	6.873251e+00	6.858970e+00	6.900580e+00	6.883443e+00	6.843730e+00	6.843274e+00	7.716523e+00	6.907064e+00	6.907731e+00	6.912721e+00	6.919784e+00	6.915926e+00	6.925882e+00	6.941826e+00	6.959009e+00	6.935163e+00	6.938107e+00	6.944615e+00	6.931172e+00	6.928137e+00	6.910544e+00	6.914309e+00	6.921546e+00	6.922302e+00	6.925094e+00	6.929637e+00	6.932533e+00	6.946686e+00	6.947978e+00	6.970171e+00	6.923682e+00	6.936578e+00	6.950481e+00	6.919184e+00	6.938833e+00	6.948185e+00	6.900994e+00	6.923462e+00	6.946130e+00	6.947236e+00	6.948969e+00	6.944441e+00	6.950974e+00	6.960434e+00	6.957060e+00	6.958807e+00	6.954584e+00	6.954338e+00	6.967624e+00	6.971091e+00	7.003130e+00	6.971486e+00	6.958751e+00	6.973713e+00	6.961262e+00	6.972950e+00	6.943298e+00	6.960359e+00	6.970758e+00	6.997255e+00	6.964367e+00	6.962371e+00	6.949115e+00	6.958622e+00	6.960939e+00	6.967686e+00	6.978042e+00	7.046576e+00	6.959812e+00	6.961466e+00	6.961495e+00	6.964863e+00	6.965116e+00	6.967505e+00	6.972446e+00	6.971031e+00	6.971419e+00	6.975750e+00	6.990110e+00	6.999024e+00	7.028260e+00	6.982122e+00	6.966357e+00	7.009415e+00	7.086250e+00	6.979569e+00	6.970759e+00	6.972980e+00	7.003047e+00	6.978478e+00	6.978378e+00	6.974137e+00	6.978231e+00	6.974764e+00	6.973887e+00	6.979848e+00	6.980679e+00	6.994264e+00	6.996279e+00	7.026242e+00	7.027711e+00	6.976084e+00	6.977133e+00	7.106370e+00	6.977464e+00	6.976515e+00	6.975528e+00	6.996064e+00	7.025871e+00	6.994039e+00	7.020755e+00	6.978443e+00	7.070955e+00	6.992614e+00	7.017024e+00	6.991163e+00	7.012604e+00	7.054373e+00	6.978879e+00	6.989993e+00	7.008787e+00	6.987818e+00	7.004555e+00	6.977094e+00	6.981792e+00	6.975913e+00	6.985235e+00	6.999745e+00	6.966558e+00	6.969951e+00	7.031616e+00	6.964801e+00	6.962776e+00	6.968123e+00	6.984977e+00	6.994931e+00	6.974019e+00	6.981873e+00	6.984297e+00	6.983834e+00	6.975290e+00	6.983742e+00	6.983552e+00	6.985737e+00	6.981321e+00	6.977241e+00	6.979011e+00	6.980962e+00	6.979987e+00	6.978314e+00	6.973422e+00	6.978116e+00	6.971839e+00	6.971455e+00	6.978482e+00	6.974652e+00	6.976256e+00	6.970242e+00	6.972880e+00	6.971402e+00	6.978667e+00	6.978452e+00	6.980728e+00	6.969353e+00	6.963236e+00	6.957596e+00	6.965597e+00	6.950300e+00	6.947514e+00	6.943094e+00	6.953740e+00	6.955672e+00	6.936529e+00	6.939113e+00	6.939599e+00	6.932898e+00	6.951525e+00	6.967441e+00	6.925575e+00	6.929292e+00	6.930676e+00	6.913875e+00	6.917897e+00	6.978183e+00	6.977976e+00	6.976733e+00	6.977415e+00	6.980380e+00	6.909334e+00	6.976192e+00	7.062299e+00	7.181187e+00	7.036509e+00	6.973700e+00	6.977502e+00	6.975310e+00	6.975980e+00	6.983271e+00	6.985039e+00	7.002692e+00	7.008194e+00	7.048077e+00	6.985988e+00	7.008431e+00	6.971046e+00	6.974886e+00	6.973640e+00	6.979652e+00	7.005009e+00	6.945981e+00	6.939845e+00	6.951639e+00	6.955169e+00	6.935366e+00	6.995684e+00	7.037594e+00	6.976318e+00	6.983865e+00	6.969235e+00	6.969480e+00	6.987187e+00	6.972411e+00	7.004051e+00	6.980822e+00	7.021805e+00	7.057300e+00	7.096885e+00	6.914247e+00	6.906954e+00	6.920167e+00	7.032646e+00	7.016574e+00	7.087873e+00	7.107524e+00	7.178623e+00	6.962441e+00	6.959487e+00	6.983926e+00	6.975611e+00	6.955200e+00	6.949355e+00	6.954487e+00	6.999860e+00	7.066981e+00	6.862732e+00	6.878158e+00	6.969402e+00	6.938484e+00	6.940967e+00	6.981855e+00	6.948504e+00	6.925782e+00	6.923672e+00	6.918822e+00	6.950470e+00	6.912981e+00	6.948487e+00	6.995367e+00	7.012186e+00	6.908682e+00	6.888081e+00	7.021820e+00	7.106843e+00	7.176096e+00	7.236158e+00	7.230574e+00	6.890530e+00	6.879857e+00	6.888688e+00	6.940930e+00	6.996868e+00	6.976905e+00	6.884685e+00	6.937752e+00	6.855112e+00	6.862017e+00	6.847635e+00	6.848983e+00	6.868294e+00	6.912142e+00	6.873189e+00	6.903993e+00	6.909789e+00	6.904922e+00	6.901624e+00	6.900593e+00	6.928106e+00	6.937892e+00	6.974531e+00	6.975093e+00	6.892169e+00	7.689918e+00	6.970819e+00	6.971933e+00	6.943406e+00	6.948648e+00	6.944167e+00	6.947621e+00	6.952846e+00	6.967533e+00	6.970204e+00	7.619838e+00	6.930356e+00	6.975827e+00	7.609625e+00	6.953668e+00	6.923322e+00	6.917948e+00	6.964304e+00	6.965655e+00	7.590752e+00	6.969112e+00	6.949463e+00	6.941354e+00	7.001384e+00	7.061807e+00	7.057145e+00	7.165159e+00	7.775636e+00	7.824666e+00	7.792067e+00	7.844079e+00	6.960993e+00	7.048544e+00	6.953886e+00	6.982283e+00	6.937614e+00	6.978742e+00	6.874628e+00	6.914464e+00	6.973050e+00	7.543890e+00	7.653938e+00	6.980701e+00	6.920967e+00	7.641537e+00	6.956386e+00	6.960733e+00	6.960170e+00	6.933181e+00	6.951616e+00	7.022913e+00	7.017395e+00	7.023873e+00	7.082769e+00	7.215500e+00	7.090614e+00	7.187428e+00	7.199919e+00	7.318083e+00	7.354535e+00	7.450328e+00	7.470278e+00	7.346699e+00	7.487865e+00	7.209652e+00	7.328595e+00	7.518731e+00	7.505028e+00	7.558551e+00	7.543613e+00	7.575605e+00	7.569721e+00	7.507963e+00	7.556963e+00	7.447068e+00	7.531415e+00	7.380984e+00	7.529242e+00	7.319939e+00	7.024188e+00	7.102250e+00	7.030100e+00	6.775367e+00	6.891396e+00	7.141550e+00	6.905778e+00	6.737505e+00	7.256460e+00	7.075524e+00	6.694274e+00	7.305916e+00	7.142991e+00	6.599310e+00	6.647448e+00	6.793540e+00	6.776713e+00	7.363886e+00	7.215017e+00	6.908215e+00	6.808690e+00	6.768313e+00	7.360558e+00	7.287022e+00	7.014079e+00	6.503185e+00	7.154667e+00	6.385576e+00	7.010927e+00	6.550497e+00	6.812742e+00	6.457154e+00	6.439700e+00	7.232856e+00	7.316907e+00	7.204400e+00	6.326368e+00	7.377018e+00	7.021463e+00	7.048064e+00	6.258106e+00	7.199379e+00	7.078984e+00	6.676057e+00	6.740259e+00	6.192366e+00	6.179472e+00	7.270757e+00	7.220518e+00	6.774708e+00	6.139812e+00	6.129771e+00	7.341091e+00	7.318402e+00	7.361572e+00	7.449596e+00	7.001878e+00	6.096585e+00	6.106223e+00	6.119539e+00	6.103176e+00	7.480782e+00	6.543156e+00	7.349821e+00	6.230153e+00	7.391260e+00	7.448591e+00	7.137025e+00	7.388773e+00	7.237069e+00	7.107654e+00	7.405274e+00	7.357011e+00	7.438525e+00	7.419604e+00	7.507180e+00	7.470786e+00	7.548359e+00	7.533245e+00	6.198496e+00	6.350763e+00	7.433557e+00	7.505444e+00	6.656602e+00	7.564511e+00	7.545061e+00	7.433936e+00	7.551498e+00	7.619647e+00	7.304342e+00	7.593558e+00	7.158726e+00	7.493992e+00	6.234113e+00	6.201568e+00	7.773484e+00	7.702922e+00	6.998219e+00	7.768354e+00	6.948658e+00	7.946671e+00	8.187919e+00	8.118819e+00	8.542065e+00	8.636701e+00	8.080839e+00	8.176260e+00	7.982334e+00	7.331409e+00	7.222872e+00	7.282143e+00	7.095167e+00	7.136619e+00	7.743170e+00	7.329691e+00	7.099186e+00	6.952689e+00	6.935796e+00	6.792158e+00	6.952771e+00	8.290005e+00	8.340608e+00	8.189452e+00	8.337058e+00	8.210651e+00	8.139415e+00	8.026853e+00	8.025946e+00	7.341136e+00	7.471138e+00	7.874180e+00	7.740120e+00	6.937630e+00	7.042163e+00	6.813986e+00	7.694356e+00	7.468320e+00	7.904958e+00	7.510457e+00	7.852023e+00	8.151498e+00	8.297923e+00	7.275259e+00	7.209786e+00	7.235120e+00	7.464263e+00	7.096859e+00	6.951664e+00	6.860355e+00	6.841117e+00	6.755126e+00	7.021394e+00	7.526311e+00	7.671974e+00	7.595317e+00	7.160932e+00	6.950717e+00	7.662778e+00	8.034592e+00	8.266632e+00	7.456863e+00	7.594185e+00	7.091285e+00	7.200612e+00	7.917854e+00	7.572280e+00	7.602982e+00	7.693956e+00	7.105436e+00	7.212098e+00	7.792290e+00	7.259443e+00	7.048739e+00	7.050633e+00	7.025617e+00	6.967568e+00	6.953837e+00	8.229689e+00	8.016689e+00	7.825547e+00	8.222408e+00	8.285377e+00	8.431121e+00	7.878681e+00	8.479926e+00	8.484633e+00	8.417621e+00	8.343511e+00	7.687722e+00	8.062864e+00	6.869773e+00	6.974822e+00	7.406615e+00	7.366788e+00	7.624427e+00	8.140513e+00	8.090277e+00	7.838069e+00	7.954045e+00	7.311798e+00	6.902906e+00	7.521715e+00	7.958471e+00	7.908363e+00	7.550571e+00	7.311350e+00	7.193525e+00	7.426657e+00	7.987018e+00	7.891941e+00	7.519193e+00	7.279393e+00	8.493860e+00	7.466385e+00	6.878856e+00	6.823434e+00	6.821870e+00	8.140281e+00	7.587221e+00	7.757031e+00	7.130738e+00	6.976196e+00	7.818941e+00	7.153794e+00	7.685776e+00	7.372995e+00	7.436069e+00	7.254294e+00	7.223365e+00	7.172673e+00	7.254656e+00	7.153185e+00	7.085693e+00	6.987241e+00	7.099872e+00	7.150282e+00	6.434405e+00	6.897651e+00	6.684231e+00	7.305929e+00	7.081510e+00	7.102062e+00	6.741416e+00	6.721182e+00	6.781744e+00	6.490477e+00	6.496122e+00	6.428135e+00	6.188142e+00	6.452989e+00	6.263535e+00	6.315865e+00	6.140142e+00	6.253304e+00	6.409257e+00	6.210334e+00	6.090589e+00	6.263867e+00	6.580988e+00	6.449274e+00	6.787476e+00	6.236712e+00	6.310619e+00	6.625455e+00	6.407073e+00	6.583827e+00	6.324149e+00	6.423463e+00	6.224486e+00	6.151469e+00	6.268470e+00	6.207773e+00	6.298036e+00	6.469581e+00	6.337469e+00	6.277645e+00	6.258321e+00	6.241664e+00	6.687592e+00	6.519462e+00	6.388045e+00	6.299100e+00	6.538999e+00	6.389737e+00	6.312241e+00	6.323197e+00	6.332378e+00	6.373595e+00	6.340849e+00	6.336798e+00	6.357470e+00	6.424722e+00	6.387264e+00	6.370642e+00	6.509513e+00	6.435498e+00	6.574760e+00	6.491375e+00	6.401392e+00	6.411941e+00	6.463252e+00	6.550316e+00	6.498523e+00	6.441219e+00	6.465155e+00	6.429674e+00	6.524355e+00	6.500071e+00	6.565265e+00	6.518454e+00	6.580732e+00	6.555915e+00	6.641165e+00	6.582179e+00	6.543484e+00	6.561026e+00	6.602941e+00	6.581033e+00	6.588029e+00	6.605454e+00	6.594369e+00	6.610099e+00	6.621199e+00	6.617934e+00	6.638064e+00	6.632766e+00	6.635675e+00	6.650725e+00	6.646887e+00	6.658312e+00	6.694984e+00	6.518994e+00	6.517806e+00	6.674362e+00	6.661463e+00	6.564161e+00	6.565157e+00	6.686135e+00	6.685922e+00	6.679803e+00	6.726246e+00	6.707716e+00	6.706558e+00	6.692697e+00	6.708461e+00	6.720160e+00	6.728385e+00	6.722067e+00	6.730962e+00	6.677155e+00	6.735379e+00	6.652941e+00	6.664628e+00	6.619331e+00	6.617991e+00	6.489327e+00	6.487758e+00	6.472107e+00	6.467731e+00	6.374508e+00	6.730387e+00	6.738983e+00	6.746447e+00	6.546332e+00	6.537244e+00	6.420076e+00	6.674675e+00	6.635888e+00	6.585359e+00	6.593887e+00	6.403319e+00	6.608534e+00	6.740585e+00	6.750222e+00	6.768016e+00	6.751003e+00	6.759561e+00	6.767941e+00	6.760563e+00	6.768490e+00	6.762662e+00	6.743329e+00	6.665507e+00	6.444299e+00	6.457092e+00	6.389767e+00	6.698838e+00	6.527315e+00	6.727520e+00	6.360297e+00	6.699125e+00	6.713996e+00	6.505837e+00	6.477699e+00	6.215542e+00	6.534958e+00	6.543716e+00	6.553457e+00	6.208628e+00	6.684713e+00	6.756508e+00	6.351422e+00	6.736289e+00	6.238414e+00	6.705923e+00	6.712381e+00	6.928923e+00	6.880818e+00	6.758534e+00	6.605435e+00	6.166891e+00	6.188061e+00	6.725379e+00	6.807277e+00	6.657273e+00	6.422795e+00	6.494379e+00	6.493277e+00	6.484332e+00	6.499919e+00	6.508714e+00	6.477247e+00	6.463737e+00	6.450210e+00	6.482920e+00	6.423584e+00	6.429250e+00	6.413071e+00	6.435655e+00	6.434181e+00	6.462247e+00	6.472525e+00	6.606723e+00	6.614675e+00	6.612884e+00	6.521833e+00	6.513353e+00	6.517020e+00	6.509772e+00	6.559461e+00	6.555231e+00	6.583179e+00	6.591456e+00	6.406806e+00	6.405293e+00	6.396242e+00	6.390280e+00	6.336260e+00	6.332411e+00	6.334238e+00	6.325405e+00	6.684257e+00	6.691324e+00	6.698420e+00	6.349074e+00	6.675978e+00	6.678989e+00	6.672533e+00	6.667591e+00	6.351448e+00	6.621694e+00	6.624625e+00	6.629449e+00	6.778116e+00	6.775009e+00	6.800311e+00	6.769622e+00	6.812104e+00	6.773679e+00	6.775489e+00	6.771459e+00	6.773263e+00	6.862528e+00	6.775128e+00	6.773660e+00	6.653856e+00	6.650817e+00	6.645570e+00	6.650548e+00	6.661241e+00	6.664566e+00	6.632435e+00	6.635348e+00	6.628705e+00	6.639805e+00	6.364374e+00	6.371990e+00	6.362748e+00	6.359409e+00	6.374685e+00	6.643828e+00	6.306304e+00	6.269867e+00	6.282196e+00	6.290749e+00	6.270125e+00	6.264186e+00	6.235012e+00	6.234245e+00	6.314005e+00	6.263227e+00	6.282445e+00	6.731057e+00	6.729904e+00	6.725024e+00	6.749515e+00	6.746481e+00	6.752214e+00	6.752583e+00	6.743310e+00	6.199060e+00	6.207283e+00	6.733260e+00	6.587071e+00	6.579967e+00	6.573493e+00	6.148459e+00	6.163350e+00	6.152658e+00	6.225543e+00	6.123352e+00	6.213372e+00	6.091233e+00	6.139577e+00	6.120712e+00	6.603468e+00	6.292372e+00	6.769824e+00	6.765338e+00	6.765851e+00	6.615984e+00	6.461473e+00	6.520339e+00	6.446758e+00	6.803057e+00	6.388534e+00	6.887387e+00	6.774904e+00	6.304775e+00	6.775415e+00	6.718908e+00	6.740237e+00	6.626993e+00	6.596388e+00	6.772298e+00	6.797180e+00	6.910027e+00	6.933368e+00	6.776391e+00	7.034769e+00	6.998170e+00	6.144067e+00	7.538940e+00	6.217495e+00	6.868288e+00	6.603868e+00	6.875483e+00	6.884484e+00	6.722489e+00	6.842268e+00	7.035836e+00	6.962856e+00	6.958185e+00	6.831213e+00	6.769733e+00	6.733986e+00	6.726123e+00	6.753880e+00	7.617223e+00	6.178373e+00	6.826433e+00	6.786215e+00	6.765704e+00	6.759831e+00	6.692558e+00	6.746910e+00	6.728943e+00	6.714082e+00	6.754514e+00	6.706403e+00	6.763511e+00	6.684206e+00	6.592505e+00	6.809681e+00	6.695895e+00	6.880317e+00	6.710004e+00	6.432301e+00	6.631127e+00	6.591178e+00	6.625898e+00	6.543074e+00	6.480510e+00	6.629334e+00	6.925605e+00	6.576811e+00	6.305022e+00	6.921068e+00	6.777555e+00	6.792609e+00	6.679014e+00	6.474233e+00	6.491674e+00	6.674132e+00	7.102323e+00	6.651956e+00	6.670530e+00	6.686108e+00	6.706771e+00	6.810477e+00	6.796591e+00	6.806795e+00	6.702950e+00	6.723480e+00	6.732342e+00	6.572938e+00	6.608371e+00	6.545714e+00	6.399277e+00	6.437333e+00	6.465332e+00	6.391883e+00	6.369424e+00	6.368619e+00	6.278370e+00	6.452266e+00	6.926736e+00	6.547049e+00	6.506884e+00	6.370435e+00	6.754755e+00	6.743622e+00	6.767759e+00	6.766607e+00	6.774099e+00	6.603800e+00	6.860234e+00	6.328829e+00	6.426223e+00	6.738517e+00	6.795953e+00	6.789139e+00	6.749165e+00	6.672697e+00	6.309872e+00	6.964306e+00	6.719858e+00	6.774273e+00	7.037252e+00	7.052782e+00	6.137487e+00	6.943148e+00	6.979588e+00	7.706250e+00	7.695779e+00	7.678274e+00	7.673875e+00	6.321423e+00	6.757598e+00	7.277944e+00	7.308982e+00	7.048201e+00	6.145067e+00	7.614535e+00	7.301389e+00	6.668809e+00	6.739117e+00	6.812787e+00	7.120235e+00	7.682062e+00	6.640955e+00	6.881364e+00	7.641901e+00	7.038535e+00	6.880866e+00	7.491008e+00	7.666911e+00	7.591464e+00	6.893206e+00	6.183899e+00	6.579310e+00	7.031629e+00	6.672084e+00	6.220406e+00	6.642665e+00	6.661781e+00	6.570323e+00	7.582025e+00	6.411534e+00	7.693082e+00	6.803770e+00	6.182467e+00	6.164421e+00	6.529972e+00	6.334934e+00	6.978347e+00	6.300800e+00	8.507542e+00	6.993288e+00	7.244044e+00	6.289376e+00	6.298648e+00	6.498655e+00	7.079305e+00	7.321108e+00	7.462875e+00	7.448773e+00	7.215637e+00	6.893259e+00	6.672548e+00	6.557806e+00	6.992391e+00	6.813884e+00	7.328020e+00	6.887778e+00	6.595374e+00	6.602769e+00	6.381854e+00	6.171220e+00	6.994187e+00	6.689200e+00	6.389567e+00	6.444366e+00	6.143062e+00	6.090331e+00	7.106241e+00	6.187590e+00	7.642706e+00	7.641272e+00	6.978601e+00	6.248828e+00	6.600878e+00	6.757243e+00	6.189221e+00	6.159372e+00	6.122749e+00	7.667006e+00	7.595418e+00	7.046726e+00	7.099152e+00	6.116769e+00	7.073462e+00	6.446058e+00	6.828652e+00	6.295616e+00	6.131444e+00	6.545016e+00	7.654236e+00	6.253856e+00	6.759580e+00	6.103737e+00	7.605815e+00	7.072212e+00	6.893545e+00	7.643261e+00	7.053641e+00	6.841356e+00	6.183493e+00	6.977862e+00	6.239167e+00	7.536625e+00	7.609554e+00	6.106952e+00	6.152175e+00	6.087515e+00	6.973158e+00	6.705878e+00	6.677992e+00	6.740268e+00	6.785572e+00	7.884475e+00	6.701977e+00	7.023801e+00	7.210133e+00	7.616016e+00	6.762070e+00	7.535026e+00	6.956137e+00	6.983968e+00	7.645420e+00	7.635606e+00	7.600772e+00	7.383658e+00	6.619877e+00	6.787543e+00	6.915389e+00	6.923173e+00	6.787467e+00	6.451724e+00	7.318396e+00	6.211996e+00	6.927696e+00	6.225489e+00	6.230803e+00	6.541071e+00	6.317997e+00	6.318229e+00	6.980792e+00	6.715944e+00	6.929574e+00	6.978118e+00	6.500489e+00	6.952760e+00	6.939287e+00	6.974394e+00	7.632283e+00	6.897080e+00	6.525628e+00	7.579755e+00	7.873326e+00	6.721588e+00	6.776980e+00	7.055835e+00	6.381661e+00	6.356255e+00	6.477497e+00	7.859732e+00	6.137356e+00	6.289232e+00	6.185990e+00	6.458619e+00	7.724395e+00	6.917783e+00	6.321822e+00	7.717904e+00	7.577241e+00	7.480906e+00	7.508178e+00	7.859625e+00	8.236049e+00	7.757066e+00	6.861534e+00	8.051870e+00	6.990061e+00	6.971879e+00	6.853865e+00	6.967615e+00	7.378293e+00	7.299874e+00	6.220745e+00	7.594151e+00	6.443601e+00	6.876014e+00	7.253694e+00	7.702693e+00	6.830356e+00	6.810911e+00	7.117308e+00	7.624803e+00	6.969092e+00	7.311015e+00	7.390689e+00	7.279101e+00	6.741878e+00	7.079591e+00	7.103132e+00	7.796239e+00	6.698145e+00	6.978555e+00	7.801238e+00	7.387953e+00	7.399815e+00	6.968276e+00	6.752868e+00	6.278542e+00	7.593626e+00	7.118681e+00	7.033185e+00	7.466026e+00	6.973983e+00	6.378610e+00	6.976122e+00	6.813826e+00	6.667259e+00	6.895141e+00	7.626028e+00	6.429496e+00	7.130521e+00	6.859343e+00	7.528151e+00	7.377837e+00	7.577676e+00	6.951156e+00	6.537523e+00	7.422136e+00	7.441031e+00	7.803683e+00	6.646824e+00	6.591302e+00	6.524610e+00	6.357540e+00	7.060470e+00	7.734968e+00	6.487512e+00	6.568641e+00	6.599615e+00	6.980047e+00	7.613293e+00	7.639858e+00	6.771519e+00	7.520535e+00	7.222346e+00	7.720998e+00	6.978808e+00	7.153101e+00	7.581777e+00	7.617267e+00	7.585404e+00	6.970411e+00	6.773000e+00	7.636411e+00	7.671562e+00	6.608226e+00	7.909181e+00	7.856970e+00	7.852113e+00	6.473953e+00	7.656250e+00	6.935871e+00	7.641990e+00	6.827883e+00	7.159373e+00	6.870677e+00	7.616441e+00	6.530395e+00	6.797851e+00	7.363913e+00	7.986261e+00	7.142731e+00	6.311611e+00	7.677099e+00	6.357925e+00	6.129096e+00	6.976744e+00	7.017993e+00	6.667019e+00	6.955607e+00	6.939602e+00	7.349180e+00	6.470702e+00	6.924796e+00	6.902704e+00	7.645481e+00	7.697611e+00	7.583202e+00	6.340661e+00	7.649984e+00	
SCALARS Pressure double 1
LOOKUP_TABLE default
3.047730e+00	2.686394e+00	2.873764e+00	2.869320e+00	2.867158e+00	2.871095e+00	3.231467e+00	3.414599e+00	3.470358e+00	3.502069e+00	3.520382e+00	3.493116e+00	3.468889e+00	3.423329e+00	3.409954e+00	3.370196e+00	3.341435e+00	3.299200e+00	3.284955e+00	3.260255e+00	3.229601e+00	3.201904e+00	3.173262e+00	3.147705e+00	3.122421e+00	3.087805e+00	3.061687e+00	3.041117e+00	3.003012e+00	2.974667e+00	2.954380e+00	2.934571e+00	2.909595e+00	2.889112e+00	2.867496e+00	2.850181e+00	2.828618e+00	2.809022e+00	2.783790e+00	2.765541e+00	2.740483e+00	2.723572e+00	2.701820e+00	2.681978e+00	2.660055e+00	2.644003e+00	2.632909e+00	2.619058e+00	2.596878e+00	2.584421e+00	2.573339e+00	2.558482e+00	2.546565e+00	2.529527e+00	2.516143e+00	2.507186e+00	2.497729e+00	2.489134e+00	2.481725e+00	2.474919e+00	2.467528e+00	2.458953e+00	2.451508e+00	2.447436e+00	2.444804e+00	2.441990e+00	2.438986e+00	2.434740e+00	2.431548e+00	2.428739e+00	2.426773e+00	2.424422e+00	2.424777e+00	2.426820e+00	2.428708e+00	2.431690e+00	2.435685e+00	2.437383e+00	2.439220e+00	2.442771e+00	2.445614e+00	2.447902e+00	2.449959e+00	2.452935e+00	2.456296e+00	2.459174e+00	2.461889e+00	2.464623e+00	2.466740e+00	2.469543e+00	2.473190e+00	2.475969e+00	2.477851e+00	2.480504e+00	2.483202e+00	2.485987e+00	2.489136e+00	2.492011e+00	2.495911e+00	2.499255e+00	2.502508e+00	2.504901e+00	2.507497e+00	2.510337e+00	2.512730e+00	2.515104e+00	2.517690e+00	2.520275e+00	2.522287e+00	2.524730e+00	2.527087e+00	2.528927e+00	2.530727e+00	2.532598e+00	2.534108e+00	2.535704e+00	2.537802e+00	2.539923e+00	2.541722e+00	2.543373e+00	2.545463e+00	2.547718e+00	2.549412e+00	2.551680e+00	2.553805e+00	2.555589e+00	2.558166e+00	2.560330e+00	2.562500e+00	2.564230e+00	2.566736e+00	2.569220e+00	2.571654e+00	2.573824e+00	2.576266e+00	2.578684e+00	2.581119e+00	2.583507e+00	2.585516e+00	2.587342e+00	2.589348e+00	2.591525e+00	2.593455e+00	2.595667e+00	2.597845e+00	2.599665e+00	2.601611e+00	2.603737e+00	2.605499e+00	2.607355e+00	2.608968e+00	2.610457e+00	2.612540e+00	2.614854e+00	2.616841e+00	2.618583e+00	2.620661e+00	2.622465e+00	2.624148e+00	2.626564e+00	2.628586e+00	2.630631e+00	2.632179e+00	2.633919e+00	2.635577e+00	2.637186e+00	2.638570e+00	2.640153e+00	2.641570e+00	2.642997e+00	2.644513e+00	2.646246e+00	2.647683e+00	2.649234e+00	2.650601e+00	2.652038e+00	2.653613e+00	2.654760e+00	2.656370e+00	2.657749e+00	2.659230e+00	2.660473e+00	2.661865e+00	2.663371e+00	2.664583e+00	2.666067e+00	2.667594e+00	2.669176e+00	2.670951e+00	2.672386e+00	2.674393e+00	2.676376e+00	2.678411e+00	2.680140e+00	2.681926e+00	2.683607e+00	2.685527e+00	2.686962e+00	2.688304e+00	2.689580e+00	2.690956e+00	2.692071e+00	2.693018e+00	2.694243e+00	2.695499e+00	2.696625e+00	2.697905e+00	2.699111e+00	2.700576e+00	2.701942e+00	2.703401e+00	2.704914e+00	2.706104e+00	2.707401e+00	2.708769e+00	2.710138e+00	2.711173e+00	2.711735e+00	2.712133e+00	2.712339e+00	2.712295e+00	2.712340e+00	2.710495e+00	2.708761e+00	2.701919e+00	2.709358e+00	2.743985e+00	2.748657e+00	2.749651e+00	2.750214e+00	2.751572e+00	2.753641e+00	2.755400e+00	2.756740e+00	2.758257e+00	2.759863e+00	2.761247e+00	2.762490e+00	2.764035e+00	2.765455e+00	2.766327e+00	2.767717e+00	2.768779e+00	2.769985e+00	2.770932e+00	2.772178e+00	2.773065e+00	2.773756e+00	2.774662e+00	2.775481e+00	2.776275e+00	2.777002e+00	2.777828e+00	2.778718e+00	2.779477e+00	2.780333e+00	2.781268e+00	2.781915e+00	2.782380e+00	2.782886e+00	2.783561e+00	2.784262e+00	2.784826e+00	2.785315e+00	2.785841e+00	2.786161e+00	2.786512e+00	2.786783e+00	2.787182e+00	2.787549e+00	2.787809e+00	2.788036e+00	2.788348e+00	2.788575e+00	2.788816e+00	2.789123e+00	2.789344e+00	2.789470e+00	2.789687e+00	2.789927e+00	2.790116e+00	2.790284e+00	2.790383e+00	2.790400e+00	2.790458e+00	2.790554e+00	2.790657e+00	2.790721e+00	2.790866e+00	2.790991e+00	2.791057e+00	2.791174e+00	2.791272e+00	2.791343e+00	2.791355e+00	2.791370e+00	2.791326e+00	2.791364e+00	2.791418e+00	2.791439e+00	2.791382e+00	2.791291e+00	2.791247e+00	2.791085e+00	2.790851e+00	2.790618e+00	2.790346e+00	2.789977e+00	2.789666e+00	2.789398e+00	2.789174e+00	2.788938e+00	2.788746e+00	2.788598e+00	2.788449e+00	2.788223e+00	2.787919e+00	2.787568e+00	2.787124e+00	2.786705e+00	2.786309e+00	2.785821e+00	2.785390e+00	2.785003e+00	2.784590e+00	2.784174e+00	2.783827e+00	2.783454e+00	2.783076e+00	2.782741e+00	2.782331e+00	2.782006e+00	2.781688e+00	2.781289e+00	2.780878e+00	2.780378e+00	2.779822e+00	2.779259e+00	2.778718e+00	2.778089e+00	2.777466e+00	2.776907e+00	2.776232e+00	2.775579e+00	2.774975e+00	2.774306e+00	2.773520e+00	2.772778e+00	2.772048e+00	2.771287e+00	2.770502e+00	2.769742e+00	2.768969e+00	2.768221e+00	2.767528e+00	2.766861e+00	2.766111e+00	2.765256e+00	2.764402e+00	2.763579e+00	2.762536e+00	2.761338e+00	2.760212e+00	2.758836e+00	2.757528e+00	2.756271e+00	2.755199e+00	2.753783e+00	2.752545e+00	2.751071e+00	2.749582e+00	2.748133e+00	2.746131e+00	2.744250e+00	2.741885e+00	2.739397e+00	2.736830e+00	2.734249e+00	2.731586e+00	2.728740e+00	2.725807e+00	2.722995e+00	2.719776e+00	2.716828e+00	2.713516e+00	2.710377e+00	2.707589e+00	2.704265e+00	2.700883e+00	2.697837e+00	2.694835e+00	2.691064e+00	2.686958e+00	2.682673e+00	2.677890e+00	2.672635e+00	2.667917e+00	2.663255e+00	2.657131e+00	2.651303e+00	2.643986e+00	2.638086e+00	2.630580e+00	2.620052e+00	2.611566e+00	2.601634e+00	2.592458e+00	2.580956e+00	2.570862e+00	2.558663e+00	2.546321e+00	2.535076e+00	2.520357e+00	2.504549e+00	2.485961e+00	2.471116e+00	2.468631e+00	2.457361e+00	2.436361e+00	2.418996e+00	2.406557e+00	2.412653e+00	2.436549e+00	2.539533e+00	2.600528e+00	2.785254e+00	2.876680e+00	2.878455e+00	2.873480e+00	2.864950e+00	2.859145e+00	2.856723e+00	2.855373e+00	2.853724e+00	2.851894e+00	2.850843e+00	2.849800e+00	2.850525e+00	2.853792e+00	2.857319e+00	2.835947e+00	2.825125e+00	2.831803e+00	2.852643e+00	2.851650e+00	2.848418e+00	2.847410e+00	2.847467e+00	2.847252e+00	2.846453e+00	2.844883e+00	2.842308e+00	2.840151e+00	2.844946e+00	2.859039e+00	2.870991e+00	2.872764e+00	2.876035e+00	2.884076e+00	2.887769e+00	2.885779e+00	2.878225e+00	2.856176e+00	2.845684e+00	2.849842e+00	2.848413e+00	2.853003e+00	2.847809e+00	2.857777e+00	2.889597e+00	2.877136e+00	2.837380e+00	2.864790e+00	2.837580e+00	2.848670e+00	2.881148e+00	2.847044e+00	2.838342e+00	2.816360e+00	2.863993e+00	2.852176e+00	2.842272e+00	2.845685e+00	2.848347e+00	2.852222e+00	2.850789e+00	2.850851e+00	2.852614e+00	2.845905e+00	2.855504e+00	2.846044e+00	2.843631e+00	2.841243e+00	2.854451e+00	2.859452e+00	2.854324e+00	2.842570e+00	2.687494e+00	2.702164e+00	2.843602e+00	2.830426e+00	2.650088e+00	2.630228e+00	2.825056e+00	2.667646e+00	2.801300e+00	2.517659e+00	2.541910e+00	2.566947e+00	2.591419e+00	2.777890e+00	2.832945e+00	2.843064e+00	2.846433e+00	2.854596e+00	2.855448e+00	2.855151e+00	2.856621e+00	2.850615e+00	2.844028e+00	2.790915e+00	2.788706e+00	2.782756e+00	2.771572e+00	2.839387e+00	2.755442e+00	2.770746e+00	2.780914e+00	2.787144e+00	2.693950e+00	2.790550e+00	2.732487e+00	2.712351e+00	2.746236e+00	2.703380e+00	2.721342e+00	2.740062e+00	2.749564e+00	2.727069e+00	2.826177e+00	2.758021e+00	2.850398e+00	2.851679e+00	2.852336e+00	2.851527e+00	2.850670e+00	2.850369e+00	2.849705e+00	2.850035e+00	2.848123e+00	2.847847e+00	2.854461e+00	2.851941e+00	2.845529e+00	2.845338e+00	2.889135e+00	2.889015e+00	2.896569e+00	2.893624e+00	2.909047e+00	2.895559e+00	2.903036e+00	2.929318e+00	2.887824e+00	2.889187e+00	2.879505e+00	2.911736e+00	2.609119e+00	2.873882e+00	2.860135e+00	2.907935e+00	2.862562e+00	2.851263e+00	2.835440e+00	2.818548e+00	2.880770e+00	2.846719e+00	2.849385e+00	2.847965e+00	2.874465e+00	2.854234e+00	2.876236e+00	2.859634e+00	2.888194e+00	2.841420e+00	2.848958e+00	2.835861e+00	2.822868e+00	2.804438e+00	2.815619e+00	2.797757e+00	2.805654e+00	2.770760e+00	2.751710e+00	2.610268e+00	2.715316e+00	2.432975e+00	2.445743e+00	2.465738e+00	2.486251e+00	2.814728e+00	2.832523e+00	2.885581e+00	2.854693e+00	2.844321e+00	2.839744e+00	2.880014e+00	2.847065e+00	2.851887e+00	2.853573e+00	2.847244e+00	2.724337e+00	2.722859e+00	2.795774e+00	2.856071e+00	2.456058e+00	2.839448e+00	2.514933e+00	2.677867e+00	2.756195e+00	2.890461e+00	2.931293e+00	2.900108e+00	3.185609e+00	3.046385e+00	2.913716e+00	2.951311e+00	3.034961e+00	2.902045e+00	2.730007e+00	2.735169e+00	2.846545e+00	2.843575e+00	2.848335e+00	2.737540e+00	2.742214e+00	2.744280e+00	2.743820e+00	2.857192e+00	2.748007e+00	2.856797e+00	2.857968e+00	2.751144e+00	2.919417e+00	2.850842e+00	2.849615e+00	2.848554e+00	2.752525e+00	2.753874e+00	2.848962e+00	2.853947e+00	2.843662e+00	2.756494e+00	2.764361e+00	2.755736e+00	2.761284e+00	2.758917e+00	2.757781e+00	2.757525e+00	2.755629e+00	2.758398e+00	2.756080e+00	2.749701e+00	2.747227e+00	2.745151e+00	2.733757e+00	2.728295e+00	2.738652e+00	2.759920e+00	2.753545e+00	2.740760e+00	2.743376e+00	2.737672e+00	2.741276e+00	2.747902e+00	2.736094e+00	2.732402e+00	2.894012e+00	2.762650e+00	2.762083e+00	2.761546e+00	2.767762e+00	2.766222e+00	2.760249e+00	2.776506e+00	2.758070e+00	2.773729e+00	2.775121e+00	2.777679e+00	2.772351e+00	2.763141e+00	2.763541e+00	2.764648e+00	2.768466e+00	2.768042e+00	2.769189e+00	2.768521e+00	2.770155e+00	2.769418e+00	2.771082e+00	2.770127e+00	2.766954e+00	2.771956e+00	2.773408e+00	2.766974e+00	2.773480e+00	2.774867e+00	2.760272e+00	2.769272e+00	2.778284e+00	2.777940e+00	2.779417e+00	2.777058e+00	2.777418e+00	2.784009e+00	2.782462e+00	2.783248e+00	2.781698e+00	2.778801e+00	2.777750e+00	2.779536e+00	2.778695e+00	2.775016e+00	2.780147e+00	2.780990e+00	2.781254e+00	2.781711e+00	2.776063e+00	2.782048e+00	2.782698e+00	2.782310e+00	2.785502e+00	2.784767e+00	2.778827e+00	2.776177e+00	2.782919e+00	2.783641e+00	2.773024e+00	2.771784e+00	2.783656e+00	2.783475e+00	2.784347e+00	2.784662e+00	2.785214e+00	2.785693e+00	2.788785e+00	2.788188e+00	2.785111e+00	2.786145e+00	2.785428e+00	2.786803e+00	2.786267e+00	2.787333e+00	2.786396e+00	2.783956e+00	2.785197e+00	2.784431e+00	2.786799e+00	2.788998e+00	2.787733e+00	2.791251e+00	2.791141e+00	2.789460e+00	2.790803e+00	2.788844e+00	2.788539e+00	2.788643e+00	2.789126e+00	2.788542e+00	2.789347e+00	2.788581e+00	2.790005e+00	2.790190e+00	2.790543e+00	2.789795e+00	2.790785e+00	2.790366e+00	2.789961e+00	2.790429e+00	2.790780e+00	2.790798e+00	2.790853e+00	2.791209e+00	2.790804e+00	2.790991e+00	2.790783e+00	2.790943e+00	2.790706e+00	2.790477e+00	2.791084e+00	2.790840e+00	2.790548e+00	2.790597e+00	2.790092e+00	2.788304e+00	2.789835e+00	2.789933e+00	2.790264e+00	2.789929e+00	2.786320e+00	2.787439e+00	2.789735e+00	2.785681e+00	2.784589e+00	2.787018e+00	2.790082e+00	2.789851e+00	2.789348e+00	2.791048e+00	2.791061e+00	2.790599e+00	2.789206e+00	2.790994e+00	2.789899e+00	2.789407e+00	2.790795e+00	2.790700e+00	2.790558e+00	2.790881e+00	2.791176e+00	2.790298e+00	2.789235e+00	2.791020e+00	2.788595e+00	2.788390e+00	2.791160e+00	2.789676e+00	2.790305e+00	2.787862e+00	2.788022e+00	2.787495e+00	2.791164e+00	2.791167e+00	2.790971e+00	2.787575e+00	2.785162e+00	2.782857e+00	2.785976e+00	2.779947e+00	2.778889e+00	2.777120e+00	2.781318e+00	2.781949e+00	2.774450e+00	2.774841e+00	2.775622e+00	2.773007e+00	2.780487e+00	2.786692e+00	2.770075e+00	2.771561e+00	2.771261e+00	2.765337e+00	2.767058e+00	2.791036e+00	2.790824e+00	2.790485e+00	2.790643e+00	2.790495e+00	2.763624e+00	2.790295e+00	2.782634e+00	2.784466e+00	2.781631e+00	2.789157e+00	2.789089e+00	2.788865e+00	2.788433e+00	2.788521e+00	2.787867e+00	2.788101e+00	2.787448e+00	2.787927e+00	2.787121e+00	2.789353e+00	2.788188e+00	2.787496e+00	2.787030e+00	2.786282e+00	2.786362e+00	2.777894e+00	2.775425e+00	2.780186e+00	2.781739e+00	2.773716e+00	2.785239e+00	2.785518e+00	2.785513e+00	2.784370e+00	2.784687e+00	2.783303e+00	2.782866e+00	2.781558e+00	2.781113e+00	2.779667e+00	2.778540e+00	2.781140e+00	2.777758e+00	2.765277e+00	2.762359e+00	2.767748e+00	2.774195e+00	2.783391e+00	2.783528e+00	2.785291e+00	2.785404e+00	2.780123e+00	2.778303e+00	2.776649e+00	2.773835e+00	2.775749e+00	2.773669e+00	2.771284e+00	2.771046e+00	2.771287e+00	2.743968e+00	2.749980e+00	2.768116e+00	2.769031e+00	2.765281e+00	2.764523e+00	2.761606e+00	2.769957e+00	2.762781e+00	2.758861e+00	2.757230e+00	2.754039e+00	2.752161e+00	2.755080e+00	2.753089e+00	2.748793e+00	2.754668e+00	2.767918e+00	2.767747e+00	2.773554e+00	2.771265e+00	2.780333e+00	2.750867e+00	2.746274e+00	2.742760e+00	2.746589e+00	2.747441e+00	2.789480e+00	2.752734e+00	2.770691e+00	2.740731e+00	2.739325e+00	2.733534e+00	2.738476e+00	2.746110e+00	2.763705e+00	2.748455e+00	2.761001e+00	2.761202e+00	2.759266e+00	2.756671e+00	2.759649e+00	2.770805e+00	2.772557e+00	2.789627e+00	2.789785e+00	2.755926e+00	2.879672e+00	2.787850e+00	2.788363e+00	2.776853e+00	2.777076e+00	2.776008e+00	2.778664e+00	2.779341e+00	2.786643e+00	2.786206e+00	2.837189e+00	2.767169e+00	2.790144e+00	2.851434e+00	2.780679e+00	2.768846e+00	2.766641e+00	2.785209e+00	2.786039e+00	2.856263e+00	2.787176e+00	2.779499e+00	2.776241e+00	2.780689e+00	2.780493e+00	2.777742e+00	2.779676e+00	2.932028e+00	2.963454e+00	2.942313e+00	2.975744e+00	2.784109e+00	2.786957e+00	2.781038e+00	2.783334e+00	2.774482e+00	2.790229e+00	2.737716e+00	2.740338e+00	2.789007e+00	2.852263e+00	2.856380e+00	2.791121e+00	2.765383e+00	2.849117e+00	2.782205e+00	2.782397e+00	2.783336e+00	2.772845e+00	2.779612e+00	2.775231e+00	2.788216e+00	2.789738e+00	2.789970e+00	2.784271e+00	2.789834e+00	2.791246e+00	2.790134e+00	2.790023e+00	2.792588e+00	2.792961e+00	2.791784e+00	2.787845e+00	2.789849e+00	2.785677e+00	2.785427e+00	2.795380e+00	2.793590e+00	2.800026e+00	2.797397e+00	2.805805e+00	2.804914e+00	2.793020e+00	2.805347e+00	2.792032e+00	2.809844e+00	2.806499e+00	2.830742e+00	2.835193e+00	2.789523e+00	2.807747e+00	2.773929e+00	2.710141e+00	2.740843e+00	2.769776e+00	2.721272e+00	2.695001e+00	2.752527e+00	2.712810e+00	2.677708e+00	2.722904e+00	2.691975e+00	2.639715e+00	2.658977e+00	2.671552e+00	2.696534e+00	2.707044e+00	2.673442e+00	2.746401e+00	2.719651e+00	2.707272e+00	2.686958e+00	2.652710e+00	2.631730e+00	2.601213e+00	2.612332e+00	2.554094e+00	2.662115e+00	2.620164e+00	2.595594e+00	2.582790e+00	2.575789e+00	2.827861e+00	2.651258e+00	2.607618e+00	2.530232e+00	2.804260e+00	2.581691e+00	2.567825e+00	2.502475e+00	2.594961e+00	2.552007e+00	2.543631e+00	2.518667e+00	2.476280e+00	2.470287e+00	2.617229e+00	2.591580e+00	2.491468e+00	2.454230e+00	2.450063e+00	2.656401e+00	2.644905e+00	2.669667e+00	2.730458e+00	2.519652e+00	2.435530e+00	2.440679e+00	2.442511e+00	2.436851e+00	2.745582e+00	2.596840e+00	2.668022e+00	2.484477e+00	2.789794e+00	2.788419e+00	2.789030e+00	2.780380e+00	2.777273e+00	2.755453e+00	2.696559e+00	2.787606e+00	2.787219e+00	2.783398e+00	2.787024e+00	2.777671e+00	2.791491e+00	2.783290e+00	2.476068e+00	2.538977e+00	2.763450e+00	2.770240e+00	2.662533e+00	2.796192e+00	2.783643e+00	2.736834e+00	2.783320e+00	2.834849e+00	2.677308e+00	2.799523e+00	2.693120e+00	2.756107e+00	2.475066e+00	2.467637e+00	2.918400e+00	2.891137e+00	2.613346e+00	2.919845e+00	2.729093e+00	3.040856e+00	3.259365e+00	3.146791e+00	3.415820e+00	3.453954e+00	3.120249e+00	3.188503e+00	3.075379e+00	2.769460e+00	2.759150e+00	2.750362e+00	2.750924e+00	2.736620e+00	2.907478e+00	2.737600e+00	2.717198e+00	2.725336e+00	2.704823e+00	2.705821e+00	2.751517e+00	3.275001e+00	3.330188e+00	3.208636e+00	3.301125e+00	3.207134e+00	3.157848e+00	3.087702e+00	3.086938e+00	2.924148e+00	2.971541e+00	2.991248e+00	2.912553e+00	2.759740e+00	2.803281e+00	2.712051e+00	2.874656e+00	2.759721e+00	3.008701e+00	2.819072e+00	2.999062e+00	3.177467e+00	3.271674e+00	2.680854e+00	2.788862e+00	2.790507e+00	2.747708e+00	2.758617e+00	2.742170e+00	2.730601e+00	2.722044e+00	2.699678e+00	2.757032e+00	2.770740e+00	2.863256e+00	2.822334e+00	2.771531e+00	2.733556e+00	2.860109e+00	3.077899e+00	3.244637e+00	2.781353e+00	2.815776e+00	2.761766e+00	2.773364e+00	3.020968e+00	2.801952e+00	2.823906e+00	2.879684e+00	2.787499e+00	2.789918e+00	2.940550e+00	2.768741e+00	2.757731e+00	2.761187e+00	2.767121e+00	2.763456e+00	2.765921e+00	3.241366e+00	3.126584e+00	3.117455e+00	3.282569e+00	3.284747e+00	3.352420e+00	3.049745e+00	3.379853e+00	3.390416e+00	3.349962e+00	3.317714e+00	2.974214e+00	3.117261e+00	2.727746e+00	2.747257e+00	2.781929e+00	2.782539e+00	2.834753e+00	3.228880e+00	3.183371e+00	3.083199e+00	3.151004e+00	2.788614e+00	2.750988e+00	2.853367e+00	3.048773e+00	3.017629e+00	2.795338e+00	2.824746e+00	2.804736e+00	2.769437e+00	3.065754e+00	2.999951e+00	2.766550e+00	2.790145e+00	3.395671e+00	2.786357e+00	2.734465e+00	2.723921e+00	2.726988e+00	3.250535e+00	2.810918e+00	2.918569e+00	2.782581e+00	2.789503e+00	2.956090e+00	2.780698e+00	2.920989e+00	2.839314e+00	2.891377e+00	2.882088e+00	2.772109e+00	2.859510e+00	2.857296e+00	2.822130e+00	2.783845e+00	2.739972e+00	2.718764e+00	2.659751e+00	2.559364e+00	2.648301e+00	2.647542e+00	2.670372e+00	2.584625e+00	2.566684e+00	2.505182e+00	2.537597e+00	2.488793e+00	2.471678e+00	2.460080e+00	2.480715e+00	2.469864e+00	2.504369e+00	2.498630e+00	2.455052e+00	2.449066e+00	2.443976e+00	2.450557e+00	2.439239e+00	2.432882e+00	2.444058e+00	2.462850e+00	2.459221e+00	2.487092e+00	2.448650e+00	2.456351e+00	2.475889e+00	2.469654e+00	2.487150e+00	2.479331e+00	2.490658e+00	2.465167e+00	2.459710e+00	2.482009e+00	2.481419e+00	2.491036e+00	2.502995e+00	2.504175e+00	2.510443e+00	2.495094e+00	2.495479e+00	2.506954e+00	2.515836e+00	2.517649e+00	2.508483e+00	2.530573e+00	2.525347e+00	2.524403e+00	2.518805e+00	2.524748e+00	2.530917e+00	2.535820e+00	2.529326e+00	2.534393e+00	2.537869e+00	2.540190e+00	2.547972e+00	2.545737e+00	2.549672e+00	2.553944e+00	2.559869e+00	2.560421e+00	2.554550e+00	2.567483e+00	2.571360e+00	2.574795e+00	2.570827e+00	2.578283e+00	2.571747e+00	2.585253e+00	2.591297e+00	2.594983e+00	2.597341e+00	2.603097e+00	2.611496e+00	2.617206e+00	2.620028e+00	2.614729e+00	2.622028e+00	2.629537e+00	2.630371e+00	2.635200e+00	2.634829e+00	2.635785e+00	2.644032e+00	2.642008e+00	2.645534e+00	2.647867e+00	2.651695e+00	2.654268e+00	2.654688e+00	2.657581e+00	2.663324e+00	2.653583e+00	2.606174e+00	2.607088e+00	2.662968e+00	2.663276e+00	2.625241e+00	2.626024e+00	2.667846e+00	2.673267e+00	2.671921e+00	2.680550e+00	2.681978e+00	2.682622e+00	2.677007e+00	2.683330e+00	2.687351e+00	2.691353e+00	2.688805e+00	2.692073e+00	2.670805e+00	2.687737e+00	2.660988e+00	2.665728e+00	2.647388e+00	2.647192e+00	2.593645e+00	2.595037e+00	2.587221e+00	2.587027e+00	2.544412e+00	2.692140e+00	2.695496e+00	2.698578e+00	2.617786e+00	2.614866e+00	2.564092e+00	2.626510e+00	2.654095e+00	2.633688e+00	2.637235e+00	2.558361e+00	2.643145e+00	2.695345e+00	2.699485e+00	2.707206e+00	2.700386e+00	2.703537e+00	2.704830e+00	2.704211e+00	2.707275e+00	2.705064e+00	2.697330e+00	2.638626e+00	2.575516e+00	2.581060e+00	2.553276e+00	2.600844e+00	2.610049e+00	2.571250e+00	2.540412e+00	2.679648e+00	2.685598e+00	2.600559e+00	2.535130e+00	2.469663e+00	2.613645e+00	2.617375e+00	2.621025e+00	2.473099e+00	2.673880e+00	2.480834e+00	2.537054e+00	2.694516e+00	2.484746e+00	2.682368e+00	2.684951e+00	2.589781e+00	2.584578e+00	2.604642e+00	2.544741e+00	2.448287e+00	2.452738e+00	2.690152e+00	2.539363e+00	2.662888e+00	2.567270e+00	2.597688e+00	2.596830e+00	2.593402e+00	2.599688e+00	2.603082e+00	2.590318e+00	2.585190e+00	2.579719e+00	2.593124e+00	2.569333e+00	2.570893e+00	2.564386e+00	2.573827e+00	2.573596e+00	2.584857e+00	2.588914e+00	2.642683e+00	2.645863e+00	2.645084e+00	2.608712e+00	2.605313e+00	2.606552e+00	2.603851e+00	2.623770e+00	2.622078e+00	2.633258e+00	2.636574e+00	2.562522e+00	2.561255e+00	2.558134e+00	2.555952e+00	2.534211e+00	2.532547e+00	2.531605e+00	2.528898e+00	2.673702e+00	2.676529e+00	2.679367e+00	2.538879e+00	2.670391e+00	2.671595e+00	2.669012e+00	2.667029e+00	2.540316e+00	2.648672e+00	2.649816e+00	2.651750e+00	2.709931e+00	2.709414e+00	2.719297e+00	2.707317e+00	2.722730e+00	2.709343e+00	2.710179e+00	2.708568e+00	2.709304e+00	2.742301e+00	2.710012e+00	2.709360e+00	2.661541e+00	2.660313e+00	2.658209e+00	2.660218e+00	2.664496e+00	2.665826e+00	2.652971e+00	2.654114e+00	2.651480e+00	2.655916e+00	2.545458e+00	2.547036e+00	2.543939e+00	2.543563e+00	2.549696e+00	2.657530e+00	2.522189e+00	2.507284e+00	2.509364e+00	2.513520e+00	2.505349e+00	2.500695e+00	2.491710e+00	2.488447e+00	2.512552e+00	2.504817e+00	2.512611e+00	2.692422e+00	2.691961e+00	2.690009e+00	2.699805e+00	2.698592e+00	2.700885e+00	2.701032e+00	2.697323e+00	2.478794e+00	2.478228e+00	2.693303e+00	2.634733e+00	2.631918e+00	2.629248e+00	2.457816e+00	2.457355e+00	2.453135e+00	2.458989e+00	2.445285e+00	2.476531e+00	2.432476e+00	2.436323e+00	2.435476e+00	2.641331e+00	2.467649e+00	2.707929e+00	2.706135e+00	2.706339e+00	2.573241e+00	2.545683e+00	2.577518e+00	2.520666e+00	2.625970e+00	2.549696e+00	2.740172e+00	2.709959e+00	2.485494e+00	2.710150e+00	2.687562e+00	2.696094e+00	2.650604e+00	2.638494e+00	2.708872e+00	2.704803e+00	2.747345e+00	2.772570e+00	2.710550e+00	2.787656e+00	2.761063e+00	2.449657e+00	2.795244e+00	2.452077e+00	2.511910e+00	2.640587e+00	2.748269e+00	2.750861e+00	2.663720e+00	2.663177e+00	2.666182e+00	2.784062e+00	2.781373e+00	2.731458e+00	2.707618e+00	2.693197e+00	2.688128e+00	2.701398e+00	2.839395e+00	2.447274e+00	2.716528e+00	2.711042e+00	2.704177e+00	2.697853e+00	2.676926e+00	2.697487e+00	2.689398e+00	2.685566e+00	2.689840e+00	2.678143e+00	2.680594e+00	2.663943e+00	2.636901e+00	2.673730e+00	2.652321e+00	2.657200e+00	2.633969e+00	2.572342e+00	2.648502e+00	2.630175e+00	2.650008e+00	2.605662e+00	2.591854e+00	2.596241e+00	2.626735e+00	2.554759e+00	2.518598e+00	2.575089e+00	2.710207e+00	2.716171e+00	2.669571e+00	2.566655e+00	2.517927e+00	2.527766e+00	2.658509e+00	2.659701e+00	2.667788e+00	2.673780e+00	2.682128e+00	2.700265e+00	2.718409e+00	2.721505e+00	2.681122e+00	2.689320e+00	2.692523e+00	2.628747e+00	2.643221e+00	2.618100e+00	2.558931e+00	2.569875e+00	2.583375e+00	2.552212e+00	2.536885e+00	2.522788e+00	2.504146e+00	2.580627e+00	2.687016e+00	2.617033e+00	2.601229e+00	2.547596e+00	2.701460e+00	2.697236e+00	2.706714e+00	2.706584e+00	2.709610e+00	2.640560e+00	2.577300e+00	2.485686e+00	2.494520e+00	2.586371e+00	2.718356e+00	2.715615e+00	2.699618e+00	2.668336e+00	2.520649e+00	2.784095e+00	2.687547e+00	2.709693e+00	2.527965e+00	2.535376e+00	2.437649e+00	2.774818e+00	2.790710e+00	2.887727e+00	2.882327e+00	2.871572e+00	2.869659e+00	2.526378e+00	2.703039e+00	2.784133e+00	2.777253e+00	2.788865e+00	2.440481e+00	2.830686e+00	2.635754e+00	2.586537e+00	2.692970e+00	2.689504e+00	2.790337e+00	2.875775e+00	2.656273e+00	2.751900e+00	2.852885e+00	2.766617e+00	2.710196e+00	2.952716e+00	3.007268e+00	3.016819e+00	2.754137e+00	2.468522e+00	2.631715e+00	2.790041e+00	2.668834e+00	2.484901e+00	2.656953e+00	2.664704e+00	2.628115e+00	2.842394e+00	2.564487e+00	2.881108e+00	2.718183e+00	2.465945e+00	2.460716e+00	2.611948e+00	2.506962e+00	2.790080e+00	2.519922e+00	3.397468e+00	2.781545e+00	2.824469e+00	2.515172e+00	2.516830e+00	2.599416e+00	2.788462e+00	2.700772e+00	2.733876e+00	2.724443e+00	2.704989e+00	2.679813e+00	2.623716e+00	2.623021e+00	2.776549e+00	2.725333e+00	2.650703e+00	2.706215e+00	2.638144e+00	2.641103e+00	2.552326e+00	2.467649e+00	2.788797e+00	2.675679e+00	2.555082e+00	2.577107e+00	2.451470e+00	2.433475e+00	2.787597e+00	2.464337e+00	2.847551e+00	2.846172e+00	2.791247e+00	2.498900e+00	2.640122e+00	2.694610e+00	2.474241e+00	2.462525e+00	2.447592e+00	2.864819e+00	2.817190e+00	2.790286e+00	2.790436e+00	2.443211e+00	2.821474e+00	2.578338e+00	2.731198e+00	2.492489e+00	2.451414e+00	2.617992e+00	2.856444e+00	2.472972e+00	2.703831e+00	2.438477e+00	2.828717e+00	2.790951e+00	2.501707e+00	2.850604e+00	2.790718e+00	2.736244e+00	2.461243e+00	2.789766e+00	2.490567e+00	2.845782e+00	2.845863e+00	2.439395e+00	2.442128e+00	2.432978e+00	2.788345e+00	2.664942e+00	2.671110e+00	2.696106e+00	2.713976e+00	2.999915e+00	2.680789e+00	2.646106e+00	2.652641e+00	2.858777e+00	2.704828e+00	2.808047e+00	2.781490e+00	2.790397e+00	2.853828e+00	2.851120e+00	2.825342e+00	2.909964e+00	2.647906e+00	2.556968e+00	2.763538e+00	2.765219e+00	2.648642e+00	2.580601e+00	2.719863e+00	2.484061e+00	2.770251e+00	2.489426e+00	2.491871e+00	2.616415e+00	2.525861e+00	2.526972e+00	2.791142e+00	2.686377e+00	2.769960e+00	2.787817e+00	2.600028e+00	2.612645e+00	2.767434e+00	2.767893e+00	2.843395e+00	2.524402e+00	2.604561e+00	2.823818e+00	2.993205e+00	2.688634e+00	2.710578e+00	2.540828e+00	2.544412e+00	2.530122e+00	2.585120e+00	2.980434e+00	2.443353e+00	2.495435e+00	2.468034e+00	2.582955e+00	3.080656e+00	2.766041e+00	2.528535e+00	2.895871e+00	2.805794e+00	2.750380e+00	2.861352e+00	3.074089e+00	3.232135e+00	2.919157e+00	2.734363e+00	3.213661e+00	2.788044e+00	2.779005e+00	2.741228e+00	2.785720e+00	2.835529e+00	2.841121e+00	2.485687e+00	2.817572e+00	2.571278e+00	2.728702e+00	2.770319e+00	2.885900e+00	2.688541e+00	2.715732e+00	2.774204e+00	2.840175e+00	2.784448e+00	2.672889e+00	2.947000e+00	2.902078e+00	2.696723e+00	2.735577e+00	2.703568e+00	2.939887e+00	2.679257e+00	2.791229e+00	2.944989e+00	2.690865e+00	2.698401e+00	2.786315e+00	2.697162e+00	2.506302e+00	2.815934e+00	2.618233e+00	2.764184e+00	2.739969e+00	2.788031e+00	2.550191e+00	2.544278e+00	2.724917e+00	2.645686e+00	2.753316e+00	2.834596e+00	2.560642e+00	2.775492e+00	2.494392e+00	2.778542e+00	2.681362e+00	2.805061e+00	2.778300e+00	2.541578e+00	2.752766e+00	2.747407e+00	2.945666e+00	2.593575e+00	2.636457e+00	2.609693e+00	2.541631e+00	2.744555e+00	2.905132e+00	2.580256e+00	2.615328e+00	2.630649e+00	2.791059e+00	2.832846e+00	2.852283e+00	2.708303e+00	2.774875e+00	2.593483e+00	2.897523e+00	2.790418e+00	2.799110e+00	2.803392e+00	2.824366e+00	2.864045e+00	2.786766e+00	2.613615e+00	2.845656e+00	2.866915e+00	2.643235e+00	3.156747e+00	3.135471e+00	2.978515e+00	2.582055e+00	2.858241e+00	2.688093e+00	2.851052e+00	2.693030e+00	2.632820e+00	2.744023e+00	2.832503e+00	2.608882e+00	2.638028e+00	2.837773e+00	3.079059e+00	2.790835e+00	2.522914e+00	2.868956e+00	2.511118e+00	2.435819e+00	2.674099e+00	2.788559e+00	2.666755e+00	2.780559e+00	2.773720e+00	2.782509e+00	2.587917e+00	2.767884e+00	2.751892e+00	2.848394e+00	2.883601e+00	2.812190e+00	2.534404e+00	2.854304e+00	
SCALARS Temperature double 1
LOOKUP_TABLE default
1.054035e+00	1.046042e+00	1.001657e+00	9.999722e-01	9.995185e-01	1.001391e+00	1.054259e+00	1.057710e+00	1.060956e+00	1.060156e+00	1.060004e+00	1.059311e+00	1.058439e+00	1.057847e+00	1.057024e+00	1.056517e+00	1.055461e+00	1.055244e+00	1.054434e+00	1.054286e+00	1.053797e+00	1.053499e+00	1.052988e+00	1.052283e+00	1.051774e+00	1.051175e+00	1.050412e+00	1.049824e+00	1.048561e+00	1.049041e+00	1.048560e+00	1.048060e+00	1.047687e+00	1.047528e+00	1.047119e+00	1.046483e+00	1.045941e+00	1.045441e+00	1.044967e+00	1.044488e+00	1.044056e+00	1.043586e+00	1.043108e+00	1.042677e+00	1.042608e+00	1.043028e+00	1.042464e+00	1.041743e+00	1.041552e+00	1.041088e+00	1.040566e+00	1.040397e+00	1.040230e+00	1.039877e+00	1.039564e+00	1.039093e+00	1.038771e+00	1.038549e+00	1.038368e+00	1.038258e+00	1.037998e+00	1.037842e+00	1.037805e+00	1.037548e+00	1.037358e+00	1.037224e+00	1.037118e+00	1.037036e+00	1.036996e+00	1.036979e+00	1.036999e+00	1.037080e+00	1.037174e+00	1.037242e+00	1.037380e+00	1.037566e+00	1.037696e+00	1.037848e+00	1.038014e+00	1.038138e+00	1.038279e+00	1.038431e+00	1.038591e+00	1.038760e+00	1.038897e+00	1.039045e+00	1.039207e+00	1.039353e+00	1.039509e+00	1.039672e+00	1.039803e+00	1.039940e+00	1.040086e+00	1.040225e+00	1.040353e+00	1.040496e+00	1.040632e+00	1.040772e+00	1.040907e+00	1.041018e+00	1.041117e+00	1.041208e+00	1.041292e+00	1.041357e+00	1.041416e+00	1.041473e+00	1.041518e+00	1.041561e+00	1.041606e+00	1.041654e+00	1.041697e+00	1.041745e+00	1.041799e+00	1.041850e+00	1.041904e+00	1.041967e+00	1.042015e+00	1.042066e+00	1.042124e+00	1.042186e+00	1.042253e+00	1.042318e+00	1.042388e+00	1.042457e+00	1.042527e+00	1.042602e+00	1.042679e+00	1.042754e+00	1.042831e+00	1.042910e+00	1.042989e+00	1.043068e+00	1.043150e+00	1.043234e+00	1.043321e+00	1.043409e+00	1.043498e+00	1.043587e+00	1.043679e+00	1.043773e+00	1.043865e+00	1.043954e+00	1.044042e+00	1.044127e+00	1.044208e+00	1.044285e+00	1.044360e+00	1.044430e+00	1.044497e+00	1.044565e+00	1.044632e+00	1.044701e+00	1.044769e+00	1.044828e+00	1.044884e+00	1.044942e+00	1.044992e+00	1.045037e+00	1.045081e+00	1.045117e+00	1.045146e+00	1.045170e+00	1.045192e+00	1.045216e+00	1.045235e+00	1.045254e+00	1.045276e+00	1.045300e+00	1.045326e+00	1.045356e+00	1.045387e+00	1.045414e+00	1.045443e+00	1.045475e+00	1.045505e+00	1.045541e+00	1.045582e+00	1.045630e+00	1.045674e+00	1.045713e+00	1.045755e+00	1.045801e+00	1.045848e+00	1.045888e+00	1.045928e+00	1.045969e+00	1.046001e+00	1.046033e+00	1.046069e+00	1.046111e+00	1.046143e+00	1.046162e+00	1.046177e+00	1.046199e+00	1.046226e+00	1.046247e+00	1.046252e+00	1.046240e+00	1.046240e+00	1.046254e+00	1.046256e+00	1.046246e+00	1.046253e+00	1.046261e+00	1.046255e+00	1.046252e+00	1.046252e+00	1.046255e+00	1.046269e+00	1.046290e+00	1.046317e+00	1.046334e+00	1.046355e+00	1.046385e+00	1.046426e+00	1.046467e+00	1.046494e+00	1.046521e+00	1.046551e+00	1.046580e+00	1.046603e+00	1.046614e+00	1.046601e+00	1.046540e+00	1.046415e+00	1.045213e+00	1.044990e+00	1.045008e+00	1.045069e+00	1.045134e+00	1.045208e+00	1.045282e+00	1.045322e+00	1.045370e+00	1.045420e+00	1.045449e+00	1.045480e+00	1.045509e+00	1.045548e+00	1.045574e+00	1.045584e+00	1.045597e+00	1.045615e+00	1.045633e+00	1.045648e+00	1.045672e+00	1.045690e+00	1.045696e+00	1.045707e+00	1.045719e+00	1.045721e+00	1.045732e+00	1.045751e+00	1.045760e+00	1.045768e+00	1.045783e+00	1.045805e+00	1.045814e+00	1.045824e+00	1.045835e+00	1.045855e+00	1.045864e+00	1.045869e+00	1.045881e+00	1.045877e+00	1.045875e+00	1.045885e+00	1.045893e+00	1.045895e+00	1.045902e+00	1.045916e+00	1.045918e+00	1.045909e+00	1.045909e+00	1.045914e+00	1.045912e+00	1.045916e+00	1.045923e+00	1.045924e+00	1.045929e+00	1.045938e+00	1.045944e+00	1.045950e+00	1.045960e+00	1.045967e+00	1.045979e+00	1.045991e+00	1.046006e+00	1.046013e+00	1.046025e+00	1.046041e+00	1.046048e+00	1.046059e+00	1.046063e+00	1.046065e+00	1.046076e+00	1.046087e+00	1.046088e+00	1.046091e+00	1.046100e+00	1.046109e+00	1.046119e+00	1.046131e+00	1.046133e+00	1.046131e+00	1.046134e+00	1.046138e+00	1.046135e+00	1.046127e+00	1.046122e+00	1.046119e+00	1.046119e+00	1.046116e+00	1.046115e+00	1.046118e+00	1.046121e+00	1.046119e+00	1.046118e+00	1.046117e+00	1.046107e+00	1.046100e+00	1.046096e+00	1.046085e+00	1.046079e+00	1.046077e+00	1.046071e+00	1.046068e+00	1.046069e+00	1.046064e+00	1.046062e+00	1.046061e+00	1.046049e+00	1.046041e+00	1.046037e+00	1.046030e+00	1.046030e+00	1.046028e+00	1.046022e+00	1.046018e+00	1.046015e+00	1.046009e+00	1.046005e+00	1.046002e+00	1.045989e+00	1.045978e+00	1.045971e+00	1.045960e+00	1.045946e+00	1.045937e+00	1.045929e+00	1.045920e+00	1.045910e+00	1.045903e+00	1.045897e+00	1.045890e+00	1.045885e+00	1.045882e+00	1.045875e+00	1.045864e+00	1.045854e+00	1.045844e+00	1.045828e+00	1.045810e+00	1.045789e+00	1.045766e+00	1.045741e+00	1.045718e+00	1.045693e+00	1.045664e+00	1.045637e+00	1.045606e+00	1.045575e+00	1.045543e+00	1.045508e+00	1.045471e+00	1.045429e+00	1.045383e+00	1.045331e+00	1.045275e+00	1.045214e+00	1.045149e+00	1.045081e+00	1.045008e+00	1.044933e+00	1.044854e+00	1.044771e+00	1.044687e+00	1.044602e+00	1.044513e+00	1.044422e+00	1.044329e+00	1.044234e+00	1.044134e+00	1.044026e+00	1.043909e+00	1.043782e+00	1.043643e+00	1.043492e+00	1.043328e+00	1.043147e+00	1.042943e+00	1.042716e+00	1.042459e+00	1.042165e+00	1.041831e+00	1.041460e+00	1.041057e+00	1.040635e+00	1.040203e+00	1.039765e+00	1.039311e+00	1.038858e+00	1.038418e+00	1.038003e+00	1.037630e+00	1.037045e+00	1.036524e+00	1.036095e+00	1.035422e+00	1.036058e+00	1.036568e+00	1.037106e+00	1.037475e+00	1.046207e+00	1.042862e+00	1.051579e+00	1.001947e+00	1.002115e+00	1.001652e+00	1.000797e+00	1.000205e+00	9.999286e-01	1.000048e+00	9.998475e-01	9.995961e-01	9.991045e-01	9.986162e-01	9.983546e-01	9.983843e-01	1.000232e+00	1.001400e+00	1.002612e+00	1.001547e+00	1.000278e+00	9.976422e-01	9.975272e-01	9.977223e-01	9.981317e-01	9.986451e-01	9.990456e-01	9.989858e-01	9.985952e-01	9.982687e-01	9.987750e-01	1.000213e+00	1.001403e+00	1.001557e+00	1.001881e+00	1.002683e+00	1.003050e+00	1.002849e+00	1.002096e+00	9.999339e-01	9.987187e-01	9.986543e-01	9.983835e-01	9.989027e-01	9.988260e-01	1.000057e+00	1.003235e+00	1.002004e+00	9.980444e-01	1.000802e+00	1.003567e+00	9.989364e-01	1.002394e+00	9.991862e-01	9.981279e-01	9.958887e-01	1.000686e+00	9.994887e-01	9.986220e-01	9.983095e-01	9.985187e-01	1.002241e+00	9.998382e-01	1.004638e+00	1.013644e+00	1.018005e+00	1.016136e+00	1.018034e+00	1.016548e+00	1.022649e+00	1.012025e+00	1.001310e+00	1.000263e+00	9.978644e-01	1.046286e+00	1.046361e+00	9.976997e-01	9.969933e-01	1.045519e+00	1.045180e+00	9.957116e-01	1.046037e+00	9.943182e-01	1.041364e+00	1.042040e+00	1.042897e+00	1.043907e+00	9.913270e-01	9.976650e-01	9.985403e-01	1.016382e+00	9.983971e-01	9.991785e-01	9.986760e-01	9.999342e-01	9.992842e-01	9.976195e-01	1.045997e+00	1.045864e+00	1.045807e+00	1.045530e+00	9.983560e-01	1.045722e+00	1.045896e+00	1.046020e+00	1.046081e+00	1.044289e+00	1.046112e+00	1.045300e+00	1.044809e+00	1.045552e+00	1.044553e+00	1.045041e+00	1.045447e+00	1.045610e+00	1.045180e+00	9.967316e-01	1.045299e+00	9.996130e-01	1.006315e+00	1.010567e+00	1.008589e+00	1.006432e+00	1.007025e+00	1.006207e+00	1.005856e+00	1.005834e+00	1.004766e+00	1.003796e+00	1.001020e+00	1.005318e+00	1.003979e+00	1.003184e+00	1.003175e+00	1.003905e+00	1.003600e+00	1.005144e+00	1.003811e+00	1.004550e+00	1.007129e+00	1.003045e+00	1.003170e+00	1.002210e+00	1.005495e+00	1.041585e+00	1.001657e+00	1.000287e+00	1.004999e+00	1.000535e+00	9.993837e-01	9.978519e-01	9.962180e-01	1.002357e+00	1.002287e+00	1.001101e+00	1.000504e+00	1.001716e+00	9.992431e-01	1.001907e+00	1.000228e+00	1.003075e+00	9.983738e-01	9.991799e-01	9.978712e-01	9.966300e-01	9.940458e-01	9.959160e-01	9.940796e-01	9.948151e-01	9.912891e-01	9.891911e-01	1.044665e+00	9.857629e-01	1.036264e+00	1.037400e+00	1.038989e+00	1.040211e+00	9.957361e-01	9.975285e-01	1.002838e+00	9.987774e-01	1.002573e+00	1.003448e+00	1.002274e+00	9.990095e-01	9.987034e-01	1.002291e+00	9.984998e-01	1.045113e+00	1.045044e+00	9.938388e-01	1.000111e+00	1.035169e+00	1.043802e+00	1.036897e+00	1.041037e+00	9.899643e-01	1.003224e+00	1.007444e+00	1.004575e+00	1.050462e+00	1.048276e+00	1.005586e+00	1.009324e+00	1.017528e+00	1.004437e+00	1.045242e+00	1.045354e+00	1.000457e+00	1.000947e+00	1.001677e+00	1.045403e+00	1.045485e+00	1.045519e+00	1.045473e+00	1.000031e+00	1.045582e+00	9.994350e-01	9.999831e-01	1.045635e+00	1.006137e+00	1.001256e+00	1.001710e+00	9.985005e-01	1.045665e+00	1.045677e+00	9.992132e-01	9.997616e-01	9.986238e-01	1.045739e+00	1.045840e+00	1.045629e+00	1.045808e+00	1.045770e+00	1.045760e+00	1.045635e+00	1.045243e+00	1.045099e+00	1.043904e+00	1.045517e+00	1.045519e+00	1.045260e+00	1.045287e+00	1.045153e+00	1.045378e+00	1.045675e+00	1.045396e+00	1.045241e+00	1.044442e+00	1.044330e+00	1.041743e+00	1.044592e+00	1.045166e+00	1.044436e+00	1.003657e+00	1.045825e+00	1.045680e+00	1.045221e+00	1.045874e+00	1.045864e+00	1.043986e+00	1.045975e+00	1.040919e+00	1.045916e+00	1.045968e+00	1.045993e+00	1.045928e+00	1.044372e+00	1.045751e+00	1.045693e+00	1.045881e+00	1.045754e+00	1.045771e+00	1.045312e+00	1.045418e+00	1.044192e+00	1.044447e+00	1.042520e+00	1.045450e+00	1.045479e+00	1.044751e+00	1.045777e+00	1.045617e+00	1.045215e+00	1.045801e+00	1.045893e+00	1.045998e+00	1.045869e+00	1.046006e+00	1.045900e+00	1.045512e+00	1.046049e+00	1.046008e+00	1.046027e+00	1.046029e+00	1.045536e+00	1.044353e+00	1.044454e+00	1.041855e+00	1.043514e+00	1.045472e+00	1.044532e+00	1.045494e+00	1.044721e+00	1.045804e+00	1.045707e+00	1.045079e+00	1.043003e+00	1.046060e+00	1.046058e+00	1.045900e+00	1.044708e+00	1.045828e+00	1.045488e+00	1.042594e+00	1.036860e+00	1.046031e+00	1.045891e+00	1.046041e+00	1.045878e+00	1.045962e+00	1.045894e+00	1.046098e+00	1.046094e+00	1.045512e+00	1.045417e+00	1.044246e+00	1.043881e+00	1.041613e+00	1.045194e+00	1.046087e+00	1.042492e+00	1.036723e+00	1.044788e+00	1.045883e+00	1.046101e+00	1.043750e+00	1.046079e+00	1.046092e+00	1.046106e+00	1.046067e+00	1.045967e+00	1.045972e+00	1.045588e+00	1.045624e+00	1.044545e+00	1.044573e+00	1.042190e+00	1.042386e+00	1.045931e+00	1.045960e+00	1.036090e+00	1.045995e+00	1.045949e+00	1.045915e+00	1.044798e+00	1.042645e+00	1.044980e+00	1.042990e+00	1.046053e+00	1.039109e+00	1.045087e+00	1.043222e+00	1.045150e+00	1.043510e+00	1.040261e+00	1.045999e+00	1.045187e+00	1.043738e+00	1.045267e+00	1.043937e+00	1.045716e+00	1.045682e+00	1.046081e+00	1.045366e+00	1.044255e+00	1.045854e+00	1.045834e+00	1.041843e+00	1.045850e+00	1.045798e+00	1.045870e+00	1.045333e+00	1.044578e+00	1.045896e+00	1.045829e+00	1.045694e+00	1.045668e+00	1.045996e+00	1.045667e+00	1.045383e+00	1.045126e+00	1.045768e+00	1.046110e+00	1.045983e+00	1.045900e+00	1.045990e+00	1.045989e+00	1.046109e+00	1.046098e+00	1.046103e+00	1.046097e+00	1.046064e+00	1.046110e+00	1.046113e+00	1.046092e+00	1.045953e+00	1.045964e+00	1.046045e+00	1.046041e+00	1.045852e+00	1.046100e+00	1.046068e+00	1.046038e+00	1.046065e+00	1.046010e+00	1.046009e+00	1.045994e+00	1.046019e+00	1.046008e+00	1.045954e+00	1.045856e+00	1.045965e+00	1.045933e+00	1.046018e+00	1.046074e+00	1.045895e+00	1.045913e+00	1.045764e+00	1.045847e+00	1.045876e+00	1.046023e+00	1.045983e+00	1.045963e+00	1.045969e+00	1.045751e+00	1.045844e+00	1.045947e+00	1.037981e+00	1.028353e+00	1.039798e+00	1.045881e+00	1.045630e+00	1.045727e+00	1.045603e+00	1.045116e+00	1.044872e+00	1.043640e+00	1.043126e+00	1.040214e+00	1.044672e+00	1.043488e+00	1.045879e+00	1.045513e+00	1.045519e+00	1.044967e+00	1.043147e+00	1.045681e+00	1.045644e+00	1.045724e+00	1.045775e+00	1.045638e+00	1.043611e+00	1.040500e+00	1.045057e+00	1.044291e+00	1.045389e+00	1.045103e+00	1.043736e+00	1.044551e+00	1.042112e+00	1.043546e+00	1.040191e+00	1.037986e+00	1.034003e+00	1.045514e+00	1.045459e+00	1.045565e+00	1.038414e+00	1.041653e+00	1.036031e+00	1.034792e+00	1.028838e+00	1.044975e+00	1.044824e+00	1.042674e+00	1.042733e+00	1.044628e+00	1.044649e+00	1.043802e+00	1.040329e+00	1.035102e+00	1.044816e+00	1.045006e+00	1.042041e+00	1.044537e+00	1.043587e+00	1.040361e+00	1.042277e+00	1.045594e+00	1.044361e+00	1.043915e+00	1.041202e+00	1.043340e+00	1.040283e+00	1.037274e+00	1.035616e+00	1.042537e+00	1.045252e+00	1.037994e+00	1.031048e+00	1.026385e+00	1.020268e+00	1.023026e+00	1.044316e+00	1.044124e+00	1.042699e+00	1.039639e+00	1.035458e+00	1.045742e+00	1.045105e+00	1.044909e+00	1.044707e+00	1.043922e+00	1.043780e+00	1.044757e+00	1.044883e+00	1.045367e+00	1.045022e+00	1.045402e+00	1.045046e+00	1.045003e+00	1.044717e+00	1.045371e+00	1.045596e+00	1.045254e+00	1.045909e+00	1.045907e+00	1.045232e+00	1.002245e+00	1.045843e+00	1.045855e+00	1.045665e+00	1.045353e+00	1.045460e+00	1.045712e+00	1.045492e+00	1.045847e+00	1.045603e+00	9.980541e-01	1.044742e+00	1.045930e+00	1.000843e+00	1.045919e+00	1.045559e+00	1.045514e+00	1.045807e+00	1.045857e+00	1.006692e+00	1.045841e+00	1.045738e+00	1.045685e+00	1.042374e+00	1.037564e+00	1.037384e+00	1.028499e+00	1.007384e+00	1.010488e+00	1.008442e+00	1.011784e+00	1.045826e+00	1.039977e+00	1.045735e+00	1.044362e+00	1.045625e+00	1.045787e+00	1.042597e+00	1.040188e+00	1.045889e+00	1.012339e+00	9.999302e-01	1.045902e+00	1.045069e+00	9.985318e-01	1.045785e+00	1.045538e+00	1.045748e+00	1.045626e+00	1.045870e+00	1.039597e+00	1.042767e+00	1.042441e+00	1.037957e+00	1.025086e+00	1.037246e+00	1.029519e+00	1.028057e+00	1.017115e+00	1.014254e+00	1.004414e+00	1.001725e+00	1.013448e+00	9.989679e-01	1.026071e+00	1.014674e+00	9.973714e-01	9.985024e-01	9.940056e-01	9.948245e-01	9.941413e-01	9.940293e-01	9.976448e-01	9.950388e-01	1.004028e+00	9.988671e-01	1.013274e+00	1.004328e+00	1.027405e+00	1.048295e+00	1.047977e+00	1.040658e+00	1.046595e+00	1.044904e+00	1.027062e+00	1.037837e+00	1.046323e+00	1.011818e+00	1.019934e+00	1.046222e+00	9.986799e-01	1.007566e+00	1.045314e+00	1.045778e+00	1.036396e+00	1.044775e+00	9.882389e-01	9.950467e-01	1.043485e+00	1.047614e+00	1.046615e+00	9.830563e-01	9.814379e-01	1.004916e+00	1.044315e+00	9.843554e-01	1.042470e+00	1.013369e+00	1.044984e+00	1.014715e+00	1.043531e+00	1.043258e+00	1.039182e+00	9.784304e-01	9.775417e-01	1.041698e+00	1.011782e+00	9.900324e-01	9.831975e-01	1.040919e+00	9.744385e-01	9.749213e-01	1.013612e+00	1.000731e+00	1.039745e+00	1.039255e+00	9.750307e-01	9.732130e-01	9.894420e-01	1.038295e+00	1.037950e+00	9.789212e-01	9.782828e-01	9.809154e-01	9.873298e-01	9.749437e-01	1.036759e+00	1.037358e+00	1.035898e+00	1.036011e+00	9.891070e-01	1.036638e+00	9.824125e-01	1.036635e+00	1.009946e+00	1.003479e+00	1.033282e+00	1.007302e+00	1.021168e+00	1.028002e+00	9.826847e-01	1.012379e+00	1.003719e+00	1.004741e+00	9.958826e-01	9.973362e-01	9.930015e-01	9.922398e-01	1.035555e+00	1.038387e+00	9.973091e-01	9.913909e-01	1.043417e+00	9.935780e-01	9.920420e-01	9.895719e-01	9.918793e-01	9.982011e-01	9.869252e-01	9.951854e-01	1.005849e+00	9.930246e-01	1.033149e+00	1.033009e+00	1.006919e+00	1.004019e+00	9.992915e-01	1.008912e+00	1.033918e+00	1.018864e+00	1.054427e+00	1.030067e+00	1.058029e+00	1.060335e+00	1.025773e+00	1.032473e+00	1.021630e+00	1.009757e+00	1.017507e+00	1.009218e+00	1.027221e+00	1.019594e+00	1.004987e+00	1.001261e+00	1.017938e+00	1.033473e+00	1.029866e+00	1.042411e+00	1.039858e+00	1.042866e+00	1.054429e+00	1.034942e+00	1.045505e+00	1.035156e+00	1.029637e+00	1.023073e+00	1.024332e+00	1.045367e+00	1.045213e+00	1.014217e+00	1.008509e+00	1.041075e+00	1.042522e+00	1.040419e+00	1.002583e+00	9.951322e-01	1.015200e+00	1.006420e+00	1.020259e+00	1.035435e+00	1.044069e+00	9.928563e-01	1.026914e+00	1.024973e+00	9.891236e-01	1.029846e+00	1.037539e+00	1.042146e+00	1.042463e+00	1.044482e+00	1.035191e+00	9.922546e-01	1.001010e+00	9.957104e-01	1.026937e+00	1.035617e+00	1.000355e+00	1.028943e+00	1.043496e+00	1.000414e+00	9.955614e-01	1.031103e+00	1.023557e+00	1.016332e+00	9.941835e-01	9.968262e-01	1.002237e+00	1.035688e+00	1.026944e+00	1.008346e+00	1.017336e+00	1.033154e+00	1.033687e+00	1.037351e+00	1.041306e+00	1.042911e+00	1.044069e+00	1.035923e+00	1.049216e+00	1.053537e+00	1.049139e+00	1.052407e+00	1.030018e+00	1.054130e+00	1.056475e+00	1.053426e+00	1.054755e+00	1.028982e+00	1.025671e+00	1.041213e+00	1.037079e+00	1.006022e+00	1.010485e+00	9.981948e-01	1.048642e+00	1.042817e+00	1.040676e+00	1.046743e+00	1.017731e+00	1.043724e+00	1.010613e+00	1.018851e+00	1.015859e+00	9.936482e-01	1.024179e+00	1.030910e+00	9.983254e-01	1.020777e+00	1.014224e+00	9.899824e-01	1.020881e+00	1.058085e+00	1.000700e+00	1.041938e+00	1.044127e+00	1.044893e+00	1.053038e+00	9.949604e-01	1.006104e+00	1.032280e+00	1.045990e+00	1.009749e+00	1.029819e+00	1.016485e+00	1.023680e+00	1.030843e+00	1.043273e+00	1.020211e+00	1.044724e+00	1.037789e+00	1.037994e+00	1.034550e+00	1.032470e+00	1.017658e+00	9.984106e-01	1.037183e+00	1.018052e+00	1.036717e+00	9.864242e-01	9.849247e-01	9.785887e-01	9.951874e-01	1.006105e+00	9.872632e-01	1.009970e+00	1.006261e+00	1.018017e+00	1.036656e+00	1.022015e+00	1.037194e+00	1.021657e+00	1.035686e+00	1.024345e+00	1.012042e+00	1.027193e+00	1.036450e+00	1.023942e+00	9.995302e-01	1.011183e+00	9.871824e-01	1.027848e+00	1.023554e+00	9.994225e-01	1.018714e+00	1.006731e+00	1.029109e+00	1.023040e+00	1.033816e+00	1.038782e+00	1.034622e+00	1.039786e+00	1.034508e+00	1.022249e+00	1.034584e+00	1.041206e+00	1.039063e+00	1.040582e+00	1.002612e+00	1.021069e+00	1.033368e+00	1.038910e+00	1.023121e+00	1.035080e+00	1.041522e+00	1.039275e+00	1.039874e+00	1.037811e+00	1.041808e+00	1.040575e+00	1.040020e+00	1.035037e+00	1.038845e+00	1.042228e+00	1.029482e+00	1.037009e+00	1.025579e+00	1.034733e+00	1.042687e+00	1.040304e+00	1.039084e+00	1.032523e+00	1.037929e+00	1.041861e+00	1.041748e+00	1.043092e+00	1.038484e+00	1.042118e+00	1.037339e+00	1.042143e+00	1.038200e+00	1.042578e+00	1.036585e+00	1.042508e+00	1.044395e+00	1.044722e+00	1.042964e+00	1.044955e+00	1.045247e+00	1.043955e+00	1.045069e+00	1.045398e+00	1.044366e+00	1.045360e+00	1.044351e+00	1.045555e+00	1.045627e+00	1.044888e+00	1.045824e+00	1.045922e+00	1.040995e+00	1.044239e+00	1.044535e+00	1.045123e+00	1.046147e+00	1.045098e+00	1.045120e+00	1.045610e+00	1.046698e+00	1.046122e+00	1.045575e+00	1.046996e+00	1.046291e+00	1.046603e+00	1.046709e+00	1.047022e+00	1.046299e+00	1.046666e+00	1.046929e+00	1.046365e+00	1.046377e+00	1.046006e+00	1.046191e+00	1.045543e+00	1.045452e+00	1.043633e+00	1.044073e+00	1.043402e+00	1.043717e+00	1.040999e+00	1.046638e+00	1.046799e+00	1.046296e+00	1.044833e+00	1.044817e+00	1.041976e+00	1.035941e+00	1.045739e+00	1.045244e+00	1.045312e+00	1.041986e+00	1.045444e+00	1.047002e+00	1.046991e+00	1.046442e+00	1.046672e+00	1.046971e+00	1.047008e+00	1.046682e+00	1.046891e+00	1.046387e+00	1.046549e+00	1.039748e+00	1.042779e+00	1.043091e+00	1.041883e+00	1.026695e+00	1.044515e+00	1.016298e+00	1.041225e+00	1.046465e+00	1.046496e+00	1.043965e+00	1.029805e+00	1.035907e+00	1.044753e+00	1.044900e+00	1.044987e+00	1.037465e+00	1.046354e+00	9.879497e-01	1.041185e+00	1.046482e+00	1.037972e+00	1.046404e+00	1.046344e+00	1.001748e+00	1.003182e+00	1.019708e+00	1.018107e+00	1.034041e+00	1.033474e+00	1.046482e+00	9.999836e-01	1.045985e+00	1.042554e+00	1.044170e+00	1.044059e+00	1.043948e+00	1.044214e+00	1.044316e+00	1.043765e+00	1.043590e+00	1.043343e+00	1.043994e+00	1.043017e+00	1.042906e+00	1.042666e+00	1.043106e+00	1.043177e+00	1.043629e+00	1.043802e+00	1.045365e+00	1.045434e+00	1.045464e+00	1.044608e+00	1.044473e+00	1.044476e+00	1.044407e+00	1.045069e+00	1.045029e+00	1.045223e+00	1.045265e+00	1.042745e+00	1.042549e+00	1.042555e+00	1.042531e+00	1.041810e+00	1.041736e+00	1.041343e+00	1.041451e+00	1.046196e+00	1.046320e+00	1.046310e+00	1.041833e+00	1.046097e+00	1.046207e+00	1.046141e+00	1.046112e+00	1.041985e+00	1.045489e+00	1.045555e+00	1.045611e+00	1.047194e+00	1.047234e+00	1.048218e+00	1.047260e+00	1.047774e+00	1.046871e+00	1.046651e+00	1.046664e+00	1.046547e+00	1.049396e+00	1.046707e+00	1.046790e+00	1.045868e+00	1.045876e+00	1.045809e+00	1.045809e+00	1.045942e+00	1.045996e+00	1.045594e+00	1.045678e+00	1.045548e+00	1.045703e+00	1.042151e+00	1.041864e+00	1.041901e+00	1.042109e+00	1.042313e+00	1.045728e+00	1.041513e+00	1.041107e+00	1.040566e+00	1.040822e+00	1.040610e+00	1.039979e+00	1.040181e+00	1.039349e+00	1.038603e+00	1.041065e+00	1.041314e+00	1.046290e+00	1.046399e+00	1.046338e+00	1.046317e+00	1.046416e+00	1.046422e+00	1.046322e+00	1.046309e+00	1.039836e+00	1.038956e+00	1.046323e+00	1.045266e+00	1.045224e+00	1.045189e+00	1.038500e+00	1.037055e+00	1.036804e+00	1.032034e+00	1.036244e+00	1.036116e+00	1.036201e+00	1.032862e+00	1.034450e+00	1.045376e+00	1.026888e+00	1.046506e+00	1.046421e+00	1.046555e+00	1.024781e+00	1.031434e+00	1.034089e+00	1.026495e+00	1.023864e+00	1.041091e+00	1.043849e+00	1.046554e+00	1.030388e+00	1.046652e+00	1.046392e+00	1.046402e+00	1.045625e+00	1.045320e+00	1.046682e+00	1.044675e+00	1.042363e+00	1.045824e+00	1.046607e+00	1.041349e+00	1.038391e+00	1.036486e+00	9.947770e-01	1.029534e+00	9.861743e-01	1.045325e+00	1.045270e+00	1.045125e+00	1.041243e+00	1.029687e+00	1.011141e+00	1.045903e+00	1.045517e+00	1.045124e+00	1.046905e+00	1.046993e+00	1.045289e+00	1.046614e+00	9.977251e-01	1.031869e+00	1.042220e+00	1.044165e+00	1.044188e+00	1.043196e+00	1.043849e+00	1.044146e+00	1.043772e+00	1.044070e+00	1.041781e+00	1.043057e+00	1.038849e+00	1.041570e+00	1.042607e+00	1.033295e+00	1.037620e+00	1.022973e+00	1.031868e+00	1.039914e+00	1.042243e+00	1.041175e+00	1.042978e+00	1.039130e+00	1.040786e+00	1.028940e+00	1.010123e+00	1.021843e+00	1.037095e+00	9.950240e-01	1.044617e+00	1.044770e+00	1.043256e+00	1.034561e+00	1.019864e+00	1.005123e+00	1.001537e+00	1.043167e+00	1.043517e+00	1.043661e+00	1.043890e+00	1.039510e+00	1.044943e+00	1.044854e+00	1.043964e+00	1.044173e+00	1.044183e+00	1.042258e+00	1.042819e+00	1.041941e+00	1.039352e+00	1.038700e+00	1.039881e+00	1.038138e+00	1.036021e+00	1.032448e+00	1.035632e+00	1.040373e+00	1.026019e+00	1.041554e+00	1.040962e+00	1.038960e+00	1.044430e+00	1.044352e+00	1.044572e+00	1.044642e+00	1.044735e+00	1.042562e+00	1.001264e+00	1.025646e+00	1.019020e+00	1.015003e+00	1.044969e+00	1.044896e+00	1.044459e+00	1.046406e+00	1.040838e+00	1.045611e+00	1.044067e+00	1.046650e+00	9.732725e-01	9.731618e-01	1.033165e+00	1.045310e+00	1.045853e+00	1.003029e+00	1.002511e+00	1.001436e+00	1.001256e+00	1.041193e+00	1.046493e+00	1.019340e+00	1.014313e+00	1.040392e+00	1.033148e+00	9.974025e-01	9.782392e-01	1.026000e+00	1.046916e+00	1.039633e+00	1.034954e+00	1.001860e+00	1.043235e+00	1.045567e+00	9.988957e-01	1.035259e+00	1.035928e+00	1.039819e+00	1.037638e+00	1.045431e+00	1.044800e+00	1.038348e+00	1.045196e+00	1.041892e+00	1.046055e+00	1.039594e+00	1.045819e+00	1.046027e+00	1.045149e+00	1.004822e+00	1.042836e+00	1.002390e+00	1.044375e+00	1.037713e+00	1.037894e+00	1.044731e+00	1.033043e+00	1.045772e+00	1.041455e+00	1.056827e+00	1.043145e+00	1.033865e+00	1.041320e+00	1.040911e+00	1.044245e+00	1.038017e+00	9.918024e-01	9.863702e-01	9.858632e-01	1.004098e+00	1.026582e+00	1.031916e+00	1.045063e+00	1.042227e+00	1.045115e+00	9.778754e-01	1.036433e+00	1.045283e+00	1.045333e+00	1.042339e+00	1.039247e+00	1.044399e+00	1.046197e+00	1.042368e+00	1.043178e+00	1.036051e+00	1.036389e+00	1.035501e+00	1.035326e+00	9.980959e-01	9.984839e-01	1.046078e+00	1.040833e+00	1.045371e+00	1.041143e+00	1.039452e+00	1.038855e+00	1.037871e+00	1.000761e+00	9.959833e-01	1.040809e+00	1.036704e+00	1.037135e+00	1.044104e+00	1.043348e+00	1.045243e+00	1.032911e+00	1.038252e+00	1.044916e+00	1.000062e+00	1.031634e+00	1.046390e+00	1.036344e+00	9.971300e-01	1.039096e+00	9.806464e-01	9.993850e-01	1.040406e+00	1.045346e+00	1.033673e+00	1.045736e+00	1.037352e+00	1.006032e+00	1.001225e+00	1.036886e+00	1.033514e+00	1.036843e+00	1.045985e+00	1.038852e+00	1.043692e+00	1.046298e+00	1.044817e+00	1.014131e+00	1.046264e+00	1.007681e+00	9.897802e-01	1.002878e+00	1.046479e+00	9.971527e-01	1.045896e+00	1.045632e+00	9.992375e-01	9.992850e-01	9.968277e-01	1.039034e+00	1.045515e+00	1.006539e+00	1.045404e+00	1.045159e+00	1.031071e+00	1.043442e+00	9.974688e-01	1.040125e+00	1.045784e+00	1.040398e+00	1.040601e+00	1.044869e+00	1.037949e+00	1.041613e+00	1.045926e+00	1.046289e+00	1.045346e+00	1.045563e+00	1.041220e+00	1.005759e+00	1.044360e+00	1.041701e+00	9.987637e-01	9.868018e-01	1.043341e+00	1.000576e+00	1.015752e+00	1.046290e+00	1.044726e+00	9.757974e-01	1.038132e+00	1.036837e+00	1.042407e+00	1.012276e+00	1.035240e+00	1.032150e+00	1.034420e+00	1.043436e+00	1.048963e+00	1.045706e+00	1.041680e+00	1.003913e+00	9.951029e-01	9.892764e-01	1.017293e+00	1.039929e+00	1.045896e+00	1.006151e+00	1.041549e+00	1.052235e+00	1.044755e+00	1.042664e+00	1.045434e+00	1.045687e+00	1.022378e+00	1.037388e+00	1.036142e+00	9.963162e-01	1.039180e+00	1.042491e+00	1.018374e+00	1.002863e+00	1.033714e+00	1.045975e+00	1.031512e+00	9.983104e-01	1.045542e+00	9.876249e-01	1.046343e+00	1.045570e+00	1.044377e+00	1.025587e+00	1.013983e+00	1.008592e+00	1.046224e+00	1.046086e+00	1.008995e+00	9.832606e-01	9.839872e-01	1.045956e+00	1.046682e+00	1.037792e+00	9.950560e-01	9.902608e-01	1.036325e+00	9.881912e-01	1.045667e+00	1.042074e+00	9.845076e-01	1.045042e+00	1.041255e+00	1.044838e+00	9.970298e-01	1.040283e+00	1.030527e+00	9.822017e-01	9.921645e-01	9.814274e-01	9.943321e-01	1.045411e+00	1.025938e+00	9.955539e-01	9.919689e-01	1.008955e+00	1.029623e+00	1.045287e+00	1.044629e+00	1.041773e+00	1.028941e+00	1.004773e+00	1.037064e+00	1.038875e+00	1.039863e+00	1.045976e+00	9.975837e-01	9.989707e-01	1.047009e+00	9.917618e-01	9.741585e-01	1.004027e+00	1.045828e+00	1.033957e+00	9.932894e-01	9.955807e-01	1.007092e+00	1.045687e+00	1.023338e+00	9.988607e-01	1.001039e+00	1.045414e+00	1.051251e+00	1.050716e+00	1.012011e+00	1.039114e+00	1.000120e+00	1.026779e+00	9.994145e-01	1.036335e+00	9.898459e-01	1.044286e+00	9.976026e-01	1.044007e+00	1.027580e+00	1.029112e+00	1.027055e+00	1.033284e+00	1.041221e+00	1.001199e+00	1.034436e+00	1.033550e+00	1.018104e+00	1.042611e+00	1.043566e+00	1.045532e+00	1.045352e+00	1.012110e+00	1.043688e+00	1.045282e+00	1.049263e+00	9.982415e-01	1.002642e+00	9.955347e-01	1.041467e+00	9.996967e-01	
SCALARS Mach double 1
LOOKUP_TABLE default
0.000000e+00	0.000000e+00	4.965172e-01	5.044386e-01	5.039179e-01	4.968532e-01	0.000000e+00	0.000000e+00	0.000000e+00	0.000000e+00	0.000000e+00	0.000000e+00	0.000000e+00	0.000000e+00	0.000000e+00	0.000000e+00	0.000000e+00	0.000000e+00	0.000000e+00	0.000000e+00	0.000000e+00	0.000000e+00	0.000000e+00	0.000000e+00	0.000000e+00	0.000000e+00	0.000000e+00	0.000000e+00	0.000000e+00	0.000000e+00	0.000000e+00	0.000000e+00	0.000000e+00	0.000000e+00	0.000000e+00	0.000000e+00	0.000000e+00	0.000000e+00	0.000000e+00	0.000000e+00	0.000000e+00	0.000000e+00	0.000000e+00	0.000000e+00	0.000000e+00	0.000000e+00	0.000000e+00	0.000000e+00	0.000000e+00	0.000000e+00	0.000000e+00	0.000000e+00	0.000000e+00	0.000000e+00	0.000000e+00	0.000000e+00	0.000000e+00	0.000000e+00	0.000000e+00	0.000000e+00	0.000000e+00	0.000000e+00	0.000000e+00	0.000000e+00	0.000000e+00	0.000000e+00	0.000000e+00	0.000000e+00	0.000000e+00	0.000000e+00	0.000000e+00	0.000000e+00	0.000000e+00	0.000000e+00	0.000000e+00	0.000000e+00	0.000000e+00	0.000000e+00	0.000000e+00	0.000000e+00	0.000000e+00	0.000000e+00	0.000000e+00	0.000000e+00	0.000000e+00	0.000000e+00	0.000000e+00	0.000000e+00	0.000000e+00	0.000000e+00	0.000000e+00	0.000000e+00	0.000000e+00	0.000000e+00	0.000000e+00	0.000000e+00	0.000000e+00	0.000000e+00	0.000000e+00	0.000000e+00	0.000000e+00	0.000000e+00	0.000000e+00	0.000000e+00	0.000000e+00	0.000000e+00	0.000000e+00	0.000000e+00	0.000000e+00	0.000000e+00	0.000000e+00	0.000000e+00	0.000000e+00	0.000000e+00	0.000000e+00	0.000000e+00	0.000000e+00	0.000000e+00	0.000000e+00	0.000000e+00	0.000000e+00	0.000000e+00	0.000000e+00	0.000000e+00	0.000000e+00	0.000000e+00	0.000000e+00	0.000000e+00	0.000000e+00	0.000000e+00	0.000000e+00	0.000000e+00	0.000000e+00	0.000000e+00	0.000000e+00	0.000000e+00	0.000000e+00	0.000000e+00	0.000000e+00	0.000000e+00	0.000000e+00	0.000000e+00	0.000000e+00	0.000000e+00	0.000000e+00	0.000000e+00	0.000000e+00	0.000000e+00	0.000000e+00	0.000000e+00	0.000000e+00	0.000000e+00	0.000000e+00	0.000000e+00	0.000000e+00	0.000000e+00	0.000000e+00	0.000000e+00	0.000000e+00	0.000000e+00	0.000000e+00	0.000000e+00	0.000000e+00	0.000000e+00	0.000000e+00	0.000000e+00	0.000000e+00	0.000000e+00	0.000000e+00	0.000000e+00	0.000000e+00	0.000000e+00	0.000000e+00	0.000000e+00	0.000000e+00	0.000000e+00	0.000000e+00	0.000000e+00	0.000000e+00	0.000000e+00	0.000000e+00	0.000000e+00	0.000000e+00	0.000000e+00	0.000000e+00	0.000000e+00	0.000000e+00	0.000000e+00	0.000000e+00	0.000000e+00	0.000000e+00	0.000000e+00	0.000000e+00	0.000000e+00	0.000000e+00	0.000000e+00	0.000000e+00	0.000000e+00	0.000000e+00	0.000000e+00	0.000000e+00	0.000000e+00	0.000000e+00	0.000000e+00	0.000000e+00	0.000000e+00	0.000000e+00	0.000000e+00	0.000000e+00	0.000000e+00	0.000000e+00	0.000000e+00	0.000000e+00	0.000000e+00	0.000000e+00	0.000000e+00	0.000000e+00	0.000000e+00	0.000000e+00	0.000000e+00	0.000000e+00	0.000000e+00	0.000000e+00	0.000000e+00	0.000000e+00	0.000000e+00	0.000000e+00	0.000000e+00	0.000000e+00	0.000000e+00	0.000000e+00	0.000000e+00	0.000000e+00	0.000000e+00	0.000000e+00	0.000000e+00	0.000000e+00	0.000000e+00	0.000000e+00	0.000000e+00	0.000000e+00	0.000000e+00	0.000000e+00	0.000000e+00	0.000000e+00	0.000000e+00	0.000000e+00	0.000000e+00	0.000000e+00	0.000000e+00	0.000000e+00	0.000000e+00	0.000000e+00	0.000000e+00	0.000000e+00	0.000000e+00	0.000000e+00	0.000000e+00	0.000000e+00	0.000000e+00	0.000000e+00	0.000000e+00	0.000000e+00	0.000000e+00	0.000000e+00	0.000000e+00	0.000000e+00	0.000000e+00	0.000000e+00	0.000000e+00	0.000000e+00	0.000000e+00	0.000000e+00	0.000000e+00	0.000000e+00	0.000000e+00	0.000000e+00	0.000000e+00	0.000000e+00	0.000000e+00	0.000000e+00	0.000000e+00	0.000000e+00	0.000000e+00	0.000000e+00	0.000000e+00	0.000000e+00	0.000000e+00	0.000000e+00	0.000000e+00	0.000000e+00	0.000000e+00	0.000000e+00	0.000000e+00	0.000000e+00	0.000000e+00	0.000000e+00	0.000000e+00	0.000000e+00	0.000000e+00	0.000000e+00	0.000000e+00	0.000000e+00	0.000000e+00	0.000000e+00	0.000000e+00	0.000000e+00	0.000000e+00	0.000000e+00	0.000000e+00	0.000000e+00	0.000000e+00	0.000000e+00	0.000000e+00	0.000000e+00	0.000000e+00	0.000000e+00	0.000000e+00	0.000000e+00	0.000000e+00	0.000000e+00	0.000000e+00	0.000000e+00	0.000000e+00	0.000000e+00	0.000000e+00	0.000000e+00	0.000000e+00	0.000000e+00	0.000000e+00	0.000000e+00	0.000000e+00	0.000000e+00	0.000000e+00	0.000000e+00	0.000000e+00	0.000000e+00	0.000000e+00	0.000000e+00	0.000000e+00	0.000000e+00	0.000000e+00	0.000000e+00	0.000000e+00	0.000000e+00	0.000000e+00	0.000000e+00	0.000000e+00	0.000000e+00	0.000000e+00	0.000000e+00	0.000000e+00	0.000000e+00	0.000000e+00	0.000000e+00	0.000000e+00	0.000000e+00	0.000000e+00	0.000000e+00	0.000000e+00	0.000000e+00	0.000000e+00	0.000000e+00	0.000000e+00	0.000000e+00	0.000000e+00	0.000000e+00	0.000000e+00	0.000000e+00	0.000000e+00	0.000000e+00	0.000000e+00	0.000000e+00	0.000000e+00	0.000000e+00	0.000000e+00	0.000000e+00	0.000000e+00	0.000000e+00	0.000000e+00	0.000000e+00	0.000000e+00	0.000000e+00	0.000000e+00	0.000000e+00	0.000000e+00	0.000000e+00	0.000000e+00	0.000000e+00	0.000000e+00	0.000000e+00	0.000000e+00	0.000000e+00	0.000000e+00	0.000000e+00	0.000000e+00	0.000000e+00	0.000000e+00	0.000000e+00	0.000000e+00	0.000000e+00	0.000000e+00	0.000000e+00	0.000000e+00	0.000000e+00	0.000000e+00	0.000000e+00	0.000000e+00	0.000000e+00	0.000000e+00	0.000000e+00	0.000000e+00	0.000000e+00	0.000000e+00	0.000000e+00	0.000000e+00	0.000000e+00	0.000000e+00	0.000000e+00	0.000000e+00	0.000000e+00	0.000000e+00	0.000000e+00	0.000000e+00	0.000000e+00	0.000000e+00	4.944126e-01	4.938424e-01	4.968095e-01	5.011332e-01	5.036522e-01	5.043853e-01	5.060244e-01	5.081338e-01	5.100688e-01	5.123705e-01	5.138918e-01	5.144218e-01	5.117457e-01	5.011476e-01	5.012606e-01	5.011906e-01	5.012766e-01	5.007291e-01	5.115824e-01	5.149061e-01	5.151039e-01	5.142758e-01	5.128542e-01	5.114401e-01	5.106408e-01	5.112031e-01	5.127480e-01	5.109005e-01	5.044118e-01	4.975664e-01	4.956681e-01	4.946893e-01	4.929918e-01	4.919370e-01	4.924473e-01	4.942331e-01	5.074789e-01	5.115270e-01	5.083770e-01	5.091219e-01	5.085158e-01	5.065444e-01	5.052059e-01	4.905961e-01	4.950490e-01	5.152569e-01	5.012648e-01	4.939770e-01	5.074613e-01	4.932697e-01	5.057015e-01	5.143573e-01	5.258240e-01	5.019325e-01	5.086169e-01	5.123592e-01	5.115417e-01	5.076436e-01	4.882422e-01	4.961536e-01	4.816204e-01	4.448428e-01	4.175761e-01	4.342817e-01	4.184752e-01	4.110864e-01	3.863255e-01	4.531117e-01	4.904152e-01	4.904719e-01	5.064504e-01	1.073839e-03	1.094043e-03	5.169008e-01	5.245259e-01	2.158547e-03	4.800805e-03	5.207947e-01	2.269131e-04	5.361326e-01	2.973959e-02	1.877908e-02	1.851292e-02	1.064208e-02	5.449769e-01	5.184251e-01	5.146796e-01	4.022950e-01	5.079818e-01	5.096996e-01	5.073872e-01	5.080118e-01	5.120969e-01	5.165359e-01	2.134337e-02	2.173676e-02	1.876865e-02	3.445947e-02	5.164810e-01	1.038123e-02	1.601187e-02	1.302868e-02	1.919888e-02	8.044358e-03	1.601312e-02	7.990909e-03	7.559124e-03	9.910103e-03	9.681555e-03	7.592492e-03	8.829059e-03	1.084568e-02	7.597710e-03	5.249370e-01	3.252033e-02	5.020675e-01	4.780431e-01	4.636757e-01	4.723613e-01	4.793282e-01	4.789834e-01	4.815494e-01	4.837778e-01	4.839028e-01	4.875649e-01	4.867137e-01	4.974925e-01	4.864542e-01	4.905043e-01	4.906773e-01	4.895256e-01	4.865723e-01	4.876914e-01	4.792630e-01	4.866707e-01	4.824414e-01	4.675150e-01	4.902785e-01	4.899576e-01	4.953959e-01	4.783955e-01	1.900794e-02	4.975655e-01	5.053178e-01	4.800916e-01	5.035167e-01	5.101386e-01	5.181806e-01	5.278309e-01	4.928630e-01	4.937843e-01	4.963246e-01	5.003372e-01	4.955413e-01	5.083535e-01	4.953274e-01	5.038463e-01	4.901872e-01	5.135183e-01	5.109569e-01	5.178695e-01	5.254033e-01	5.361921e-01	5.260148e-01	5.354617e-01	5.316126e-01	5.493751e-01	5.623565e-01	5.367999e-03	5.788212e-01	7.089932e-02	6.644005e-02	4.509512e-02	3.618807e-02	5.274090e-01	5.176347e-01	4.917380e-01	5.057446e-01	4.940294e-01	4.938986e-01	4.942808e-01	5.059594e-01	5.088288e-01	4.928060e-01	5.107028e-01	7.340864e-03	1.875582e-02	5.379490e-01	5.087986e-01	1.228135e-01	1.220590e-01	1.213274e-01	9.963711e-02	5.584619e-01	4.887708e-01	4.669380e-01	4.863658e-01	1.267611e-01	1.017808e-01	4.774290e-01	4.553076e-01	4.123292e-01	4.830369e-01	7.827735e-03	8.256389e-03	5.012955e-01	4.995276e-01	4.948190e-01	8.607171e-03	9.294760e-03	7.814111e-03	2.184303e-02	5.054575e-01	8.658304e-03	5.083407e-01	4.977505e-01	1.293326e-02	4.740722e-01	4.953459e-01	4.956756e-01	5.082161e-01	1.091958e-02	1.618539e-02	5.105986e-01	5.079841e-01	5.134958e-01	1.223822e-02	1.580793e-02	2.986242e-02	1.542460e-02	1.619891e-02	1.285394e-02	3.369821e-02	6.079590e-02	7.169899e-02	1.145305e-01	3.027050e-02	2.382644e-02	4.790018e-02	2.192471e-02	2.324426e-02	2.306729e-02	3.393637e-02	4.781424e-02	4.396399e-02	8.782449e-02	8.785089e-02	1.571516e-01	8.435511e-02	4.272077e-02	8.009086e-02	4.875235e-01	1.504422e-02	3.612894e-02	6.768110e-02	1.400199e-02	1.382860e-02	1.143376e-01	1.698533e-02	1.818324e-01	2.079775e-02	1.252192e-02	1.466344e-02	1.232596e-02	1.024078e-01	2.956571e-02	3.727946e-02	1.404876e-02	3.367989e-02	3.309209e-02	6.557970e-02	6.070420e-02	1.092541e-01	1.022304e-01	1.520885e-01	5.701538e-02	5.871290e-02	9.347028e-02	3.004871e-02	5.142123e-02	7.531316e-02	1.274339e-02	1.204544e-02	1.471378e-02	3.503772e-02	1.482580e-02	3.039933e-02	6.181611e-02	1.454742e-02	2.154134e-02	1.876840e-02	1.320112e-02	6.141283e-02	1.093481e-01	1.069423e-01	1.702731e-01	1.321925e-01	6.563712e-02	1.044496e-01	6.461069e-02	9.792183e-02	4.020163e-02	5.186786e-02	8.481878e-02	1.459375e-01	1.771951e-02	1.524037e-02	3.244044e-02	9.672278e-02	4.323662e-02	6.637105e-02	1.530705e-01	2.456842e-01	1.856424e-02	3.776550e-02	1.795418e-02	4.056655e-02	3.267312e-02	4.096171e-02	1.574932e-02	1.695335e-02	6.657872e-02	7.297912e-02	1.166680e-01	1.281097e-01	1.791449e-01	8.406696e-02	1.373376e-02	1.594150e-01	2.514361e-01	9.740338e-02	4.390931e-02	1.575042e-02	1.314423e-01	1.338472e-02	1.640700e-02	1.578993e-02	2.502352e-02	3.686414e-02	3.606629e-02	6.497864e-02	6.346678e-02	1.083315e-01	1.083234e-01	1.675369e-01	1.642671e-01	1.766385e-02	1.993074e-02	2.598723e-01	1.601680e-02	1.752517e-02	1.788253e-02	1.011662e-01	1.582464e-01	9.340496e-02	1.494312e-01	1.466079e-02	2.192934e-01	8.802310e-02	1.432119e-01	8.405926e-02	1.354500e-01	2.000616e-01	2.447189e-02	8.124167e-02	1.288227e-01	7.614222e-02	1.225388e-01	5.696713e-02	6.073854e-02	2.352839e-02	7.001356e-02	1.129640e-01	1.970756e-02	2.633368e-02	1.712649e-01	1.751633e-02	2.584842e-02	1.722309e-02	7.073326e-02	1.019635e-01	1.823525e-02	4.665358e-02	5.831289e-02	6.128162e-02	3.413961e-02	5.659759e-02	6.714530e-02	7.911344e-02	4.710086e-02	1.585851e-02	3.659625e-02	4.386455e-02	3.236462e-02	3.626669e-02	1.308160e-02	1.701831e-02	1.344746e-02	1.567818e-02	1.723441e-02	1.535573e-02	1.591412e-02	1.736669e-02	3.803722e-02	3.695587e-02	1.967819e-02	1.652953e-02	4.110416e-02	1.460574e-02	1.303823e-02	1.527888e-02	1.834180e-02	1.489308e-02	1.226062e-02	1.227792e-02	1.512276e-02	2.024647e-02	1.440038e-02	3.218049e-02	1.672576e-02	1.401082e-02	1.256522e-02	1.908003e-02	1.413572e-02	1.419703e-02	3.606463e-02	1.659730e-02	1.140517e-02	1.741115e-02	2.166889e-02	1.631455e-02	2.035004e-02	4.604383e-02	1.186795e-02	1.527248e-02	2.329659e-01	3.359790e-01	2.057551e-01	2.034804e-02	4.948403e-02	4.014966e-02	5.009394e-02	7.830879e-02	8.875286e-02	1.289245e-01	1.424117e-01	2.002542e-01	9.654801e-02	1.339785e-01	1.717008e-02	5.611924e-02	5.575098e-02	8.456640e-02	1.415922e-01	2.532119e-02	2.568811e-02	2.457376e-02	2.055399e-02	2.355055e-02	1.292833e-01	1.945473e-01	8.017797e-02	1.084882e-01	6.210401e-02	7.589209e-02	1.241422e-01	9.751516e-02	1.622809e-01	1.275451e-01	1.969633e-01	2.316288e-01	2.800428e-01	2.333933e-02	2.336559e-02	2.028371e-02	2.236781e-01	1.726788e-01	2.573590e-01	2.720455e-01	3.321556e-01	7.896154e-02	8.401820e-02	1.475302e-01	1.453550e-01	9.025267e-02	8.842908e-02	1.163845e-01	1.929907e-01	2.674521e-01	3.826253e-02	4.081890e-02	1.592032e-01	9.059090e-02	1.197624e-01	1.909323e-01	1.517048e-01	2.140471e-02	9.297675e-02	1.059270e-01	1.724473e-01	1.202676e-01	1.879919e-01	2.362789e-01	2.591867e-01	1.381051e-01	2.704754e-02	2.294690e-01	3.110715e-01	3.532077e-01	3.984596e-01	3.791233e-01	8.330333e-02	8.585687e-02	1.286759e-01	1.967913e-01	2.582519e-01	4.052012e-02	3.846786e-02	7.539812e-02	4.137153e-02	8.453749e-02	8.492126e-02	3.816687e-02	3.964035e-02	3.857781e-02	3.265050e-02	2.775798e-02	5.924161e-02	5.914773e-02	7.179229e-02	2.758419e-02	2.375111e-02	5.786354e-02	1.540696e-02	1.798375e-02	3.492525e-02	4.934063e-01	2.472173e-02	2.292357e-02	2.559179e-02	5.535872e-02	4.619318e-02	2.223112e-02	4.805802e-02	2.177507e-02	4.903526e-02	5.150581e-01	8.011594e-02	1.545588e-02	4.909195e-01	3.181949e-02	2.494452e-02	2.636651e-02	2.562472e-02	1.690333e-02	4.744649e-01	2.450601e-02	1.918287e-02	1.967751e-02	1.597280e-01	2.383496e-01	2.408469e-01	3.331578e-01	4.659321e-01	4.478316e-01	4.602471e-01	4.407881e-01	1.922985e-02	2.039540e-01	2.574992e-02	1.108666e-01	2.692105e-02	4.029352e-02	1.258181e-01	1.821147e-01	1.650575e-02	4.549388e-01	5.065203e-01	3.851513e-02	6.228266e-02	5.100027e-01	2.118334e-02	4.933032e-02	3.065789e-02	2.346590e-02	3.645509e-02	2.089745e-01	1.549413e-01	1.592544e-01	2.349904e-01	3.615875e-01	2.437512e-01	3.273024e-01	3.390994e-01	4.190922e-01	4.368577e-01	4.892232e-01	5.011532e-01	4.395799e-01	5.126504e-01	3.547939e-01	4.326811e-01	5.205756e-01	5.161911e-01	5.337964e-01	5.300325e-01	5.344897e-01	5.328304e-01	5.183993e-01	5.261327e-01	4.888145e-01	5.076105e-01	4.308824e-01	4.778116e-01	3.418721e-01	1.606256e-01	2.053534e-01	2.215115e-01	2.785313e-03	1.430996e-01	3.346330e-01	2.320777e-01	1.112125e-03	4.412495e-01	3.931373e-01	1.291378e-03	5.114882e-01	4.681854e-01	3.527697e-03	1.713024e-03	2.476145e-01	1.369022e-01	5.609531e-01	5.328821e-01	1.481795e-01	7.087315e-02	8.335466e-03	5.847652e-01	5.940306e-01	4.857947e-01	9.170845e-03	5.840796e-01	1.380184e-02	4.368603e-01	6.902968e-03	4.221255e-01	9.932586e-03	1.124703e-02	2.871359e-01	6.091998e-01	6.127545e-01	2.109725e-02	4.320163e-01	5.602479e-01	5.913184e-01	3.309365e-02	6.260641e-01	6.255154e-01	4.219303e-01	5.015992e-01	3.099066e-02	4.659647e-02	6.302337e-01	6.393586e-01	5.595449e-01	4.965519e-02	5.185996e-02	6.135931e-01	6.175770e-01	6.064966e-01	5.711292e-01	6.312195e-01	6.746650e-02	5.146651e-02	8.806711e-02	8.048249e-02	5.665208e-01	1.675899e-01	6.033041e-01	1.044122e-01	4.619715e-01	4.946274e-01	2.902298e-01	4.742947e-01	3.888044e-01	3.369739e-01	5.930483e-01	4.459117e-01	4.910594e-01	4.864795e-01	5.259252e-01	5.204208e-01	5.399208e-01	5.432668e-01	6.931050e-02	4.321524e-02	5.209268e-01	5.468237e-01	1.201123e-02	5.415450e-01	5.483723e-01	5.558187e-01	5.517837e-01	5.180311e-01	5.710159e-01	5.509053e-01	4.753246e-01	5.593998e-01	1.637353e-01	1.371137e-01	4.834570e-01	4.845066e-01	5.040935e-01	4.788915e-01	2.567426e-01	4.023153e-01	1.315893e-01	3.381270e-01	3.242950e-02	2.740449e-02	3.581814e-01	3.030665e-01	3.694815e-01	4.586220e-01	4.102076e-01	4.593527e-01	3.363547e-01	3.924689e-01	4.828356e-01	5.034379e-01	4.012236e-01	2.702670e-01	3.029212e-01	1.207260e-01	1.959841e-01	2.114523e-01	8.058636e-02	2.733808e-01	1.909394e-01	2.930650e-01	3.327797e-01	3.772471e-01	3.779067e-01	1.225984e-01	1.425796e-01	4.349160e-01	4.743474e-01	1.407671e-01	1.315531e-01	1.335466e-01	5.023064e-01	5.427262e-01	4.265569e-01	4.842658e-01	4.108517e-01	3.056785e-01	2.276980e-01	5.526357e-01	3.488908e-01	3.640281e-01	5.561880e-01	3.220797e-01	2.239132e-01	1.330814e-01	1.374661e-01	5.602332e-02	2.583529e-01	5.559476e-01	5.063289e-01	5.225591e-01	3.458869e-01	2.470929e-01	5.059513e-01	3.971578e-01	2.612699e-01	5.085273e-01	5.305156e-01	3.109045e-01	3.709951e-01	4.157018e-01	5.378554e-01	5.242191e-01	4.954152e-01	2.646734e-01	3.485835e-01	4.628223e-01	4.173543e-01	2.828240e-01	2.764029e-01	2.359256e-01	1.745362e-01	1.419878e-01	2.359092e-01	3.024686e-01	1.209247e-01	8.340668e-02	1.788006e-01	1.460721e-01	3.451508e-01	1.131571e-01	6.016949e-02	1.349679e-01	1.455891e-01	3.480373e-01	3.515721e-01	1.624797e-01	2.355270e-01	4.816670e-01	4.590448e-01	5.204756e-01	1.738499e-01	2.432468e-01	2.454957e-01	1.862770e-01	4.175071e-01	1.149305e-01	4.409142e-01	3.971057e-01	4.152818e-01	5.360295e-01	3.552087e-01	3.042032e-01	5.094101e-01	3.877364e-01	4.320876e-01	5.579244e-01	3.945446e-01	4.438786e-02	5.065601e-01	1.493477e-01	8.455478e-02	4.801497e-02	7.828041e-02	5.334480e-01	4.748234e-01	2.991278e-01	3.532901e-02	4.551731e-01	3.221830e-01	4.329694e-01	3.717761e-01	3.202870e-01	1.559641e-01	3.886397e-01	1.092657e-01	2.360204e-01	2.225691e-01	2.543618e-01	2.675656e-01	3.989882e-01	5.186902e-01	1.417418e-01	3.864800e-01	1.878163e-01	5.805443e-01	5.853685e-01	6.176197e-01	5.223422e-01	4.608074e-01	5.668364e-01	4.241621e-01	4.481937e-01	3.610370e-01	8.830361e-02	3.309996e-01	9.846958e-02	3.220449e-01	1.009640e-01	2.894839e-01	4.060776e-01	2.563846e-01	7.016696e-02	2.997532e-01	4.958433e-01	4.183065e-01	5.720657e-01	2.591204e-01	3.141967e-01	5.014123e-01	3.670724e-01	4.584707e-01	2.692536e-01	3.359910e-01	1.888881e-01	3.569663e-02	1.910971e-01	4.932451e-02	2.009975e-01	3.479235e-01	2.096297e-01	2.957878e-02	1.085649e-01	4.121633e-02	4.893392e-01	3.612878e-01	2.308532e-01	1.260337e-01	3.464096e-01	2.078508e-01	2.641049e-02	1.218627e-01	1.077195e-01	1.616632e-01	2.705457e-02	8.726385e-02	1.100560e-01	2.122723e-01	1.438364e-01	1.997002e-02	2.854177e-01	1.853533e-01	3.259171e-01	2.262205e-01	1.378121e-02	1.195685e-01	1.574347e-01	2.602561e-01	1.847761e-01	8.867864e-02	1.038014e-01	1.305048e-02	1.839310e-01	1.096997e-01	2.069630e-01	1.175003e-01	2.001388e-01	1.219240e-01	2.314603e-01	1.323183e-01	6.033516e-02	5.696587e-02	1.257336e-01	5.265471e-02	4.015468e-03	9.982749e-02	5.156924e-02	3.136341e-03	9.353339e-02	4.704507e-02	9.962515e-02	4.359448e-02	1.497795e-03	8.681582e-02	3.972348e-02	1.280173e-03	1.812585e-01	4.416799e-02	6.862125e-03	9.533615e-02	4.190272e-02	2.400101e-02	7.238395e-03	9.405381e-02	3.836123e-02	6.808506e-04	1.151329e-01	3.841780e-02	1.411887e-03	9.806520e-03	8.489382e-03	3.078888e-02	9.374820e-04	5.365340e-03	2.032931e-02	8.730305e-03	9.232239e-02	1.589110e-02	1.287711e-02	2.154914e-02	2.282242e-03	5.359439e-02	9.513321e-03	4.731850e-02	9.500494e-03	8.698579e-02	4.478794e-03	1.132972e-02	1.016123e-03	3.192571e-02	6.616145e-03	7.406752e-02	2.428146e-01	1.872446e-02	2.486272e-02	2.080592e-02	6.434897e-02	1.904057e-02	3.432684e-02	2.825887e-02	1.304816e-04	4.498916e-03	1.948567e-02	5.565421e-02	4.400433e-03	1.263882e-02	6.316040e-04	1.408843e-03	1.931986e-01	5.527910e-02	4.958055e-02	6.066881e-02	3.287207e-01	3.464762e-02	4.078514e-01	7.218620e-02	1.555780e-03	5.215594e-04	4.938404e-02	2.807493e-01	1.547201e-01	2.150093e-02	1.231229e-02	2.207639e-02	1.222718e-01	2.556600e-03	5.650318e-01	7.034233e-02	2.872175e-04	1.235494e-01	9.050581e-04	1.527203e-03	5.006946e-01	4.814559e-01	3.680123e-01	3.697878e-01	1.641401e-01	1.809482e-01	3.777980e-04	5.080819e-01	5.365187e-03	5.070077e-02	9.368542e-03	2.571922e-02	2.134526e-02	1.960632e-02	2.354034e-02	2.828986e-02	2.053458e-02	2.249221e-02	7.802567e-03	1.184791e-02	3.347176e-02	3.424361e-02	2.457352e-02	1.027974e-02	7.576465e-03	1.148921e-02	2.841510e-03	3.172008e-03	9.702416e-03	5.406600e-03	6.169778e-03	1.871439e-02	8.859083e-03	4.484291e-03	4.485454e-03	4.304484e-03	3.464097e-03	1.670028e-02	3.467180e-02	2.249824e-02	1.497290e-02	2.030138e-02	2.425856e-02	5.430225e-02	4.224109e-02	9.803839e-04	5.968208e-04	1.405115e-03	3.249162e-02	4.985316e-04	6.599781e-04	1.135532e-03	3.182647e-03	1.922505e-02	2.825673e-03	6.708408e-03	6.290325e-03	4.163861e-02	2.787270e-02	3.296594e-02	2.648404e-02	5.262979e-02	1.304951e-02	4.617282e-03	4.519404e-03	1.444384e-03	5.941308e-02	7.178323e-03	1.172705e-02	1.454242e-03	4.265735e-03	5.068456e-03	1.155063e-03	6.057658e-04	6.503562e-04	1.952835e-03	5.790775e-03	1.682501e-03	2.789568e-03	2.022126e-02	4.968343e-02	4.035509e-02	1.679069e-02	1.580595e-02	1.507092e-03	2.169845e-02	3.072810e-02	7.072166e-02	6.284853e-02	6.204765e-02	8.433265e-02	5.734946e-02	8.681173e-02	1.361943e-01	2.599346e-02	2.284636e-02	8.359202e-04	8.374569e-04	1.182008e-03	1.155469e-03	1.057015e-03	1.122896e-03	1.034354e-03	1.114551e-03	3.457692e-02	8.217137e-02	1.058921e-03	1.136513e-02	9.645388e-03	1.424672e-02	4.773189e-02	1.077246e-01	1.074332e-01	2.129700e-01	7.696701e-02	1.127689e-01	7.679571e-02	1.691051e-01	1.370492e-01	8.757873e-03	2.671170e-01	6.061127e-04	4.008360e-04	1.363826e-03	3.186372e-01	2.336279e-01	2.059685e-01	2.867590e-01	3.599286e-01	8.949449e-02	1.388078e-01	1.657600e-03	2.287505e-01	4.581504e-03	1.128123e-03	9.974594e-04	1.612303e-02	9.123536e-03	7.879356e-03	1.362936e-01	1.471906e-01	3.163046e-02	2.852200e-03	1.833898e-01	2.223015e-01	1.077919e-01	5.305794e-01	2.255248e-01	5.785317e-01	3.604701e-02	5.001137e-02	6.170155e-02	1.840888e-01	3.144452e-01	4.454824e-01	3.723249e-02	4.941019e-02	3.665306e-02	1.906350e-02	2.295181e-02	5.553385e-02	1.426619e-02	5.108715e-01	1.874410e-01	1.358889e-01	6.735380e-02	5.272248e-02	8.971210e-02	1.137907e-02	4.111578e-02	5.379396e-02	9.425917e-03	1.260463e-01	7.676043e-02	1.818119e-01	1.142700e-01	1.169556e-02	2.587997e-01	1.872427e-01	3.571940e-01	2.604605e-01	2.833317e-02	7.297204e-02	9.246533e-02	2.176238e-02	1.259180e-01	2.197466e-02	2.762901e-01	4.417219e-01	3.258772e-01	6.954886e-02	5.178254e-01	3.277687e-02	3.386531e-02	5.217717e-02	1.790470e-01	3.341982e-01	4.477381e-01	4.950379e-01	3.810928e-02	2.384182e-02	2.976776e-02	2.778891e-02	1.778908e-01	1.728427e-02	3.989256e-02	8.806227e-03	9.800386e-03	2.343998e-02	2.411083e-02	1.312343e-02	1.588690e-02	3.299410e-02	8.384339e-02	6.174776e-02	7.971786e-02	1.237853e-01	1.868408e-01	1.013511e-01	1.965563e-02	3.334971e-01	4.938188e-02	4.574284e-02	2.846624e-02	2.417048e-02	1.679066e-02	2.268275e-02	8.824025e-03	6.232195e-03	3.603844e-02	4.807605e-01	2.566539e-01	3.297965e-01	3.880254e-01	5.767212e-03	7.250301e-03	8.018116e-03	3.153262e-02	6.837441e-02	4.569768e-02	2.294598e-02	4.654991e-03	6.366902e-01	6.344291e-01	1.594179e-01	5.605775e-02	3.794927e-02	4.908029e-01	4.927884e-01	4.984143e-01	4.987721e-01	5.566398e-02	4.924801e-04	4.036957e-01	4.338054e-01	1.973573e-01	1.602412e-01	5.209829e-01	6.212116e-01	3.344022e-01	5.958111e-02	2.174570e-01	2.718908e-01	4.946878e-01	1.213558e-02	2.893464e-02	5.051977e-01	2.509826e-01	2.356798e-01	2.298733e-01	2.658147e-01	1.529729e-01	6.386719e-02	8.537483e-02	3.373620e-03	1.701271e-01	2.531172e-04	6.846716e-02	1.234192e-02	3.275804e-03	4.364199e-03	4.891368e-01	1.328724e-02	4.930692e-01	6.609753e-02	1.009909e-01	8.563007e-02	7.463142e-03	1.961645e-01	4.014283e-02	2.375464e-02	7.637204e-02	1.422956e-01	3.041263e-01	2.865521e-02	6.107612e-02	7.983138e-03	2.353854e-01	5.486955e-01	5.729350e-01	5.782402e-01	4.892113e-01	3.213609e-01	2.483287e-01	1.176003e-02	1.620198e-01	1.698847e-02	6.147680e-01	2.540241e-01	2.826106e-03	2.612158e-03	2.411683e-02	3.485303e-02	1.066261e-01	1.147606e-03	3.225863e-02	2.976838e-02	9.156038e-02	6.245385e-02	2.652100e-01	1.245225e-01	5.126364e-01	5.137451e-01	1.572216e-02	3.003510e-02	1.760586e-02	1.048025e-01	4.571770e-02	4.213011e-02	4.690410e-02	5.017990e-01	5.292812e-01	1.906724e-01	2.510007e-01	7.149332e-02	1.000671e-01	1.086905e-02	1.853448e-02	1.921126e-01	4.118053e-02	4.400639e-03	5.065824e-01	2.031286e-01	9.280700e-04	6.648340e-02	5.193209e-01	2.203216e-01	6.041949e-01	5.088893e-01	1.983381e-01	1.975055e-02	1.328012e-01	4.201488e-02	8.551697e-02	4.603564e-01	4.984260e-01	7.041313e-02	1.655552e-01	5.456450e-02	3.428530e-02	1.527452e-01	1.075808e-02	1.004143e-03	1.823953e-02	4.280064e-01	1.361643e-03	4.696377e-01	5.581810e-01	4.841510e-01	5.117588e-04	5.118162e-01	3.519897e-02	6.389915e-02	5.056889e-01	5.044202e-01	5.212800e-01	2.310564e-01	7.803415e-03	4.698449e-01	5.816634e-02	7.232514e-02	2.990974e-01	1.106057e-02	5.219774e-01	3.256626e-02	3.266837e-02	3.323291e-02	2.540233e-02	4.261481e-03	4.350155e-02	2.124896e-02	3.877513e-02	1.121144e-03	4.909169e-02	6.629032e-02	1.519885e-02	4.798748e-01	1.033742e-01	1.679655e-01	5.129952e-01	5.759012e-01	8.832684e-02	5.130057e-01	4.316076e-01	1.009348e-03	1.678471e-02	6.290386e-01	1.076267e-01	1.321949e-01	9.012193e-02	4.425730e-01	1.301557e-01	1.702716e-01	9.595372e-02	2.608562e-02	1.027234e-01	3.720134e-02	1.655845e-02	4.857110e-01	5.352827e-01	5.605532e-01	4.208780e-01	2.846880e-01	2.623413e-01	4.740360e-01	1.157104e-01	8.874970e-02	1.011056e-01	1.119180e-01	2.035885e-02	4.122468e-02	3.818877e-01	3.147885e-01	6.125182e-02	5.281802e-01	9.251835e-02	1.685400e-01	4.112007e-01	4.914673e-01	2.406632e-01	1.065449e-01	3.059688e-01	5.135655e-01	6.395199e-02	5.797151e-01	1.060225e-01	1.084805e-01	6.049059e-03	3.545017e-01	4.264773e-01	4.658086e-01	1.157005e-03	1.572529e-02	4.613442e-01	5.922934e-01	5.883348e-01	3.572573e-02	7.263796e-02	8.537452e-02	5.300445e-01	5.591926e-01	2.518462e-01	5.667675e-01	4.474032e-02	4.188747e-02	5.878372e-01	2.835455e-02	1.692375e-01	7.841271e-02	5.214538e-01	1.247389e-01	3.141920e-01	5.975020e-01	5.469248e-01	5.994353e-01	5.364304e-01	5.272441e-02	3.212257e-01	5.294827e-01	5.456105e-01	4.616864e-01	2.995333e-01	9.275669e-03	1.436088e-02	4.412017e-02	3.219076e-01	4.818398e-01	1.428773e-01	1.286966e-01	1.117408e-01	3.504796e-02	5.175580e-01	5.049842e-01	2.003177e-02	5.480149e-01	6.378596e-01	4.850463e-01	3.760936e-02	2.815559e-01	5.405046e-01	5.304754e-01	4.605795e-01	4.232954e-02	3.614055e-01	5.120441e-01	5.012768e-01	8.629180e-03	8.851882e-02	9.128944e-02	4.411846e-01	1.020285e-01	5.051985e-01	3.385253e-01	5.076707e-01	2.248497e-01	5.596930e-01	7.435859e-02	5.195381e-01	6.696573e-02	3.313777e-01	3.683196e-01	3.659327e-01	2.911860e-01	4.949122e-02	5.013131e-01	2.135071e-01	1.522986e-01	3.946200e-01	1.545030e-01	8.386151e-03	4.650121e-02	5.225493e-02	4.491369e-01	2.241977e-02	5.124004e-02	1.092085e-01	5.128869e-01	4.919983e-01	5.298884e-01	5.120782e-02	5.073142e-01	
SCALARS Pressure_Coefficient double 1
LOOKUP_TABLE default
3.811742e-01	-3.414968e-01	3.324206e-02	2.435494e-02	2.003098e-02	2.790434e-02	7.486488e-01	1.114911e+00	1.226430e+00	1.289852e+00	1.326478e+00	1.271946e+00	1.223493e+00	1.132373e+00	1.105623e+00	1.026106e+00	9.685849e-01	8.841143e-01	8.556234e-01	8.062252e-01	7.449156e-01	6.895219e-01	6.322393e-01	5.811237e-01	5.305567e-01	4.613249e-01	4.090888e-01	3.679484e-01	2.917378e-01	2.350480e-01	1.944743e-01	1.548572e-01	1.049050e-01	6.393740e-02	2.070572e-02	-1.392465e-02	-5.705070e-02	-9.624193e-02	-1.467055e-01	-1.832036e-01	-2.333202e-01	-2.671408e-01	-3.106459e-01	-3.503297e-01	-3.941747e-01	-4.262805e-01	-4.484676e-01	-4.761707e-01	-5.205298e-01	-5.454430e-01	-5.676085e-01	-5.973222e-01	-6.211567e-01	-6.552310e-01	-6.819991e-01	-6.999138e-01	-7.188271e-01	-7.360181e-01	-7.508351e-01	-7.644486e-01	-7.792306e-01	-7.963801e-01	-8.112705e-01	-8.194136e-01	-8.246776e-01	-8.303058e-01	-8.363136e-01	-8.448055e-01	-8.511895e-01	-8.568080e-01	-8.607399e-01	-8.654420e-01	-8.647316e-01	-8.606464e-01	-8.568693e-01	-8.509048e-01	-8.429159e-01	-8.395194e-01	-8.358464e-01	-8.287438e-01	-8.230575e-01	-8.184826e-01	-8.143676e-01	-8.084151e-01	-8.016933e-01	-7.959374e-01	-7.905077e-01	-7.850401e-01	-7.808060e-01	-7.752005e-01	-7.679056e-01	-7.623479e-01	-7.585847e-01	-7.532777e-01	-7.478808e-01	-7.423112e-01	-7.360146e-01	-7.302633e-01	-7.224646e-01	-7.157764e-01	-7.092705e-01	-7.044831e-01	-6.992914e-01	-6.936108e-01	-6.888247e-01	-6.840784e-01	-6.789064e-01	-6.737357e-01	-6.697119e-01	-6.648254e-01	-6.601107e-01	-6.564324e-01	-6.528317e-01	-6.490889e-01	-6.460698e-01	-6.428781e-01	-6.386815e-01	-6.344392e-01	-6.308422e-01	-6.275390e-01	-6.233600e-01	-6.188504e-01	-6.154621e-01	-6.109254e-01	-6.066758e-01	-6.031082e-01	-5.979540e-01	-5.936258e-01	-5.892866e-01	-5.858253e-01	-5.808133e-01	-5.758464e-01	-5.709785e-01	-5.666383e-01	-5.617544e-01	-5.569179e-01	-5.520469e-01	-5.472726e-01	-5.432528e-01	-5.396013e-01	-5.355891e-01	-5.312361e-01	-5.273755e-01	-5.229515e-01	-5.185966e-01	-5.149559e-01	-5.110634e-01	-5.068112e-01	-5.032869e-01	-4.995761e-01	-4.963506e-01	-4.933719e-01	-4.892053e-01	-4.845777e-01	-4.806041e-01	-4.771190e-01	-4.729636e-01	-4.693560e-01	-4.659906e-01	-4.611573e-01	-4.571141e-01	-4.530239e-01	-4.499279e-01	-4.464469e-01	-4.431326e-01	-4.399138e-01	-4.371463e-01	-4.339792e-01	-4.311449e-01	-4.282912e-01	-4.252601e-01	-4.217941e-01	-4.189206e-01	-4.158179e-01	-4.130840e-01	-4.102092e-01	-4.070593e-01	-4.047664e-01	-4.015459e-01	-3.987872e-01	-3.958260e-01	-3.933403e-01	-3.905549e-01	-3.875439e-01	-3.851194e-01	-3.821510e-01	-3.790977e-01	-3.759331e-01	-3.723830e-01	-3.695144e-01	-3.654990e-01	-3.615345e-01	-3.574636e-01	-3.540057e-01	-3.504331e-01	-3.470723e-01	-3.432314e-01	-3.403623e-01	-3.376780e-01	-3.351258e-01	-3.323745e-01	-3.301437e-01	-3.282488e-01	-3.257994e-01	-3.232875e-01	-3.210348e-01	-3.184756e-01	-3.160628e-01	-3.131340e-01	-3.104013e-01	-3.074828e-01	-3.044572e-01	-3.020777e-01	-2.994828e-01	-2.967476e-01	-2.940100e-01	-2.919392e-01	-2.908151e-01	-2.900197e-01	-2.896073e-01	-2.896951e-01	-2.896064e-01	-2.932961e-01	-2.967629e-01	-3.104474e-01	-2.955699e-01	-2.263166e-01	-2.169721e-01	-2.149835e-01	-2.138570e-01	-2.111409e-01	-2.070031e-01	-2.034855e-01	-2.008060e-01	-1.977715e-01	-1.945594e-01	-1.917925e-01	-1.893066e-01	-1.862166e-01	-1.833754e-01	-1.816327e-01	-1.788511e-01	-1.767286e-01	-1.743158e-01	-1.724226e-01	-1.699305e-01	-1.681560e-01	-1.667743e-01	-1.649610e-01	-1.633233e-01	-1.617349e-01	-1.602821e-01	-1.586291e-01	-1.568494e-01	-1.553311e-01	-1.536207e-01	-1.517490e-01	-1.504564e-01	-1.495266e-01	-1.485132e-01	-1.471628e-01	-1.457622e-01	-1.446333e-01	-1.436567e-01	-1.426033e-01	-1.419638e-01	-1.412620e-01	-1.407190e-01	-1.399211e-01	-1.391870e-01	-1.386673e-01	-1.382142e-01	-1.375895e-01	-1.371360e-01	-1.366528e-01	-1.360404e-01	-1.355970e-01	-1.353459e-01	-1.349111e-01	-1.344317e-01	-1.340532e-01	-1.337182e-01	-1.335199e-01	-1.334848e-01	-1.333695e-01	-1.331783e-01	-1.329724e-01	-1.328430e-01	-1.325531e-01	-1.323031e-01	-1.321716e-01	-1.319385e-01	-1.317424e-01	-1.315991e-01	-1.315752e-01	-1.315465e-01	-1.316345e-01	-1.315584e-01	-1.314493e-01	-1.314086e-01	-1.315219e-01	-1.317031e-01	-1.317909e-01	-1.321152e-01	-1.325844e-01	-1.330491e-01	-1.335942e-01	-1.343307e-01	-1.349540e-01	-1.354891e-01	-1.359381e-01	-1.364088e-01	-1.367943e-01	-1.370892e-01	-1.373879e-01	-1.378402e-01	-1.384484e-01	-1.391492e-01	-1.400374e-01	-1.408766e-01	-1.416677e-01	-1.426435e-01	-1.435063e-01	-1.442791e-01	-1.451055e-01	-1.459381e-01	-1.466327e-01	-1.473768e-01	-1.481330e-01	-1.488040e-01	-1.496228e-01	-1.502746e-01	-1.509088e-01	-1.517086e-01	-1.525288e-01	-1.535295e-01	-1.546416e-01	-1.557683e-01	-1.568491e-01	-1.581077e-01	-1.593530e-01	-1.604722e-01	-1.618209e-01	-1.631279e-01	-1.643350e-01	-1.656747e-01	-1.672456e-01	-1.687302e-01	-1.701888e-01	-1.717118e-01	-1.732823e-01	-1.748012e-01	-1.763478e-01	-1.778436e-01	-1.792304e-01	-1.805647e-01	-1.820645e-01	-1.837736e-01	-1.854811e-01	-1.871277e-01	-1.892138e-01	-1.916095e-01	-1.938627e-01	-1.966133e-01	-1.992304e-01	-2.017442e-01	-2.038872e-01	-2.067193e-01	-2.091964e-01	-2.121435e-01	-2.151219e-01	-2.180200e-01	-2.220234e-01	-2.257866e-01	-2.305167e-01	-2.354919e-01	-2.406247e-01	-2.457874e-01	-2.511142e-01	-2.568066e-01	-2.626723e-01	-2.682963e-01	-2.747346e-01	-2.806298e-01	-2.872529e-01	-2.935321e-01	-2.991079e-01	-3.057548e-01	-3.125197e-01	-3.186125e-01	-3.246157e-01	-3.321579e-01	-3.403692e-01	-3.489393e-01	-3.585061e-01	-3.690156e-01	-3.784509e-01	-3.877757e-01	-4.000231e-01	-4.116794e-01	-4.263132e-01	-4.381135e-01	-4.531259e-01	-4.741812e-01	-4.911535e-01	-5.110168e-01	-5.293688e-01	-5.523736e-01	-5.725613e-01	-5.969590e-01	-6.216444e-01	-6.441337e-01	-6.735722e-01	-7.051871e-01	-7.423635e-01	-7.720537e-01	-7.770231e-01	-7.995632e-01	-8.415644e-01	-8.762943e-01	-9.011716e-01	-8.889795e-01	-8.411879e-01	-6.352194e-01	-5.132292e-01	-1.437781e-01	3.907397e-02	4.262343e-02	3.267440e-02	1.561346e-02	4.003607e-03	-8.389341e-04	-3.538975e-03	-6.837698e-03	-1.049822e-02	-1.259916e-02	-1.468554e-02	-1.323578e-02	-6.702419e-03	3.520885e-04	-4.239244e-02	-6.403581e-02	-5.067973e-02	-8.999253e-03	-1.098522e-02	-1.745068e-02	-1.946556e-02	-1.935085e-02	-1.978090e-02	-2.137970e-02	-2.452036e-02	-2.966898e-02	-3.398398e-02	-2.439410e-02	3.791641e-03	2.769689e-02	3.124325e-02	3.778413e-02	5.386596e-02	6.125254e-02	5.727172e-02	4.216381e-02	-1.933164e-03	-2.291827e-02	-1.460081e-02	-1.745954e-02	-8.278726e-03	-1.866709e-02	1.267452e-03	6.490880e-02	3.998663e-02	-3.952490e-02	1.529351e-02	-3.912604e-02	-1.694502e-02	4.801104e-02	-2.019794e-02	-3.760257e-02	-8.156472e-02	1.370116e-02	-9.933162e-03	-2.974103e-02	-2.291591e-02	-1.759215e-02	-9.841236e-03	-1.270695e-02	-1.258448e-02	-9.057662e-03	-2.247573e-02	-3.277565e-03	-2.219868e-02	-2.702439e-02	-3.179913e-02	-5.384614e-03	4.618393e-03	-5.637328e-03	-2.914627e-02	-3.392978e-01	-3.099570e-01	-2.708166e-02	-5.343460e-02	-4.141104e-01	-4.538288e-01	-6.417448e-02	-3.789930e-01	-1.116866e-01	-6.789676e-01	-6.304662e-01	-5.803922e-01	-5.314479e-01	-1.585061e-01	-4.839569e-02	-2.815738e-02	-2.141905e-02	-5.094429e-03	-3.390066e-03	-3.984422e-03	-1.044409e-03	-1.305640e-02	-2.623055e-02	-1.324558e-01	-1.368736e-01	-1.487740e-01	-1.711414e-01	-3.551229e-02	-2.034018e-01	-1.727942e-01	-1.524581e-01	-1.399982e-01	-3.263854e-01	-1.331864e-01	-2.493125e-01	-2.895841e-01	-2.218132e-01	-3.075261e-01	-2.716018e-01	-2.341624e-01	-2.151581e-01	-2.601478e-01	-6.193087e-02	-1.982430e-01	-1.348995e-02	-1.092719e-02	-9.613275e-03	-1.123176e-02	-1.294655e-02	-1.354865e-02	-1.487476e-02	-1.421588e-02	-1.803985e-02	-1.859126e-02	-5.364646e-03	-1.040302e-02	-2.322747e-02	-2.360908e-02	6.398336e-02	6.374405e-02	7.885281e-02	7.296134e-02	1.038090e-01	7.683180e-02	9.178667e-02	1.443502e-01	6.136237e-02	6.408903e-02	4.472362e-02	1.091860e-01	-4.960471e-01	3.347822e-02	5.983927e-03	1.015839e-01	1.083841e-02	-1.175882e-02	-4.340659e-02	-7.718970e-02	4.725482e-02	-2.084817e-02	-1.551499e-02	-1.835574e-02	3.464450e-02	-5.817209e-03	3.818578e-02	4.981946e-03	6.210229e-02	-3.144552e-02	-1.636993e-02	-4.256425e-02	-6.854973e-02	-1.054098e-01	-8.304858e-02	-1.187718e-01	-1.029780e-01	-1.727650e-01	-2.108651e-01	-4.937488e-01	-2.836534e-01	-8.483355e-01	-8.227994e-01	-7.828092e-01	-7.417837e-01	-8.482888e-02	-4.923952e-02	5.687612e-02	-4.898785e-03	-2.564426e-02	-3.479848e-02	4.574320e-02	-2.015483e-02	-1.051164e-02	-7.140495e-03	-1.979839e-02	-2.656117e-01	-2.685671e-01	-1.227375e-01	-2.144140e-03	-8.021695e-01	-3.538999e-02	-6.844197e-01	-3.585522e-01	-2.018960e-01	6.663537e-02	1.483001e-01	8.592964e-02	6.569326e-01	3.784836e-01	1.131471e-01	1.883361e-01	3.556367e-01	8.980394e-02	-2.542716e-01	-2.439473e-01	-2.119574e-02	-2.713662e-02	-1.761537e-02	-2.392054e-01	-2.298577e-01	-2.257248e-01	-2.266463e-01	9.761519e-05	-2.182713e-01	-6.919933e-04	1.650203e-03	-2.119974e-01	1.245486e-01	-1.260168e-02	-1.505669e-02	-1.717839e-02	-2.092354e-01	-2.065380e-01	-1.636205e-02	-6.391573e-03	-2.696114e-02	-2.012984e-01	-1.855641e-01	-2.028128e-01	-1.917187e-01	-1.964522e-01	-1.987233e-01	-1.992358e-01	-2.030268e-01	-1.974905e-01	-2.021258e-01	-2.148846e-01	-2.198316e-01	-2.239831e-01	-2.467727e-01	-2.576947e-01	-2.369823e-01	-1.944450e-01	-2.071958e-01	-2.327655e-01	-2.275346e-01	-2.389415e-01	-2.317341e-01	-2.184812e-01	-2.420983e-01	-2.494815e-01	7.373902e-02	-1.889849e-01	-1.901198e-01	-1.911927e-01	-1.787623e-01	-1.818411e-01	-1.937880e-01	-1.612735e-01	-1.981450e-01	-1.668273e-01	-1.640439e-01	-1.589283e-01	-1.695841e-01	-1.880039e-01	-1.872037e-01	-1.849905e-01	-1.773545e-01	-1.782023e-01	-1.759085e-01	-1.772435e-01	-1.739759e-01	-1.754488e-01	-1.721215e-01	-1.740310e-01	-1.803774e-01	-1.703744e-01	-1.674699e-01	-1.803380e-01	-1.673258e-01	-1.645518e-01	-1.937413e-01	-1.757410e-01	-1.577183e-01	-1.584066e-01	-1.554524e-01	-1.601701e-01	-1.594498e-01	-1.462685e-01	-1.493610e-01	-1.477893e-01	-1.508902e-01	-1.566842e-01	-1.587859e-01	-1.552146e-01	-1.568964e-01	-1.642529e-01	-1.539925e-01	-1.523056e-01	-1.517782e-01	-1.508628e-01	-1.621599e-01	-1.501895e-01	-1.488902e-01	-1.496656e-01	-1.432819e-01	-1.447508e-01	-1.566316e-01	-1.619325e-01	-1.484478e-01	-1.470038e-01	-1.682372e-01	-1.707168e-01	-1.469732e-01	-1.473364e-01	-1.455925e-01	-1.449613e-01	-1.438584e-01	-1.428994e-01	-1.367161e-01	-1.379096e-01	-1.440641e-01	-1.419951e-01	-1.434290e-01	-1.406795e-01	-1.417525e-01	-1.396195e-01	-1.414941e-01	-1.463735e-01	-1.438910e-01	-1.454241e-01	-1.406876e-01	-1.362890e-01	-1.388195e-01	-1.317833e-01	-1.320039e-01	-1.353655e-01	-1.326794e-01	-1.365968e-01	-1.372070e-01	-1.370006e-01	-1.360338e-01	-1.372011e-01	-1.355911e-01	-1.371239e-01	-1.342762e-01	-1.339064e-01	-1.332004e-01	-1.346964e-01	-1.327157e-01	-1.335540e-01	-1.343627e-01	-1.334272e-01	-1.327257e-01	-1.326897e-01	-1.325806e-01	-1.318676e-01	-1.326786e-01	-1.323044e-01	-1.327196e-01	-1.323989e-01	-1.328747e-01	-1.333326e-01	-1.321182e-01	-1.326065e-01	-1.331895e-01	-1.330914e-01	-1.341027e-01	-1.376781e-01	-1.346160e-01	-1.344201e-01	-1.337572e-01	-1.344267e-01	-1.416457e-01	-1.394071e-01	-1.348165e-01	-1.429238e-01	-1.451068e-01	-1.402501e-01	-1.341213e-01	-1.345839e-01	-1.355901e-01	-1.321893e-01	-1.321629e-01	-1.330873e-01	-1.358744e-01	-1.322984e-01	-1.344878e-01	-1.354726e-01	-1.326963e-01	-1.328856e-01	-1.331701e-01	-1.325235e-01	-1.319332e-01	-1.336896e-01	-1.358155e-01	-1.322458e-01	-1.370966e-01	-1.375052e-01	-1.319647e-01	-1.349328e-01	-1.336764e-01	-1.385627e-01	-1.382410e-01	-1.392962e-01	-1.319571e-01	-1.319512e-01	-1.323442e-01	-1.391364e-01	-1.439623e-01	-1.485725e-01	-1.423328e-01	-1.543913e-01	-1.565084e-01	-1.600452e-01	-1.516496e-01	-1.503869e-01	-1.653850e-01	-1.646042e-01	-1.630417e-01	-1.682718e-01	-1.533116e-01	-1.409014e-01	-1.741353e-01	-1.711647e-01	-1.717633e-01	-1.836124e-01	-1.801696e-01	-1.322135e-01	-1.326384e-01	-1.333150e-01	-1.330006e-01	-1.332949e-01	-1.870369e-01	-1.336965e-01	-1.490187e-01	-1.453533e-01	-1.510247e-01	-1.359722e-01	-1.361085e-01	-1.365549e-01	-1.374200e-01	-1.372446e-01	-1.385520e-01	-1.380839e-01	-1.393889e-01	-1.384322e-01	-1.400444e-01	-1.355799e-01	-1.379094e-01	-1.392933e-01	-1.402250e-01	-1.417224e-01	-1.415611e-01	-1.584981e-01	-1.634351e-01	-1.539147e-01	-1.508083e-01	-1.668544e-01	-1.438083e-01	-1.432505e-01	-1.432591e-01	-1.455457e-01	-1.449119e-01	-1.476788e-01	-1.485535e-01	-1.511688e-01	-1.520601e-01	-1.549511e-01	-1.572053e-01	-1.520054e-01	-1.587697e-01	-1.837316e-01	-1.895671e-01	-1.787900e-01	-1.658959e-01	-1.475041e-01	-1.472306e-01	-1.437028e-01	-1.434784e-01	-1.540397e-01	-1.576789e-01	-1.609880e-01	-1.666158e-01	-1.627871e-01	-1.669475e-01	-1.717178e-01	-1.721947e-01	-1.717111e-01	-2.263501e-01	-2.143253e-01	-1.780536e-01	-1.762239e-01	-1.837231e-01	-1.852394e-01	-1.910741e-01	-1.743708e-01	-1.887229e-01	-1.965635e-01	-1.998263e-01	-2.062085e-01	-2.099639e-01	-2.041259e-01	-2.081071e-01	-2.166997e-01	-2.049496e-01	-1.784487e-01	-1.787918e-01	-1.671780e-01	-1.717555e-01	-1.536188e-01	-2.125518e-01	-2.217370e-01	-2.287667e-01	-2.211071e-01	-2.194047e-01	-1.353265e-01	-2.088186e-01	-1.729045e-01	-2.328231e-01	-2.356355e-01	-2.472171e-01	-2.373333e-01	-2.220666e-01	-1.868758e-01	-2.173751e-01	-1.922828e-01	-1.918812e-01	-1.957539e-01	-2.009433e-01	-1.949871e-01	-1.726759e-01	-1.691708e-01	-1.350315e-01	-1.347166e-01	-2.024328e-01	4.505746e-02	-1.385849e-01	-1.375597e-01	-1.605795e-01	-1.601334e-01	-1.622693e-01	-1.569576e-01	-1.556036e-01	-1.409990e-01	-1.418745e-01	-3.990697e-02	-1.799474e-01	-1.339977e-01	-1.141854e-02	-1.529277e-01	-1.765931e-01	-1.810047e-01	-1.438670e-01	-1.422079e-01	-1.759854e-03	-1.399332e-01	-1.552877e-01	-1.618042e-01	-1.529073e-01	-1.532988e-01	-1.588017e-01	-1.549343e-01	1.497711e-01	2.126224e-01	1.703405e-01	2.372023e-01	-1.460676e-01	-1.403715e-01	-1.522098e-01	-1.476174e-01	-1.653208e-01	-1.338286e-01	-2.388527e-01	-2.336103e-01	-1.362710e-01	-9.758935e-03	-1.526491e-03	-1.320439e-01	-1.835191e-01	-1.605180e-02	-1.498758e-01	-1.494908e-01	-1.476147e-01	-1.685963e-01	-1.550613e-01	-1.638245e-01	-1.378541e-01	-1.348090e-01	-1.343461e-01	-1.457434e-01	-1.346183e-01	-1.317931e-01	-1.340171e-01	-1.342388e-01	-1.291101e-01	-1.283641e-01	-1.307183e-01	-1.385963e-01	-1.345868e-01	-1.429325e-01	-1.434320e-01	-1.235262e-01	-1.271058e-01	-1.142328e-01	-1.194912e-01	-1.026758e-01	-1.044580e-01	-1.282456e-01	-1.035912e-01	-1.302224e-01	-9.459805e-02	-1.012886e-01	-5.280263e-02	-4.390064e-02	-1.352389e-01	-9.879139e-02	-1.664268e-01	-2.940042e-01	-2.325992e-01	-1.747335e-01	-2.717415e-01	-3.242837e-01	-2.092327e-01	-2.886651e-01	-3.588692e-01	-2.684783e-01	-3.303350e-01	-4.348561e-01	-3.963315e-01	-3.711824e-01	-3.212174e-01	-3.001972e-01	-3.674014e-01	-2.214833e-01	-2.749838e-01	-2.997408e-01	-3.403704e-01	-4.088658e-01	-4.508265e-01	-5.118606e-01	-4.896213e-01	-6.060976e-01	-3.900558e-01	-4.739576e-01	-5.230969e-01	-5.487049e-01	-5.627083e-01	-5.856413e-02	-4.117699e-01	-4.990494e-01	-6.538222e-01	-1.057650e-01	-5.509030e-01	-5.786359e-01	-7.093361e-01	-5.243645e-01	-6.102711e-01	-6.270247e-01	-6.769515e-01	-7.617250e-01	-7.737118e-01	-4.798277e-01	-5.311265e-01	-7.313500e-01	-8.058249e-01	-8.141588e-01	-4.014829e-01	-4.244754e-01	-3.749515e-01	-2.533699e-01	-6.749816e-01	-8.432255e-01	-8.329278e-01	-8.292629e-01	-8.405845e-01	-2.231227e-01	-5.206051e-01	-3.782424e-01	-7.453310e-01	-1.346970e-01	-1.374474e-01	-1.362257e-01	-1.535257e-01	-1.597394e-01	-2.033787e-01	-3.211684e-01	-1.390733e-01	-1.398468e-01	-1.474889e-01	-1.402368e-01	-1.589440e-01	-1.313042e-01	-1.477052e-01	-7.621497e-01	-6.363310e-01	-1.873859e-01	-1.738047e-01	-3.892196e-01	-1.219008e-01	-1.469994e-01	-2.406183e-01	-1.476451e-01	-4.458759e-02	-3.596699e-01	-1.152406e-01	-3.280460e-01	-2.020717e-01	-7.641543e-01	-7.790108e-01	1.225147e-01	6.798863e-02	-4.875943e-01	1.254052e-01	-2.560992e-01	3.674271e-01	8.044438e-01	5.792971e-01	1.117355e+00	1.193622e+00	5.262122e-01	6.627195e-01	4.364713e-01	-1.753655e-01	-1.959864e-01	-2.135615e-01	-2.124380e-01	-2.410452e-01	1.006702e-01	-2.390853e-01	-2.798895e-01	-2.636135e-01	-3.046396e-01	-3.026442e-01	-2.112524e-01	8.357159e-01	9.460895e-01	7.029858e-01	8.879633e-01	6.999825e-01	6.014099e-01	4.611177e-01	4.595912e-01	1.340103e-01	2.287959e-01	2.682103e-01	1.108194e-01	-1.948058e-01	-1.077235e-01	-2.901830e-01	3.502551e-02	-1.948430e-01	3.031166e-01	-7.614182e-02	2.838387e-01	6.406483e-01	8.290632e-01	-3.525782e-01	-1.365623e-01	-1.332708e-01	-2.188701e-01	-1.970516e-01	-2.299455e-01	-2.530835e-01	-2.701973e-01	-3.149298e-01	-2.002226e-01	-1.728062e-01	1.222557e-02	-6.961831e-02	-1.712247e-01	-2.471746e-01	5.932457e-03	4.415131e-01	7.749881e-01	-1.515798e-01	-8.273286e-02	-1.907538e-01	-1.675585e-01	3.276511e-01	-1.103822e-01	-6.647457e-02	4.508324e-02	-1.392884e-01	-1.344498e-01	1.668139e-01	-1.768034e-01	-1.988247e-01	-1.919114e-01	-1.800435e-01	-1.873739e-01	-1.824432e-01	7.684457e-01	5.388814e-01	5.206239e-01	8.508525e-01	8.552091e-01	9.905540e-01	3.852040e-01	1.045419e+00	1.066547e+00	9.856374e-01	9.211424e-01	2.341423e-01	5.202357e-01	-2.587938e-01	-2.197714e-01	-1.504267e-01	-1.492074e-01	-4.477940e-02	7.434752e-01	6.524558e-01	4.521114e-01	5.877217e-01	-1.370574e-01	-2.123104e-01	-7.550945e-03	3.832596e-01	3.209714e-01	-1.236088e-01	-6.479397e-02	-1.048133e-01	-1.754125e-01	4.172228e-01	2.856168e-01	-1.811864e-01	-1.339954e-01	1.077055e+00	-1.415707e-01	-2.453562e-01	-2.664445e-01	-2.603102e-01	7.867846e-01	-9.244943e-02	1.228520e-01	-1.491231e-01	-1.352790e-01	1.978952e-01	-1.528900e-01	1.276928e-01	-3.565776e-02	6.846866e-02	4.989035e-02	-1.700669e-01	4.734574e-03	3.054045e-04	-7.002566e-02	-1.465958e-01	-2.343419e-01	-2.767584e-01	-3.947837e-01	-5.955569e-01	-4.176834e-01	-4.192008e-01	-3.735424e-01	-5.450352e-01	-5.809167e-01	-7.039225e-01	-6.390918e-01	-7.366993e-01	-7.709294e-01	-7.941262e-01	-7.528566e-01	-7.745570e-01	-7.055474e-01	-7.170251e-01	-8.041816e-01	-8.161529e-01	-8.263347e-01	-8.131727e-01	-8.358079e-01	-8.485224e-01	-8.261701e-01	-7.885850e-01	-7.958434e-01	-7.401020e-01	-8.169859e-01	-8.015845e-01	-7.625072e-01	-7.749768e-01	-7.399851e-01	-7.556241e-01	-7.329706e-01	-7.839510e-01	-7.948655e-01	-7.502671e-01	-7.514477e-01	-7.322140e-01	-7.082954e-01	-7.059361e-01	-6.933999e-01	-7.240973e-01	-7.233281e-01	-7.003785e-01	-6.826144e-01	-6.789869e-01	-6.973191e-01	-6.531406e-01	-6.635920e-01	-6.654791e-01	-6.766756e-01	-6.647892e-01	-6.524514e-01	-6.426458e-01	-6.556335e-01	-6.455002e-01	-6.385471e-01	-6.339048e-01	-6.183412e-01	-6.228107e-01	-6.149412e-01	-6.063969e-01	-5.945476e-01	-5.934447e-01	-6.051853e-01	-5.793206e-01	-5.715662e-01	-5.646967e-01	-5.726316e-01	-5.577190e-01	-5.707920e-01	-5.437798e-01	-5.316915e-01	-5.243190e-01	-5.196042e-01	-5.080908e-01	-4.912933e-01	-4.798738e-01	-4.742304e-01	-4.848285e-01	-4.702298e-01	-4.552122e-01	-4.535430e-01	-4.438864e-01	-4.446270e-01	-4.427158e-01	-4.262207e-01	-4.302697e-01	-4.232173e-01	-4.185519e-01	-4.108948e-01	-4.057488e-01	-4.049100e-01	-3.991242e-01	-3.876382e-01	-4.071207e-01	-5.019375e-01	-5.001093e-01	-3.883502e-01	-3.877344e-01	-4.638034e-01	-4.622374e-01	-3.785938e-01	-3.677507e-01	-3.704437e-01	-3.531867e-01	-3.503295e-01	-3.490421e-01	-3.602719e-01	-3.476252e-01	-3.395844e-01	-3.315793e-01	-3.366757e-01	-3.301391e-01	-3.726753e-01	-3.388110e-01	-3.923089e-01	-3.828305e-01	-4.195092e-01	-4.199007e-01	-5.269960e-01	-5.242109e-01	-5.398438e-01	-5.402314e-01	-6.254610e-01	-3.300065e-01	-3.232930e-01	-3.171299e-01	-4.787140e-01	-4.845543e-01	-5.861026e-01	-4.612653e-01	-4.060964e-01	-4.469102e-01	-4.398153e-01	-5.975633e-01	-4.279947e-01	-3.235962e-01	-3.153151e-01	-2.998731e-01	-3.135140e-01	-3.072118e-01	-3.046249e-01	-3.058644e-01	-2.997357e-01	-3.041567e-01	-3.196252e-01	-4.370339e-01	-5.632535e-01	-5.521652e-01	-6.077346e-01	-5.125976e-01	-4.941885e-01	-5.717866e-01	-6.334612e-01	-3.549893e-01	-3.430891e-01	-5.131681e-01	-6.440253e-01	-7.749593e-01	-4.869963e-01	-4.795354e-01	-4.722357e-01	-7.680885e-01	-3.665249e-01	-7.526182e-01	-6.401779e-01	-3.252543e-01	-7.447945e-01	-3.495489e-01	-3.443847e-01	-5.347243e-01	-5.451297e-01	-5.050010e-01	-6.248038e-01	-8.177112e-01	-8.088096e-01	-3.339825e-01	-6.355605e-01	-3.885105e-01	-5.797452e-01	-5.189103e-01	-5.206257e-01	-5.274821e-01	-5.149103e-01	-5.081220e-01	-5.336491e-01	-5.439065e-01	-5.548485e-01	-5.280384e-01	-5.756205e-01	-5.724988e-01	-5.855127e-01	-5.666324e-01	-5.670934e-01	-5.445715e-01	-5.364570e-01	-4.289191e-01	-4.225606e-01	-4.241177e-01	-4.968624e-01	-5.036590e-01	-5.011809e-01	-5.065827e-01	-4.667462e-01	-4.701304e-01	-4.477701e-01	-4.411385e-01	-5.892409e-01	-5.917755e-01	-5.980176e-01	-6.023822e-01	-6.458629e-01	-6.491916e-01	-6.510759e-01	-6.564890e-01	-3.668819e-01	-3.612271e-01	-3.555524e-01	-6.365275e-01	-3.735035e-01	-3.710949e-01	-3.762616e-01	-3.802283e-01	-6.336532e-01	-4.169421e-01	-4.146529e-01	-4.107850e-01	-2.944240e-01	-2.954571e-01	-2.756915e-01	-2.996517e-01	-2.688260e-01	-2.956005e-01	-2.939271e-01	-2.971492e-01	-2.956787e-01	-2.296838e-01	-2.942617e-01	-2.955665e-01	-3.912040e-01	-3.936590e-01	-3.978679e-01	-3.938492e-01	-3.852933e-01	-3.826339e-01	-4.083435e-01	-4.060575e-01	-4.113255e-01	-4.024532e-01	-6.233690e-01	-6.202142e-01	-6.264071e-01	-6.271603e-01	-6.148947e-01	-3.992266e-01	-6.699078e-01	-6.997176e-01	-6.955573e-01	-6.872464e-01	-7.035870e-01	-7.128961e-01	-7.308650e-01	-7.373920e-01	-6.891808e-01	-7.046519e-01	-6.890641e-01	-3.294413e-01	-3.303633e-01	-3.342682e-01	-3.146757e-01	-3.171023e-01	-3.125165e-01	-3.122208e-01	-3.196399e-01	-7.566975e-01	-7.578302e-01	-3.276797e-01	-4.448196e-01	-4.504490e-01	-4.557903e-01	-7.986545e-01	-7.995751e-01	-8.080148e-01	-7.963084e-01	-8.237162e-01	-7.612242e-01	-8.493330e-01	-8.416394e-01	-8.433332e-01	-4.316244e-01	-7.789879e-01	-2.984274e-01	-3.020159e-01	-3.016077e-01	-5.678041e-01	-6.229188e-01	-5.592487e-01	-6.729541e-01	-4.623467e-01	-6.148943e-01	-2.339418e-01	-2.943669e-01	-7.432985e-01	-2.939857e-01	-3.391613e-01	-3.220979e-01	-4.130771e-01	-4.372982e-01	-2.965415e-01	-3.046789e-01	-2.195964e-01	-1.691448e-01	-2.931853e-01	-1.389728e-01	-1.921598e-01	-8.149713e-01	-1.237984e-01	-8.101309e-01	-6.904661e-01	-4.331125e-01	-2.177484e-01	-2.125631e-01	-3.868454e-01	-3.879323e-01	-3.819218e-01	-1.461623e-01	-1.515405e-01	-2.513704e-01	-2.990500e-01	-3.278916e-01	-3.380299e-01	-3.114894e-01	-3.549641e-02	-8.197375e-01	-2.812307e-01	-2.922013e-01	-3.059319e-01	-3.185805e-01	-3.604334e-01	-3.193112e-01	-3.354896e-01	-3.431541e-01	-3.346059e-01	-3.579999e-01	-3.530976e-01	-3.864003e-01	-4.404841e-01	-3.668254e-01	-4.096443e-01	-3.998866e-01	-4.463473e-01	-5.696017e-01	-4.172818e-01	-4.539363e-01	-4.142703e-01	-5.029622e-01	-5.305782e-01	-5.218038e-01	-4.608155e-01	-6.047675e-01	-6.770904e-01	-5.641070e-01	-2.938724e-01	-2.819430e-01	-3.751442e-01	-5.809767e-01	-6.784315e-01	-6.587544e-01	-3.972677e-01	-3.948842e-01	-3.787107e-01	-3.667258e-01	-3.500288e-01	-3.137564e-01	-2.774681e-01	-2.712754e-01	-3.520425e-01	-3.356463e-01	-3.292404e-01	-4.567911e-01	-4.278441e-01	-4.780849e-01	-5.964238e-01	-5.745360e-01	-5.475357e-01	-6.098621e-01	-6.405152e-01	-6.687092e-01	-7.059942e-01	-5.530311e-01	-3.402531e-01	-4.802204e-01	-5.118268e-01	-6.190938e-01	-3.113657e-01	-3.198143e-01	-3.008581e-01	-3.011182e-01	-2.950654e-01	-4.331661e-01	-5.596866e-01	-7.429141e-01	-7.252455e-01	-5.415440e-01	-2.775737e-01	-2.830548e-01	-3.150506e-01	-3.776136e-01	-6.729871e-01	-1.460965e-01	-3.391914e-01	-2.948999e-01	-6.583566e-01	-6.435339e-01	-8.389885e-01	-1.646506e-01	-1.328662e-01	6.116877e-02	5.036807e-02	2.885886e-02	2.503250e-02	-6.615306e-01	-3.082076e-01	-1.460201e-01	-1.597806e-01	-1.365555e-01	-8.333245e-01	-5.291372e-02	-4.427772e-01	-5.412126e-01	-3.283455e-01	-3.352768e-01	-1.336117e-01	3.726470e-02	-4.017405e-01	-2.104850e-01	-8.515961e-03	-1.810519e-01	-2.938941e-01	1.911458e-01	3.002512e-01	3.193521e-01	-2.060120e-01	-7.772421e-01	-4.508548e-01	-1.342043e-01	-3.766182e-01	-7.444844e-01	-4.003800e-01	-3.848770e-01	-4.580555e-01	-2.949697e-02	-5.853120e-01	4.792968e-02	-2.779201e-01	-7.823964e-01	-7.928532e-01	-4.903899e-01	-7.003610e-01	-1.341259e-01	-6.744422e-01	1.080651e+00	-1.511953e-01	-6.534703e-02	-6.839415e-01	-6.806248e-01	-5.154544e-01	-1.373609e-01	-3.127427e-01	-2.465334e-01	-2.653994e-01	-3.043079e-01	-3.546597e-01	-4.668534e-01	-4.682437e-01	-1.611887e-01	-2.636188e-01	-4.128806e-01	-3.018550e-01	-4.379987e-01	-4.320805e-01	-6.096341e-01	-7.789883e-01	-1.366918e-01	-3.629280e-01	-6.041213e-01	-5.600719e-01	-8.113450e-01	-8.473361e-01	-1.390917e-01	-7.856119e-01	-1.918328e-02	-2.194080e-02	-1.317911e-01	-7.164855e-01	-4.340415e-01	-3.250654e-01	-7.658046e-01	-7.892361e-01	-8.191016e-01	1.535267e-02	-7.990548e-02	-1.337134e-01	-1.334129e-01	-8.278640e-01	-7.133787e-02	-5.576099e-01	-2.518899e-01	-7.293080e-01	-8.114585e-01	-4.783009e-01	-1.397502e-03	-7.683417e-01	-3.066232e-01	-8.373321e-01	-5.685169e-02	-1.323834e-01	-7.108711e-01	-1.307778e-02	-1.328503e-01	-2.417987e-01	-7.917993e-01	-1.347537e-01	-7.331523e-01	-2.272202e-02	-2.255905e-02	-8.354967e-01	-8.300296e-01	-8.483300e-01	-1.375948e-01	-3.844021e-01	-3.720655e-01	-3.220728e-01	-2.863337e-01	2.855447e-01	-3.527069e-01	-4.220747e-01	-4.090039e-01	3.268743e-03	-3.046298e-01	-9.819191e-02	-1.513057e-01	-1.334919e-01	-6.628935e-03	-1.204653e-02	-6.360172e-02	1.056425e-01	-4.184741e-01	-6.003498e-01	-1.872106e-01	-1.838476e-01	-4.170016e-01	-5.530831e-01	-2.745597e-01	-7.461643e-01	-1.737844e-01	-7.354342e-01	-7.305441e-01	-4.814557e-01	-6.625646e-01	-6.603414e-01	-1.320022e-01	-3.415323e-01	-1.743652e-01	-1.386519e-01	-5.142305e-01	-4.889960e-01	-1.794168e-01	-1.785000e-01	-2.749568e-02	-6.654812e-01	-5.051628e-01	-6.665010e-02	2.721251e-01	-3.370169e-01	-2.931294e-01	-6.326296e-01	-6.254616e-01	-6.540422e-01	-5.440457e-01	2.465827e-01	-8.275804e-01	-7.234152e-01	-7.782186e-01	-5.483748e-01	4.470259e-01	-1.822033e-01	-6.572162e-01	7.745634e-02	-1.026981e-01	-2.135262e-01	8.417555e-03	4.338922e-01	7.499844e-01	1.240273e-01	-2.455605e-01	7.130354e-01	-1.381973e-01	-1.562751e-01	-2.318300e-01	-1.428452e-01	-4.322754e-02	-3.204395e-02	-7.429125e-01	-7.914211e-02	-5.717304e-01	-2.568809e-01	-1.736470e-01	5.751479e-02	-3.372028e-01	-2.828213e-01	-1.658782e-01	-3.393598e-02	-1.453892e-01	-3.685084e-01	1.797145e-01	8.987054e-02	-3.208390e-01	-2.431321e-01	-3.071502e-01	1.654876e-01	-3.557717e-01	-1.318279e-01	1.756929e-01	-3.325556e-01	-3.174839e-01	-1.416567e-01	-3.199608e-01	-7.016825e-01	-8.241739e-02	-4.778199e-01	-1.859183e-01	-2.343474e-01	-1.382243e-01	-6.139037e-01	-6.257297e-01	-2.644516e-01	-4.229130e-01	-2.076531e-01	-4.509305e-02	-5.930009e-01	-1.633015e-01	-7.255018e-01	-1.572013e-01	-3.515619e-01	-1.041643e-01	-1.576863e-01	-6.311299e-01	-2.087529e-01	-2.194721e-01	1.770469e-01	-5.271359e-01	-4.413713e-01	-4.948989e-01	-6.310242e-01	-2.251752e-01	9.597832e-02	-5.537732e-01	-4.836303e-01	-4.529873e-01	-1.321684e-01	-4.859281e-02	-9.719956e-03	-2.976794e-01	-1.645348e-01	-5.273196e-01	8.076091e-02	-1.334497e-01	-1.160666e-01	-1.075024e-01	-6.555391e-02	1.380364e-02	-1.407528e-01	-4.870555e-01	-2.297310e-02	1.954362e-02	-4.278154e-01	5.992075e-01	5.566572e-01	2.427450e-01	-5.501757e-01	2.196387e-03	-3.380990e-01	-1.218163e-02	-3.282251e-01	-4.486459e-01	-2.262404e-01	-4.928048e-02	-4.965212e-01	-4.382288e-01	-3.873902e-02	4.438315e-01	-1.326154e-01	-6.684576e-01	2.362710e-02	-6.920493e-01	-8.426478e-01	-3.660881e-01	-1.371686e-01	-3.807759e-01	-1.531673e-01	-1.668457e-01	-1.492686e-01	-5.384526e-01	-1.785186e-01	-2.105016e-01	-1.749700e-02	5.291716e-02	-8.990636e-02	-6.454786e-01	-5.677475e-03	
VECTORS Velocity double
0.000000e+00	0.000000e+00	0.0	0.000000e+00	0.000000e+00	0.0	9.938413e-01	-5.507335e-03	0.0	1.008787e+00	1.236401e-02	0.0	1.007481e+00	-1.504082e-02	0.0	9.943877e-01	4.417989e-03	0.0	0.000000e+00	0.000000e+00	0.0	0.000000e+00	0.000000e+00	0.0	0.000000e+00	0.000000e+00	0.0	0.000000e+00	0.000000e+00	0.0	0.000000e+00	0.000000e+00	0.0	0.000000e+00	0.000000e+00	0.0	0.000000e+00	0.000000e+00	0.0	0.000000e+00	0.000000e+00	0.0	0.000000e+00	0.000000e+00	0.0	0.000000e+00	0.000000e+00	0.0	0.000000e+00	0.000000e+00	0.0	0.000000e+00	0.000000e+00	0.0	0.000000e+00	0.000000e+00	0.0	0.000000e+00	0.000000e+00	0.0	0.000000e+00	0.000000e+00	0.0	0.000000e+00	0.000000e+00	0.0	0.000000e+00	0.000000e+00	0.0	0.000000e+00	0.000000e+00	0.0	0.000000e+00	0.000000e+00	0.0	0.000000e+00	0.000000e+00	0.0	0.000000e+00	0.000000e+00	0.0	0.000000e+00	0.000000e+00	0.0	0.000000e+00	0.000000e+00	0.0	0.000000e+00	0.000000e+00	0.0	0.000000e+00	0.000000e+00	0.0	0.000000e+00	0.000000e+00	0.0	0.000000e+00	0.000000e+00	0.0	0.000000e+00	0.000000e+00	0.0	0.000000e+00	0.000000e+00	0.0	0.000000e+00	0.000000e+00	0.0	0.000000e+00	0.000000e+00	0.0	0.000000e+00	0.000000e+00	0.0	0.000000e+00	0.000000e+00	0.0	0.000000e+00	0.000000e+00	0.0	0.000000e+00	0.000000e+00	0.0	0.000000e+00	0.000000e+00	0.0	0.000000e+00	0.000000e+00	0.0	0.000000e+00	0.000000e+00	0.0	0.000000e+00	0.000000e+00	0.0	0.000000e+00	0.000000e+00	0.0	0.000000e+00	0.000000e+00	0.0	0.000000e+00	0.000000e+00	0.0	0.000000e+00	0.000000e+00	0.0	0.000000e+00	0.000000e+00	0.0	0.000000e+00	0.000000e+00	0.0	0.000000e+00	0.000000e+00	0.0	0.000000e+00	0.000000e+00	0.0	0.000000e+00	0.000000e+00	0.0	0.000000e+00	0.000000e+00	0.0	0.000000e+00	0.000000e+00	0.0	0.000000e+00	0.000000e+00	0.0	0.000000e+00	0.000000e+00	0.0	0.000000e+00	0.000000e+00	0.0	0.000000e+00	0.000000e+00	0.0	0.000000e+00	0.000000e+00	0.0	0.000000e+00	0.000000e+00	0.0	0.000000e+00	0.000000e+00	0.0	0.000000e+00	0.000000e+00	0.0	0.000000e+00	0.000000e+00	0.0	0.000000e+00	0.000000e+00	0.0	0.000000e+00	0.000000e+00	0.0	0.000000e+00	0.000000e+00	0.0	0.000000e+00	0.000000e+00	0.0	0.000000e+00	0.000000e+00	0.0	0.000000e+00	0.000000e+00	0.0	0.000000e+00	0.000000e+00	0.0	0.000000e+00	0.000000e+00	0.0	0.000000e+00	0.000000e+00	0.0	0.000000e+00	0.000000e+00	0.0	0.000000e+00	0.000000e+00	0.0	0.000000e+00	0.000000e+00	0.0	0.000000e+00	0.000000e+00	0.0	0.000000e+00	0.000000e+00	0.0	0.000000e+00	0.000000e+00	0.0	0.000000e+00	0.000000e+00	0.0	0.000000e+00	0.000000e+00	0.0	0.000000e+00	0.000000e+00	0.0	0.000000e+00	0.000000e+00	0.0	0.000000e+00	0.000000e+00	0.0	0.000000e+00	0.000000e+00	0.0	0.000000e+00	0.000000e+00	0.0	0.000000e+00	0.000000e+00	0.0	0.000000e+00	0.000000e+00	0.0	0.000000e+00	0.000000e+00	0.0	0.000000e+00	0.000000e+00	0.0	0.000000e+00	0.000000e+00	0.0	0.000000e+00	0.000000e+00	0.0	0.000000e+00	0.000000e+00	0.0	0.000000e+00	0.000000e+00	0.0	0.000000e+00	0.000000e+00	0.0	0.000000e+00	0.000000e+00	0.0	0.000000e+00	0.000000e+00	0.0	0.000000e+00	0.000000e+00	0.0	0.000000e+00	0.000000e+00	0.0	0.000000e+00	0.000000e+00	0.0	0.000000e+00	0.000000e+00	0.0	0.000000e+00	0.000000e+00	0.0	0.000000e+00	0.000000e+00	0.0	0.000000e+00	0.000000e+00	0.0	0.000000e+00	0.000000e+00	0.0	0.000000e+00	0.000000e+00	0.0	0.000000e+00	0.000000e+00	0.0	0.000000e+00	0.000000e+00	0.0	0.000000e+00	0.000000e+00	0.0	0.000000e+00	0.000000e+00	0.0	0.000000e+00	0.000000e+00	0.0	0.000000e+00	0.000000e+00	0.0	0.000000e+00	0.000000e+00	0.0	0.000000e+00	0.000000e+00	0.0	0.000000e+00	0.000000e+00	0.0	0.000000e+00	0.000000e+00	0.0	0.000000e+00	0.000000e+00	0.0	0.000000e+00	0.000000e+00	0.0	0.000000e+00	0.000000e+00	0.0	0.000000e+00	0.000000e+00	0.0	0.000000e+00	0.000000e+00	0.0	0.000000e+00	0.000000e+00	0.0	0.000000e+00	0.000000e+00	0.0	0.000000e+00	0.000000e+00	0.0	0.000000e+00	0.000000e+00	0.0	0.000000e+00	0.000000e+00	0.0	0.000000e+00	0.000000e+00	0.0	0.000000e+00	0.000000e+00	0.0	0.000000e+00	0.000000e+00	0.0	0.000000e+00	0.000000e+00	0.0	0.000000e+00	0.000000e+00	0.0	0.000000e+00	0.000000e+00	0.0	0.000000e+00	0.000000e+00	0.0	0.000000e+00	0.000000e+00	0.0	0.000000e+00	0.000000e+00	0.0	0.000000e+00	0.000000e+00	0.0	0.000000e+00	0.000000e+00	0.0	0.000000e+00	0.000000e+00	0.0	0.000000e+00	0.000000e+00	0.0	0.000000e+00	0.000000e+00	0.0	0.000000e+00	0.000000e+00	0.0	0.000000e+00	0.000000e+00	0.0	0.000000e+00	0.000000e+00	0.0	0.000000e+00	0.000000e+00	0.0	0.000000e+00	0.000000e+00	0.0	0.000000e+00	0.000000e+00	0.0	0.000000e+00	0.000000e+00	0.0	0.000000e+00	0.000000e+00	0.0	0.000000e+00	0.000000e+00	0.0	0.000000e+00	0.000000e+00	0.0	0.000000e+00	0.000000e+00	0.0	0.000000e+00	0.000000e+00	0.0	0.000000e+00	0.000000e+00	0.0	0.000000e+00	0.000000e+00	0.0	0.000000e+00	0.000000e+00	0.0	0.000000e+00	0.000000e+00	0.0	0.000000e+00	0.000000e+00	0.0	0.000000e+00	0.000000e+00	0.0	0.000000e+00	0.000000e+00	0.0	0.000000e+00	0.000000e+00	0.0	0.000000e+00	0.000000e+00	0.0	0.000000e+00	0.000000e+00	0.0	0.000000e+00	0.000000e+00	0.0	0.000000e+00	0.000000e+00	0.0	0.000000e+00	0.000000e+00	0.0	0.000000e+00	0.000000e+00	0.0	0.000000e+00	0.000000e+00	0.0	0.000000e+00	0.000000e+00	0.0	0.000000e+00	0.000000e+00	0.0	0.000000e+00	0.000000e+00	0.0	0.000000e+00	0.000000e+00	0.0	0.000000e+00	0.000000e+00	0.0	0.000000e+00	0.000000e+00	0.0	0.000000e+00	0.000000e+00	0.0	0.000000e+00	0.000000e+00	0.0	0.000000e+00	0.000000e+00	0.0	0.000000e+00	0.000000e+00	0.0	0.000000e+00	0.000000e+00	0.0	0.000000e+00	0.000000e+00	0.0	0.000000e+00	0.000000e+00	0.0	0.000000e+00	0.000000e+00	0.0	0.000000e+00	0.000000e+00	0.0	0.000000e+00	0.000000e+00	0.0	0.000000e+00	0.000000e+00	0.0	0.000000e+00	0.000000e+00	0.0	0.000000e+00	0.000000e+00	0.0	0.000000e+00	0.000000e+00	0.0	0.000000e+00	0.000000e+00	0.0	0.000000e+00	0.000000e+00	0.0	0.000000e+00	0.000000e+00	0.0	0.000000e+00	0.000000e+00	0.0	0.000000e+00	0.000000e+00	0.0	0.000000e+00	0.000000e+00	0.0	0.000000e+00	0.000000e+00	0.0	0.000000e+00	0.000000e+00	0.0	0.000000e+00	0.000000e+00	0.0	0.000000e+00	0.000000e+00	0.0	0.000000e+00	0.000000e+00	0.0	0.000000e+00	0.000000e+00	0.0	0.000000e+00	0.000000e+00	0.0	0.000000e+00	0.000000e+00	0.0	0.000000e+00	0.000000e+00	0.0	0.000000e+00	0.000000e+00	0.0	0.000000e+00	0.000000e+00	0.0	0.000000e+00	0.000000e+00	0.0	0.000000e+00	0.000000e+00	0.0	0.000000e+00	0.000000e+00	0.0	0.000000e+00	0.000000e+00	0.0	0.000000e+00	0.000000e+00	0.0	0.000000e+00	0.000000e+00	0.0	0.000000e+00	0.000000e+00	0.0	0.000000e+00	0.000000e+00	0.0	0.000000e+00	0.000000e+00	0.0	0.000000e+00	0.000000e+00	0.0	0.000000e+00	0.000000e+00	0.0	0.000000e+00	0.000000e+00	0.0	0.000000e+00	0.000000e+00	0.0	0.000000e+00	0.000000e+00	0.0	0.000000e+00	0.000000e+00	0.0	0.000000e+00	0.000000e+00	0.0	0.000000e+00	0.000000e+00	0.0	0.000000e+00	0.000000e+00	0.0	0.000000e+00	0.000000e+00	0.0	0.000000e+00	0.000000e+00	0.0	0.000000e+00	0.000000e+00	0.0	0.000000e+00	0.000000e+00	0.0	0.000000e+00	0.000000e+00	0.0	0.000000e+00	0.000000e+00	0.0	0.000000e+00	0.000000e+00	0.0	0.000000e+00	0.000000e+00	0.0	0.000000e+00	0.000000e+00	0.0	0.000000e+00	0.000000e+00	0.0	0.000000e+00	0.000000e+00	0.0	0.000000e+00	0.000000e+00	0.0	0.000000e+00	0.000000e+00	0.0	0.000000e+00	0.000000e+00	0.0	0.000000e+00	0.000000e+00	0.0	0.000000e+00	0.000000e+00	0.0	0.000000e+00	0.000000e+00	0.0	0.000000e+00	0.000000e+00	0.0	0.000000e+00	0.000000e+00	0.0	0.000000e+00	0.000000e+00	0.0	0.000000e+00	0.000000e+00	0.0	0.000000e+00	0.000000e+00	0.0	0.000000e+00	0.000000e+00	0.0	0.000000e+00	0.000000e+00	0.0	0.000000e+00	0.000000e+00	0.0	0.000000e+00	0.000000e+00	0.0	0.000000e+00	0.000000e+00	0.0	0.000000e+00	0.000000e+00	0.0	0.000000e+00	0.000000e+00	0.0	0.000000e+00	0.000000e+00	0.0	0.000000e+00	0.000000e+00	0.0	0.000000e+00	0.000000e+00	0.0	0.000000e+00	0.000000e+00	0.0	0.000000e+00	0.000000e+00	0.0	0.000000e+00	0.000000e+00	0.0	0.000000e+00	0.000000e+00	0.0	0.000000e+00	0.000000e+00	0.0	0.000000e+00	0.000000e+00	0.0	0.000000e+00	0.000000e+00	0.0	0.000000e+00	0.000000e+00	0.0	0.000000e+00	0.000000e+00	0.0	0.000000e+00	0.000000e+00	0.0	0.000000e+00	0.000000e+00	0.0	0.000000e+00	0.000000e+00	0.0	0.000000e+00	0.000000e+00	0.0	0.000000e+00	0.000000e+00	0.0	0.000000e+00	0.000000e+00	0.0	0.000000e+00	0.000000e+00	0.0	0.000000e+00	0.000000e+00	0.0	0.000000e+00	0.000000e+00	0.0	0.000000e+00	0.000000e+00	0.0	0.000000e+00	0.000000e+00	0.0	0.000000e+00	0.000000e+00	0.0	0.000000e+00	0.000000e+00	0.0	0.000000e+00	0.000000e+00	0.0	0.000000e+00	0.000000e+00	0.0	0.000000e+00	0.000000e+00	0.0	0.000000e+00	0.000000e+00	0.0	0.000000e+00	0.000000e+00	0.0	0.000000e+00	0.000000e+00	0.0	0.000000e+00	0.000000e+00	0.0	0.000000e+00	0.000000e+00	0.0	0.000000e+00	0.000000e+00	0.0	0.000000e+00	0.000000e+00	0.0	0.000000e+00	0.000000e+00	0.0	0.000000e+00	0.000000e+00	0.0	0.000000e+00	0.000000e+00	0.0	0.000000e+00	0.000000e+00	0.0	0.000000e+00	0.000000e+00	0.0	0.000000e+00	0.000000e+00	0.0	0.000000e+00	0.000000e+00	0.0	0.000000e+00	0.000000e+00	0.0	0.000000e+00	0.000000e+00	0.0	0.000000e+00	0.000000e+00	0.0	0.000000e+00	0.000000e+00	0.0	0.000000e+00	0.000000e+00	0.0	0.000000e+00	0.000000e+00	0.0	0.000000e+00	0.000000e+00	0.0	0.000000e+00	0.000000e+00	0.0	0.000000e+00	0.000000e+00	0.0	0.000000e+00	0.000000e+00	0.0	0.000000e+00	0.000000e+00	0.0	0.000000e+00	0.000000e+00	0.0	0.000000e+00	0.000000e+00	0.0	0.000000e+00	0.000000e+00	0.0	0.000000e+00	0.000000e+00	0.0	0.000000e+00	0.000000e+00	0.0	0.000000e+00	0.000000e+00	0.0	0.000000e+00	0.000000e+00	0.0	0.000000e+00	0.000000e+00	0.0	0.000000e+00	0.000000e+00	0.0	0.000000e+00	0.000000e+00	0.0	0.000000e+00	0.000000e+00	0.0	0.000000e+00	0.000000e+00	0.0	0.000000e+00	0.000000e+00	0.0	0.000000e+00	0.000000e+00	0.0	0.000000e+00	0.000000e+00	0.0	0.000000e+00	0.000000e+00	0.0	0.000000e+00	0.000000e+00	0.0	0.000000e+00	0.000000e+00	0.0	0.000000e+00	0.000000e+00	0.0	0.000000e+00	0.000000e+00	0.0	0.000000e+00	0.000000e+00	0.0	0.000000e+00	0.000000e+00	0.0	0.000000e+00	0.000000e+00	0.0	0.000000e+00	0.000000e+00	0.0	0.000000e+00	0.000000e+00	0.0	0.000000e+00	0.000000e+00	0.0	0.000000e+00	0.000000e+00	0.0	0.000000e+00	0.000000e+00	0.0	0.000000e+00	0.000000e+00	0.0	0.000000e+00	0.000000e+00	0.0	0.000000e+00	0.000000e+00	0.0	0.000000e+00	0.000000e+00	0.0	0.000000e+00	0.000000e+00	0.0	0.000000e+00	0.000000e+00	0.0	0.000000e+00	0.000000e+00	0.0	0.000000e+00	0.000000e+00	0.0	0.000000e+00	0.000000e+00	0.0	0.000000e+00	0.000000e+00	0.0	0.000000e+00	0.000000e+00	0.0	0.000000e+00	0.000000e+00	0.0	0.000000e+00	0.000000e+00	0.0	0.000000e+00	0.000000e+00	0.0	0.000000e+00	0.000000e+00	0.0	0.000000e+00	0.000000e+00	0.0	0.000000e+00	0.000000e+00	0.0	0.000000e+00	0.000000e+00	0.0	0.000000e+00	0.000000e+00	0.0	0.000000e+00	0.000000e+00	0.0	0.000000e+00	0.000000e+00	0.0	0.000000e+00	0.000000e+00	0.0	0.000000e+00	0.000000e+00	0.0	0.000000e+00	0.000000e+00	0.0	0.000000e+00	0.000000e+00	0.0	0.000000e+00	0.000000e+00	0.0	0.000000e+00	0.000000e+00	0.0	0.000000e+00	0.000000e+00	0.0	0.000000e+00	0.000000e+00	0.0	0.000000e+00	0.000000e+00	0.0	0.000000e+00	0.000000e+00	0.0	0.000000e+00	0.000000e+00	0.0	0.000000e+00	0.000000e+00	0.0	0.000000e+00	0.000000e+00	0.0	0.000000e+00	0.000000e+00	0.0	0.000000e+00	0.000000e+00	0.0	0.000000e+00	0.000000e+00	0.0	0.000000e+00	0.000000e+00	0.0	0.000000e+00	0.000000e+00	0.0	0.000000e+00	0.000000e+00	0.0	0.000000e+00	0.000000e+00	0.0	0.000000e+00	0.000000e+00	0.0	0.000000e+00	0.000000e+00	0.0	0.000000e+00	0.000000e+00	0.0	0.000000e+00	0.000000e+00	0.0	0.000000e+00	0.000000e+00	0.0	0.000000e+00	0.000000e+00	0.0	0.000000e+00	0.000000e+00	0.0	0.000000e+00	0.000000e+00	0.0	0.000000e+00	0.000000e+00	0.0	0.000000e+00	0.000000e+00	0.0	0.000000e+00	0.000000e+00	0.0	0.000000e+00	0.000000e+00	0.0	0.000000e+00	0.000000e+00	0.0	0.000000e+00	0.000000e+00	0.0	0.000000e+00	0.000000e+00	0.0	0.000000e+00	0.000000e+00	0.0	0.000000e+00	0.000000e+00	0.0	0.000000e+00	0.000000e+00	0.0	0.000000e+00	0.000000e+00	0.0	0.000000e+00	0.000000e+00	0.0	0.000000e+00	0.000000e+00	0.0	0.000000e+00	0.000000e+00	0.0	0.000000e+00	0.000000e+00	0.0	0.000000e+00	0.000000e+00	0.0	0.000000e+00	0.000000e+00	0.0	0.000000e+00	0.000000e+00	0.0	0.000000e+00	0.000000e+00	0.0	0.000000e+00	0.000000e+00	0.0	0.000000e+00	0.000000e+00	0.0	0.000000e+00	0.000000e+00	0.0	0.000000e+00	0.000000e+00	0.0	0.000000e+00	0.000000e+00	0.0	0.000000e+00	0.000000e+00	0.0	0.000000e+00	0.000000e+00	0.0	0.000000e+00	0.000000e+00	0.0	0.000000e+00	0.000000e+00	0.0	0.000000e+00	0.000000e+00	0.0	0.000000e+00	0.000000e+00	0.0	0.000000e+00	0.000000e+00	0.0	0.000000e+00	0.000000e+00	0.0	0.000000e+00	0.000000e+00	0.0	0.000000e+00	0.000000e+00	0.0	0.000000e+00	0.000000e+00	0.0	0.000000e+00	0.000000e+00	0.0	0.000000e+00	0.000000e+00	0.0	0.000000e+00	0.000000e+00	0.0	0.000000e+00	0.000000e+00	0.0	0.000000e+00	0.000000e+00	0.0	0.000000e+00	0.000000e+00	0.0	0.000000e+00	0.000000e+00	0.0	0.000000e+00	0.000000e+00	0.0	0.000000e+00	0.000000e+00	0.0	9.897411e-01	-9.567492e-03	0.0	9.886708e-01	-1.068935e-02	0.0	9.944062e-01	-8.130232e-03	0.0	1.002658e+00	-3.794192e-03	0.0	1.007407e+00	-8.907062e-04	0.0	1.008735e+00	4.256852e-04	0.0	1.012073e+00	4.519974e-04	0.0	1.016190e+00	9.830924e-04	0.0	1.019930e+00	1.706403e-03	0.0	1.024280e+00	2.202258e-03	0.0	1.027068e+00	3.085804e-03	0.0	1.027990e+00	3.746752e-03	0.0	1.022662e+00	2.076892e-03	0.0	1.002206e+00	2.030221e-02	0.0	1.003046e+00	1.883258e-02	0.0	1.003688e+00	1.973663e-03	0.0	1.003196e+00	-1.631502e-02	0.0	1.001368e+00	-2.142458e-02	0.0	1.021952e+00	-3.404186e-03	0.0	1.028527e+00	-4.819480e-03	0.0	1.029025e+00	-4.234028e-03	0.0	1.027584e+00	-3.675135e-03	0.0	1.025007e+00	-3.579314e-03	0.0	1.022383e+00	-4.294391e-03	0.0	1.020748e+00	-5.657641e-03	0.0	1.021660e+00	-7.573341e-03	0.0	1.024572e+00	-8.568476e-03	0.0	1.021154e+00	-6.481841e-03	0.0	1.008931e+00	8.715665e-04	0.0	9.958062e-01	6.993336e-03	0.0	9.920782e-01	7.621071e-03	0.0	9.903088e-01	4.297825e-04	0.0	9.873053e-01	1.758041e-04	0.0	9.853735e-01	1.061553e-04	0.0	9.862964e-01	-3.057951e-04	0.0	9.895014e-01	-7.139622e-04	0.0	1.014923e+00	-1.501827e-03	0.0	1.022372e+00	-7.382785e-03	0.0	1.016068e+00	2.048638e-03	0.0	1.017412e+00	-4.188930e-03	0.0	1.016473e+00	3.240796e-04	0.0	1.012484e+00	-4.468800e-03	0.0	1.010435e+00	-3.580867e-03	0.0	9.827769e-01	-1.449046e-03	0.0	9.909884e-01	-1.415808e-02	0.0	1.029468e+00	-8.821355e-03	0.0	1.002831e+00	1.419045e-02	0.0	9.897017e-01	-4.987204e-03	0.0	1.014368e+00	5.542568e-03	0.0	9.877063e-01	5.125144e-03	0.0	1.010966e+00	-7.228322e-03	0.0	1.027731e+00	6.458915e-03	0.0	1.049476e+00	-4.133154e-03	0.0	1.004148e+00	-1.108271e-02	0.0	1.016928e+00	-9.632662e-03	0.0	1.023966e+00	-9.717893e-03	0.0	1.022161e+00	-1.081111e-02	0.0	1.014490e+00	-9.555554e-03	0.0	9.773981e-01	-1.874959e-02	0.0	9.919175e-01	-2.477739e-02	0.0	9.653673e-01	-1.420152e-02	0.0	8.955269e-01	-1.929120e-02	0.0	8.420777e-01	-3.070580e-02	0.0	8.754867e-01	9.916641e-03	0.0	8.442752e-01	1.782376e-02	0.0	8.271977e-01	-5.383087e-02	0.0	7.806867e-01	3.223048e-02	0.0	9.116376e-01	5.781037e-03	0.0	9.814162e-01	1.052598e-02	0.0	9.804121e-01	-3.600050e-02	0.0	1.010776e+00	-4.592932e-02	0.0	-2.056869e-03	7.715594e-04	0.0	-2.110943e-03	7.440434e-04	0.0	1.032362e+00	-2.269805e-02	0.0	1.047066e+00	-2.920209e-02	0.0	4.274955e-03	-1.100186e-03	0.0	9.527965e-03	-2.360932e-03	0.0	1.037799e+00	-5.681801e-02	0.0	4.220349e-04	1.932007e-04	0.0	1.068731e+00	-3.215221e-02	0.0	6.042617e-02	-5.726007e-03	0.0	3.800705e-02	-5.038152e-03	0.0	3.735445e-02	-5.862208e-03	0.0	2.133692e-02	-4.200233e-03	0.0	1.083428e+00	-6.228952e-02	0.0	1.035444e+00	-2.010773e-02	0.0	1.028493e+00	-1.535681e-02	0.0	8.081050e-01	-7.025887e-02	0.0	1.015139e+00	4.475588e-03	0.0	1.018979e+00	-1.706450e-03	0.0	1.014102e+00	-6.326726e-04	0.0	1.015988e+00	-2.267428e-03	0.0	1.023827e+00	-1.024038e-03	0.0	1.031838e+00	2.769744e-03	0.0	4.365092e-02	-7.542660e-04	0.0	4.443986e-02	-1.314023e-03	0.0	3.835288e-02	-1.627931e-03	0.0	7.038026e-02	-3.563300e-03	0.0	1.032105e+00	-3.844765e-03	0.0	2.123113e-02	-1.674314e-04	0.0	3.275031e-02	6.400577e-05	0.0	2.664987e-02	1.315322e-04	0.0	3.927249e-02	1.911506e-05	0.0	1.629667e-02	2.174738e-03	0.0	3.275555e-02	-2.232068e-04	0.0	1.632564e-02	6.801585e-04	0.0	1.539518e-02	1.338435e-03	0.0	2.026657e-02	-3.688860e-05	0.0	1.966744e-02	2.196783e-03	0.0	1.547977e-02	1.160193e-03	0.0	1.805229e-02	3.074545e-04	0.0	2.218028e-02	-1.043792e-04	0.0	1.551055e-02	8.691967e-04	0.0	1.048147e+00	-4.640838e-03	0.0	6.638965e-02	-3.785793e-03	0.0	1.003902e+00	-8.798499e-03	0.0	9.590478e-01	-1.002251e-02	0.0	9.322304e-01	-3.779984e-03	0.0	9.487704e-01	-7.777643e-04	0.0	9.617102e-01	-6.845173e-03	0.0	9.613255e-01	4.424403e-04	0.0	9.660735e-01	-4.361674e-03	0.0	9.703831e-01	1.397743e-03	0.0	9.706211e-01	-2.510484e-03	0.0	9.774491e-01	1.803457e-03	0.0	9.752677e-01	3.250285e-03	0.0	9.954882e-01	2.791241e-03	0.0	9.754909e-01	-1.417502e-03	0.0	9.829542e-01	2.890339e-03	0.0	9.829130e-01	2.351986e-03	0.0	9.804667e-01	1.640859e-02	0.0	9.750421e-01	1.169907e-03	0.0	9.771179e-01	-6.082266e-03	0.0	9.609031e-01	-1.278872e-02	0.0	9.750509e-01	-1.673054e-02	0.0	9.667311e-01	-2.581456e-02	0.0	9.382355e-01	-1.508507e-02	0.0	9.819830e-01	-1.136837e-02	0.0	9.810764e-01	-2.768907e-02	0.0	9.909825e-01	-4.232833e-02	0.0	9.569989e-01	-6.806056e-02	0.0	3.829899e-02	6.204313e-03	0.0	9.955070e-01	-2.987495e-02	0.0	1.010033e+00	-3.885970e-02	0.0	9.625380e-01	8.993896e-03	0.0	1.006993e+00	-2.496985e-02	0.0	1.018323e+00	-5.780592e-02	0.0	1.034504e+00	-3.923239e-02	0.0	1.052412e+00	-5.134724e-02	0.0	9.868252e-01	-1.102312e-02	0.0	9.886852e-01	-4.873112e-03	0.0	9.931746e-01	-6.485277e-03	0.0	1.000920e+00	3.619058e-03	0.0	9.918643e-01	1.164765e-02	0.0	1.016322e+00	-6.056912e-04	0.0	9.913870e-01	2.049523e-02	0.0	1.007341e+00	3.065993e-02	0.0	9.812745e-01	3.448806e-02	0.0	1.023914e+00	6.846859e-02	0.0	1.021152e+00	-2.647250e-02	0.0	1.034379e+00	-2.306722e-02	0.0	1.048721e+00	-2.563799e-02	0.0	1.068614e+00	-3.498090e-02	0.0	1.049679e+00	-2.048485e-02	0.0	1.067688e+00	-1.139190e-02	0.0	1.060393e+00	1.241152e-02	0.0	1.093429e+00	3.387864e-02	0.0	1.118487e+00	-1.712689e-02	0.0	1.070475e-02	-2.412085e-03	0.0	1.148818e+00	3.568879e-02	0.0	1.440248e-01	9.636455e-03	0.0	1.353347e-01	1.412895e-03	0.0	9.189632e-02	-2.548576e-03	0.0	7.370482e-02	-4.067244e-03	0.0	1.051724e+00	4.211818e-02	0.0	1.033718e+00	2.367657e-02	0.0	9.848575e-01	-5.066193e-03	0.0	1.010871e+00	2.747352e-05	0.0	9.893150e-01	-5.308402e-03	0.0	9.894815e-01	5.879842e-03	0.0	9.894763e-01	-2.032674e-02	0.0	1.011404e+00	-5.182209e-03	0.0	1.016997e+00	7.774076e-04	0.0	9.867355e-01	3.104442e-03	0.0	1.020625e+00	-5.366686e-03	0.0	1.497770e-02	9.726492e-04	0.0	3.824689e-02	2.771459e-03	0.0	1.070252e+00	7.061243e-02	0.0	1.011931e+00	1.077674e-01	0.0	2.461689e-01	4.307333e-02	0.0	2.142208e-01	1.277238e-01	0.0	2.374700e-01	6.827766e-02	0.0	1.850424e-01	8.425629e-02	0.0	1.105892e+00	1.095500e-01	0.0	9.766336e-01	6.967558e-02	0.0	9.339272e-01	7.997907e-02	0.0	9.570448e-01	1.860138e-01	0.0	1.855536e-01	1.818975e-01	0.0	1.595779e-01	1.340621e-01	0.0	9.566050e-01	4.187485e-02	0.0	9.142441e-01	3.331054e-02	0.0	8.280394e-01	7.957811e-02	0.0	9.679894e-01	2.087331e-02	0.0	1.598230e-02	8.652062e-04	0.0	1.687297e-02	5.844095e-04	0.0	1.002748e+00	1.202645e-02	0.0	9.994537e-01	-1.221466e-02	0.0	9.904522e-01	-5.537740e-03	0.0	1.759573e-02	4.220403e-04	0.0	1.900725e-02	1.137526e-04	0.0	1.597988e-02	-5.055961e-05	0.0	4.465786e-02	9.648224e-04	0.0	1.010930e+00	-1.271798e-03	0.0	1.770620e-02	-1.549417e-04	0.0	1.016392e+00	-2.063002e-03	0.0	9.954851e-01	3.827160e-03	0.0	2.644995e-02	-9.679519e-05	0.0	9.507863e-01	2.236431e-02	0.0	9.912802e-01	-8.189502e-03	0.0	9.921941e-01	2.985231e-03	0.0	1.015662e+00	-3.987708e-03	0.0	2.233152e-02	-1.798772e-04	0.0	3.310163e-02	-1.117334e-04	0.0	1.020782e+00	-5.213292e-03	0.0	1.015844e+00	-2.570372e-03	0.0	1.026194e+00	-1.365092e-02	0.0	2.502958e-02	-1.361117e-04	0.0	3.233237e-02	2.880823e-05	0.0	6.107180e-02	2.260057e-04	0.0	3.154786e-02	5.819847e-07	0.0	3.313087e-02	-7.276640e-05	0.0	2.628933e-02	-9.440217e-05	0.0	6.891637e-02	3.103044e-04	0.0	1.243017e-01	1.601152e-03	0.0	1.465787e-01	2.247193e-03	0.0	2.339976e-01	4.207158e-03	0.0	6.189698e-02	8.967910e-04	0.0	4.871799e-02	8.484776e-04	0.0	9.788635e-02	3.369530e-03	0.0	4.477573e-02	2.231872e-03	0.0	4.743194e-02	2.996131e-03	0.0	4.713871e-02	1.709679e-03	0.0	6.940336e-02	5.423502e-04	0.0	9.776871e-02	1.106625e-03	0.0	8.982684e-02	3.498465e-03	0.0	1.793711e-01	7.049984e-03	0.0	1.793811e-01	7.878175e-03	0.0	3.206333e-01	1.022264e-02	0.0	1.723416e-01	5.542623e-03	0.0	8.723813e-02	4.414162e-03	0.0	1.634395e-01	9.265662e-03	0.0	9.767943e-01	8.164341e-03	0.0	3.077011e-02	1.721555e-05	0.0	7.388669e-02	6.824723e-04	0.0	1.383745e-01	2.002532e-03	0.0	2.863911e-02	9.445523e-06	0.0	2.828432e-02	1.111685e-05	0.0	2.336191e-01	3.817975e-03	0.0	3.474240e-02	1.615940e-04	0.0	3.710058e-01	4.286662e-03	0.0	4.253920e-02	2.087760e-04	0.0	2.561280e-02	1.002047e-04	0.0	2.999340e-02	1.362939e-04	0.0	2.521155e-02	7.694864e-05	0.0	2.092843e-01	3.299838e-03	0.0	6.046754e-02	4.141759e-04	0.0	7.624123e-02	5.644561e-04	0.0	2.873485e-02	5.962756e-06	0.0	6.888328e-02	1.939783e-04	0.0	6.768159e-02	1.998509e-04	0.0	1.340963e-01	6.705775e-04	0.0	1.241338e-01	5.115708e-04	0.0	2.232810e-01	1.160497e-03	0.0	2.089524e-01	1.066747e-03	0.0	3.105730e-01	1.502210e-03	0.0	1.165907e-01	7.760372e-04	0.0	1.200646e-01	6.394819e-04	0.0	1.910688e-01	1.844293e-03	0.0	6.145719e-02	2.153684e-04	0.0	1.051583e-01	8.736994e-04	0.0	1.539853e-01	1.635544e-03	0.0	2.606373e-02	-9.826481e-05	0.0	2.463748e-02	1.800854e-05	0.0	3.009641e-02	1.455305e-04	0.0	7.166289e-02	4.889113e-04	0.0	3.032562e-02	1.543954e-04	0.0	6.217708e-02	3.955880e-04	0.0	1.264106e-01	9.672265e-04	0.0	2.975716e-02	4.341526e-05	0.0	4.406236e-02	1.521273e-04	0.0	3.839082e-02	9.685670e-05	0.0	2.700279e-02	1.155980e-04	0.0	1.255864e-01	1.074620e-03	0.0	2.234854e-01	1.900113e-03	0.0	2.185745e-01	2.334390e-03	0.0	3.475887e-01	2.799115e-03	0.0	2.700622e-01	2.721367e-03	0.0	1.342180e-01	1.440988e-03	0.0	2.134867e-01	2.383124e-03	0.0	1.321220e-01	1.271628e-03	0.0	2.001694e-01	1.488590e-03	0.0	8.222179e-02	6.063264e-04	0.0	1.060781e-01	6.236871e-04	0.0	1.734178e-01	6.328074e-04	0.0	2.980827e-01	1.129086e-03	0.0	3.624597e-02	2.834653e-05	0.0	3.117476e-02	2.457394e-05	0.0	6.635154e-02	4.684117e-04	0.0	1.977140e-01	1.829863e-03	0.0	8.843208e-02	2.727523e-04	0.0	1.357275e-01	1.748066e-04	0.0	3.125807e-01	2.756627e-03	0.0	5.003409e-01	1.237998e-03	0.0	3.797337e-02	5.532528e-05	0.0	7.724457e-02	1.248153e-04	0.0	3.672568e-02	4.037167e-05	0.0	8.297329e-02	9.213275e-05	0.0	6.683105e-02	7.154676e-05	0.0	8.378209e-02	1.498222e-04	0.0	3.221618e-02	-1.359574e-04	0.0	3.467932e-02	-3.917055e-05	0.0	1.361537e-01	2.177165e-04	0.0	1.492347e-01	6.185701e-04	0.0	2.384412e-01	7.074752e-04	0.0	2.617769e-01	1.407494e-03	0.0	3.656671e-01	1.032483e-03	0.0	1.718881e-01	1.040141e-03	0.0	2.809335e-02	9.962433e-06	0.0	3.255331e-01	5.016259e-04	0.0	5.120224e-01	-2.726138e-04	0.0	1.991214e-01	2.235886e-04	0.0	8.981015e-02	3.155880e-04	0.0	3.221839e-02	-1.573471e-04	0.0	2.685700e-01	1.382376e-03	0.0	2.737719e-02	-3.348615e-04	0.0	3.356021e-02	-3.188706e-04	0.0	3.229911e-02	-1.883039e-04	0.0	5.118579e-02	-3.252122e-04	0.0	7.540331e-02	-2.693470e-04	0.0	7.377183e-02	-1.452282e-04	0.0	1.328863e-01	-2.146174e-04	0.0	1.297961e-01	-4.478359e-04	0.0	2.214359e-01	-2.290179e-04	0.0	2.214224e-01	-2.344773e-04	0.0	3.420690e-01	-1.782411e-04	0.0	3.354242e-01	5.290348e-04	0.0	3.611966e-02	-8.610411e-04	0.0	4.075816e-02	-8.588195e-04	0.0	5.290386e-01	-1.341624e-03	0.0	3.275561e-02	-6.481978e-04	0.0	3.583716e-02	-8.206974e-04	0.0	3.656574e-02	-9.045171e-04	0.0	2.068146e-01	2.867279e-04	0.0	3.231706e-01	3.531574e-04	0.0	1.909650e-01	-6.205828e-05	0.0	3.052186e-01	-3.549233e-04	0.0	2.998576e-02	-4.511948e-04	0.0	4.470797e-01	-1.063000e-03	0.0	1.799698e-01	-7.059683e-04	0.0	2.925450e-01	-1.389106e-03	0.0	1.718660e-01	-1.417879e-03	0.0	2.767223e-01	-2.172583e-03	0.0	4.080909e-01	-2.455782e-03	0.0	5.005111e-02	-7.545399e-04	0.0	1.661027e-01	-1.923902e-03	0.0	2.632040e-01	-2.873721e-03	0.0	1.556762e-01	-2.288527e-03	0.0	2.503807e-01	-3.389417e-03	0.0	1.165094e-01	1.183402e-04	0.0	1.242205e-01	-2.677939e-04	0.0	4.812809e-02	-2.534320e-04	0.0	1.431453e-01	-2.556130e-03	0.0	2.308501e-01	-3.256242e-03	0.0	4.028228e-02	-1.458168e-03	0.0	5.383334e-02	-1.719659e-03	0.0	3.496056e-01	-3.447396e-03	0.0	3.579978e-02	-1.390625e-03	0.0	5.282985e-02	-1.991698e-03	0.0	3.520515e-02	-1.250620e-03	0.0	1.446149e-01	-2.559864e-03	0.0	2.084012e-01	-2.994900e-03	0.0	3.728367e-02	-1.034622e-03	0.0	9.541726e-02	-8.769639e-04	0.0	1.192594e-01	-5.302783e-04	0.0	1.253305e-01	-1.784372e-04	0.0	6.983114e-02	-3.168185e-04	0.0	1.157429e-01	-1.366528e-03	0.0	1.372825e-01	-2.429708e-03	0.0	1.617332e-01	-2.806822e-03	0.0	9.632224e-02	-1.460433e-03	0.0	3.243903e-02	-2.517087e-04	0.0	7.485588e-02	-2.819979e-04	0.0	8.971911e-02	-3.768196e-04	0.0	6.619896e-02	-5.127381e-04	0.0	7.418208e-02	-2.520388e-04	0.0	2.675918e-02	-1.478833e-04	0.0	3.481090e-02	-3.097338e-04	0.0	2.750771e-02	-9.957083e-05	0.0	3.207085e-02	-7.561059e-05	0.0	3.525092e-02	-4.471088e-04	0.0	3.141091e-02	-1.984929e-04	0.0	3.255312e-02	-2.152815e-04	0.0	3.552484e-02	-6.821667e-06	0.0	7.780260e-02	1.365525e-04	0.0	7.559093e-02	2.381157e-04	0.0	4.024866e-02	-5.388781e-04	0.0	3.380745e-02	-5.254304e-04	0.0	8.406337e-02	-1.197505e-03	0.0	2.987722e-02	-1.372347e-05	0.0	2.667033e-02	2.488997e-05	0.0	3.125315e-02	7.903412e-05	0.0	3.751900e-02	3.022978e-05	0.0	3.046327e-02	1.579638e-04	0.0	2.507871e-02	1.158397e-04	0.0	2.511403e-02	9.418567e-05	0.0	3.093323e-02	1.545939e-04	0.0	4.141353e-02	1.894741e-04	0.0	2.945488e-02	1.063188e-04	0.0	6.581852e-02	4.582702e-04	0.0	3.421125e-02	1.707723e-04	0.0	2.865779e-02	1.024382e-04	0.0	2.570186e-02	1.255563e-04	0.0	3.902925e-02	3.452880e-05	0.0	2.891287e-02	5.825014e-05	0.0	2.903850e-02	6.462815e-05	0.0	7.376072e-02	2.772977e-04	0.0	3.394699e-02	2.423202e-05	0.0	2.332769e-02	-4.245999e-07	0.0	3.560946e-02	-6.053456e-04	0.0	4.431567e-02	-8.045263e-04	0.0	3.336216e-02	-7.475041e-04	0.0	4.161660e-02	-8.383418e-04	0.0	9.415483e-02	-1.726555e-03	0.0	2.427387e-02	-2.563858e-05	0.0	3.123005e-02	-7.399462e-04	0.0	4.746966e-01	9.377126e-04	0.0	6.814092e-01	-3.319058e-03	0.0	4.196120e-01	2.412729e-03	0.0	4.160265e-02	-1.173467e-03	0.0	1.011742e-01	-2.319891e-03	0.0	8.208712e-02	-2.128415e-03	0.0	1.024138e-01	-2.602343e-03	0.0	1.600764e-01	-3.354439e-03	0.0	1.814065e-01	-3.716832e-03	0.0	2.633851e-01	-3.979101e-03	0.0	2.908719e-01	-4.062403e-03	0.0	4.084659e-01	-3.628578e-03	0.0	1.973227e-01	-3.931532e-03	0.0	2.737005e-01	-3.376422e-03	0.0	3.510071e-02	-1.135402e-03	0.0	1.147260e-01	-2.962437e-03	0.0	1.139712e-01	-3.029791e-03	0.0	1.728459e-01	-4.061408e-03	0.0	2.891928e-01	-4.587829e-03	0.0	5.172829e-02	-2.447991e-03	0.0	5.247115e-02	-2.602533e-03	0.0	5.020893e-02	-2.233304e-03	0.0	4.199759e-02	-1.849561e-03	0.0	4.810015e-02	-2.477395e-03	0.0	2.640946e-01	-5.134954e-03	0.0	3.968625e-01	-5.134794e-03	0.0	1.638720e-01	-4.311485e-03	0.0	2.216651e-01	-5.336911e-03	0.0	1.269363e-01	-3.877433e-03	0.0	1.551003e-01	-4.629550e-03	0.0	2.535876e-01	-5.874696e-03	0.0	1.992483e-01	-5.613169e-03	0.0	3.312578e-01	-6.682343e-03	0.0	2.604956e-01	-6.830339e-03	0.0	4.016988e-01	-7.282340e-03	0.0	4.719305e-01	-6.412497e-03	0.0	5.695026e-01	-5.415270e-03	0.0	4.764931e-02	-2.758835e-03	0.0	4.769756e-02	-2.832165e-03	0.0	4.141723e-02	-2.305312e-03	0.0	4.558085e-01	-7.339010e-03	0.0	3.524228e-01	-6.161779e-03	0.0	5.238767e-01	-5.798946e-03	0.0	5.534471e-01	-5.577136e-03	0.0	6.737942e-01	-6.080043e-03	0.0	1.613447e-01	-5.406392e-03	0.0	1.716557e-01	-6.016842e-03	0.0	3.011873e-01	-7.878550e-03	0.0	2.967436e-01	-8.185677e-03	0.0	1.843642e-01	-6.789199e-03	0.0	1.806367e-01	-6.763945e-03	0.0	2.376836e-01	-7.822050e-03	0.0	3.936092e-01	-7.857629e-03	0.0	5.441882e-01	-5.010359e-03	0.0	7.814109e-02	-3.535423e-03	0.0	8.333713e-02	-4.427505e-03	0.0	3.249228e-01	-8.371477e-03	0.0	1.850309e-01	-7.239547e-03	0.0	2.445456e-01	-8.386402e-03	0.0	3.894199e-01	-7.623862e-03	0.0	3.096555e-01	-7.926387e-03	0.0	4.370856e-02	-2.401187e-03	0.0	1.898837e-01	-7.539417e-03	0.0	2.163182e-01	-7.716788e-03	0.0	3.518793e-01	-5.859036e-03	0.0	2.456016e-01	-6.672763e-03	0.0	3.834797e-01	-1.297753e-03	0.0	4.812827e-01	1.232494e-03	0.0	5.274333e-01	9.775765e-03	0.0	2.820069e-01	-3.078443e-03	0.0	5.520456e-02	-3.339703e-03	0.0	4.675331e-01	-6.267604e-03	0.0	6.317270e-01	-7.117203e-04	0.0	7.156741e-01	-2.540518e-04	0.0	8.049350e-01	5.587512e-03	0.0	7.669235e-01	-2.195478e-03	0.0	1.701548e-01	-5.936201e-03	0.0	1.754017e-01	-4.568778e-03	0.0	2.627808e-01	2.037914e-03	0.0	4.012492e-01	6.840939e-03	0.0	5.251352e-01	2.164494e-02	0.0	8.285216e-02	-1.856720e-03	0.0	7.853175e-02	-4.342027e-03	0.0	1.540152e-01	-6.327313e-03	0.0	8.455260e-02	-1.831840e-03	0.0	1.727445e-01	1.129727e-03	0.0	1.731047e-01	1.200606e-02	0.0	7.798316e-02	2.501900e-03	0.0	8.094043e-02	-4.023076e-03	0.0	7.877295e-02	-4.228503e-03	0.0	6.665132e-02	-3.715928e-03	0.0	5.666455e-02	-3.328547e-03	0.0	1.209777e-01	-5.919100e-03	0.0	1.207859e-01	-5.860427e-03	0.0	1.466160e-01	-6.496222e-03	0.0	5.630960e-02	-3.296834e-03	0.0	4.850136e-02	-2.638830e-03	0.0	1.182022e-01	-5.204486e-03	0.0	3.150186e-02	-8.486544e-04	0.0	3.677156e-02	-9.496477e-04	0.0	7.129779e-02	-4.050829e-03	0.0	9.878987e-01	-6.431097e-03	0.0	5.053922e-02	-1.585780e-03	0.0	4.686502e-02	-1.419887e-03	0.0	5.227727e-02	-2.545205e-03	0.0	1.131002e-01	-4.757464e-03	0.0	9.436872e-02	-4.218751e-03	0.0	4.541693e-02	-2.135514e-03	0.0	9.819691e-02	-3.990384e-03	0.0	4.451011e-02	-1.555736e-03	0.0	1.002367e-01	-3.006898e-03	0.0	1.029013e+00	-1.436482e-02	0.0	1.636277e-01	-6.996440e-03	0.0	3.160414e-02	-7.765991e-04	0.0	9.820214e-01	2.131885e-02	0.0	6.508155e-02	5.304155e-04	0.0	5.093880e-02	-2.747121e-03	0.0	5.383667e-02	-2.991606e-03	0.0	5.237350e-02	-1.958190e-03	0.0	3.454812e-02	-1.313969e-03	0.0	9.520892e-01	4.473054e-03	0.0	5.009573e-02	-1.647673e-03	0.0	3.919073e-02	-1.827559e-03	0.0	4.019241e-02	-2.036250e-03	0.0	3.261380e-01	3.245850e-03	0.0	4.855656e-01	2.059682e-03	0.0	4.906145e-01	6.313122e-04	0.0	6.757313e-01	-4.049027e-03	0.0	9.352771e-01	6.311367e-03	0.0	9.002866e-01	-1.048762e-02	0.0	9.232213e-01	-4.609619e-02	0.0	8.838056e-01	-7.226959e-02	0.0	3.929749e-02	-1.624449e-03	0.0	4.159566e-01	-4.563385e-03	0.0	5.261504e-02	-2.277914e-03	0.0	2.265979e-01	2.905724e-04	0.0	5.499024e-02	-2.703984e-03	0.0	8.239372e-02	-1.703311e-03	0.0	2.566450e-01	1.230337e-02	0.0	3.710175e-01	1.845260e-02	0.0	3.374528e-02	-1.011753e-03	0.0	9.154107e-01	-1.074945e-02	0.0	1.012882e+00	-1.579987e-02	0.0	7.877256e-02	-9.552740e-04	0.0	1.271987e-01	-6.027933e-03	0.0	1.019250e+00	3.467510e-03	0.0	4.328538e-02	-1.868735e-03	0.0	1.008183e-01	-3.585794e-03	0.0	6.265581e-02	-2.422713e-03	0.0	4.792460e-02	-2.514471e-03	0.0	7.456125e-02	5.960663e-04	0.0	4.261396e-01	1.797403e-03	0.0	3.164392e-01	5.764539e-04	0.0	3.251825e-01	-3.122597e-03	0.0	4.788083e-01	-2.901935e-03	0.0	7.321510e-01	-7.495910e-03	0.0	4.964846e-01	-3.671441e-03	0.0	6.641771e-01	-5.034203e-03	0.0	6.876169e-01	-6.438439e-03	0.0	8.452477e-01	-1.154574e-02	0.0	8.798113e-01	-1.386714e-02	0.0	9.804405e-01	-1.787065e-02	0.0	1.002916e+00	-2.258472e-02	0.0	8.849180e-01	-1.538518e-02	0.0	1.024374e+00	-2.853220e-02	0.0	7.187524e-01	-6.092833e-03	0.0	8.715715e-01	-1.426135e-02	0.0	1.039535e+00	-2.263228e-02	0.0	1.031444e+00	-1.845499e-02	0.0	1.064109e+00	-2.435888e-02	0.0	1.057236e+00	-1.322580e-02	0.0	1.065708e+00	-1.701330e-02	0.0	1.062454e+00	-6.633343e-03	0.0	1.035571e+00	3.472728e-03	0.0	1.049625e+00	7.505317e-03	0.0	9.792746e-01	2.509305e-02	0.0	1.014317e+00	2.582511e-02	0.0	8.655258e-01	5.797743e-02	0.0	9.569160e-01	3.846881e-02	0.0	6.900242e-01	6.469057e-02	0.0	3.276129e-01	2.926231e-02	0.0	4.199896e-01	-1.953173e-02	0.0	4.416349e-01	-9.595784e-02	0.0	4.972831e-03	-2.783661e-03	0.0	2.789652e-01	-8.812776e-02	0.0	6.669572e-01	-1.233159e-01	0.0	4.576995e-01	-1.187562e-01	0.0	-2.103673e-03	8.666123e-04	0.0	8.812167e-01	-1.070765e-01	0.0	7.871747e-01	-1.044393e-01	0.0	-2.456917e-03	9.708322e-04	0.0	1.018516e+00	-8.788696e-02	0.0	9.357978e-01	-8.778893e-02	0.0	6.988908e-03	-1.785898e-03	0.0	3.403870e-03	-8.299508e-04	0.0	4.984709e-01	-7.553013e-02	0.0	2.731073e-01	-6.113828e-02	0.0	1.113619e+00	-6.101391e-02	0.0	1.061210e+00	-6.372024e-02	0.0	2.946712e-01	6.940333e-02	0.0	1.264706e-01	-7.109048e-02	0.0	1.517380e-02	-7.786591e-03	0.0	1.159074e+00	-3.425502e-02	0.0	1.176839e+00	-1.840044e-02	0.0	9.722236e-01	-5.837323e-02	0.0	1.834715e-02	-3.835126e-03	0.0	1.158931e+00	-1.120671e-02	0.0	2.785347e-02	-4.302031e-03	0.0	8.761380e-01	-7.730153e-02	0.0	1.375097e-02	-3.176301e-03	0.0	8.491292e-01	-4.719748e-02	0.0	1.993274e-02	-3.806468e-03	0.0	2.262775e-02	-3.981825e-03	0.0	5.849618e-01	2.301141e-02	0.0	1.205093e+00	1.514280e-02	0.0	1.211309e+00	2.953607e-02	0.0	4.276401e-02	-5.084553e-03	0.0	8.621337e-01	-1.098782e-01	0.0	1.114897e+00	-8.628839e-04	0.0	1.172287e+00	2.953140e-02	0.0	6.732331e-02	-5.252361e-03	0.0	1.234010e+00	7.047842e-02	0.0	1.231801e+00	9.216830e-02	0.0	8.494546e-01	-1.485389e-02	0.0	1.003011e+00	3.333292e-02	0.0	6.312959e-02	-3.004505e-03	0.0	9.495515e-02	-3.060733e-03	0.0	1.238122e+00	1.271245e-01	0.0	1.250125e+00	1.688326e-01	0.0	1.108625e+00	1.004521e-01	0.0	1.011913e-01	-7.372345e-04	0.0	1.056697e-01	1.416267e-06	0.0	1.210715e+00	9.170983e-02	0.0	1.208428e+00	1.793726e-01	0.0	1.177715e+00	2.371919e-01	0.0	1.121179e+00	1.765818e-01	0.0	1.226284e+00	2.237083e-01	0.0	1.373290e-01	4.113759e-03	0.0	1.048309e-01	1.221348e-03	0.0	1.780251e-01	2.107174e-02	0.0	1.631017e-01	1.551134e-02	0.0	1.095229e+00	2.650903e-01	0.0	3.192758e-01	1.205178e-01	0.0	1.145232e+00	3.445890e-01	0.0	2.072425e-01	4.749498e-02	0.0	9.284321e-01	-1.322235e-02	0.0	9.909207e-01	-1.029843e-02	0.0	5.900262e-01	-4.021113e-03	0.0	9.518840e-01	1.759073e-02	0.0	7.842020e-01	5.002306e-02	0.0	6.829940e-01	2.105380e-02	0.0	1.175772e+00	5.050029e-03	0.0	8.971800e-01	-1.620634e-02	0.0	9.835988e-01	-2.604625e-02	0.0	9.749287e-01	-2.552045e-02	0.0	1.049033e+00	-3.691215e-02	0.0	1.038705e+00	-3.947469e-02	0.0	1.074924e+00	-4.934888e-02	0.0	1.080582e+00	-6.112626e-02	0.0	1.409749e-01	5.007684e-03	0.0	8.760628e-02	9.062525e-03	0.0	1.039329e+00	-4.830686e-02	0.0	1.086339e+00	-7.506996e-02	0.0	2.424927e-02	3.755779e-03	0.0	1.076727e+00	-7.879945e-02	0.0	1.087407e+00	-1.040264e-01	0.0	1.100352e+00	-1.098923e-01	0.0	1.087444e+00	-1.594861e-01	0.0	1.027514e+00	-1.253363e-01	0.0	1.122823e+00	-1.626396e-01	0.0	1.072456e+00	-2.407909e-01	0.0	9.517119e-01	-5.713568e-02	0.0	1.064610e+00	-3.310398e-01	0.0	3.217177e-01	-8.537905e-02	0.0	2.773288e-01	-2.777863e-02	0.0	9.327117e-01	-2.672836e-01	0.0	9.544022e-01	-1.785395e-01	0.0	9.983983e-01	-1.375570e-01	0.0	8.701890e-01	-4.102373e-01	0.0	4.244997e-01	-3.039903e-01	0.0	7.688662e-01	-2.617030e-01	0.0	8.102249e-02	-2.578141e-01	0.0	6.210806e-01	-2.921102e-01	0.0	3.781941e-02	5.495903e-02	0.0	-3.329060e-03	-5.633995e-02	0.0	7.087267e-01	-1.552681e-01	0.0	6.115679e-01	-7.288686e-02	0.0	7.448095e-01	-5.600581e-02	0.0	9.214051e-01	-2.361965e-02	0.0	8.273718e-01	-1.789743e-02	0.0	9.224326e-01	-3.029139e-02	0.0	6.817947e-01	-3.518751e-03	0.0	7.924794e-01	-1.326522e-02	0.0	9.615734e-01	-1.120151e-01	0.0	1.006087e+00	-5.353422e-02	0.0	8.093751e-01	-1.959978e-02	0.0	5.494515e-01	7.753511e-03	0.0	6.148195e-01	2.035343e-03	0.0	2.461558e-01	1.337477e-02	0.0	3.996463e-01	6.757515e-03	0.0	4.174738e-01	-1.105915e-01	0.0	1.040615e-01	1.286924e-01	0.0	5.539273e-01	5.058441e-02	0.0	3.760955e-01	1.049750e-01	0.0	5.573731e-01	2.120414e-01	0.0	6.602486e-01	1.420184e-01	0.0	7.229179e-01	2.445113e-01	0.0	6.752089e-01	3.595086e-01	0.0	2.061029e-01	1.427254e-01	0.0	2.351243e-01	1.723627e-01	0.0	8.089804e-01	3.360282e-01	0.0	8.448078e-01	4.404316e-01	0.0	2.542131e-01	1.337640e-01	0.0	2.340051e-01	1.319470e-01	0.0	2.445431e-01	1.200871e-01	0.0	9.353460e-01	3.701109e-01	0.0	9.938160e-01	4.298855e-01	0.0	8.296664e-01	2.247654e-01	0.0	8.630812e-01	4.462809e-01	0.0	6.967366e-01	4.510358e-01	0.0	5.100587e-01	3.561483e-01	0.0	3.816108e-01	2.662667e-01	0.0	1.035452e+00	-3.751500e-01	0.0	7.070816e-01	-6.285863e-03	0.0	7.370449e-01	-8.230912e-03	0.0	1.104399e+00	-6.499419e-02	0.0	6.527234e-01	3.574792e-02	0.0	4.539332e-01	4.496179e-02	0.0	2.689569e-01	3.860695e-02	0.0	2.717207e-01	7.046442e-02	0.0	1.104288e-01	3.030465e-02	0.0	5.215258e-01	6.626657e-02	0.0	1.049764e+00	3.531737e-01	0.0	9.770009e-01	2.682923e-01	0.0	1.042824e+00	1.023508e-02	0.0	7.010009e-01	-6.291081e-03	0.0	5.028437e-01	8.138237e-03	0.0	1.008312e+00	-8.726990e-02	0.0	6.159751e-01	-5.193970e-01	0.0	3.988677e-01	-3.547235e-01	0.0	8.840234e-01	-5.033197e-01	0.0	1.058580e+00	-1.406938e-02	0.0	6.313773e-01	5.915140e-03	0.0	7.506279e-01	-8.738100e-03	0.0	8.251660e-01	-1.470455e-01	0.0	1.070842e+00	-6.099945e-02	0.0	1.044397e+00	-7.048640e-02	0.0	9.901188e-01	-6.005220e-02	0.0	5.387080e-01	-1.279449e-03	0.0	7.064657e-01	-6.640483e-03	0.0	9.257762e-01	-8.310929e-02	0.0	8.417475e-01	1.668085e-02	0.0	5.749470e-01	-1.104826e-03	0.0	5.620389e-01	-1.034343e-03	0.0	4.805811e-01	1.211352e-03	0.0	3.561888e-01	3.777394e-03	0.0	2.899891e-01	2.991754e-03	0.0	3.631132e-01	3.171303e-01	0.0	4.787005e-01	3.872221e-01	0.0	1.863154e-01	1.632678e-01	0.0	1.127493e-01	1.288567e-01	0.0	2.620281e-01	2.559369e-01	0.0	2.330901e-01	1.883883e-01	0.0	5.617467e-01	4.186416e-01	0.0	2.303228e-01	3.069179e-02	0.0	7.517399e-02	9.822516e-02	0.0	2.119296e-01	-1.784494e-01	0.0	1.315660e-01	-2.685470e-01	0.0	5.818827e-01	3.999682e-01	0.0	7.106945e-01	4.491216e-02	0.0	3.313296e-01	1.308926e-02	0.0	4.796347e-01	8.360002e-03	0.0	9.662091e-01	6.417574e-03	0.0	9.228899e-01	-5.640322e-04	0.0	1.024343e+00	1.798456e-01	0.0	2.519447e-01	2.515942e-01	0.0	3.712713e-01	3.301022e-01	0.0	3.852565e-01	3.200870e-01	0.0	2.814828e-01	2.570051e-01	0.0	8.423573e-01	-6.778873e-03	0.0	2.347743e-01	5.229035e-03	0.0	8.854721e-01	4.258064e-02	0.0	8.015731e-01	1.195793e-02	0.0	8.366762e-01	-2.735879e-02	0.0	1.067948e+00	-3.869744e-02	0.0	7.120205e-01	-9.961274e-02	0.0	6.124480e-01	8.066855e-02	0.0	1.014186e+00	-8.765540e-02	0.0	7.697843e-01	1.458928e-01	0.0	8.578597e-01	1.466212e-01	0.0	1.109539e+00	-3.959527e-02	0.0	7.972317e-01	-9.240006e-03	0.0	9.129034e-02	2.229906e-03	0.0	1.013466e+00	-4.243901e-03	0.0	3.046951e-01	1.101952e-02	0.0	1.725451e-01	9.389698e-03	0.0	9.797225e-02	6.097402e-03	0.0	1.088955e-01	1.181232e-01	0.0	1.063880e+00	-2.626882e-02	0.0	9.525387e-01	-1.994386e-03	0.0	6.078344e-01	-6.079939e-04	0.0	7.226375e-02	-3.408958e-04	0.0	9.069097e-01	-1.196849e-01	0.0	6.538854e-01	-4.723038e-03	0.0	7.499343e-01	4.470010e-01	0.0	6.533876e-01	3.728893e-01	0.0	5.506780e-01	3.460413e-01	0.0	2.682825e-01	1.718551e-01	0.0	6.944169e-01	3.662775e-01	0.0	1.905268e-01	1.165820e-01	0.0	4.116953e-01	2.484950e-01	0.0	3.925617e-01	2.270940e-01	0.0	4.535254e-01	2.491103e-01	0.0	4.842910e-01	2.472365e-01	0.0	7.215532e-01	3.568909e-01	0.0	9.601585e-01	3.905682e-01	0.0	2.740214e-01	9.090311e-02	0.0	7.183194e-01	3.037596e-01	0.0	3.523437e-01	1.487767e-01	0.0	1.082330e+00	3.979787e-01	0.0	1.105093e+00	3.587912e-01	0.0	1.180934e+00	3.139147e-01	0.0	1.006539e+00	2.701724e-01	0.0	8.812277e-01	2.792804e-01	0.0	1.099498e+00	2.448440e-01	0.0	8.338322e-01	1.776305e-01	0.0	8.844658e-01	1.620530e-01	0.0	7.081319e-01	1.712714e-01	0.0	1.764451e-01	3.464902e-02	0.0	6.455982e-01	1.763342e-01	0.0	1.942395e-01	4.998612e-02	0.0	6.415781e-01	1.105142e-01	0.0	2.033810e-01	2.943118e-02	0.0	5.799512e-01	8.379131e-02	0.0	8.085371e-01	1.175009e-01	0.0	5.162977e-01	5.932073e-02	0.0	1.427016e-01	6.905497e-03	0.0	6.036650e-01	6.001353e-02	0.0	9.817047e-01	1.386937e-01	0.0	8.370012e-01	8.471889e-02	0.0	1.126892e+00	1.495763e-01	0.0	5.241982e-01	3.562537e-02	0.0	6.344402e-01	4.080213e-02	0.0	9.976457e-01	9.889147e-02	0.0	7.397320e-01	4.303020e-02	0.0	9.186039e-01	5.106898e-02	0.0	5.461820e-01	1.078904e-02	0.0	6.795536e-01	1.306955e-02	0.0	3.840629e-01	6.046383e-03	0.0	7.274840e-02	-1.529303e-03	0.0	3.887448e-01	-2.700475e-03	0.0	1.004833e-01	-4.683145e-03	0.0	4.088233e-01	-6.332565e-03	0.0	7.035112e-01	6.924539e-03	0.0	4.263017e-01	-1.116147e-02	0.0	6.013872e-02	-5.211384e-03	0.0	2.211199e-01	-9.640639e-03	0.0	8.390602e-02	-5.539498e-03	0.0	9.789785e-01	4.375375e-02	0.0	7.301465e-01	1.440985e-03	0.0	4.690921e-01	-1.544268e-02	0.0	2.565508e-01	-1.385509e-02	0.0	7.006550e-01	-1.339268e-02	0.0	4.223679e-01	-2.179919e-02	0.0	5.360363e-02	-5.705828e-03	0.0	2.479648e-01	-1.576412e-02	0.0	2.190064e-01	-1.734736e-02	0.0	3.285244e-01	-2.375527e-02	0.0	5.480801e-02	-6.803383e-03	0.0	1.772700e-01	-1.646850e-02	0.0	2.235473e-01	-2.036702e-02	0.0	4.310418e-01	-2.749637e-02	0.0	2.922481e-01	-2.369169e-02	0.0	4.037242e-02	-5.712847e-03	0.0	5.784796e-01	-2.865563e-02	0.0	3.764644e-01	-2.799667e-02	0.0	6.593388e-01	-3.206442e-02	0.0	4.591821e-01	-3.105819e-02	0.0	2.778137e-02	-4.506755e-03	0.0	2.428764e-01	-2.241544e-02	0.0	3.194989e-01	-3.062890e-02	0.0	5.272837e-01	-4.142737e-02	0.0	3.746458e-01	-3.727346e-02	0.0	1.797383e-01	-2.159864e-02	0.0	2.102533e-01	-2.630082e-02	0.0	2.627281e-02	-4.511730e-03	0.0	3.722878e-01	-4.395535e-02	0.0	2.217187e-01	-3.169055e-02	0.0	4.191076e-01	-4.561732e-02	0.0	2.377942e-01	-3.172524e-02	0.0	4.055693e-01	-4.308400e-02	0.0	2.468511e-01	-3.252926e-02	0.0	4.685751e-01	-5.072227e-02	0.0	2.676035e-01	-3.738761e-02	0.0	1.217635e-01	-1.953048e-02	0.0	1.146847e-01	-2.020839e-02	0.0	2.540298e-01	-3.770210e-02	0.0	1.057717e-01	-2.002462e-02	0.0	7.961732e-03	-2.006242e-03	0.0	2.013223e-01	-3.291762e-02	0.0	1.036979e-01	-1.907127e-02	0.0	6.205532e-03	-1.619931e-03	0.0	1.882553e-01	-3.326368e-02	0.0	9.437024e-02	-1.867566e-02	0.0	2.004921e-01	-3.555748e-02	0.0	8.732996e-02	-1.793608e-02	0.0	2.941015e-03	-8.564036e-04	0.0	1.743642e-01	-3.314135e-02	0.0	7.961560e-02	-1.619895e-02	0.0	2.566451e-03	-5.193629e-04	0.0	3.647520e-01	-6.133433e-02	0.0	8.905765e-02	-1.473718e-02	0.0	1.371289e-02	-2.949593e-03	0.0	1.915355e-01	-3.620196e-02	0.0	8.438392e-02	-1.506040e-02	0.0	4.806750e-02	-9.880483e-03	0.0	1.442045e-02	-3.329266e-03	0.0	1.897874e-01	-3.129062e-02	0.0	7.745013e-02	-1.275514e-02	0.0	-1.283548e-03	5.406082e-04	0.0	2.313143e-01	-4.396003e-02	0.0	7.639274e-02	-1.858253e-02	0.0	-2.748486e-03	8.880529e-04	0.0	1.979725e-02	-3.266019e-03	0.0	1.664912e-02	-4.954862e-03	0.0	6.061280e-02	-1.721062e-02	0.0	-1.782322e-03	7.082243e-04	0.0	1.025267e-02	-3.924754e-03	0.0	3.982166e-02	-1.203908e-02	0.0	1.780583e-02	-1.400176e-03	0.0	1.843849e-01	-4.095188e-02	0.0	3.193294e-02	-6.071822e-03	0.0	2.605483e-02	-3.881152e-03	0.0	4.302393e-02	-9.539316e-03	0.0	4.500653e-03	-1.235154e-03	0.0	1.080688e-01	-1.765993e-02	0.0	1.905682e-02	-3.847811e-03	0.0	9.531796e-02	-1.610458e-02	0.0	1.903051e-02	-3.828918e-03	0.0	1.766434e-01	-1.743840e-02	0.0	8.682903e-03	-2.930481e-03	0.0	2.227454e-02	-6.428383e-03	0.0	-1.902606e-03	8.374459e-04	0.0	6.417466e-02	-1.189120e-02	0.0	1.321188e-02	-2.896037e-03	0.0	1.501250e-01	-1.809896e-02	0.0	4.910300e-01	-5.658076e-02	0.0	3.738223e-02	-8.314788e-03	0.0	4.975347e-02	-1.044426e-02	0.0	4.164296e-02	-8.710260e-03	0.0	1.304411e-01	-1.561081e-02	0.0	3.803787e-02	-8.318381e-03	0.0	6.765134e-02	-1.892515e-02	0.0	5.455750e-02	-1.917904e-02	0.0	-2.608516e-04	-5.675401e-05	0.0	8.348617e-03	-3.878167e-03	0.0	3.428269e-02	-2.036666e-02	0.0	1.044162e-01	-4.548877e-02	0.0	6.653450e-03	-6.066517e-03	0.0	1.857210e-02	-1.799995e-02	0.0	-1.221621e-03	4.211377e-04	0.0	2.812386e-03	-6.319822e-04	0.0	3.900702e-01	-5.552117e-02	0.0	1.118281e-01	-1.550776e-02	0.0	1.000947e-01	-1.541663e-02	0.0	1.230291e-01	-1.425778e-02	0.0	6.641550e-01	-5.163305e-02	0.0	6.982879e-02	-1.181205e-02	0.0	8.216820e-01	-3.246629e-02	0.0	1.465338e-01	-1.518222e-02	0.0	3.169343e-03	-2.948395e-04	0.0	8.780006e-04	-6.064684e-04	0.0	9.956795e-02	-1.643883e-02	0.0	5.692691e-01	-2.470606e-02	0.0	3.149467e-01	8.755665e-05	0.0	4.319889e-02	-8.109949e-03	0.0	2.463408e-02	-5.172784e-03	0.0	4.425315e-02	-8.878427e-03	0.0	2.490509e-01	-3.960144e-03	0.0	5.220153e-03	3.267104e-04	0.0	1.104864e+00	2.023121e-01	0.0	1.427857e-01	-1.481699e-02	0.0	5.511734e-04	2.037677e-04	0.0	2.516553e-01	-6.774301e-03	0.0	-1.757251e-03	5.836402e-04	0.0	-2.970829e-03	9.674396e-04	0.0	1.001815e+00	-2.997397e-02	0.0	9.058714e-01	3.309782e-01	0.0	6.931227e-01	2.683085e-01	0.0	7.066899e-01	2.397195e-01	0.0	3.335639e-01	1.309682e-02	0.0	3.677054e-01	1.207319e-02	0.0	5.593358e-04	-5.334855e-04	0.0	1.016075e+00	1.275527e-02	0.0	1.079362e-02	-1.983279e-03	0.0	1.026368e-01	-1.361985e-02	0.0	1.874455e-02	-3.902216e-03	0.0	5.169917e-02	-9.470194e-03	0.0	4.290190e-02	-7.874156e-03	0.0	3.935378e-02	-7.542990e-03	0.0	4.728816e-02	-8.868463e-03	0.0	5.690737e-02	-1.014491e-02	0.0	4.126324e-02	-7.585710e-03	0.0	4.529262e-02	-7.738582e-03	0.0	1.562327e-02	-3.185443e-03	0.0	2.385108e-02	-4.095262e-03	0.0	6.764232e-02	-9.911112e-03	0.0	6.921585e-02	-9.989524e-03	0.0	4.957270e-02	-7.880298e-03	0.0	2.067977e-02	-3.645558e-03	0.0	1.518990e-02	-2.982598e-03	0.0	2.303773e-02	-4.516448e-03	0.0	5.618889e-03	-1.479840e-03	0.0	6.276275e-03	-1.638131e-03	0.0	1.932876e-02	-4.479534e-03	0.0	1.079308e-02	-2.377104e-03	0.0	1.232169e-02	-2.685552e-03	0.0	3.758295e-02	-7.123407e-03	0.0	1.771867e-02	-3.731354e-03	0.0	8.903275e-03	-2.189141e-03	0.0	8.916001e-03	-2.146144e-03	0.0	8.538961e-03	-2.133582e-03	0.0	6.869524e-03	-1.726912e-03	0.0	3.367744e-02	-5.395761e-03	0.0	7.010715e-02	-9.905594e-03	0.0	4.544391e-02	-6.759771e-03	0.0	3.020949e-02	-4.719889e-03	0.0	4.111341e-02	-5.215319e-03	0.0	4.915887e-02	-5.963057e-03	0.0	1.102001e-01	-1.176942e-02	0.0	8.572290e-02	-9.201376e-03	0.0	-1.747094e-03	9.848248e-04	0.0	-6.271200e-04	1.047615e-03	0.0	-2.655342e-03	1.101035e-03	0.0	6.583798e-02	-8.052037e-03	0.0	-8.502269e-04	5.630948e-04	0.0	1.133125e-03	7.340410e-04	0.0	2.266829e-03	5.071468e-04	0.0	6.495350e-03	-4.423937e-04	0.0	3.891170e-02	-5.134424e-03	0.0	5.583114e-03	-1.489756e-03	0.0	1.332036e-02	-3.283204e-03	0.0	1.250979e-02	-2.999496e-03	0.0	6.974518e-02	-4.896940e-02	0.0	4.118207e-02	-3.947616e-02	0.0	5.658731e-02	-3.680347e-02	0.0	4.119992e-02	-3.522468e-02	0.0	1.054020e-01	2.234539e-02	0.0	1.964836e-02	-1.808390e-02	0.0	8.343688e-03	-4.431513e-03	0.0	6.565215e-03	-6.512329e-03	0.0	2.438943e-03	-1.668825e-03	0.0	1.216234e-01	-4.984668e-03	0.0	1.196611e-02	-8.517773e-03	0.0	1.958426e-02	-1.386689e-02	0.0	2.896758e-03	-6.753383e-04	0.0	8.534883e-03	-1.811332e-03	0.0	1.012764e-02	-2.212498e-03	0.0	2.289406e-03	-5.828962e-04	0.0	1.221314e-03	-2.088928e-04	0.0	1.328472e-03	-6.952600e-05	0.0	3.857064e-03	-1.035764e-03	0.0	1.148435e-02	-2.892931e-03	0.0	3.325597e-03	-8.828304e-04	0.0	5.520853e-03	-1.438586e-03	0.0	4.090686e-02	-5.582830e-03	0.0	1.007236e-01	-1.191149e-02	0.0	8.179993e-02	-9.790231e-03	0.0	3.396082e-02	-4.675412e-03	0.0	3.191694e-02	-4.785864e-03	0.0	2.980844e-03	-7.844323e-04	0.0	4.403495e-02	-4.732364e-03	0.0	6.249144e-02	-5.190494e-03	0.0	1.439210e-01	-1.022415e-02	0.0	1.278600e-01	-9.826088e-03	0.0	1.262716e-01	-8.973427e-03	0.0	1.716996e-01	-1.022416e-02	0.0	1.168145e-01	-6.230763e-03	0.0	1.768677e-01	-7.007439e-03	0.0	2.772197e-01	-1.445677e-02	0.0	5.286082e-02	-4.399792e-03	0.0	4.642379e-02	-4.348829e-03	0.0	-1.589001e-03	6.320675e-04	0.0	-1.615000e-03	5.720812e-04	0.0	-2.297292e-03	7.549748e-04	0.0	-2.192273e-03	8.841532e-04	0.0	-1.938214e-03	9.591047e-04	0.0	-2.209252e-03	6.300164e-04	0.0	-1.974861e-03	7.600737e-04	0.0	-2.091822e-03	9.073525e-04	0.0	7.042830e-02	-3.551388e-03	0.0	1.674251e-01	-5.432828e-03	0.0	-1.998341e-03	8.364550e-04	0.0	2.264347e-02	-5.227346e-03	0.0	1.919759e-02	-4.518405e-03	0.0	2.841982e-02	-6.393539e-03	0.0	9.727528e-02	-1.311503e-03	0.0	2.193993e-01	1.516527e-03	0.0	2.187628e-01	3.091956e-03	0.0	4.324280e-01	1.558435e-02	0.0	1.554522e-01	1.972632e-02	0.0	2.245332e-01	4.784654e-02	0.0	1.560651e-01	9.379878e-03	0.0	3.425077e-01	2.887141e-02	0.0	2.782348e-01	1.742238e-02	0.0	1.743530e-02	-4.090610e-03	0.0	5.302395e-01	1.092063e-01	0.0	8.594608e-04	-8.939565e-04	0.0	-8.036067e-04	1.634863e-04	0.0	1.295008e-03	-2.471724e-03	0.0	6.081967e-01	2.151269e-01	0.0	4.507526e-01	1.483678e-01	0.0	3.946508e-01	1.404545e-01	0.0	5.549113e-01	1.723686e-01	0.0	7.253890e-01	-6.611798e-02	0.0	1.816486e-01	-1.890199e-02	0.0	2.736078e-01	7.475706e-02	0.0	2.994697e-03	-1.591852e-03	0.0	4.517787e-01	1.075346e-01	0.0	8.407643e-03	-4.145979e-03	0.0	-2.225541e-03	6.113748e-04	0.0	-1.831770e-03	8.994375e-04	0.0	3.211869e-02	-7.459210e-03	0.0	1.816658e-02	-4.245102e-03	0.0	1.398591e-02	-8.020243e-03	0.0	2.676161e-01	-7.749102e-02	0.0	3.004244e-01	8.756814e-03	0.0	6.469340e-02	3.052169e-04	0.0	5.232637e-03	-2.583848e-03	0.0	3.742840e-01	1.120522e-03	0.0	4.530385e-01	-4.102668e-03	0.0	2.194422e-01	4.150493e-03	0.0	1.057972e+00	-2.950916e-02	0.0	4.508429e-01	7.870859e-02	0.0	1.145968e+00	8.391672e-02	0.0	7.225999e-02	-1.454720e-02	0.0	1.022213e-01	2.872221e-03	0.0	1.261289e-01	2.645978e-03	0.0	3.705887e-01	-6.172051e-02	0.0	6.327574e-01	-8.284144e-02	0.0	8.921273e-01	-8.228696e-02	0.0	7.615484e-02	9.537657e-05	0.0	1.009748e-01	-3.747229e-03	0.0	7.480094e-02	4.592629e-03	0.0	3.105571e-02	-2.360921e-02	0.0	4.315509e-02	-1.854190e-02	0.0	1.056465e-01	4.163573e-02	0.0	2.540294e-02	-1.437830e-02	0.0	1.020476e+00	1.458848e-02	0.0	3.768778e-01	5.457461e-02	0.0	2.771988e-01	1.193430e-02	0.0	1.373996e-01	8.301694e-03	0.0	1.074199e-01	8.421353e-03	0.0	1.826575e-01	1.482869e-02	0.0	2.301012e-02	3.343325e-03	0.0	8.357382e-02	8.715610e-03	0.0	1.092905e-01	1.172222e-02	0.0	1.905170e-02	2.843661e-03	0.0	2.566723e-01	1.803517e-02	0.0	1.560979e-01	1.472685e-02	0.0	3.702496e-01	1.655995e-02	0.0	2.325281e-01	1.823395e-02	0.0	2.350147e-02	4.258892e-03	0.0	5.260774e-01	8.464879e-03	0.0	3.810552e-01	1.766557e-02	0.0	7.222831e-01	-1.952714e-02	0.0	5.291440e-01	3.594851e-03	0.0	5.729690e-02	7.503603e-03	0.0	1.481385e-01	1.595063e-02	0.0	1.877583e-01	1.882374e-02	0.0	4.394876e-02	6.657914e-03	0.0	2.561641e-01	1.682143e-02	0.0	4.439005e-02	6.312460e-03	0.0	5.604085e-01	-1.113599e-02	0.0	8.854183e-01	-6.639481e-02	0.0	6.573019e-01	-4.490462e-02	0.0	1.413486e-01	9.298937e-03	0.0	1.011651e+00	-2.092809e-01	0.0	6.683115e-02	4.756200e-03	0.0	6.905895e-02	4.866174e-03	0.0	1.059143e-01	1.195969e-02	0.0	3.641980e-01	4.785571e-03	0.0	6.706023e-01	-7.694589e-02	0.0	8.744182e-01	-2.034160e-01	0.0	9.878297e-01	-7.713430e-02	0.0	7.728146e-02	9.360411e-03	0.0	4.825903e-02	6.613672e-03	0.0	6.035848e-02	7.489274e-03	0.0	5.631154e-02	7.312819e-03	0.0	3.623297e-01	1.728894e-02	0.0	3.523899e-02	2.627527e-03	0.0	8.137237e-02	5.452303e-03	0.0	1.779555e-02	2.674798e-03	0.0	1.984396e-02	2.716253e-03	0.0	4.754102e-02	5.889313e-03	0.0	4.866139e-02	7.460555e-03	0.0	2.635133e-02	4.899280e-03	0.0	3.193128e-02	5.684280e-03	0.0	6.676929e-02	8.225565e-03	0.0	1.704936e-01	1.178960e-02	0.0	1.255245e-01	1.014766e-02	0.0	1.620835e-01	1.086903e-02	0.0	2.519183e-01	6.011576e-03	0.0	3.795984e-01	-8.594132e-03	0.0	2.061833e-01	6.375834e-03	0.0	3.967380e-02	5.810020e-03	0.0	6.755903e-01	-5.875676e-03	0.0	9.999873e-02	1.264383e-02	0.0	9.270864e-02	1.084322e-02	0.0	5.753348e-02	7.582077e-03	0.0	4.915416e-02	4.953941e-03	0.0	3.406962e-02	4.121018e-03	0.0	4.619075e-02	4.021594e-03	0.0	1.794739e-02	1.802431e-03	0.0	1.268129e-02	1.223141e-03	0.0	7.284117e-02	1.050497e-02	0.0	9.032442e-01	-3.314228e-01	0.0	5.160261e-01	-6.292237e-02	0.0	6.439795e-01	-1.691989e-01	0.0	7.018753e-01	-3.444724e-01	0.0	1.175473e-02	9.231001e-04	0.0	1.477460e-02	1.191144e-03	0.0	1.626489e-02	2.011795e-03	0.0	6.381215e-02	-9.476389e-03	0.0	1.390250e-01	-1.166039e-02	0.0	9.340033e-02	-3.237308e-03	0.0	4.651037e-02	5.972025e-03	0.0	7.509052e-03	-5.859469e-03	0.0	1.243003e+00	1.819398e-01	0.0	1.244405e+00	1.350879e-01	0.0	3.223399e-01	3.353601e-02	0.0	1.145211e-01	-4.934608e-03	0.0	7.760742e-02	-1.348036e-03	0.0	9.829267e-01	-1.799333e-02	0.0	9.867036e-01	-1.471601e-02	0.0	9.973587e-01	-1.923182e-02	0.0	9.980711e-01	-1.409457e-02	0.0	1.130484e-01	-1.115834e-02	0.0	-8.602896e-04	-5.245502e-04	0.0	8.150878e-01	-1.098089e-02	0.0	8.736159e-01	-1.784114e-02	0.0	4.025923e-01	-3.482377e-03	0.0	3.232498e-01	4.028790e-02	0.0	1.040529e+00	-1.314915e-02	0.0	1.194814e+00	2.871320e-01	0.0	6.757621e-01	-4.769385e-02	0.0	1.180662e-01	-3.043318e-02	0.0	4.369467e-01	-7.565968e-02	0.0	5.531908e-01	-3.757941e-03	0.0	9.902738e-01	6.500306e-03	0.0	2.450154e-02	3.772664e-03	0.0	5.917105e-02	4.882606e-04	0.0	1.009837e+00	7.503866e-04	0.0	5.025268e-01	9.121388e-02	0.0	4.796490e-01	9.951432e-03	0.0	3.833780e-01	2.698230e-01	0.0	4.322503e-01	3.262317e-01	0.0	2.458011e-01	1.934867e-01	0.0	1.304337e-01	-5.839241e-03	0.0	1.739680e-01	-2.941710e-03	0.0	6.686309e-03	-1.695906e-03	0.0	3.472893e-01	-3.627388e-03	0.0	-3.584016e-04	3.736630e-04	0.0	1.394922e-01	-5.945663e-03	0.0	2.465846e-02	-5.400894e-03	0.0	6.642598e-03	-8.803906e-04	0.0	8.665390e-03	-2.129691e-03	0.0	9.806292e-01	-2.291648e-04	0.0	2.676705e-02	-4.469833e-03	0.0	9.872534e-01	1.112671e-02	0.0	1.348484e-01	8.180032e-03	0.0	2.057456e-01	-1.991758e-03	0.0	1.744721e-01	-9.759329e-04	0.0	1.491770e-02	-3.197185e-03	0.0	3.838784e-01	1.079137e-01	0.0	8.208523e-02	-1.685247e-03	0.0	4.823206e-02	-4.936636e-03	0.0	1.261726e-01	9.347227e-02	0.0	2.906553e-01	2.445009e-03	0.0	6.140371e-01	-7.388449e-02	0.0	5.822641e-02	-5.466769e-03	0.0	1.242093e-01	-1.018196e-02	0.0	1.595931e-02	-3.391367e-03	0.0	4.796356e-01	-6.699436e-04	0.0	1.087755e+00	-1.057570e-01	0.0	1.137339e+00	-3.976276e-02	0.0	1.148178e+00	-1.504237e-02	0.0	8.932881e-01	4.040674e-01	0.0	5.921946e-01	2.708831e-01	0.0	4.674497e-01	1.898213e-01	0.0	2.349382e-02	-5.114893e-03	0.0	3.308024e-01	2.304093e-03	0.0	3.465904e-02	2.294753e-03	0.0	1.214818e+00	5.027594e-02	0.0	5.072096e-01	-1.012683e-01	0.0	5.584780e-03	-1.484728e-03	0.0	5.178034e-03	-1.311002e-03	0.0	4.876563e-02	-6.848461e-03	0.0	7.102020e-02	-2.401267e-03	0.0	2.179066e-01	-3.504828e-03	0.0	-2.164225e-03	9.096695e-04	0.0	6.527432e-02	-8.837055e-03	0.0	6.005188e-02	-9.562852e-03	0.0	1.841173e-01	2.903333e-02	0.0	1.267887e-01	9.710698e-03	0.0	5.397291e-01	-5.071314e-03	0.0	2.488943e-01	4.760328e-02	0.0	1.024153e+00	-1.710246e-02	0.0	1.026637e+00	-1.234115e-02	0.0	3.215867e-02	-3.530942e-04	0.0	6.111293e-02	-4.580514e-03	0.0	3.517360e-02	-7.676970e-03	0.0	1.934332e-01	9.124394e-02	0.0	9.315102e-02	-3.626822e-03	0.0	8.585783e-02	-2.020702e-03	0.0	9.556798e-02	-1.084972e-06	0.0	1.003835e+00	-1.706384e-02	0.0	1.055752e+00	-3.796179e-02	0.0	3.890337e-01	-3.339390e-03	0.0	5.111146e-01	-4.103175e-03	0.0	1.455955e-01	2.525696e-03	0.0	1.769057e-01	1.025895e-01	0.0	2.183687e-02	-4.022444e-03	0.0	3.783696e-02	2.154161e-03	0.0	3.784952e-01	9.606706e-02	0.0	8.391943e-02	-5.889720e-04	0.0	8.750176e-03	-2.091941e-03	0.0	1.013195e+00	-1.345756e-03	0.0	4.032518e-01	8.748625e-02	0.0	-1.821873e-03	5.346572e-04	0.0	1.346535e-01	1.382665e-02	0.0	1.037080e+00	-1.209341e-02	0.0	4.491739e-01	-4.774002e-04	0.0	1.187835e+00	1.448919e-01	0.0	1.017313e+00	1.759864e-02	0.0	4.046073e-01	-1.699055e-03	0.0	4.035065e-02	1.708123e-03	0.0	2.667084e-01	-4.226935e-02	0.0	8.591086e-02	-1.806259e-03	0.0	1.694253e-01	4.050079e-02	0.0	9.200989e-01	-7.901353e-02	0.0	9.974449e-01	5.944982e-03	0.0	1.433686e-01	3.001026e-03	0.0	3.361514e-01	1.762787e-02	0.0	1.110545e-01	3.847143e-03	0.0	7.012951e-02	-9.682242e-06	0.0	2.841305e-01	1.273582e-01	0.0	2.172461e-02	3.348596e-03	0.0	-1.901586e-03	7.771206e-04	0.0	3.717884e-02	2.845160e-03	0.0	8.616478e-01	2.598498e-02	0.0	-2.629529e-03	9.192241e-04	0.0	9.404780e-01	-6.720303e-02	0.0	1.109668e+00	-4.653567e-02	0.0	9.696364e-01	1.058832e-02	0.0	-9.024050e-04	-5.309849e-04	0.0	1.019350e+00	-7.592760e-02	0.0	7.199334e-02	5.328998e-04	0.0	1.306816e-01	-9.465845e-05	0.0	1.010950e+00	9.218986e-03	0.0	1.008424e+00	-1.063737e-02	0.0	1.040877e+00	7.683080e-03	0.0	3.898042e-01	2.644552e-01	0.0	1.549863e-02	-3.801545e-03	0.0	9.426576e-01	-1.368645e-02	0.0	1.189352e-01	1.474921e-03	0.0	1.478704e-01	1.715119e-03	0.0	6.020290e-01	-8.072481e-02	0.0	2.221944e-02	-4.110798e-03	0.0	1.040063e+00	-7.315760e-02	0.0	6.632185e-02	-3.725063e-03	0.0	6.681533e-02	2.164073e-04	0.0	6.767172e-02	-4.087446e-03	0.0	5.170592e-02	-3.522315e-03	0.0	8.483012e-03	-1.984627e-03	0.0	8.818575e-02	8.948041e-03	0.0	4.309854e-02	-4.873074e-03	0.0	7.930855e-02	-6.326983e-04	0.0	-2.142450e-03	8.188425e-04	0.0	1.002713e-01	-4.771291e-03	0.0	1.355664e-01	5.059588e-04	0.0	3.059692e-02	5.092753e-03	0.0	9.613205e-01	-4.782334e-02	0.0	2.112785e-01	1.561190e-03	0.0	3.428600e-01	1.596482e-03	0.0	1.025289e+00	-1.174087e-02	0.0	1.142379e+00	6.410802e-02	0.0	1.787079e-01	-2.495047e-02	0.0	9.268817e-01	4.406768e-01	0.0	7.659447e-01	4.125616e-01	0.0	-1.938635e-03	7.109643e-04	0.0	3.420350e-02	2.725652e-03	0.0	1.213620e+00	2.675424e-01	0.0	2.091557e-01	6.599056e-02	0.0	2.575380e-01	7.842940e-02	0.0	1.820830e-01	-2.667096e-02	0.0	8.864739e-01	8.523722e-02	0.0	2.646821e-01	9.661984e-03	0.0	3.457150e-01	-1.338787e-02	0.0	1.951746e-01	-1.722969e-03	0.0	5.250111e-02	-9.148589e-03	0.0	1.609778e-01	1.355035e-01	0.0	7.608244e-02	4.886483e-04	0.0	3.356542e-02	-3.975315e-03	0.0	9.655073e-01	1.230803e-01	0.0	1.059377e+00	1.349729e-01	0.0	1.113167e+00	6.527048e-02	0.0	6.757753e-01	-5.139400e-01	0.0	3.709798e-01	-4.466627e-01	0.0	3.028690e-01	-4.429412e-01	0.0	9.504062e-01	-3.312518e-02	0.0	2.109712e-01	1.061694e-01	0.0	1.255528e-01	1.318645e-01	0.0	2.066856e-01	6.497482e-04	0.0	2.007974e-01	1.091812e-01	0.0	4.161847e-02	1.077572e-03	0.0	8.426598e-02	-2.777906e-03	0.0	7.713852e-01	3.704673e-02	0.0	6.409382e-01	-1.961724e-02	0.0	1.243991e-01	8.624645e-03	0.0	1.050229e+00	-9.384072e-02	0.0	1.785088e-01	6.094803e-02	0.0	3.269346e-01	-1.075392e-01	0.0	8.294134e-01	2.906495e-02	0.0	9.843185e-01	6.629559e-03	0.0	4.418033e-01	2.104655e-01	0.0	2.007739e-01	-8.476282e-02	0.0	6.214922e-01	-3.912807e-03	0.0	1.026204e+00	-1.102255e-02	0.0	1.307840e-01	1.505075e-04	0.0	1.127022e+00	-2.397182e-01	0.0	1.771733e-01	1.251256e-01	0.0	1.841113e-01	1.237745e-01	0.0	1.225661e-02	1.623333e-03	0.0	7.077871e-01	-1.207718e-01	0.0	8.583118e-01	-3.170448e-02	0.0	8.924796e-01	2.807990e-01	0.0	-2.218922e-03	8.237369e-04	0.0	3.216540e-02	-3.337528e-04	0.0	9.033562e-01	2.072663e-01	0.0	1.168165e+00	1.230729e-01	0.0	1.164908e+00	7.327232e-02	0.0	7.307462e-02	1.776723e-04	0.0	1.431537e-01	-3.996691e-02	0.0	1.678868e-01	4.550911e-02	0.0	1.057464e+00	-1.817317e-03	0.0	1.043488e+00	3.869593e-01	0.0	5.127392e-01	-4.509906e-03	0.0	1.126790e+00	8.463992e-03	0.0	9.146787e-02	-2.461114e-03	0.0	8.484512e-02	-1.071585e-02	0.0	1.165444e+00	5.037722e-02	0.0	5.784442e-02	3.846642e-03	0.0	3.410091e-01	-5.481301e-02	0.0	1.602798e-01	2.712129e-03	0.0	1.041354e+00	2.698104e-03	0.0	2.532307e-01	-2.490999e-02	0.0	6.378874e-01	-4.482083e-03	0.0	1.169024e+00	1.897370e-01	0.0	1.089327e+00	-2.233318e-02	0.0	1.187266e+00	3.155505e-02	0.0	1.068771e+00	-4.727456e-02	0.0	1.077270e-01	-4.392968e-03	0.0	6.502935e-01	-2.382546e-02	0.0	1.054832e+00	-6.125039e-02	0.0	1.083746e+00	-8.182292e-02	0.0	9.171586e-01	1.381032e-01	0.0	6.056228e-01	-5.227646e-02	0.0	1.847905e-02	-4.273460e-03	0.0	2.881656e-02	-5.600152e-03	0.0	8.947368e-02	-1.029951e-02	0.0	6.530650e-01	1.293173e-04	0.0	9.659767e-01	1.053282e-04	0.0	2.908671e-01	8.859715e-03	0.0	2.442143e-01	9.584432e-02	0.0	2.113827e-01	8.516040e-02	0.0	7.168757e-02	-4.781565e-04	0.0	1.033863e+00	-1.976275e-03	0.0	1.009448e+00	1.316446e-03	0.0	3.108164e-02	-2.672960e-02	0.0	1.091506e+00	5.876601e-04	0.0	1.238731e+00	2.257201e-01	0.0	9.711385e-01	-4.194569e-02	0.0	7.690694e-02	-1.570333e-03	0.0	5.681020e-01	7.157249e-02	0.0	1.076304e+00	-4.805582e-02	0.0	1.057909e+00	-3.835624e-02	0.0	9.241071e-01	2.404085e-02	0.0	8.653255e-02	-2.592997e-03	0.0	7.288448e-01	-5.859849e-02	0.0	1.022581e+00	4.347914e-02	0.0	1.001875e+00	4.902863e-02	0.0	1.717524e-02	-4.048288e-03	0.0	1.318709e-01	1.247346e-01	0.0	1.379365e-01	1.264880e-01	0.0	8.866981e-01	-4.115449e-02	0.0	1.959677e-01	6.974657e-02	0.0	1.010422e+00	-8.463643e-03	0.0	6.793082e-01	-9.598578e-02	0.0	1.015020e+00	6.973582e-03	0.0	4.575707e-01	1.437159e-02	0.0	1.113120e+00	-3.557842e-02	0.0	1.519405e-01	-3.215441e-03	0.0	1.036412e+00	-5.423463e-02	0.0	1.353220e-01	-2.037069e-02	0.0	6.677650e-01	-7.381607e-02	0.0	7.472763e-01	3.549043e-03	0.0	6.120693e-01	4.189151e-01	0.0	5.919742e-01	-3.459429e-03	0.0	1.005489e-01	-9.555087e-03	0.0	1.001998e+00	-4.965008e-02	0.0	4.341039e-01	-1.319084e-02	0.0	3.084301e-01	2.762305e-02	0.0	7.958729e-01	-2.762437e-02	0.0	3.154971e-01	-3.862314e-03	0.0	1.690284e-02	2.803506e-03	0.0	9.502311e-02	-3.726145e-03	0.0	1.067498e-01	-4.704202e-03	0.0	9.036800e-01	-5.449345e-03	0.0	4.502827e-02	-8.418906e-03	0.0	1.046583e-01	-4.936134e-03	0.0	2.234318e-01	-1.159057e-02	0.0	1.024862e+00	4.495137e-03	0.0	9.852546e-01	-8.970206e-03	0.0	1.052721e+00	9.945001e-02	0.0	1.038664e-01	-1.164838e-02	0.0	1.014458e+00	-5.712499e-03	0.0	
SCALARS Laminar_Viscosity double 1
LOOKUP_TABLE default
2.082902e-03	2.070772e-03	2.002573e-03	1.999957e-03	1.999252e-03	2.002162e-03	2.083242e-03	2.088465e-03	2.093370e-03	2.092161e-03	2.091932e-03	2.090886e-03	2.089567e-03	2.088672e-03	2.087427e-03	2.086661e-03	2.085062e-03	2.084734e-03	2.083507e-03	2.083283e-03	2.082542e-03	2.082090e-03	2.081316e-03	2.080248e-03	2.079476e-03	2.078568e-03	2.077410e-03	2.076517e-03	2.074599e-03	2.075328e-03	2.074598e-03	2.073838e-03	2.073273e-03	2.073030e-03	2.072408e-03	2.071443e-03	2.070618e-03	2.069857e-03	2.069136e-03	2.068408e-03	2.067750e-03	2.067035e-03	2.066308e-03	2.065652e-03	2.065547e-03	2.066185e-03	2.065327e-03	2.064229e-03	2.063937e-03	2.063230e-03	2.062434e-03	2.062178e-03	2.061923e-03	2.061385e-03	2.060907e-03	2.060188e-03	2.059697e-03	2.059359e-03	2.059083e-03	2.058915e-03	2.058518e-03	2.058280e-03	2.058223e-03	2.057831e-03	2.057540e-03	2.057336e-03	2.057174e-03	2.057049e-03	2.056988e-03	2.056962e-03	2.056993e-03	2.057117e-03	2.057259e-03	2.057364e-03	2.057575e-03	2.057859e-03	2.058057e-03	2.058289e-03	2.058542e-03	2.058732e-03	2.058946e-03	2.059178e-03	2.059423e-03	2.059680e-03	2.059889e-03	2.060115e-03	2.060362e-03	2.060584e-03	2.060823e-03	2.061072e-03	2.061272e-03	2.061481e-03	2.061703e-03	2.061914e-03	2.062110e-03	2.062328e-03	2.062535e-03	2.062749e-03	2.062954e-03	2.063124e-03	2.063275e-03	2.063413e-03	2.063542e-03	2.063641e-03	2.063730e-03	2.063817e-03	2.063885e-03	2.063951e-03	2.064020e-03	2.064093e-03	2.064158e-03	2.064232e-03	2.064314e-03	2.064391e-03	2.064474e-03	2.064570e-03	2.064642e-03	2.064721e-03	2.064808e-03	2.064903e-03	2.065005e-03	2.065105e-03	2.065211e-03	2.065316e-03	2.065423e-03	2.065537e-03	2.065655e-03	2.065768e-03	2.065885e-03	2.066006e-03	2.066126e-03	2.066247e-03	2.066371e-03	2.066499e-03	2.066632e-03	2.066766e-03	2.066901e-03	2.067037e-03	2.067177e-03	2.067319e-03	2.067460e-03	2.067595e-03	2.067729e-03	2.067859e-03	2.067981e-03	2.068099e-03	2.068214e-03	2.068319e-03	2.068422e-03	2.068525e-03	2.068626e-03	2.068733e-03	2.068835e-03	2.068925e-03	2.069010e-03	2.069098e-03	2.069175e-03	2.069243e-03	2.069310e-03	2.069365e-03	2.069409e-03	2.069445e-03	2.069479e-03	2.069515e-03	2.069545e-03	2.069573e-03	2.069607e-03	2.069644e-03	2.069682e-03	2.069729e-03	2.069775e-03	2.069817e-03	2.069861e-03	2.069909e-03	2.069955e-03	2.070010e-03	2.070073e-03	2.070146e-03	2.070213e-03	2.070272e-03	2.070336e-03	2.070405e-03	2.070477e-03	2.070537e-03	2.070598e-03	2.070661e-03	2.070709e-03	2.070759e-03	2.070813e-03	2.070876e-03	2.070925e-03	2.070954e-03	2.070978e-03	2.071010e-03	2.071052e-03	2.071084e-03	2.071091e-03	2.071073e-03	2.071073e-03	2.071095e-03	2.071097e-03	2.071082e-03	2.071093e-03	2.071104e-03	2.071095e-03	2.071090e-03	2.071090e-03	2.071096e-03	2.071116e-03	2.071149e-03	2.071189e-03	2.071216e-03	2.071248e-03	2.071293e-03	2.071356e-03	2.071418e-03	2.071459e-03	2.071499e-03	2.071545e-03	2.071589e-03	2.071624e-03	2.071641e-03	2.071622e-03	2.071529e-03	2.071340e-03	2.069511e-03	2.069171e-03	2.069199e-03	2.069293e-03	2.069391e-03	2.069504e-03	2.069616e-03	2.069677e-03	2.069750e-03	2.069826e-03	2.069870e-03	2.069918e-03	2.069962e-03	2.070021e-03	2.070060e-03	2.070075e-03	2.070095e-03	2.070123e-03	2.070149e-03	2.070172e-03	2.070208e-03	2.070237e-03	2.070245e-03	2.070263e-03	2.070280e-03	2.070284e-03	2.070301e-03	2.070329e-03	2.070343e-03	2.070356e-03	2.070378e-03	2.070411e-03	2.070424e-03	2.070440e-03	2.070457e-03	2.070487e-03	2.070500e-03	2.070509e-03	2.070527e-03	2.070520e-03	2.070518e-03	2.070533e-03	2.070546e-03	2.070548e-03	2.070558e-03	2.070580e-03	2.070583e-03	2.070570e-03	2.070569e-03	2.070578e-03	2.070574e-03	2.070580e-03	2.070591e-03	2.070593e-03	2.070601e-03	2.070614e-03	2.070623e-03	2.070632e-03	2.070646e-03	2.070658e-03	2.070675e-03	2.070694e-03	2.070716e-03	2.070727e-03	2.070746e-03	2.070770e-03	2.070781e-03	2.070797e-03	2.070804e-03	2.070806e-03	2.070823e-03	2.070840e-03	2.070842e-03	2.070846e-03	2.070860e-03	2.070874e-03	2.070889e-03	2.070907e-03	2.070910e-03	2.070907e-03	2.070911e-03	2.070918e-03	2.070913e-03	2.070901e-03	2.070893e-03	2.070889e-03	2.070889e-03	2.070884e-03	2.070883e-03	2.070888e-03	2.070892e-03	2.070888e-03	2.070887e-03	2.070885e-03	2.070870e-03	2.070860e-03	2.070854e-03	2.070838e-03	2.070827e-03	2.070824e-03	2.070816e-03	2.070811e-03	2.070812e-03	2.070805e-03	2.070802e-03	2.070801e-03	2.070782e-03	2.070770e-03	2.070763e-03	2.070754e-03	2.070753e-03	2.070750e-03	2.070742e-03	2.070736e-03	2.070731e-03	2.070721e-03	2.070716e-03	2.070710e-03	2.070691e-03	2.070674e-03	2.070664e-03	2.070647e-03	2.070625e-03	2.070612e-03	2.070600e-03	2.070586e-03	2.070572e-03	2.070561e-03	2.070552e-03	2.070541e-03	2.070533e-03	2.070528e-03	2.070518e-03	2.070500e-03	2.070486e-03	2.070471e-03	2.070446e-03	2.070419e-03	2.070388e-03	2.070352e-03	2.070314e-03	2.070280e-03	2.070240e-03	2.070198e-03	2.070155e-03	2.070109e-03	2.070062e-03	2.070013e-03	2.069960e-03	2.069904e-03	2.069840e-03	2.069769e-03	2.069690e-03	2.069605e-03	2.069513e-03	2.069414e-03	2.069310e-03	2.069200e-03	2.069084e-03	2.068965e-03	2.068839e-03	2.068711e-03	2.068581e-03	2.068447e-03	2.068307e-03	2.068166e-03	2.068022e-03	2.067869e-03	2.067705e-03	2.067527e-03	2.067333e-03	2.067121e-03	2.066893e-03	2.066642e-03	2.066366e-03	2.066057e-03	2.065710e-03	2.065319e-03	2.064871e-03	2.064363e-03	2.063797e-03	2.063183e-03	2.062540e-03	2.061882e-03	2.061214e-03	2.060521e-03	2.059831e-03	2.059159e-03	2.058525e-03	2.057956e-03	2.057062e-03	2.056268e-03	2.055613e-03	2.054584e-03	2.055555e-03	2.056334e-03	2.057156e-03	2.057720e-03	2.071022e-03	2.065934e-03	2.079180e-03	2.003024e-03	2.003285e-03	2.002566e-03	2.001238e-03	2.000319e-03	1.999889e-03	2.000074e-03	1.999763e-03	1.999372e-03	1.998608e-03	1.997849e-03	1.997442e-03	1.997488e-03	2.000361e-03	2.002174e-03	2.004057e-03	2.002403e-03	2.000432e-03	1.996334e-03	1.996155e-03	1.996459e-03	1.997095e-03	1.997894e-03	1.998516e-03	1.998424e-03	1.997816e-03	1.997308e-03	1.998096e-03	2.000331e-03	2.002180e-03	2.002418e-03	2.002922e-03	2.004167e-03	2.004737e-03	2.004424e-03	2.003256e-03	1.999897e-03	1.998008e-03	1.997908e-03	1.997487e-03	1.998294e-03	1.998175e-03	2.000089e-03	2.005023e-03	2.003112e-03	1.996960e-03	2.001246e-03	2.005538e-03	1.998347e-03	2.003718e-03	1.998735e-03	1.997089e-03	1.993605e-03	2.001065e-03	1.999205e-03	1.997858e-03	1.997372e-03	1.997697e-03	2.003480e-03	1.999749e-03	2.007199e-03	2.021134e-03	2.027860e-03	2.024979e-03	2.027904e-03	2.025613e-03	2.035006e-03	2.018634e-03	2.002035e-03	2.000409e-03	1.996680e-03	2.071143e-03	2.071256e-03	1.996423e-03	1.995324e-03	2.069976e-03	2.069461e-03	1.993329e-03	2.070764e-03	1.991158e-03	2.063651e-03	2.064681e-03	2.065986e-03	2.067524e-03	1.986494e-03	1.996369e-03	1.997731e-03	2.025358e-03	1.997508e-03	1.998723e-03	1.997942e-03	1.999898e-03	1.998887e-03	1.996299e-03	2.070703e-03	2.070501e-03	2.070414e-03	2.069993e-03	1.997444e-03	2.070285e-03	2.070550e-03	2.070738e-03	2.070831e-03	2.068105e-03	2.070878e-03	2.069644e-03	2.068896e-03	2.070027e-03	2.068506e-03	2.069249e-03	2.069866e-03	2.070115e-03	2.069460e-03	1.994917e-03	2.069642e-03	1.999399e-03	2.009798e-03	2.016380e-03	2.013319e-03	2.009980e-03	2.010898e-03	2.009632e-03	2.009087e-03	2.009053e-03	2.007398e-03	2.005893e-03	2.001584e-03	2.008254e-03	2.006178e-03	2.004945e-03	2.004929e-03	2.006063e-03	2.005589e-03	2.007984e-03	2.005917e-03	2.007064e-03	2.011059e-03	2.004729e-03	2.004922e-03	2.003433e-03	2.008528e-03	2.063988e-03	2.002574e-03	2.000446e-03	2.007759e-03	2.000831e-03	1.999042e-03	1.996660e-03	1.994117e-03	2.003660e-03	2.003552e-03	2.001711e-03	2.000783e-03	2.002666e-03	1.998823e-03	2.002962e-03	2.000355e-03	2.004774e-03	1.997472e-03	1.998725e-03	1.996690e-03	1.994759e-03	1.990734e-03	1.993647e-03	1.990786e-03	1.991932e-03	1.986435e-03	1.983159e-03	2.068677e-03	1.977799e-03	2.055870e-03	2.057604e-03	2.060030e-03	2.061893e-03	1.993367e-03	1.996157e-03	2.004407e-03	1.998099e-03	2.003996e-03	2.005354e-03	2.003533e-03	1.998460e-03	1.997984e-03	2.003559e-03	1.997668e-03	2.069359e-03	2.069255e-03	1.990411e-03	2.000172e-03	2.054197e-03	2.067365e-03	2.056837e-03	2.063153e-03	1.984367e-03	2.005006e-03	2.011547e-03	2.007102e-03	2.077486e-03	2.074166e-03	2.008669e-03	2.014457e-03	2.027125e-03	2.006887e-03	2.069556e-03	2.069726e-03	2.000710e-03	2.001472e-03	2.002606e-03	2.069799e-03	2.069924e-03	2.069977e-03	2.069906e-03	2.000047e-03	2.070072e-03	1.999122e-03	1.999974e-03	2.070152e-03	2.009523e-03	2.001952e-03	2.002657e-03	1.997669e-03	2.070199e-03	2.070217e-03	1.998777e-03	1.999630e-03	1.997861e-03	2.070311e-03	2.070465e-03	2.070143e-03	2.070416e-03	2.070358e-03	2.070343e-03	2.070152e-03	2.069557e-03	2.069338e-03	2.067519e-03	2.069973e-03	2.069977e-03	2.069582e-03	2.069623e-03	2.069420e-03	2.069761e-03	2.070214e-03	2.069789e-03	2.069553e-03	2.068338e-03	2.068168e-03	2.064229e-03	2.068566e-03	2.069439e-03	2.068328e-03	2.005678e-03	2.070442e-03	2.070222e-03	2.069523e-03	2.070517e-03	2.070501e-03	2.067644e-03	2.070670e-03	2.062973e-03	2.070579e-03	2.070660e-03	2.070697e-03	2.070598e-03	2.068232e-03	2.070329e-03	2.070242e-03	2.070526e-03	2.070334e-03	2.070359e-03	2.069661e-03	2.069823e-03	2.067957e-03	2.068345e-03	2.065412e-03	2.069871e-03	2.069915e-03	2.068808e-03	2.070368e-03	2.070125e-03	2.069513e-03	2.070405e-03	2.070545e-03	2.070704e-03	2.070508e-03	2.070717e-03	2.070556e-03	2.069966e-03	2.070782e-03	2.070720e-03	2.070749e-03	2.070752e-03	2.070002e-03	2.068203e-03	2.068356e-03	2.064399e-03	2.066926e-03	2.069905e-03	2.068476e-03	2.069939e-03	2.068762e-03	2.070409e-03	2.070263e-03	2.069307e-03	2.066148e-03	2.070798e-03	2.070795e-03	2.070555e-03	2.068742e-03	2.070446e-03	2.069929e-03	2.065525e-03	2.056781e-03	2.070756e-03	2.070543e-03	2.070771e-03	2.070522e-03	2.070650e-03	2.070547e-03	2.070858e-03	2.070850e-03	2.069966e-03	2.069822e-03	2.068039e-03	2.067484e-03	2.064030e-03	2.069482e-03	2.070840e-03	2.065369e-03	2.056572e-03	2.068865e-03	2.070529e-03	2.070861e-03	2.067284e-03	2.070828e-03	2.070848e-03	2.070869e-03	2.070810e-03	2.070658e-03	2.070665e-03	2.070081e-03	2.070136e-03	2.068494e-03	2.068537e-03	2.064909e-03	2.065208e-03	2.070603e-03	2.070647e-03	2.055604e-03	2.070701e-03	2.070630e-03	2.070579e-03	2.068880e-03	2.065602e-03	2.069156e-03	2.066127e-03	2.070789e-03	2.060213e-03	2.069320e-03	2.066480e-03	2.069415e-03	2.066920e-03	2.061970e-03	2.070706e-03	2.069471e-03	2.067267e-03	2.069593e-03	2.067569e-03	2.070275e-03	2.070225e-03	2.070830e-03	2.069743e-03	2.068053e-03	2.070486e-03	2.070455e-03	2.064381e-03	2.070479e-03	2.070400e-03	2.070510e-03	2.069694e-03	2.068545e-03	2.070549e-03	2.070448e-03	2.070243e-03	2.070203e-03	2.070702e-03	2.070201e-03	2.069769e-03	2.069379e-03	2.070355e-03	2.070875e-03	2.070683e-03	2.070556e-03	2.070692e-03	2.070692e-03	2.070874e-03	2.070856e-03	2.070864e-03	2.070855e-03	2.070805e-03	2.070876e-03	2.070880e-03	2.070848e-03	2.070636e-03	2.070653e-03	2.070776e-03	2.070769e-03	2.070482e-03	2.070860e-03	2.070811e-03	2.070766e-03	2.070807e-03	2.070722e-03	2.070721e-03	2.070699e-03	2.070737e-03	2.070719e-03	2.070637e-03	2.070489e-03	2.070655e-03	2.070605e-03	2.070736e-03	2.070821e-03	2.070548e-03	2.070575e-03	2.070348e-03	2.070475e-03	2.070519e-03	2.070742e-03	2.070682e-03	2.070651e-03	2.070661e-03	2.070329e-03	2.070471e-03	2.070628e-03	2.058491e-03	2.043763e-03	2.061264e-03	2.070526e-03	2.070145e-03	2.070292e-03	2.070104e-03	2.069363e-03	2.068992e-03	2.067117e-03	2.066335e-03	2.061899e-03	2.068688e-03	2.066885e-03	2.070524e-03	2.069968e-03	2.069977e-03	2.069136e-03	2.066367e-03	2.070223e-03	2.070166e-03	2.070289e-03	2.070365e-03	2.070157e-03	2.067073e-03	2.062335e-03	2.069273e-03	2.068109e-03	2.069778e-03	2.069344e-03	2.067263e-03	2.068503e-03	2.064790e-03	2.066975e-03	2.061863e-03	2.058499e-03	2.052415e-03	2.069969e-03	2.069885e-03	2.070046e-03	2.059152e-03	2.064091e-03	2.055514e-03	2.053621e-03	2.044507e-03	2.069149e-03	2.068919e-03	2.065646e-03	2.065736e-03	2.068620e-03	2.068652e-03	2.067364e-03	2.062074e-03	2.054094e-03	2.068907e-03	2.069196e-03	2.064683e-03	2.068482e-03	2.067037e-03	2.062122e-03	2.065043e-03	2.070091e-03	2.068215e-03	2.067537e-03	2.063405e-03	2.066661e-03	2.062003e-03	2.057412e-03	2.054880e-03	2.065438e-03	2.069570e-03	2.058511e-03	2.047893e-03	2.040745e-03	2.031344e-03	2.035586e-03	2.068146e-03	2.067853e-03	2.065685e-03	2.061022e-03	2.054638e-03	2.070315e-03	2.069347e-03	2.069049e-03	2.068742e-03	2.067547e-03	2.067331e-03	2.068818e-03	2.069009e-03	2.069745e-03	2.069221e-03	2.069798e-03	2.069256e-03	2.069192e-03	2.068757e-03	2.069751e-03	2.070093e-03	2.069574e-03	2.070569e-03	2.070567e-03	2.069540e-03	2.003487e-03	2.070469e-03	2.070487e-03	2.070198e-03	2.069723e-03	2.069887e-03	2.070269e-03	2.069935e-03	2.070476e-03	2.070105e-03	1.996975e-03	2.068794e-03	2.070602e-03	2.001310e-03	2.070585e-03	2.070037e-03	2.069969e-03	2.070415e-03	2.070490e-03	2.010383e-03	2.070466e-03	2.070309e-03	2.070229e-03	2.065190e-03	2.057855e-03	2.057580e-03	2.043987e-03	2.011455e-03	2.016257e-03	2.013092e-03	2.018261e-03	2.070443e-03	2.061537e-03	2.070304e-03	2.068216e-03	2.070138e-03	2.070384e-03	2.065530e-03	2.061859e-03	2.070539e-03	2.019118e-03	1.999892e-03	2.070559e-03	2.069293e-03	1.997718e-03	2.070381e-03	2.070006e-03	2.070324e-03	2.070139e-03	2.070510e-03	2.060957e-03	2.065788e-03	2.065291e-03	2.058455e-03	2.038750e-03	2.057370e-03	2.045551e-03	2.043310e-03	2.026488e-03	2.022076e-03	2.006852e-03	2.002680e-03	2.020832e-03	1.998396e-03	2.040263e-03	2.022724e-03	1.995913e-03	1.997672e-03	1.990671e-03	1.991947e-03	1.990883e-03	1.990708e-03	1.996338e-03	1.992281e-03	2.006254e-03	1.998239e-03	2.020562e-03	2.006719e-03	2.042310e-03	2.074196e-03	2.073712e-03	2.062574e-03	2.071613e-03	2.069042e-03	2.041785e-03	2.058272e-03	2.071198e-03	2.018313e-03	2.030831e-03	2.071045e-03	1.997948e-03	2.011737e-03	2.069665e-03	2.070371e-03	2.056072e-03	2.068844e-03	1.981671e-03	1.992293e-03	2.066881e-03	2.073161e-03	2.071643e-03	1.973561e-03	1.971025e-03	2.007630e-03	2.068145e-03	1.975596e-03	2.065336e-03	2.020709e-03	2.069163e-03	2.022787e-03	2.066952e-03	2.066535e-03	2.060324e-03	1.966305e-03	1.964910e-03	2.064160e-03	2.018257e-03	1.984473e-03	1.973783e-03	2.062973e-03	1.960031e-03	1.960790e-03	2.021084e-03	2.001135e-03	2.061183e-03	2.060435e-03	1.960962e-03	1.958102e-03	1.983551e-03	2.058970e-03	2.058445e-03	1.967076e-03	1.966074e-03	1.970205e-03	1.980250e-03	1.960826e-03	2.056626e-03	2.057540e-03	2.055311e-03	2.055484e-03	1.983028e-03	2.056442e-03	1.972553e-03	2.056437e-03	2.015419e-03	2.005402e-03	2.051312e-03	2.011328e-03	2.032729e-03	2.043225e-03	1.972979e-03	2.019180e-03	2.005775e-03	2.007359e-03	1.993595e-03	1.995858e-03	1.989106e-03	1.987918e-03	2.054787e-03	2.059112e-03	1.995816e-03	1.986594e-03	2.066778e-03	1.990005e-03	1.987610e-03	1.983754e-03	1.987356e-03	1.997203e-03	1.979617e-03	1.992509e-03	2.009077e-03	1.989142e-03	2.051109e-03	2.050894e-03	2.010735e-03	2.006239e-03	1.998899e-03	2.013820e-03	2.052285e-03	2.029184e-03	2.083496e-03	2.046390e-03	2.088948e-03	2.092432e-03	2.039806e-03	2.050075e-03	2.033440e-03	2.015127e-03	2.027092e-03	2.014293e-03	2.042028e-03	2.030307e-03	2.007740e-03	2.001959e-03	2.027757e-03	2.051604e-03	2.046083e-03	2.065246e-03	2.061356e-03	2.065939e-03	2.083499e-03	2.053851e-03	2.069955e-03	2.054178e-03	2.045731e-03	2.035659e-03	2.037593e-03	2.069745e-03	2.069511e-03	2.022018e-03	2.013196e-03	2.063210e-03	2.065415e-03	2.062211e-03	2.004012e-03	1.992427e-03	2.023535e-03	2.009961e-03	2.031330e-03	2.054604e-03	2.067770e-03	1.988879e-03	2.041557e-03	2.038577e-03	1.983054e-03	2.046053e-03	2.057817e-03	2.064842e-03	2.065325e-03	2.068399e-03	2.054231e-03	1.987941e-03	2.001569e-03	1.993327e-03	2.041592e-03	2.054882e-03	2.000551e-03	2.044669e-03	2.066898e-03	2.000643e-03	1.993095e-03	2.047977e-03	2.036402e-03	2.025281e-03	1.990948e-03	1.995064e-03	2.003475e-03	2.054990e-03	2.041603e-03	2.012943e-03	2.026828e-03	2.051116e-03	2.051931e-03	2.057530e-03	2.063562e-03	2.066007e-03	2.067770e-03	2.055349e-03	2.075594e-03	2.082148e-03	2.075477e-03	2.080436e-03	2.046315e-03	2.083046e-03	2.086597e-03	2.081981e-03	2.083994e-03	2.044728e-03	2.039649e-03	2.063421e-03	2.057115e-03	2.009345e-03	2.016253e-03	1.997193e-03	2.074723e-03	2.065865e-03	2.062602e-03	2.071837e-03	2.027438e-03	2.067246e-03	2.016450e-03	2.029163e-03	2.024551e-03	1.990114e-03	2.037358e-03	2.047682e-03	1.997397e-03	2.032128e-03	2.022029e-03	1.984395e-03	2.032288e-03	2.089032e-03	2.001087e-03	2.064525e-03	2.067859e-03	2.069024e-03	2.081392e-03	1.992159e-03	2.009472e-03	2.049778e-03	2.070693e-03	2.015115e-03	2.046010e-03	2.025517e-03	2.036591e-03	2.047578e-03	2.066559e-03	2.031257e-03	2.068767e-03	2.058198e-03	2.058511e-03	2.053251e-03	2.050069e-03	2.027325e-03	1.997529e-03	2.057274e-03	2.027932e-03	2.056561e-03	1.978834e-03	1.976487e-03	1.966554e-03	1.992513e-03	2.009474e-03	1.980146e-03	2.015456e-03	2.009715e-03	2.027878e-03	2.056469e-03	2.034032e-03	2.057291e-03	2.033481e-03	2.054986e-03	2.037613e-03	2.018659e-03	2.041985e-03	2.056154e-03	2.036994e-03	1.999270e-03	2.017331e-03	1.980020e-03	2.042990e-03	2.036398e-03	1.999102e-03	2.028952e-03	2.010444e-03	2.044922e-03	2.035608e-03	2.052128e-03	2.059714e-03	2.053362e-03	2.061246e-03	2.053187e-03	2.034391e-03	2.053304e-03	2.063411e-03	2.060143e-03	2.062460e-03	2.004057e-03	2.032577e-03	2.051443e-03	2.059910e-03	2.035733e-03	2.054061e-03	2.063892e-03	2.060466e-03	2.061380e-03	2.058232e-03	2.064327e-03	2.062449e-03	2.061603e-03	2.053995e-03	2.059810e-03	2.064968e-03	2.045494e-03	2.057008e-03	2.039508e-03	2.053530e-03	2.065666e-03	2.062036e-03	2.060175e-03	2.050150e-03	2.058412e-03	2.064408e-03	2.064236e-03	2.066283e-03	2.059260e-03	2.064799e-03	2.057512e-03	2.064837e-03	2.058825e-03	2.065501e-03	2.056360e-03	2.065394e-03	2.068267e-03	2.068764e-03	2.066088e-03	2.069119e-03	2.069563e-03	2.067596e-03	2.069292e-03	2.069792e-03	2.068222e-03	2.069734e-03	2.068199e-03	2.070032e-03	2.070141e-03	2.069017e-03	2.070440e-03	2.070590e-03	2.063088e-03	2.068029e-03	2.068480e-03	2.069374e-03	2.070932e-03	2.069335e-03	2.069369e-03	2.070114e-03	2.071769e-03	2.070894e-03	2.070061e-03	2.072222e-03	2.071151e-03	2.071624e-03	2.071786e-03	2.072261e-03	2.071162e-03	2.071720e-03	2.072121e-03	2.071262e-03	2.071281e-03	2.070717e-03	2.070998e-03	2.070013e-03	2.069874e-03	2.067106e-03	2.067776e-03	2.066754e-03	2.067234e-03	2.063095e-03	2.071678e-03	2.071923e-03	2.071158e-03	2.068933e-03	2.068909e-03	2.064583e-03	2.055377e-03	2.070312e-03	2.069558e-03	2.069661e-03	2.064598e-03	2.069862e-03	2.072231e-03	2.072214e-03	2.071380e-03	2.071729e-03	2.072184e-03	2.072241e-03	2.071745e-03	2.072063e-03	2.071297e-03	2.071542e-03	2.061188e-03	2.065806e-03	2.066281e-03	2.064441e-03	2.041221e-03	2.068450e-03	2.025229e-03	2.063440e-03	2.071414e-03	2.071462e-03	2.067611e-03	2.045989e-03	2.055325e-03	2.068812e-03	2.069035e-03	2.069167e-03	2.057704e-03	2.071246e-03	1.981219e-03	2.063378e-03	2.071440e-03	2.058477e-03	2.071323e-03	2.071231e-03	2.002715e-03	2.004941e-03	2.030482e-03	2.028017e-03	2.052473e-03	2.051605e-03	2.071441e-03	1.999974e-03	2.070684e-03	2.065463e-03	2.067924e-03	2.067755e-03	2.067586e-03	2.067991e-03	2.068146e-03	2.067308e-03	2.067041e-03	2.066665e-03	2.067656e-03	2.066169e-03	2.066000e-03	2.065634e-03	2.066305e-03	2.066413e-03	2.067101e-03	2.067364e-03	2.069742e-03	2.069847e-03	2.069893e-03	2.068591e-03	2.068385e-03	2.068390e-03	2.068285e-03	2.069292e-03	2.069232e-03	2.069527e-03	2.069590e-03	2.065755e-03	2.065457e-03	2.065465e-03	2.065428e-03	2.064330e-03	2.064217e-03	2.063619e-03	2.063783e-03	2.071006e-03	2.071195e-03	2.071179e-03	2.064366e-03	2.070855e-03	2.071022e-03	2.070922e-03	2.070878e-03	2.064598e-03	2.069931e-03	2.070032e-03	2.070116e-03	2.072523e-03	2.072583e-03	2.074079e-03	2.072624e-03	2.073404e-03	2.072032e-03	2.071698e-03	2.071717e-03	2.071539e-03	2.075868e-03	2.071782e-03	2.071909e-03	2.070507e-03	2.070520e-03	2.070417e-03	2.070418e-03	2.070620e-03	2.070702e-03	2.070090e-03	2.070219e-03	2.070020e-03	2.070256e-03	2.064850e-03	2.064413e-03	2.064468e-03	2.064787e-03	2.065096e-03	2.070295e-03	2.063878e-03	2.063260e-03	2.062434e-03	2.062824e-03	2.062502e-03	2.061539e-03	2.061848e-03	2.060579e-03	2.059441e-03	2.063195e-03	2.063575e-03	2.071149e-03	2.071314e-03	2.071222e-03	2.071190e-03	2.071340e-03	2.071349e-03	2.071197e-03	2.071178e-03	2.061321e-03	2.059980e-03	2.071199e-03	2.069592e-03	2.069528e-03	2.069474e-03	2.059284e-03	2.057078e-03	2.056694e-03	2.049403e-03	2.055840e-03	2.055644e-03	2.055774e-03	2.050669e-03	2.053098e-03	2.069759e-03	2.041517e-03	2.071478e-03	2.071348e-03	2.071552e-03	2.038283e-03	2.048484e-03	2.052546e-03	2.040914e-03	2.036874e-03	2.063236e-03	2.067436e-03	2.071550e-03	2.046883e-03	2.071698e-03	2.071303e-03	2.071319e-03	2.070137e-03	2.069674e-03	2.071745e-03	2.068692e-03	2.065173e-03	2.070440e-03	2.071630e-03	2.063628e-03	2.059118e-03	2.056210e-03	1.991873e-03	2.045575e-03	1.978443e-03	2.069681e-03	2.069597e-03	2.069377e-03	2.063467e-03	2.045809e-03	2.017267e-03	2.070561e-03	2.069973e-03	2.069375e-03	2.072083e-03	2.072218e-03	2.069626e-03	2.071641e-03	1.996463e-03	2.049150e-03	2.064955e-03	2.067917e-03	2.067952e-03	2.066442e-03	2.067435e-03	2.067887e-03	2.067319e-03	2.067772e-03	2.064287e-03	2.066229e-03	2.059817e-03	2.063965e-03	2.065545e-03	2.051332e-03	2.057941e-03	2.035504e-03	2.049148e-03	2.061440e-03	2.064991e-03	2.063363e-03	2.066109e-03	2.060246e-03	2.062771e-03	2.044664e-03	2.015694e-03	2.033767e-03	2.057139e-03	1.992258e-03	2.068604e-03	2.068838e-03	2.066532e-03	2.053267e-03	2.030722e-03	2.007951e-03	2.002388e-03	2.066398e-03	2.066930e-03	2.067149e-03	2.067498e-03	2.060825e-03	2.069100e-03	2.068964e-03	2.067610e-03	2.067928e-03	2.067944e-03	2.065013e-03	2.065868e-03	2.064531e-03	2.060583e-03	2.059588e-03	2.061391e-03	2.058731e-03	2.055499e-03	2.050036e-03	2.054905e-03	2.062141e-03	2.040184e-03	2.063941e-03	2.063038e-03	2.059986e-03	2.068319e-03	2.068202e-03	2.068536e-03	2.068642e-03	2.068784e-03	2.065476e-03	2.001964e-03	2.039611e-03	2.029423e-03	2.023231e-03	2.069140e-03	2.069028e-03	2.068364e-03	2.071326e-03	2.062849e-03	2.070116e-03	2.067767e-03	2.071697e-03	1.958196e-03	1.958021e-03	2.051134e-03	2.069659e-03	2.070484e-03	2.004704e-03	2.003900e-03	2.002231e-03	2.001952e-03	2.063391e-03	2.071457e-03	2.029917e-03	2.022167e-03	2.062169e-03	2.051107e-03	1.995961e-03	1.966005e-03	2.040154e-03	2.072100e-03	2.061012e-03	2.053868e-03	2.002889e-03	2.066501e-03	2.070049e-03	1.998284e-03	2.054334e-03	2.055357e-03	2.061295e-03	2.057968e-03	2.069843e-03	2.068883e-03	2.059052e-03	2.069485e-03	2.064456e-03	2.070791e-03	2.060953e-03	2.070433e-03	2.070749e-03	2.069413e-03	2.007484e-03	2.065893e-03	2.003712e-03	2.068236e-03	2.058083e-03	2.058359e-03	2.068778e-03	2.050946e-03	2.070361e-03	2.063790e-03	2.087130e-03	2.066363e-03	2.052204e-03	2.063584e-03	2.062961e-03	2.068038e-03	2.058547e-03	1.987236e-03	1.978749e-03	1.977956e-03	2.006363e-03	2.041047e-03	2.049222e-03	2.069283e-03	2.064965e-03	2.069362e-03	1.965434e-03	2.056128e-03	2.069617e-03	2.069693e-03	2.065137e-03	2.060424e-03	2.068273e-03	2.071008e-03	2.065180e-03	2.066414e-03	2.055544e-03	2.056061e-03	2.054704e-03	2.054438e-03	1.997040e-03	1.997643e-03	2.070827e-03	2.062841e-03	2.069751e-03	2.063314e-03	2.060736e-03	2.059826e-03	2.058323e-03	2.001183e-03	1.993752e-03	2.062805e-03	2.056543e-03	2.057200e-03	2.067823e-03	2.066673e-03	2.069556e-03	2.050744e-03	2.058905e-03	2.069059e-03	2.000097e-03	2.048790e-03	2.071301e-03	2.055992e-03	1.995537e-03	2.060193e-03	1.969783e-03	1.999044e-03	2.062190e-03	2.069713e-03	2.051910e-03	2.070306e-03	2.057531e-03	2.009360e-03	2.001903e-03	2.056820e-03	2.051668e-03	2.056755e-03	2.070686e-03	2.059820e-03	2.067197e-03	2.071162e-03	2.068908e-03	2.021885e-03	2.071109e-03	2.011915e-03	1.984079e-03	2.004469e-03	2.071437e-03	1.995572e-03	2.070550e-03	2.070148e-03	1.998815e-03	1.998889e-03	1.995066e-03	2.060099e-03	2.069970e-03	2.010145e-03	2.069802e-03	2.069429e-03	2.047929e-03	2.066815e-03	1.996064e-03	2.061762e-03	2.070379e-03	2.062178e-03	2.062488e-03	2.068988e-03	2.058443e-03	2.064031e-03	2.070596e-03	2.071148e-03	2.069713e-03	2.070043e-03	2.063431e-03	2.008937e-03	2.068214e-03	2.064164e-03	1.998078e-03	1.979424e-03	2.066662e-03	2.000895e-03	2.024387e-03	2.071149e-03	2.068770e-03	1.962168e-03	2.058722e-03	2.056745e-03	2.065240e-03	2.019021e-03	2.054306e-03	2.049581e-03	2.053052e-03	2.066806e-03	2.075210e-03	2.070261e-03	2.064133e-03	2.006075e-03	1.992381e-03	1.983292e-03	2.026763e-03	2.061463e-03	2.070549e-03	2.009544e-03	2.063933e-03	2.080175e-03	2.068814e-03	2.065631e-03	2.069847e-03	2.070231e-03	2.034591e-03	2.057587e-03	2.055683e-03	1.994270e-03	2.060321e-03	2.065368e-03	2.028428e-03	2.004447e-03	2.051973e-03	2.070670e-03	2.048604e-03	1.997373e-03	2.070012e-03	1.980711e-03	2.071229e-03	2.070053e-03	2.068239e-03	2.039521e-03	2.021657e-03	2.013325e-03	2.071049e-03	2.070838e-03	2.013948e-03	1.973881e-03	1.975020e-03	2.070641e-03	2.071745e-03	2.058203e-03	1.992308e-03	1.984830e-03	2.055963e-03	1.981597e-03	2.070201e-03	2.064732e-03	1.975835e-03	2.069250e-03	2.063485e-03	2.068940e-03	1.995381e-03	2.062003e-03	2.047095e-03	1.972222e-03	1.987801e-03	1.971008e-03	1.991180e-03	2.069812e-03	2.040058e-03	1.993083e-03	1.987495e-03	2.013886e-03	2.045710e-03	2.069623e-03	2.068622e-03	2.064275e-03	2.044664e-03	2.007409e-03	2.057092e-03	2.059856e-03	2.061363e-03	2.070671e-03	1.996243e-03	1.998400e-03	2.072242e-03	1.987172e-03	1.959590e-03	2.006252e-03	2.070446e-03	2.052344e-03	1.989555e-03	1.993125e-03	2.011003e-03	2.070232e-03	2.036065e-03	1.998229e-03	2.001613e-03	2.069817e-03	2.078683e-03	2.077871e-03	2.018612e-03	2.060221e-03	2.000186e-03	2.041349e-03	1.999090e-03	2.055978e-03	1.984182e-03	2.068100e-03	1.996272e-03	2.067675e-03	2.042578e-03	2.044927e-03	2.041774e-03	2.051315e-03	2.063433e-03	2.001863e-03	2.053076e-03	2.051722e-03	2.028012e-03	2.065550e-03	2.067005e-03	2.069996e-03	2.069722e-03	2.018764e-03	2.067190e-03	2.069616e-03	2.075666e-03	1.997266e-03	2.004103e-03	1.993053e-03	2.063809e-03	1.999529e-03	
VECTORS Skin_Friction_Coefficient double
1.446203e-01	-2.137170e-01	0.0	9.838739e-03	-2.458763e-02	0.0	0.000000e+00	0.000000e+00	0.0	0.000000e+00	0.000000e+00	0.0	0.000000e+00	0.000000e+00	0.0	0.000000e+00	0.000000e+00	0.0	8.886065e-02	-2.404547e-01	0.0	3.413574e-02	-2.527764e-01	0.0	-4.439368e-03	-9.698932e-02	0.0	-1.023203e-02	-5.461388e-02	0.0	-1.564846e-02	-5.192872e-02	0.0	4.808627e-03	1.214081e-02	0.0	2.373785e-02	4.974921e-02	0.0	3.342088e-02	6.093740e-02	0.0	4.790612e-02	7.820086e-02	0.0	6.065313e-02	9.034944e-02	0.0	7.589142e-02	1.045616e-01	0.0	8.681498e-02	1.116783e-01	0.0	1.007745e-01	1.219129e-01	0.0	1.092888e-01	1.250620e-01	0.0	1.172744e-01	1.274612e-01	0.0	1.198809e-01	1.242075e-01	0.0	1.261950e-01	1.249746e-01	0.0	1.366788e-01	1.296762e-01	0.0	1.400427e-01	1.275247e-01	0.0	1.456766e-01	1.275131e-01	0.0	1.528265e-01	1.287424e-01	0.0	1.520913e-01	1.234333e-01	0.0	1.512519e-01	1.183497e-01	0.0	1.559229e-01	1.177082e-01	0.0	1.631440e-01	1.188810e-01	0.0	1.690733e-01	1.189602e-01	0.0	1.717950e-01	1.167615e-01	0.0	1.717337e-01	1.127355e-01	0.0	1.745876e-01	1.107441e-01	0.0	1.823277e-01	1.117022e-01	0.0	1.860620e-01	1.101179e-01	0.0	1.885037e-01	1.077444e-01	0.0	1.905002e-01	1.051165e-01	0.0	1.921171e-01	1.023524e-01	0.0	1.941908e-01	9.978027e-02	0.0	1.971565e-01	9.770331e-02	0.0	1.981826e-01	9.466398e-02	0.0	2.001414e-01	9.205487e-02	0.0	1.963243e-01	8.694784e-02	0.0	1.927085e-01	8.205421e-02	0.0	1.961830e-01	8.025824e-02	0.0	2.011655e-01	7.903595e-02	0.0	1.974321e-01	7.434011e-02	0.0	1.982480e-01	7.149863e-02	0.0	2.026339e-01	6.992535e-02	0.0	1.995983e-01	6.574251e-02	0.0	1.983039e-01	6.229586e-02	0.0	1.962715e-01	5.870212e-02	0.0	1.923332e-01	5.460829e-02	0.0	1.903981e-01	5.125835e-02	0.0	1.877141e-01	4.779247e-02	0.0	1.841824e-01	4.418375e-02	0.0	1.807651e-01	4.078023e-02	0.0	1.772627e-01	3.747028e-02	0.0	1.747107e-01	3.442484e-02	0.0	1.709194e-01	3.129083e-02	0.0	1.667506e-01	2.821757e-02	0.0	1.637387e-01	2.540976e-02	0.0	1.604157e-01	2.269491e-02	0.0	1.572597e-01	2.011989e-02	0.0	1.539328e-01	1.757612e-02	0.0	1.500926e-01	1.510992e-02	0.0	1.454777e-01	1.271447e-02	0.0	1.406852e-01	1.037626e-02	0.0	1.357079e-01	8.003867e-03	0.0	1.298934e-01	5.893306e-03	0.0	1.239434e-01	4.446517e-03	0.0	1.185331e-01	3.276004e-03	0.0	1.136194e-01	2.034089e-03	0.0	1.093537e-01	1.149927e-03	0.0	1.057257e-01	7.395269e-04	0.0	1.025060e-01	3.487964e-04	0.0	9.931634e-02	-1.082722e-04	0.0	9.605078e-02	-5.294862e-04	0.0	9.303163e-02	-9.179240e-04	0.0	9.013882e-02	-1.277305e-03	0.0	8.721637e-02	-1.606765e-03	0.0	8.453143e-02	-1.911986e-03	0.0	8.181188e-02	-2.189430e-03	0.0	7.933124e-02	-2.448041e-03	0.0	7.745382e-02	-2.703633e-03	0.0	7.546945e-02	-2.936052e-03	0.0	7.344091e-02	-3.147582e-03	0.0	7.163799e-02	-3.350651e-03	0.0	6.966872e-02	-3.527832e-03	0.0	6.775700e-02	-3.690180e-03	0.0	6.658716e-02	-3.878830e-03	0.0	6.487659e-02	-4.022179e-03	0.0	6.290897e-02	-4.133255e-03	0.0	6.113236e-02	-4.241260e-03	0.0	5.913452e-02	-4.317717e-03	0.0	5.786438e-02	-4.432952e-03	0.0	5.654841e-02	-4.534048e-03	0.0	5.504462e-02	-4.608219e-03	0.0	5.395334e-02	-4.705297e-03	0.0	5.280655e-02	-4.788636e-03	0.0	5.174883e-02	-4.871106e-03	0.0	5.037620e-02	-4.913188e-03	0.0	4.921772e-02	-4.966548e-03	0.0	4.827444e-02	-5.033697e-03	0.0	4.699918e-02	-5.056631e-03	0.0	4.574905e-02	-5.072779e-03	0.0	4.484693e-02	-5.119976e-03	0.0	4.395100e-02	-5.160281e-03	0.0	4.288032e-02	-5.172270e-03	0.0	4.210434e-02	-5.213655e-03	0.0	4.149229e-02	-5.269778e-03	0.0	4.070006e-02	-5.296820e-03	0.0	4.005754e-02	-5.338695e-03	0.0	3.935952e-02	-5.368406e-03	0.0	3.817794e-02	-5.324473e-03	0.0	3.677338e-02	-5.241241e-03	0.0	3.558893e-02	-5.181326e-03	0.0	3.453448e-02	-5.131893e-03	0.0	3.354358e-02	-5.085195e-03	0.0	3.242614e-02	-5.013140e-03	0.0	3.163086e-02	-4.984033e-03	0.0	3.061670e-02	-4.914115e-03	0.0	2.923448e-02	-4.778332e-03	0.0	2.871118e-02	-4.776801e-03	0.0	2.774433e-02	-4.695884e-03	0.0	2.666099e-02	-4.589533e-03	0.0	2.582011e-02	-4.519288e-03	0.0	2.509061e-02	-4.462759e-03	0.0	2.406493e-02	-4.348572e-03	0.0	2.285801e-02	-4.195509e-03	0.0	2.203748e-02	-4.106600e-03	0.0	2.116261e-02	-4.002540e-03	0.0	2.048046e-02	-3.930927e-03	0.0	1.988423e-02	-3.871601e-03	0.0	1.930394e-02	-3.811522e-03	0.0	1.867046e-02	-3.737971e-03	0.0	1.821306e-02	-3.696439e-03	0.0	1.812788e-02	-3.728140e-03	0.0	1.774349e-02	-3.697342e-03	0.0	1.702851e-02	-3.594726e-03	0.0	1.645519e-02	-3.517662e-03	0.0	1.603716e-02	-3.471313e-03	0.0	1.549336e-02	-3.395403e-03	0.0	1.504291e-02	-3.336521e-03	0.0	1.460674e-02	-3.278459e-03	0.0	1.393958e-02	-3.165960e-03	0.0	1.325868e-02	-3.046190e-03	0.0	1.268545e-02	-2.947693e-03	0.0	1.197509e-02	-2.814317e-03	0.0	1.164883e-02	-2.768131e-03	0.0	1.113312e-02	-2.674422e-03	0.0	1.038313e-02	-2.521480e-03	0.0	9.726739e-03	-2.387431e-03	0.0	9.684668e-03	-2.401983e-03	0.0	9.325084e-03	-2.337049e-03	0.0	8.703895e-03	-2.203961e-03	0.0	8.743060e-03	-2.236185e-03	0.0	8.381587e-03	-2.165384e-03	0.0	7.835163e-03	-2.044474e-03	0.0	7.529008e-03	-1.983694e-03	0.0	7.226350e-03	-1.922523e-03	0.0	7.055751e-03	-1.895313e-03	0.0	6.721418e-03	-1.822492e-03	0.0	6.300581e-03	-1.724518e-03	0.0	6.071647e-03	-1.677447e-03	0.0	5.798565e-03	-1.616611e-03	0.0	5.427353e-03	-1.526992e-03	0.0	5.273899e-03	-1.497315e-03	0.0	5.064516e-03	-1.450610e-03	0.0	4.711252e-03	-1.361468e-03	0.0	4.483793e-03	-1.307167e-03	0.0	4.271344e-03	-1.255983e-03	0.0	3.842490e-03	-1.139718e-03	0.0	3.578725e-03	-1.070560e-03	0.0	3.348972e-03	-1.010288e-03	0.0	3.391124e-03	-1.031714e-03	0.0	3.161668e-03	-9.698843e-04	0.0	2.695362e-03	-8.336828e-04	0.0	2.394756e-03	-7.468642e-04	0.0	2.119963e-03	-6.665059e-04	0.0	1.917442e-03	-6.077387e-04	0.0	1.459046e-03	-4.661881e-04	0.0	1.020078e-03	-3.285162e-04	0.0	5.981340e-04	-1.941727e-04	0.0	-5.202206e-05	1.702038e-05	0.0	-6.642056e-04	2.190146e-04	0.0	-1.184975e-03	3.937998e-04	0.0	-1.291630e-03	4.325375e-04	0.0	-1.666744e-03	5.624791e-04	0.0	-2.235230e-03	7.600735e-04	0.0	-2.499812e-03	8.565083e-04	0.0	-2.566643e-03	8.860900e-04	0.0	-2.369046e-03	8.239930e-04	0.0	-1.994971e-03	6.991162e-04	0.0	-1.835518e-03	6.479969e-04	0.0	-2.144733e-03	7.627897e-04	0.0	-2.059734e-03	7.379519e-04	0.0	-1.702805e-03	6.145541e-04	0.0	-1.572627e-03	5.717221e-04	0.0	-1.737905e-03	6.364023e-04	0.0	-1.597330e-03	5.891672e-04	0.0	-1.544429e-03	5.737630e-04	0.0	-1.698149e-03	6.354055e-04	0.0	-1.837619e-03	6.925160e-04	0.0	-1.948856e-03	7.396715e-04	0.0	-2.088571e-03	7.983365e-04	0.0	-2.044677e-03	7.870933e-04	0.0	-1.857045e-03	7.199029e-04	0.0	-1.524727e-03	5.952486e-04	0.0	-1.274613e-03	5.010658e-04	0.0	-9.797730e-04	3.878775e-04	0.0	-4.659907e-04	1.857612e-04	0.0	3.539570e-04	-1.420752e-04	0.0	1.353013e-03	-5.468905e-04	0.0	2.406270e-03	-9.793345e-04	0.0	3.419316e-03	-1.401161e-03	0.0	4.542122e-03	-1.874082e-03	0.0	5.720697e-03	-2.376613e-03	0.0	7.057830e-03	-2.952225e-03	0.0	8.506577e-03	-3.582579e-03	0.0	1.057267e-02	-4.483171e-03	0.0	1.268611e-02	-5.415896e-03	0.0	1.316133e-02	-5.656868e-03	0.0	6.746477e-02	2.284173e-02	0.0	7.911832e-02	-5.549597e-03	0.0	7.077397e-02	-4.918691e-03	0.0	6.605406e-02	-4.547326e-03	0.0	6.312639e-02	-4.304065e-03	0.0	6.089915e-02	-4.111409e-03	0.0	5.893201e-02	-3.938684e-03	0.0	5.759531e-02	-3.809717e-03	0.0	5.644028e-02	-3.693707e-03	0.0	5.521828e-02	-3.574612e-03	0.0	5.430328e-02	-3.477021e-03	0.0	5.350478e-02	-3.387344e-03	0.0	5.282742e-02	-3.305547e-03	0.0	5.171897e-02	-3.198486e-03	0.0	5.095406e-02	-3.113216e-03	0.0	5.050780e-02	-3.047936e-03	0.0	4.986994e-02	-2.971830e-03	0.0	4.920423e-02	-2.894331e-03	0.0	4.852078e-02	-2.816939e-03	0.0	4.795912e-02	-2.746962e-03	0.0	4.723641e-02	-2.668665e-03	0.0	4.669912e-02	-2.601451e-03	0.0	4.629820e-02	-2.542344e-03	0.0	4.574804e-02	-2.475583e-03	0.0	4.520861e-02	-2.409946e-03	0.0	4.483922e-02	-2.354063e-03	0.0	4.446499e-02	-2.298052e-03	0.0	4.403844e-02	-2.240118e-03	0.0	4.367950e-02	-2.185708e-03	0.0	4.335636e-02	-2.133792e-03	0.0	4.291249e-02	-2.076187e-03	0.0	4.242270e-02	-2.017081e-03	0.0	4.202286e-02	-1.962957e-03	0.0	4.167127e-02	-1.911310e-03	0.0	4.132011e-02	-1.860636e-03	0.0	4.077187e-02	-1.801134e-03	0.0	4.037466e-02	-1.749439e-03	0.0	4.009583e-02	-1.703229e-03	0.0	3.963710e-02	-1.649809e-03	0.0	3.929999e-02	-1.602517e-03	0.0	3.906776e-02	-1.559302e-03	0.0	3.873414e-02	-1.512911e-03	0.0	3.838444e-02	-1.466394e-03	0.0	3.808400e-02	-1.422046e-03	0.0	3.777842e-02	-1.378504e-03	0.0	3.743012e-02	-1.333447e-03	0.0	3.712987e-02	-1.290868e-03	0.0	3.690148e-02	-1.251535e-03	0.0	3.668297e-02	-1.212432e-03	0.0	3.642976e-02	-1.173004e-03	0.0	3.622748e-02	-1.135636e-03	0.0	3.603075e-02	-1.098573e-03	0.0	3.580760e-02	-1.061513e-03	0.0	3.560263e-02	-1.025190e-03	0.0	3.536460e-02	-9.883357e-04	0.0	3.512899e-02	-9.523606e-04	0.0	3.489955e-02	-9.167421e-04	0.0	3.468021e-02	-8.819491e-04	0.0	3.451202e-02	-8.491383e-04	0.0	3.437507e-02	-8.172136e-04	0.0	3.426946e-02	-7.864735e-04	0.0	3.417921e-02	-7.565680e-04	0.0	3.407490e-02	-7.264777e-04	0.0	3.397653e-02	-6.969279e-04	0.0	3.387174e-02	-6.677171e-04	0.0	3.373975e-02	-6.382403e-04	0.0	3.361680e-02	-6.093722e-04	0.0	3.348623e-02	-5.808749e-04	0.0	3.334824e-02	-5.526555e-04	0.0	3.322463e-02	-5.250848e-04	0.0	3.309424e-02	-4.979206e-04	0.0	3.294121e-02	-4.709474e-04	0.0	3.277668e-02	-4.442253e-04	0.0	3.258959e-02	-4.177811e-04	0.0	3.240099e-02	-3.920363e-04	0.0	3.222624e-02	-3.668715e-04	0.0	3.203519e-02	-3.420936e-04	0.0	3.185801e-02	-3.183017e-04	0.0	3.166184e-02	-2.947128e-04	0.0	3.145507e-02	-2.715792e-04	0.0	3.128259e-02	-2.497129e-04	0.0	3.117024e-02	-2.286559e-04	0.0	3.105870e-02	-2.079769e-04	0.0	3.094960e-02	-1.883057e-04	0.0	3.090170e-02	-1.692899e-04	0.0	3.087308e-02	-1.505855e-04	0.0	3.086543e-02	-1.329728e-04	0.0	3.082333e-02	-1.155198e-04	0.0	3.076405e-02	-9.814192e-05	0.0	3.069071e-02	-8.182730e-05	0.0	3.056832e-02	-6.591828e-05	0.0	3.040313e-02	-5.007169e-05	0.0	3.027368e-02	-3.545251e-05	0.0	3.017407e-02	-2.163675e-05	0.0	3.003028e-02	-7.850935e-06	0.0	2.994223e-02	4.897844e-06	0.0	2.991684e-02	1.665608e-05	0.0	2.985520e-02	2.843531e-05	0.0	2.983207e-02	3.945933e-05	0.0	2.988514e-02	4.933216e-05	0.0	2.990182e-02	5.922766e-05	0.0	2.993178e-02	6.857533e-05	0.0	2.999317e-02	7.647462e-05	0.0	2.997552e-02	8.417602e-05	0.0	2.998884e-02	9.154123e-05	0.0	2.997882e-02	9.706107e-05	0.0	2.984422e-02	1.020197e-04	0.0	2.968189e-02	1.065611e-04	0.0	2.953931e-02	1.092148e-04	0.0	2.935056e-02	1.113585e-04	0.0	2.921955e-02	1.135433e-04	0.0	2.910888e-02	1.138191e-04	0.0	2.895444e-02	1.134006e-04	0.0	2.884173e-02	1.130793e-04	0.0	2.877362e-02	1.109609e-04	0.0	2.865408e-02	1.079002e-04	0.0	2.861954e-02	1.051517e-04	0.0	2.856877e-02	1.004056e-04	0.0	2.840251e-02	9.428600e-05	0.0	2.823761e-02	8.822004e-05	0.0	2.824564e-02	8.082429e-05	0.0	2.812367e-02	7.185612e-05	0.0	2.788249e-02	6.265459e-05	0.0	2.781286e-02	5.206597e-05	0.0	2.780573e-02	4.020730e-05	0.0	2.774330e-02	2.820782e-05	0.0	2.759629e-02	1.431198e-05	0.0	2.751741e-02	-9.775395e-07	0.0	2.747631e-02	-1.636425e-05	0.0	2.731837e-02	-3.357077e-05	0.0	2.714127e-02	-5.212847e-05	0.0	2.701640e-02	-7.083276e-05	0.0	2.679183e-02	-9.119397e-05	0.0	2.640833e-02	-1.120708e-04	0.0	2.605616e-02	-1.328340e-04	0.0	2.573768e-02	-1.555396e-04	0.0	2.528260e-02	-1.780764e-04	0.0	2.493607e-02	-2.011040e-04	0.0	2.460290e-02	-2.260749e-04	0.0	2.414978e-02	-2.502670e-04	0.0	2.371353e-02	-2.743406e-04	0.0	2.346872e-02	-3.024207e-04	0.0	2.300570e-02	-3.276114e-04	0.0	2.235360e-02	-3.500098e-04	0.0	2.170139e-02	-3.824274e-04	0.0	2.073023e-02	-4.150716e-04	0.0	1.975784e-02	-4.015361e-04	0.0	1.884621e-02	-3.401308e-04	0.0	1.794368e-02	-2.468414e-04	0.0	1.730792e-02	-8.051215e-05	0.0	1.665840e-02	1.148612e-04	0.0	1.612863e-02	2.770790e-04	0.0	1.563549e-02	4.253122e-04	0.0	1.523682e-02	5.644357e-04	0.0	1.484341e-02	6.927541e-04	0.0	1.458318e-02	8.184296e-04	0.0	1.442503e-02	9.422326e-04	0.0	1.415631e-02	1.052317e-03	0.0	1.417416e-02	1.177436e-03	0.0	1.457908e-02	1.335527e-03	0.0	1.476192e-02	1.473830e-03	0.0	1.533661e-02	1.654018e-03	0.0	1.603654e-02	1.852961e-03	0.0	1.628065e-02	2.002218e-03	0.0	1.618413e-02	2.105464e-03	0.0	1.644654e-02	2.251668e-03	0.0	1.711061e-02	2.453321e-03	0.0	1.759211e-02	2.630295e-03	0.0	1.775206e-02	2.756595e-03	0.0	1.842452e-02	2.960317e-03	0.0	1.935632e-02	3.206606e-03	0.0	1.980642e-02	3.371509e-03	0.0	2.079428e-02	3.625398e-03	0.0	2.217117e-02	3.945924e-03	0.0	2.464472e-02	4.463757e-03	0.0	2.597468e-02	4.771285e-03	0.0	2.545179e-02	4.727156e-03	0.0	2.827653e-02	5.289707e-03	0.0	3.013388e-02	5.659602e-03	0.0	3.080414e-02	5.783270e-03	0.0	3.284700e-02	6.139627e-03	0.0	3.583723e-02	6.635793e-03	0.0	3.987662e-02	7.273109e-03	0.0	4.528193e-02	8.086863e-03	0.0	5.176143e-02	8.975029e-03	0.0	5.759245e-02	9.613931e-03	0.0	6.527963e-02	1.036355e-02	0.0	7.431477e-02	1.104149e-02	0.0	8.593944e-02	1.171831e-02	0.0	1.006869e-01	1.221892e-02	0.0	1.149035e-01	1.183625e-02	0.0	1.259812e-01	1.017825e-02	0.0	1.453909e-01	7.790218e-03	0.0	1.595001e-01	3.154754e-03	0.0	1.902350e-01	-4.325157e-03	0.0	2.190566e-01	-1.689536e-02	0.0	2.556919e-01	-3.798518e-02	0.0	2.834828e-01	-6.962050e-02	0.0	2.748609e-01	-1.052857e-01	0.0	2.955658e-01	-1.737306e-01	0.0	2.250522e-01	-2.052709e-01	0.0	0.000000e+00	0.000000e+00	0.0	0.000000e+00	0.000000e+00	0.0	0.000000e+00	0.000000e+00	0.0	0.000000e+00	0.000000e+00	0.0	0.000000e+00	0.000000e+00	0.0	0.000000e+00	0.000000e+00	0.0	0.000000e+00	0.000000e+00	0.0	0.000000e+00	0.000000e+00	0.0	0.000000e+00	0.000000e+00	0.0	0.000000e+00	0.000000e+00	0.0	0.000000e+00	0.000000e+00	0.0	0.000000e+00	0.000000e+00	0.0	0.000000e+00	0.000000e+00	0.0	0.000000e+00	0.000000e+00	0.0	0.000000e+00	0.000000e+00	0.0	0.000000e+00	0.000000e+00	0.0	0.000000e+00	0.000000e+00	0.0	0.000000e+00	0.000000e+00	0.0	0.000000e+00	0.000000e+00	0.0	0.000000e+00	0.000000e+00	0.0	0.000000e+00	0.000000e+00	0.0	0.000000e+00	0.000000e+00	0.0	0.000000e+00	0.000000e+00	0.0	0.000000e+00	0.000000e+00	0.0	0.000000e+00	0.000000e+00	0.0	0.000000e+00	0.000000e+00	0.0	0.000000e+00	0.000000e+00	0.0	0.000000e+00	0.000000e+00	0.0	0.000000e+00	0.000000e+00	0.0	0.000000e+00	0.000000e+00	0.0	0.000000e+00	0.000000e+00	0.0	0.000000e+00	0.000000e+00	0.0	0.000000e+00	0.000000e+00	0.0	0.000000e+00	0.000000e+00	0.0	0.000000e+00	0.000000e+00	0.0	0.000000e+00	0.000000e+00	0.0	0.000000e+00	0.000000e+00	0.0	0.000000e+00	0.000000e+00	0.0	0.000000e+00	0.000000e+00	0.0	0.000000e+00	0.000000e+00	0.0	0.000000e+00	0.000000e+00	0.0	0.000000e+00	0.000000e+00	0.0	0.000000e+00	0.000000e+00	0.0	0.000000e+00	0.000000e+00	0.0	0.000000e+00	0.000000e+00	0.0	0.000000e+00	0.000000e+00	0.0	0.000000e+00	0.000000e+00	0.0	0.000000e+00	0.000000e+00	0.0	0.000000e+00	0.000000e+00	0.0	0.000000e+00	0.000000e+00	0.0	0.000000e+00	0.000000e+00	0.0	0.000000e+00	0.000000e+00	0.0	0.000000e+00	0.000000e+00	0.0	0.000000e+00	0.000000e+00	0.0	0.000000e+00	0.000000e+00	0.0	0.000000e+00	0.000000e+00	0.0	0.000000e+00	0.000000e+00	0.0	0.000000e+00	0.000000e+00	0.0	0.000000e+00	0.000000e+00	0.0	0.000000e+00	0.000000e+00	0.0	0.000000e+00	0.000000e+00	0.0	0.000000e+00	0.000000e+00	0.0	0.000000e+00	0.000000e+00	0.0	0.000000e+00	0.000000e+00	0.0	0.000000e+00	0.000000e+00	0.0	0.000000e+00	0.000000e+00	0.0	0.000000e+00	0.000000e+00	0.0	0.000000e+00	0.000000e+00	0.0	0.000000e+00	0.000000e+00	0.0	0.000000e+00	0.000000e+00	0.0	0.000000e+00	0.000000e+00	0.0	0.000000e+00	0.000000e+00	0.0	0.000000e+00	0.000000e+00	0.0	0.000000e+00	0.000000e+00	0.0	0.000000e+00	0.000000e+00	0.0	0.000000e+00	0.000000e+00	0.0	0.000000e+00	0.000000e+00	0.0	0.000000e+00	0.000000e+00	0.0	0.000000e+00	0.000000e+00	0.0	0.000000e+00	0.000000e+00	0.0	0.000000e+00	0.000000e+00	0.0	0.000000e+00	0.000000e+00	0.0	0.000000e+00	0.000000e+00	0.0	0.000000e+00	0.000000e+00	0.0	0.000000e+00	0.000000e+00	0.0	0.000000e+00	0.000000e+00	0.0	0.000000e+00	0.000000e+00	0.0	0.000000e+00	0.000000e+00	0.0	0.000000e+00	0.000000e+00	0.0	0.000000e+00	0.000000e+00	0.0	0.000000e+00	0.000000e+00	0.0	0.000000e+00	0.000000e+00	0.0	0.000000e+00	0.000000e+00	0.0	0.000000e+00	0.000000e+00	0.0	0.000000e+00	0.000000e+00	0.0	0.000000e+00	0.000000e+00	0.0	0.000000e+00	0.000000e+00	0.0	0.000000e+00	0.000000e+00	0.0	0.000000e+00	0.000000e+00	0.0	0.000000e+00	0.000000e+00	0.0	0.000000e+00	0.000000e+00	0.0	0.000000e+00	0.000000e+00	0.0	0.000000e+00	0.000000e+00	0.0	0.000000e+00	0.000000e+00	0.0	0.000000e+00	0.000000e+00	0.0	0.000000e+00	0.000000e+00	0.0	0.000000e+00	0.000000e+00	0.0	0.000000e+00	0.000000e+00	0.0	0.000000e+00	0.000000e+00	0.0	0.000000e+00	0.000000e+00	0.0	0.000000e+00	0.000000e+00	0.0	0.000000e+00	0.000000e+00	0.0	0.000000e+00	0.000000e+00	0.0	0.000000e+00	0.000000e+00	0.0	0.000000e+00	0.000000e+00	0.0	0.000000e+00	0.000000e+00	0.0	0.000000e+00	0.000000e+00	0.0	0.000000e+00	0.000000e+00	0.0	0.000000e+00	0.000000e+00	0.0	0.000000e+00	0.000000e+00	0.0	0.000000e+00	0.000000e+00	0.0	0.000000e+00	0.000000e+00	0.0	0.000000e+00	0.000000e+00	0.0	0.000000e+00	0.000000e+00	0.0	0.000000e+00	0.000000e+00	0.0	0.000000e+00	0.000000e+00	0.0	0.000000e+00	0.000000e+00	0.0	0.000000e+00	0.000000e+00	0.0	0.000000e+00	0.000000e+00	0.0	0.000000e+00	0.000000e+00	0.0	0.000000e+00	0.000000e+00	0.0	0.000000e+00	0.000000e+00	0.0	0.000000e+00	0.000000e+00	0.0	0.000000e+00	0.000000e+00	0.0	0.000000e+00	0.000000e+00	0.0	0.000000e+00	0.000000e+00	0.0	0.000000e+00	0.000000e+00	0.0	0.000000e+00	0.000000e+00	0.0	0.000000e+00	0.000000e+00	0.0	0.000000e+00	0.000000e+00	0.0	0.000000e+00	0.000000e+00	0.0	0.000000e+00	0.000000e+00	0.0	0.000000e+00	0.000000e+00	0.0	0.000000e+00	0.000000e+00	0.0	0.000000e+00	0.000000e+00	0.0	0.000000e+00	0.000000e+00	0.0	0.000000e+00	0.000000e+00	0.0	0.000000e+00	0.000000e+00	0.0	0.000000e+00	0.000000e+00	0.0	0.000000e+00	0.000000e+00	0.0	0.000000e+00	0.000000e+00	0.0	0.000000e+00	0.000000e+00	0.0	0.000000e+00	0.000000e+00	0.0	0.000000e+00	0.000000e+00	0.0	0.000000e+00	0.000000e+00	0.0	0.000000e+00	0.000000e+00	0.0	0.000000e+00	0.000000e+00	0.0	0.000000e+00	0.000000e+00	0.0	0.000000e+00	0.000000e+00	0.0	0.000000e+00	0.000000e+00	0.0	0.000000e+00	0.000000e+00	0.0	0.000000e+00	0.000000e+00	0.0	0.000000e+00	0.000000e+00	0.0	0.000000e+00	0.000000e+00	0.0	0.000000e+00	0.000000e+00	0.0	0.000000e+00	0.000000e+00	0.0	0.000000e+00	0.000000e+00	0.0	0.000000e+00	0.000000e+00	0.0	0.000000e+00	0.000000e+00	0.0	0.000000e+00	0.000000e+00	0.0	0.000000e+00	0.000000e+00	0.0	0.000000e+00	0.000000e+00	0.0	0.000000e+00	0.000000e+00	0.0	0.000000e+00	0.000000e+00	0.0	0.000000e+00	0.000000e+00	0.0	0.000000e+00	0.000000e+00	0.0	0.000000e+00	0.000000e+00	0.0	0.000000e+00	0.000000e+00	0.0	0.000000e+00	0.000000e+00	0.0	0.000000e+00	0.000000e+00	0.0	0.000000e+00	0.000000e+00	0.0	0.000000e+00	0.000000e+00	0.0	0.000000e+00	0.000000e+00	0.0	0.000000e+00	0.000000e+00	0.0	0.000000e+00	0.000000e+00	0.0	0.000000e+00	0.000000e+00	0.0	0.000000e+00	0.000000e+00	0.0	0.000000e+00	0.000000e+00	0.0	0.000000e+00	0.000000e+00	0.0	0.000000e+00	0.000000e+00	0.0	0.000000e+00	0.000000e+00	0.0	0.000000e+00	0.000000e+00	0.0	0.000000e+00	0.000000e+00	0.0	0.000000e+00	0.000000e+00	0.0	0.000000e+00	0.000000e+00	0.0	0.000000e+00	0.000000e+00	0.0	0.000000e+00	0.000000e+00	0.0	0.000000e+00	0.000000e+00	0.0	0.000000e+00	0.000000e+00	0.0	0.000000e+00	0.000000e+00	0.0	0.000000e+00	0.000000e+00	0.0	0.000000e+00	0.000000e+00	0.0	0.000000e+00	0.000000e+00	0.0	0.000000e+00	0.000000e+00	0.0	0.000000e+00	0.000000e+00	0.0	0.000000e+00	0.000000e+00	0.0	0.000000e+00	0.000000e+00	0.0	0.000000e+00	0.000000e+00	0.0	0.000000e+00	0.000000e+00	0.0	0.000000e+00	0.000000e+00	0.0	0.000000e+00	0.000000e+00	0.0	0.000000e+00	0.000000e+00	0.0	0.000000e+00	0.000000e+00	0.0	0.000000e+00	0.000000e+00	0.0	0.000000e+00	0.000000e+00	0.0	0.000000e+00	0.000000e+00	0.0	0.000000e+00	0.000000e+00	0.0	0.000000e+00	0.000000e+00	0.0	0.000000e+00	0.000000e+00	0.0	0.000000e+00	0.000000e+00	0.0	0.000000e+00	0.000000e+00	0.0	0.000000e+00	0.000000e+00	0.0	0.000000e+00	0.000000e+00	0.0	0.000000e+00	0.000000e+00	0.0	0.000000e+00	0.000000e+00	0.0	0.000000e+00	0.000000e+00	0.0	0.000000e+00	0.000000e+00	0.0	0.000000e+00	0.000000e+00	0.0	0.000000e+00	0.000000e+00	0.0	0.000000e+00	0.000000e+00	0.0	0.000000e+00	0.000000e+00	0.0	0.000000e+00	0.000000e+00	0.0	0.000000e+00	0.000000e+00	0.0	0.000000e+00	0.000000e+00	0.0	0.000000e+00	0.000000e+00	0.0	0.000000e+00	0.000000e+00	0.0	0.000000e+00	0.000000e+00	0.0	0.000000e+00	0.000000e+00	0.0	0.000000e+00	0.000000e+00	0.0	0.000000e+00	0.000000e+00	0.0	0.000000e+00	0.000000e+00	0.0	0.000000e+00	0.000000e+00	0.0	0.000000e+00	0.000000e+00	0.0	0.000000e+00	0.000000e+00	0.0	0.000000e+00	0.000000e+00	0.0	0.000000e+00	0.000000e+00	0.0	0.000000e+00	0.000000e+00	0.0	0.000000e+00	0.000000e+00	0.0	0.000000e+00	0.000000e+00	0.0	0.000000e+00	0.000000e+00	0.0	0.000000e+00	0.000000e+00	0.0	0.000000e+00	0.000000e+00	0.0	0.000000e+00	0.000000e+00	0.0	0.000000e+00	0.000000e+00	0.0	0.000000e+00	0.000000e+00	0.0	0.000000e+00	0.000000e+00	0.0	0.000000e+00	0.000000e+00	0.0	0.000000e+00	0.000000e+00	0.0	0.000000e+00	0.000000e+00	0.0	0.000000e+00	0.000000e+00	0.0	0.000000e+00	0.000000e+00	0.0	0.000000e+00	0.000000e+00	0.0	0.000000e+00	0.000000e+00	0.0	0.000000e+00	0.000000e+00	0.0	0.000000e+00	0.000000e+00	0.0	0.000000e+00	0.000000e+00	0.0	0.000000e+00	0.000000e+00	0.0	0.000000e+00	0.000000e+00	0.0	0.000000e+00	0.000000e+00	0.0	0.000000e+00	0.000000e+00	0.0	0.000000e+00	0.000000e+00	0.0	0.000000e+00	0.000000e+00	0.0	0.000000e+00	0.000000e+00	0.0	0.000000e+00	0.000000e+00	0.0	0.000000e+00	0.000000e+00	0.0	0.000000e+00	0.000000e+00	0.0	0.000000e+00	0.000000e+00	0.0	0.000000e+00	0.000000e+00	0.0	0.000000e+00	0.000000e+00	0.0	0.000000e+00	0.000000e+00	0.0	0.000000e+00	0.000000e+00	0.0	0.000000e+00	0.000000e+00	0.0	0.000000e+00	0.000000e+00	0.0	0.000000e+00	0.000000e+00	0.0	0.000000e+00	0.000000e+00	0.0	0.000000e+00	0.000000e+00	0.0	0.000000e+00	0.000000e+00	0.0	0.000000e+00	0.000000e+00	0.0	0.000000e+00	0.000000e+00	0.0	0.000000e+00	0.000000e+00	0.0	0.000000e+00	0.000000e+00	0.0	0.000000e+00	0.000000e+00	0.0	0.000000e+00	0.000000e+00	0.0	0.000000e+00	0.000000e+00	0.0	0.000000e+00	0.000000e+00	0.0	0.000000e+00	0.000000e+00	0.0	0.000000e+00	0.000000e+00	0.0	0.000000e+00	0.000000e+00	0.0	0.000000e+00	0.000000e+00	0.0	0.000000e+00	0.000000e+00	0.0	0.000000e+00	0.000000e+00	0.0	0.000000e+00	0.000000e+00	0.0	0.000000e+00	0.000000e+00	0.0	0.000000e+00	0.000000e+00	0.0	0.000000e+00	0.000000e+00	0.0	0.000000e+00	0.000000e+00	0.0	0.000000e+00	0.000000e+00	0.0	0.000000e+00	0.000000e+00	0.0	0.000000e+00	0.000000e+00	0.0	0.000000e+00	0.000000e+00	0.0	0.000000e+00	0.000000e+00	0.0	0.000000e+00	0.000000e+00	0.0	0.000000e+00	0.000000e+00	0.0	0.000000e+00	0.000000e+00	0.0	0.000000e+00	0.000000e+00	0.0	0.000000e+00	0.000000e+00	0.0	0.000000e+00	0.000000e+00	0.0	0.000000e+00	0.000000e+00	0.0	0.000000e+00	0.000000e+00	0.0	0.000000e+00	0.000000e+00	0.0	0.000000e+00	0.000000e+00	0.0	0.000000e+00	0.000000e+00	0.0	0.000000e+00	0.000000e+00	0.0	0.000000e+00	0.000000e+00	0.0	0.000000e+00	0.000000e+00	0.0	0.000000e+00	0.000000e+00	0.0	0.000000e+00	0.000000e+00	0.0	0.000000e+00	0.000000e+00	0.0	0.000000e+00	0.000000e+00	0.0	0.000000e+00	0.000000e+00	0.0	0.000000e+00	0.000000e+00	0.0	0.000000e+00	0.000000e+00	0.0	0.000000e+00	0.000000e+00	0.0	0.000000e+00	0.000000e+00	0.0	0.000000e+00	0.000000e+00	0.0	0.000000e+00	0.000000e+00	0.0	0.000000e+00	0.000000e+00	0.0	0.000000e+00	0.000000e+00	0.0	0.000000e+00	0.000000e+00	0.0	0.000000e+00	0.000000e+00	0.0	0.000000e+00	0.000000e+00	0.0	0.000000e+00	0.000000e+00	0.0	0.000000e+00	0.000000e+00	0.0	0.000000e+00	0.000000e+00	0.0	0.000000e+00	0.000000e+00	0.0	0.000000e+00	0.000000e+00	0.0	0.000000e+00	0.000000e+00	0.0	0.000000e+00	0.000000e+00	0.0	0.000000e+00	0.000000e+00	0.0	0.000000e+00	0.000000e+00	0.0	0.000000e+00	0.000000e+00	0.0	0.000000e+00	0.000000e+00	0.0	0.000000e+00	0.000000e+00	0.0	0.000000e+00	0.000000e+00	0.0	0.000000e+00	0.000000e+00	0.0	0.000000e+00	0.000000e+00	0.0	0.000000e+00	0.000000e+00	0.0	0.000000e+00	0.000000e+00	0.0	0.000000e+00	0.000000e+00	0.0	0.000000e+00	0.000000e+00	0.0	0.000000e+00	0.000000e+00	0.0	0.000000e+00	0.000000e+00	0.0	0.000000e+00	0.000000e+00	0.0	0.000000e+00	0.000000e+00	0.0	0.000000e+00	0.000000e+00	0.0	0.000000e+00	0.000000e+00	0.0	0.000000e+00	0.000000e+00	0.0	0.000000e+00	0.000000e+00	0.0	0.000000e+00	0.000000e+00	0.0	0.000000e+00	0.000000e+00	0.0	0.000000e+00	0.000000e+00	0.0	0.000000e+00	0.000000e+00	0.0	0.000000e+00	0.000000e+00	0.0	0.000000e+00	0.000000e+00	0.0	0.000000e+00	0.000000e+00	0.0	0.000000e+00	0.000000e+00	0.0	0.000000e+00	0.000000e+00	0.0	0.000000e+00	0.000000e+00	0.0	0.000000e+00	0.000000e+00	0.0	0.000000e+00	0.000000e+00	0.0	0.000000e+00	0.000000e+00	0.0	0.000000e+00	0.000000e+00	0.0	0.000000e+00	0.000000e+00	0.0	0.000000e+00	0.000000e+00	0.0	0.000000e+00	0.000000e+00	0.0	0.000000e+00	0.000000e+00	0.0	0.000000e+00	0.000000e+00	0.0	0.000000e+00	0.000000e+00	0.0	0.000000e+00	0.000000e+00	0.0	0.000000e+00	0.000000e+00	0.0	0.000000e+00	0.000000e+00	0.0	0.000000e+00	0.000000e+00	0.0	0.000000e+00	0.000000e+00	0.0	0.000000e+00	0.000000e+00	0.0	0.000000e+00	0.000000e+00	0.0	0.000000e+00	0.000000e+00	0.0	0.000000e+00	0.000000e+00	0.0	0.000000e+00	0.000000e+00	0.0	0.000000e+00	0.000000e+00	0.0	0.000000e+00	0.000000e+00	0.0	0.000000e+00	0.000000e+00	0.0	0.000000e+00	0.000000e+00	0.0	0.000000e+00	0.000000e+00	0.0	0.000000e+00	0.000000e+00	0.0	0.000000e+00	0.000000e+00	0.0	0.000000e+00	0.000000e+00	0.0	0.000000e+00	0.000000e+00	0.0	0.000000e+00	0.000000e+00	0.0	0.000000e+00	0.000000e+00	0.0	0.000000e+00	0.000000e+00	0.0	0.000000e+00	0.000000e+00	0.0	0.000000e+00	0.000000e+00	0.0	0.000000e+00	0.000000e+00	0.0	0.000000e+00	0.000000e+00	0.0	0.000000e+00	0.000000e+00	0.0	0.000000e+00	0.000000e+00	0.0	0.000000e+00	0.000000e+00	0.0	0.000000e+00	0.000000e+00	0.0	0.000000e+00	0.000000e+00	0.0	0.000000e+00	0.000000e+00	0.0	0.000000e+00	0.000000e+00	0.0	0.000000e+00	0.000000e+00	0.0	0.000000e+00	0.000000e+00	0.0	0.000000e+00	0.000000e+00	0.0	0.000000e+00	0.000000e+00	0.0	0.000000e+00	0.000000e+00	0.0	0.000000e+00	0.000000e+00	0.0	0.000000e+00	0.000000e+00	0.0	0.000000e+00	0.000000e+00	0.0	0.000000e+00	0.000000e+00	0.0	0.000000e+00	0.000000e+00	0.0	0.000000e+00	0.000000e+00	0.0	0.000000e+00	0.000000e+00	0.0	0.000000e+00	0.000000e+00	0.0	0.000000e+00	0.000000e+00	0.0	0.000000e+00	0.000000e+00	0.0	0.000000e+00	0.000000e+00	0.0	0.000000e+00	0.000000e+00	0.0	0.000000e+00	0.000000e+00	0.0	0.000000e+00	0.000000e+00	0.0	0.000000e+00	0.000000e+00	0.0	0.000000e+00	0.000000e+00	0.0	0.000000e+00	0.000000e+00	0.0	0.000000e+00	0.000000e+00	0.0	0.000000e+00	0.000000e+00	0.0	0.000000e+00	0.000000e+00	0.0	0.000000e+00	0.000000e+00	0.0	0.000000e+00	0.000000e+00	0.0	0.000000e+00	0.000000e+00	0.0	0.000000e+00	0.000000e+00	0.0	0.000000e+00	0.000000e+00	0.0	0.000000e+00	0.000000e+00	0.0	0.000000e+00	0.000000e+00	0.0	0.000000e+00	0.000000e+00	0.0	0.000000e+00	0.000000e+00	0.0	0.000000e+00	0.000000e+00	0.0	0.000000e+00	0.000000e+00	0.0	0.000000e+00	0.000000e+00	0.0	0.000000e+00	0.000000e+00	0.0	0.000000e+00	0.000000e+00	0.0	0.000000e+00	0.000000e+00	0.0	0.000000e+00	0.000000e+00	0.0	0.000000e+00	0.000000e+00	0.0	0.000000e+00	0.000000e+00	0.0	0.000000e+00	0.000000e+00	0.0	0.000000e+00	0.000000e+00	0.0	0.000000e+00	0.000000e+00	0.0	0.000000e+00	0.000000e+00	0.0	0.000000e+00	0.000000e+00	0.0	0.000000e+00	0.000000e+00	0.0	0.000000e+00	0.000000e+00	0.0	0.000000e+00	0.000000e+00	0.0	0.000000e+00	0.000000e+00	0.0	0.000000e+00	0.000000e+00	0.0	0.000000e+00	0.000000e+00	0.0	0.000000e+00	0.000000e+00	0.0	0.000000e+00	0.000000e+00	0.0	0.000000e+00	0.000000e+00	0.0	0.000000e+00	0.000000e+00	0.0	0.000000e+00	0.000000e+00	0.0	0.000000e+00	0.000000e+00	0.0	0.000000e+00	0.000000e+00	0.0	0.000000e+00	0.000000e+00	0.0	0.000000e+00	0.000000e+00	0.0	0.000000e+00	0.000000e+00	0.0	0.000000e+00	0.000000e+00	0.0	0.000000e+00	0.000000e+00	0.0	0.000000e+00	0.000000e+00	0.0	0.000000e+00	0.000000e+00	0.0	0.000000e+00	0.000000e+00	0.0	0.000000e+00	0.000000e+00	0.0	0.000000e+00	0.000000e+00	0.0	0.000000e+00	0.000000e+00	0.0	0.000000e+00	0.000000e+00	0.0	0.000000e+00	0.000000e+00	0.0	0.000000e+00	0.000000e+00	0.0	0.000000e+00	0.000000e+00	0.0	0.000000e+00	0.000000e+00	0.0	0.000000e+00	0.000000e+00	0.0	0.000000e+00	0.000000e+00	0.0	0.000000e+00	0.000000e+00	0.0	0.000000e+00	0.000000e+00	0.0	0.000000e+00	0.000000e+00	0.0	0.000000e+00	0.000000e+00	0.0	0.000000e+00	0.000000e+00	0.0	0.000000e+00	0.000000e+00	0.0	0.000000e+00	0.000000e+00	0.0	0.000000e+00	0.000000e+00	0.0	0.000000e+00	0.000000e+00	0.0	0.000000e+00	0.000000e+00	0.0	0.000000e+00	0.000000e+00	0.0	0.000000e+00	0.000000e+00	0.0	0.000000e+00	0.000000e+00	0.0	0.000000e+00	0.000000e+00	0.0	0.000000e+00	0.000000e+00	0.0	0.000000e+00	0.000000e+00	0.0	0.000000e+00	0.000000e+00	0.0	0.000000e+00	0.000000e+00	0.0	0.000000e+00	0.000000e+00	0.0	0.000000e+00	0.000000e+00	0.0	0.000000e+00	0.000000e+00	0.0	0.000000e+00	0.000000e+00	0.0	0.000000e+00	0.000000e+00	0.0	0.000000e+00	0.000000e+00	0.0	0.000000e+00	0.000000e+00	0.0	0.000000e+00	0.000000e+00	0.0	0.000000e+00	0.000000e+00	0.0	0.000000e+00	0.000000e+00	0.0	0.000000e+00	0.000000e+00	0.0	0.000000e+00	0.000000e+00	0.0	0.000000e+00	0.000000e+00	0.0	0.000000e+00	0.000000e+00	0.0	0.000000e+00	0.000000e+00	0.0	0.000000e+00	0.000000e+00	0.0	0.000000e+00	0.000000e+00	0.0	0.000000e+00	0.000000e+00	0.0	0.000000e+00	0.000000e+00	0.0	0.000000e+00	0.000000e+00	0.0	0.000000e+00	0.000000e+00	0.0	0.000000e+00	0.000000e+00	0.0	0.000000e+00	0.000000e+00	0.0	0.000000e+00	0.000000e+00	0.0	0.000000e+00	0.000000e+00	0.0	0.000000e+00	0.000000e+00	0.0	0.000000e+00	0.000000e+00	0.0	0.000000e+00	0.000000e+00	0.0	0.000000e+00	0.000000e+00	0.0	0.000000e+00	0.000000e+00	0.0	0.000000e+00	0.000000e+00	0.0	0.000000e+00	0.000000e+00	0.0	0.000000e+00	0.000000e+00	0.0	0.000000e+00	0.000000e+00	0.0	0.000000e+00	0.000000e+00	0.0	0.000000e+00	0.000000e+00	0.0	0.000000e+00	0.000000e+00	0.0	0.000000e+00	0.000000e+00	0.0	0.000000e+00	0.000000e+00	0.0	0.000000e+00	0.000000e+00	0.0	0.000000e+00	0.000000e+00	0.0	0.000000e+00	0.000000e+00	0.0	0.000000e+00	0.000000e+00	0.0	0.000000e+00	0.000000e+00	0.0	0.000000e+00	0.000000e+00	0.0	0.000000e+00	0.000000e+00	0.0	0.000000e+00	0.000000e+00	0.0	0.000000e+00	0.000000e+00	0.0	0.000000e+00	0.000000e+00	0.0	0.000000e+00	0.000000e+00	0.0	0.000000e+00	0.000000e+00	0.0	0.000000e+00	0.000000e+00	0.0	0.000000e+00	0.000000e+00	0.0	0.000000e+00	0.000000e+00	0.0	0.000000e+00	0.000000e+00	0.0	0.000000e+00	0.000000e+00	0.0	0.000000e+00	0.000000e+00	0.0	0.000000e+00	0.000000e+00	0.0	0.000000e+00	0.000000e+00	0.0	0.000000e+00	0.000000e+00	0.0	0.000000e+00	0.000000e+00	0.0	0.000000e+00	0.000000e+00	0.0	0.000000e+00	0.000000e+00	0.0	0.000000e+00	0.000000e+00	0.0	0.000000e+00	0.000000e+00	0.0	0.000000e+00	0.000000e+00	0.0	0.000000e+00	0.000000e+00	0.0	0.000000e+00	0.000000e+00	0.0	0.000000e+00	0.000000e+00	0.0	0.000000e+00	0.000000e+00	0.0	0.000000e+00	0.000000e+00	0.0	0.000000e+00	0.000000e+00	0.0	0.000000e+00	0.000000e+00	0.0	0.000000e+00	0.000000e+00	0.0	0.000000e+00	0.000000e+00	0.0	0.000000e+00	0.000000e+00	0.0	0.000000e+00	0.000000e+00	0.0	0.000000e+00	0.000000e+00	0.0	0.000000e+00	0.000000e+00	0.0	0.000000e+00	0.000000e+00	0.0	0.000000e+00	0.000000e+00	0.0	0.000000e+00	0.000000e+00	0.0	0.000000e+00	0.000000e+00	0.0	0.000000e+00	0.000000e+00	0.0	0.000000e+00	0.000000e+00	0.0	0.000000e+00	0.000000e+00	0.0	0.000000e+00	0.000000e+00	0.0	0.000000e+00	0.000000e+00	0.0	0.000000e+00	0.000000e+00	0.0	0.000000e+00	0.000000e+00	0.0	0.000000e+00	0.000000e+00	0.0	0.000000e+00	0.000000e+00	0.0	0.000000e+00	0.000000e+00	0.0	0.000000e+00	0.000000e+00	0.0	0.000000e+00	0.000000e+00	0.0	0.000000e+00	0.000000e+00	0.0	0.000000e+00	0.000000e+00	0.0	0.000000e+00	0.000000e+00	0.0	0.000000e+00	0.000000e+00	0.0	0.000000e+00	0.000000e+00	0.0	0.000000e+00	0.000000e+00	0.0	0.000000e+00	0.000000e+00	0.0	0.000000e+00	0.000000e+00	0.0	0.000000e+00	0.000000e+00	0.0	0.000000e+00	0.000000e+00	0.0	0.000000e+00	0.000000e+00	0.0	0.000000e+00	0.000000e+00	0.0	0.000000e+00	0.000000e+00	0.0	0.000000e+00	0.000000e+00	0.0	0.000000e+00	0.000000e+00	0.0	0.000000e+00	0.000000e+00	0.0	0.000000e+00	0.000000e+00	0.0	0.000000e+00	0.000000e+00	0.0	0.000000e+00	0.000000e+00	0.0	0.000000e+00	0.000000e+00	0.0	0.000000e+00	0.000000e+00	0.0	0.000000e+00	0.000000e+00	0.0	0.000000e+00	0.000000e+00	0.0	0.000000e+00	0.000000e+00	0.0	0.000000e+00	0.000000e+00	0.0	0.000000e+00	0.000000e+00	0.0	0.000000e+00	0.000000e+00	0.0	0.000000e+00	0.000000e+00	0.0	0.000000e+00	0.000000e+00	0.0	0.000000e+00	0.000000e+00	0.0	0.000000e+00	0.000000e+00	0.0	0.000000e+00	0.000000e+00	0.0	0.000000e+00	0.000000e+00	0.0	0.000000e+00	0.000000e+00	0.0	0.000000e+00	0.000000e+00	0.0	0.000000e+00	0.000000e+00	0.0	0.000000e+00	0.000000e+00	0.0	0.000000e+00	0.000000e+00	0.0	0.000000e+00	0.000000e+00	0.0	0.000000e+00	0.000000e+00	0.0	0.000000e+00	0.000000e+00	0.0	0.000000e+00	0.000000e+00	0.0	0.000000e+00	0.000000e+00	0.0	0.000000e+00	0.000000e+00	0.0	0.000000e+00	0.000000e+00	0.0	0.000000e+00	0.000000e+00	0.0	0.000000e+00	0.000000e+00	0.0	0.000000e+00	0.000000e+00	0.0	0.000000e+00	0.000000e+00	0.0	0.000000e+00	0.000000e+00	0.0	0.000000e+00	0.000000e+00	0.0	0.000000e+00	0.000000e+00	0.0	0.000000e+00	0.000000e+00	0.0	0.000000e+00	0.000000e+00	0.0	0.000000e+00	0.000000e+00	0.0	0.000000e+00	0.000000e+00	0.0	0.000000e+00	0.000000e+00	0.0	0.000000e+00	0.000000e+00	0.0	0.000000e+00	0.000000e+00	0.0	0.000000e+00	0.000000e+00	0.0	0.000000e+00	0.000000e+00	0.0	0.000000e+00	0.000000e+00	0.0	0.000000e+00	0.000000e+00	0.0	0.000000e+00	0.000000e+00	0.0	0.000000e+00	0.000000e+00	0.0	0.000000e+00	0.000000e+00	0.0	0.000000e+00	0.000000e+00	0.0	0.000000e+00	0.000000e+00	0.0	0.000000e+00	0.000000e+00	0.0	0.000000e+00	0.000000e+00	0.0	0.000000e+00	0.000000e+00	0.0	0.000000e+00	0.000000e+00	0.0	0.000000e+00	0.000000e+00	0.0	0.000000e+00	0.000000e+00	0.0	0.000000e+00	0.000000e+00	0.0	0.000000e+00	0.000000e+00	0.0	0.000000e+00	0.000000e+00	0.0	0.000000e+00	0.000000e+00	0.0	0.000000e+00	0.000000e+00	0.0	0.000000e+00	0.000000e+00	0.0	0.000000e+00	0.000000e+00	0.0	0.000000e+00	0.000000e+00	0.0	0.000000e+00	0.000000e+00	0.0	0.000000e+00	0.000000e+00	0.0	0.000000e+00	0.000000e+00	0.0	0.000000e+00	0.000000e+00	0.0	0.000000e+00	0.000000e+00	0.0	0.000000e+00	0.000000e+00	0.0	0.000000e+00	0.000000e+00	0.0	0.000000e+00	0.000000e+00	0.0	0.000000e+00	0.000000e+00	0.0	0.000000e+00	0.000000e+00	0.0	0.000000e+00	0.000000e+00	0.0	0.000000e+00	0.000000e+00	0.0	0.000000e+00	0.000000e+00	0.0	0.000000e+00	0.000000e+00	0.0	0.000000e+00	0.000000e+00	0.0	0.000000e+00	0.000000e+00	0.0	0.000000e+00	0.000000e+00	0.0	0.000000e+00	0.000000e+00	0.0	0.000000e+00	0.000000e+00	0.0	0.000000e+00	0.000000e+00	0.0	0.000000e+00	0.000000e+00	0.0	0.000000e+00	0.000000e+00	0.0	0.000000e+00	0.000000e+00	0.0	0.000000e+00	0.000000e+00	0.0	0.000000e+00	0.000000e+00	0.0	0.000000e+00	0.000000e+00	0.0	0.000000e+00	0.000000e+00	0.0	0.000000e+00	0.000000e+00	0.0	0.000000e+00	0.000000e+00	0.0	0.000000e+00	0.000000e+00	0.0	0.000000e+00	0.000000e+00	0.0	0.000000e+00	0.000000e+00	0.0	0.000000e+00	0.000000e+00	0.0	0.000000e+00	0.000000e+00	0.0	0.000000e+00	0.000000e+00	0.0	0.000000e+00	0.000000e+00	0.0	0.000000e+00	0.000000e+00	0.0	0.000000e+00	0.000000e+00	0.0	0.000000e+00	0.000000e+00	0.0	0.000000e+00	0.000000e+00	0.0	0.000000e+00	0.000000e+00	0.0	0.000000e+00	0.000000e+00	0.0	0.000000e+00	0.000000e+00	0.0	0.000000e+00	0.000000e+00	0.0	0.000000e+00	0.000000e+00	0.0	0.000000e+00	0.000000e+00	0.0	0.000000e+00	0.000000e+00	0.0	0.000000e+00	0.000000e+00	0.0	0.000000e+00	0.000000e+00	0.0	0.000000e+00	0.000000e+00	0.0	0.000000e+00	0.000000e+00	0.0	0.000000e+00	0.000000e+00	0.0	0.000000e+00	0.000000e+00	0.0	0.000000e+00	0.000000e+00	0.0	0.000000e+00	0.000000e+00	0.0	0.000000e+00	0.000000e+00	0.0	0.000000e+00	0.000000e+00	0.0	0.000000e+00	0.000000e+00	0.0	0.000000e+00	0.000000e+00	0.0	0.000000e+00	0.000000e+00	0.0	0.000000e+00	0.000000e+00	0.0	0.000000e+00	0.000000e+00	0.0	0.000000e+00	0.000000e+00	0.0	0.000000e+00	0.000000e+00	0.0	0.000000e+00	0.000000e+00	0.0	0.000000e+00	0.000000e+00	0.0	0.000000e+00	0.000000e+00	0.0	0.000000e+00	0.000000e+00	0.0	0.000000e+00	0.000000e+00	0.0	0.000000e+00	0.000000e+00	0.0	0.000000e+00	0.000000e+00	0.0	0.000000e+00	0.000000e+00	0.0	0.000000e+00	0.000000e+00	0.0	0.000000e+00	0.000000e+00	0.0	0.000000e+00	0.000000e+00	0.0	0.000000e+00	0.000000e+00	0.0	0.000000e+00	0.000000e+00	0.0	0.000000e+00	0.000000e+00	0.0	0.000000e+00	0.000000e+00	0.0	0.000000e+00	0.000000e+00	0.0	0.000000e+00	0.000000e+00	0.0	0.000000e+00	0.000000e+00	0.0	0.000000e+00	0.000000e+00	0.0	0.000000e+00	0.000000e+00	0.0	0.000000e+00	0.000000e+00	0.0	0.000000e+00	0.000000e+00	0.0	0.000000e+00	0.000000e+00	0.0	0.000000e+00	0.000000e+00	0.0	0.000000e+00	0.000000e+00	0.0	0.000000e+00	0.000000e+00	0.0	0.000000e+00	0.000000e+00	0.0	0.000000e+00	0.000000e+00	0.0	0.000000e+00	0.000000e+00	0.0	0.000000e+00	0.000000e+00	0.0	0.000000e+00	0.000000e+00	0.0	0.000000e+00	0.000000e+00	0.0	0.000000e+00	0.000000e+00	0.0	0.000000e+00	0.000000e+00	0.0	0.000000e+00	0.000000e+00	0.0	0.000000e+00	0.000000e+00	0.0	0.000000e+00	0.000000e+00	0.0	0.000000e+00	0.000000e+00	0.0	0.000000e+00	0.000000e+00	0.0	0.000000e+00	0.000000e+00	0.0	0.000000e+00	0.000000e+00	0.0	0.000000e+00	0.000000e+00	0.0	0.000000e+00	0.000000e+00	0.0	0.000000e+00	0.000000e+00	0.0	0.000000e+00	0.000000e+00	0.0	0.000000e+00	0.000000e+00	0.0	0.000000e+00	0.000000e+00	0.0	0.000000e+00	0.000000e+00	0.0	0.000000e+00	0.000000e+00	0.0	0.000000e+00	0.000000e+00	0.0	0.000000e+00	0.000000e+00	0.0	0.000000e+00	0.000000e+00	0.0	0.000000e+00	0.000000e+00	0.0	0.000000e+00	0.000000e+00	0.0	0.000000e+00	0.000000e+00	0.0	0.000000e+00	0.000000e+00	0.0	0.000000e+00	0.000000e+00	0.0	0.000000e+00	0.000000e+00	0.0	0.000000e+00	0.000000e+00	0.0	0.000000e+00	0.000000e+00	0.0	0.000000e+00	0.000000e+00	0.0	0.000000e+00	0.000000e+00	0.0	0.000000e+00	0.000000e+00	0.0	0.000000e+00	0.000000e+00	0.0	0.000000e+00	0.000000e+00	0.0	0.000000e+00	0.000000e+00	0.0	0.000000e+00	0.000000e+00	0.0	0.000000e+00	0.000000e+00	0.0	0.000000e+00	0.000000e+00	0.0	0.000000e+00	0.000000e+00	0.0	0.000000e+00	0.000000e+00	0.0	0.000000e+00	0.000000e+00	0.0	0.000000e+00	0.000000e+00	0.0	0.000000e+00	0.000000e+00	0.0	0.000000e+00	0.000000e+00	0.0	0.000000e+00	0.000000e+00	0.0	0.000000e+00	0.000000e+00	0.0	0.000000e+00	0.000000e+00	0.0	0.000000e+00	0.000000e+00	0.0	0.000000e+00	0.000000e+00	0.0	0.000000e+00	0.000000e+00	0.0	0.000000e+00	0.000000e+00	0.0	0.000000e+00	0.000000e+00	0.0	0.000000e+00	0.000000e+00	0.0	0.000000e+00	0.000000e+00	0.0	0.000000e+00	0.000000e+00	0.0	0.000000e+00	0.000000e+00	0.0	0.000000e+00	0.000000e+00	0.0	0.000000e+00	0.000000e+00	0.0	0.000000e+00	0.000000e+00	0.0	0.000000e+00	0.000000e+00	0.0	0.000000e+00	0.000000e+00	0.0	0.000000e+00	0.000000e+00	0.0	0.000000e+00	0.000000e+00	0.0	0.000000e+00	0.000000e+00	0.0	0.000000e+00	0.000000e+00	0.0	0.000000e+00	0.000000e+00	0.0	0.000000e+00	0.000000e+00	0.0	0.000000e+00	0.000000e+00	0.0	0.000000e+00	0.000000e+00	0.0	0.000000e+00	0.000000e+00	0.0	0.000000e+00	0.000000e+00	0.0	0.000000e+00	0.000000e+00	0.0	0.000000e+00	0.000000e+00	0.0	0.000000e+00	0.000000e+00	0.0	0.000000e+00	0.000000e+00	0.0	0.000000e+00	0.000000e+00	0.0	0.000000e+00	0.000000e+00	0.0	0.000000e+00	0.000000e+00	0.0	0.000000e+00	0.000000e+00	0.0	0.000000e+00	0.000000e+00	0.0	0.000000e+00	0.000000e+00	0.0	0.000000e+00	0.000000e+00	0.0	0.000000e+00	0.000000e+00	0.0	0.000000e+00	0.000000e+00	0.0	0.000000e+00	0.000000e+00	0.0	0.000000e+00	0.000000e+00	0.0	0.000000e+00	0.000000e+00	0.0	0.000000e+00	0.000000e+00	0.0	0.000000e+00	0.000000e+00	0.0	0.000000e+00	0.000000e+00	0.0	0.000000e+00	0.000000e+00	0.0	0.000000e+00	0.000000e+00	0.0	0.000000e+00	0.000000e+00	0.0	0.000000e+00	0.000000e+00	0.0	0.000000e+00	0.000000e+00	0.0	0.000000e+00	0.000000e+00	0.0	0.000000e+00	0.000000e+00	0.0	0.000000e+00	0.000000e+00	0.0	0.000000e+00	0.000000e+00	0.0	0.000000e+00	0.000000e+00	0.0	0.000000e+00	0.000000e+00	0.0	0.000000e+00	0.000000e+00	0.0	0.000000e+00	0.000000e+00	0.0	0.000000e+00	0.000000e+00	0.0	0.000000e+00	0.000000e+00	0.0	0.000000e+00	0.000000e+00	0.0	0.000000e+00	0.000000e+00	0.0	0.000000e+00	0.000000e+00	0.0	0.000000e+00	0.000000e+00	0.0	0.000000e+00	0.000000e+00	0.0	0.000000e+00	0.000000e+00	0.0	0.000000e+00	0.000000e+00	0.0	0.000000e+00	0.000000e+00	0.0	0.000000e+00	0.000000e+00	0.0	0.000000e+00	0.000000e+00	0.0	0.000000e+00	0.000000e+00	0.0	0.000000e+00	0.000000e+00	0.0	0.000000e+00	0.000000e+00	0.0	0.000000e+00	0.000000e+00	0.0	0.000000e+00	0.000000e+00	0.0	0.000000e+00	0.000000e+00	0.0	0.000000e+00	0.000000e+00	0.0	0.000000e+00	0.000000e+00	0.0	0.000000e+00	0.000000e+00	0.0	0.000000e+00	0.000000e+00	0.0	0.000000e+00	0.000000e+00	0.0	0.000000e+00	0.000000e+00	0.0	0.000000e+00	0.000000e+00	0.0	0.000000e+00	0.000000e+00	0.0	0.000000e+00	0.000000e+00	0.0	0.000000e+00	0.000000e+00	0.0	0.000000e+00	0.000000e+00	0.0	0.000000e+00	0.000000e+00	0.0	0.000000e+00	0.000000e+00	0.0	0.000000e+00	0.000000e+00	0.0	0.000000e+00	0.000000e+00	0.0	0.000000e+00	0.000000e+00	0.0	0.000000e+00	0.000000e+00	0.0	0.000000e+00	0.000000e+00	0.0	0.000000e+00	0.000000e+00	0.0	0.000000e+00	0.000000e+00	0.0	0.000000e+00	0.000000e+00	0.0	0.000000e+00	0.000000e+00	0.0	0.000000e+00	0.000000e+00	0.0	0.000000e+00	0.000000e+00	0.0	0.000000e+00	0.000000e+00	0.0	0.000000e+00	0.000000e+00	0.0	0.000000e+00	0.000000e+00	0.0	0.000000e+00	0.000000e+00	0.0	0.000000e+00	0.000000e+00	0.0	0.000000e+00	0.000000e+00	0.0	0.000000e+00	0.000000e+00	0.0	0.000000e+00	0.000000e+00	0.0	0.000000e+00	0.000000e+00	0.0	0.000000e+00	0.000000e+00	0.0	0.000000e+00	0.000000e+00	0.0	0.000000e+00	0.000000e+00	0.0	0.000000e+00	0.000000e+00	0.0	0.000000e+00	0.000000e+00	0.0	0.000000e+00	0.000000e+00	0.0	0.000000e+00	0.000000e+00	0.0	0.000000e+00	0.000000e+00	0.0	0.000000e+00	0.000000e+00	0.0	0.000000e+00	0.000000e+00	0.0	0.000000e+00	0.000000e+00	0.0	0.000000e+00	0.000000e+00	0.0	0.000000e+00	0.000000e+00	0.0	0.000000e+00	0.000000e+00	0.0	0.000000e+00	0.000000e+00	0.0	0.000000e+00	0.000000e+00	0.0	0.000000e+00	0.000000e+00	0.0	0.000000e+00	0.000000e+00	0.0	0.000000e+00	0.000000e+00	0.0	0.000000e+00	0.000000e+00	0.0	0.000000e+00	0.000000e+00	0.0	0.000000e+00	0.000000e+00	0.0	0.000000e+00	0.000000e+00	0.0	0.000000e+00	0.000000e+00	0.0	0.000000e+00	0.000000e+00	0.0	0.000000e+00	0.000000e+00	0.0	0.000000e+00	0.000000e+00	0.0	0.000000e+00	0.000000e+00	0.0	0.000000e+00	0.000000e+00	0.0	0.000000e+00	0.000000e+00	0.0	0.000000e+00	0.000000e+00	0.0	0.000000e+00	0.000000e+00	0.0	0.000000e+00	0.000000e+00	0.0	0.000000e+00	0.000000e+00	0.0	0.000000e+00	0.000000e+00	0.0	0.000000e+00	0.000000e+00	0.0	0.000000e+00	0.000000e+00	0.0	0.000000e+00	0.000000e+00	0.0	0.000000e+00	0.000000e+00	0.0	0.000000e+00	0.000000e+00	0.0	0.000000e+00	0.000000e+00	0.0	0.000000e+00	0.000000e+00	0.0	0.000000e+00	0.000000e+00	0.0	0.000000e+00	0.000000e+00	0.0	0.000000e+00	0.000000e+00	0.0	0.000000e+00	0.000000e+00	0.0	0.000000e+00	0.000000e+00	0.0	0.000000e+00	0.000000e+00	0.0	0.000000e+00	0.000000e+00	0.0	0.000000e+00	0.000000e+00	0.0	0.000000e+00	0.000000e+00	0.0	0.000000e+00	0.000000e+00	0.0	0.000000e+00	0.000000e+00	0.0	0.000000e+00	0.000000e+00	0.0	0.000000e+00	0.000000e+00	0.0	0.000000e+00	0.000000e+00	0.0	0.000000e+00	0.000000e+00	0.0	0.000000e+00	0.000000e+00	0.0	0.000000e+00	0.000000e+00	0.0	0.000000e+00	0.000000e+00	0.0	0.000000e+00	0.000000e+00	0.0	0.000000e+00	0.000000e+00	0.0	0.000000e+00	0.000000e+00	0.0	0.000000e+00	0.000000e+00	0.0	0.000000e+00	0.000000e+00	0.0	0.000000e+00	0.000000e+00	0.0	0.000000e+00	0.000000e+00	0.0	0.000000e+00	0.000000e+00	0.0	0.000000e+00	0.000000e+00	0.0	0.000000e+00	0.000000e+00	0.0	0.000000e+00	0.000000e+00	0.0	0.000000e+00	0.000000e+00	0.0	0.000000e+00	0.000000e+00	0.0	0.000000e+00	0.000000e+00	0.0	0.000000e+00	0.000000e+00	0.0	0.000000e+00	0.000000e+00	0.0	0.000000e+00	0.000000e+00	0.0	0.000000e+00	0.000000e+00	0.0	0.000000e+00	0.000000e+00	0.0	0.000000e+00	0.000000e+00	0.0	0.000000e+00	0.000000e+00	0.0	0.000000e+00	0.000000e+00	0.0	0.000000e+00	0.000000e+00	0.0	0.000000e+00	0.000000e+00	0.0	0.000000e+00	0.000000e+00	0.0	0.000000e+00	0.000000e+00	0.0	0.000000e+00	0.000000e+00	0.0	0.000000e+00	0.000000e+00	0.0	0.000000e+00	0.000000e+00	0.0	0.000000e+00	0.000000e+00	0.0	0.000000e+00	0.000000e+00	0.0	0.000000e+00	0.000000e+00	0.0	0.000000e+00	0.000000e+00	0.0	0.000000e+00	0.000000e+00	0.0	0.000000e+00	0.000000e+00	0.0	0.000000e+00	0.000000e+00	0.0	0.000000e+00	0.000000e+00	0.0	0.000000e+00	0.000000e+00	0.0	0.000000e+00	0.000000e+00	0.0	0.000000e+00	0.000000e+00	0.0	0.000000e+00	0.000000e+00	0.0	0.000000e+00	0.000000e+00	0.0	0.000000e+00	0.000000e+00	0.0	0.000000e+00	0.000000e+00	0.0	0.000000e+00	0.000000e+00	0.0	0.000000e+00	0.000000e+00	0.0	0.000000e+00	0.000000e+00	0.0	0.000000e+00	0.000000e+00	0.0	0.000000e+00	0.000000e+00	0.0	0.000000e+00	0.000000e+00	0.0	0.000000e+00	0.000000e+00	0.0	0.000000e+00	0.000000e+00	0.0	0.000000e+00	0.000000e+00	0.0	0.000000e+00	0.000000e+00	0.0	0.000000e+00	0.000000e+00	0.0	0.000000e+00	0.000000e+00	0.0	0.000000e+00	0.000000e+00	0.0	0.000000e+00	0.000000e+00	0.0	0.000000e+00	0.000000e+00	0.0	0.000000e+00	0.000000e+00	0.0	0.000000e+00	0.000000e+00	0.0	0.000000e+00	0.000000e+00	0.0	0.000000e+00	0.000000e+00	0.0	0.000000e+00	0.000000e+00	0.0	0.000000e+00	0.000000e+00	0.0	0.000000e+00	0.000000e+00	0.0	0.000000e+00	0.000000e+00	0.0	0.000000e+00	0.000000e+00	0.0	0.000000e+00	0.000000e+00	0.0	0.000000e+00	0.000000e+00	0.0	0.000000e+00	0.000000e+00	0.0	0.000000e+00	0.000000e+00	0.0	0.000000e+00	0.000000e+00	0.0	0.000000e+00	0.000000e+00	0.0	0.000000e+00	0.000000e+00	0.0	0.000000e+00	0.000000e+00	0.0	0.000000e+00	0.000000e+00	0.0	0.000000e+00	0.000000e+00	0.0	0.000000e+00	0.000000e+00	0.0	0.000000e+00	0.000000e+00	0.0	0.000000e+00	0.000000e+00	0.0	0.000000e+00	0.000000e+00	0.0	0.000000e+00	0.000000e+00	0.0	0.000000e+00	0.000000e+00	0.0	0.000000e+00	0.000000e+00	0.0	0.000000e+00	0.000000e+00	0.0	0.000000e+00	0.000000e+00	0.0	0.000000e+00	0.000000e+00	0.0	0.000000e+00	0.000000e+00	0.0	0.000000e+00	0.000000e+00	0.0	0.000000e+00	0.000000e+00	0.0	0.000000e+00	0.000000e+00	0.0	0.000000e+00	0.000000e+00	0.0	0.000000e+00	0.000000e+00	0.0	0.000000e+00	0.000000e+00	0.0	0.000000e+00	0.000000e+00	0.0	0.000000e+00	0.000000e+00	0.0	0.000000e+00	0.000000e+00	0.0	0.000000e+00	0.000000e+00	0.0	0.000000e+00	0.000000e+00	0.0	0.000000e+00	0.000000e+00	0.0	0.000000e+00	0.000000e+00	0.0	0.000000e+00	0.000000e+00	0.0	0.000000e+00	0.000000e+00	0.0	0.000000e+00	0.000000e+00	0.0	0.000000e+00	0.000000e+00	0.0	0.000000e+00	0.000000e+00	0.0	0.000000e+00	0.000000e+00	0.0	0.000000e+00	0.000000e+00	0.0	0.000000e+00	0.000000e+00	0.0	0.000000e+00	0.000000e+00	0.0	0.000000e+00	0.000000e+00	0.0	0.000000e+00	0.000000e+00	0.0	0.000000e+00	0.000000e+00	0.0	0.000000e+00	0.000000e+00	0.0	0.000000e+00	0.000000e+00	0.0	0.000000e+00	0.000000e+00	0.0	0.000000e+00	0.000000e+00	0.0	0.000000e+00	0.000000e+00	0.0	0.000000e+00	0.000000e+00	0.0	0.000000e+00	0.000000e+00	0.0	0.000000e+00	0.000000e+00	0.0	0.000000e+00	0.000000e+00	0.0	0.000000e+00	0.000000e+00	0.0	0.000000e+00	0.000000e+00	0.0	0.000000e+00	0.000000e+00	0.0	0.000000e+00	0.000000e+00	0.0	0.000000e+00	0.000000e+00	0.0	0.000000e+00	0.000000e+00	0.0	0.000000e+00	0.000000e+00	0.0	0.000000e+00	0.000000e+00	0.0	0.000000e+00	0.000000e+00	0.0	0.000000e+00	0.000000e+00	0.0	0.000000e+00	0.000000e+00	0.0	0.000000e+00	0.000000e+00	0.0	0.000000e+00	0.000000e+00	0.0	0.000000e+00	0.000000e+00	0.0	0.000000e+00	0.000000e+00	0.0	0.000000e+00	0.000000e+00	0.0	0.000000e+00	0.000000e+00	0.0	0.000000e+00	0.000000e+00	0.0	0.000000e+00	0.000000e+00	0.0	0.000000e+00	0.000000e+00	0.0	0.000000e+00	0.000000e+00	0.0	0.000000e+00	0.000000e+00	0.0	0.000000e+00	0.000000e+00	0.0	0.000000e+00	0.000000e+00	0.0	0.000000e+00	0.000000e+00	0.0	0.000000e+00	0.000000e+00	0.0	0.000000e+00	0.000000e+00	0.0	0.000000e+00	0.000000e+00	0.0	0.000000e+00	0.000000e+00	0.0	0.000000e+00	0.000000e+00	0.0	0.000000e+00	0.000000e+00	0.0	0.000000e+00	0.000000e+00	0.0	0.000000e+00	0.000000e+00	0.0	0.000000e+00	0.000000e+00	0.0	0.000000e+00	0.000000e+00	0.0	0.000000e+00	0.000000e+00	0.0	0.000000e+00	0.000000e+00	0.0	0.000000e+00	0.000000e+00	0.0	0.000000e+00	0.000000e+00	0.0	0.000000e+00	0.000000e+00	0.0	0.000000e+00	0.000000e+00	0.0	0.000000e+00	0.000000e+00	0.0	0.000000e+00	0.000000e+00	0.0	0.000000e+00	0.000000e+00	0.0	0.000000e+00	0.000000e+00	0.0	0.000000e+00	0.000000e+00	0.0	0.000000e+00	0.000000e+00	0.0	0.000000e+00	0.000000e+00	0.0	0.000000e+00	0.000000e+00	0.0	0.000000e+00	0.000000e+00	0.0	0.000000e+00	0.000000e+00	0.0	0.000000e+00	0.000000e+00	0.0	0.000000e+00	0.000000e+00	0.0	0.000000e+00	0.000000e+00	0.0	0.000000e+00	0.000000e+00	0.0	0.000000e+00	0.000000e+00	0.0	0.000000e+00	0.000000e+00	0.0	0.000000e+00	0.000000e+00	0.0	0.000000e+00	0.000000e+00	0.0	0.000000e+00	0.000000e+00	0.0	0.000000e+00	0.000000e+00	0.0	0.000000e+00	0.000000e+00	0.0	0.000000e+00	0.000000e+00	0.0	0.000000e+00	0.000000e+00	0.0	0.000000e+00	0.000000e+00	0.0	0.000000e+00	0.000000e+00	0.0	0.000000e+00	0.000000e+00	0.0	0.000000e+00	0.000000e+00	0.0	0.000000e+00	0.000000e+00	0.0	0.000000e+00	0.000000e+00	0.0	0.000000e+00	0.000000e+00	0.0	0.000000e+00	0.000000e+00	0.0	0.000000e+00	0.000000e+00	0.0	0.000000e+00	0.000000e+00	0.0	0.000000e+00	0.000000e+00	0.0	0.000000e+00	0.000000e+00	0.0	0.000000e+00	0.000000e+00	0.0	0.000000e+00	0.000000e+00	0.0	0.000000e+00	0.000000e+00	0.0	0.000000e+00	0.000000e+00	0.0	0.000000e+00	0.000000e+00	0.0	0.000000e+00	0.000000e+00	0.0	0.000000e+00	0.000000e+00	0.0	0.000000e+00	0.000000e+00	0.0	0.000000e+00	0.000000e+00	0.0	0.000000e+00	0.000000e+00	0.0	0.000000e+00	0.000000e+00	0.0	0.000000e+00	0.000000e+00	0.0	0.000000e+00	0.000000e+00	0.0	0.000000e+00	0.000000e+00	0.0	0.000000e+00	0.000000e+00	0.0	0.000000e+00	0.000000e+00	0.0	0.000000e+00	0.000000e+00	0.0	0.000000e+00	0.000000e+00	0.0	0.000000e+00	0.000000e+00	0.0	0.000000e+00	0.000000e+00	0.0	0.000000e+00	0.000000e+00	0.0	0.000000e+00	0.000000e+00	0.0	0.000000e+00	0.000000e+00	0.0	0.000000e+00	0.000000e+00	0.0	0.000000e+00	0.000000e+00	0.0	0.000000e+00	0.000000e+00	0.0	0.000000e+00	0.000000e+00	0.0	0.000000e+00	0.000000e+00	0.0	0.000000e+00	0.000000e+00	0.0	0.000000e+00	0.000000e+00	0.0	0.000000e+00	0.000000e+00	0.0	0.000000e+00	0.000000e+00	0.0	0.000000e+00	0.000000e+00	0.0	0.000000e+00	0.000000e+00	0.0	0.000000e+00	0.000000e+00	0.0	0.000000e+00	0.000000e+00	0.0	0.000000e+00	0.000000e+00	0.0	0.000000e+00	0.000000e+00	0.0	0.000000e+00	0.000000e+00	0.0	0.000000e+00	0.000000e+00	0.0	0.000000e+00	0.000000e+00	0.0	0.000000e+00	0.000000e+00	0.0	0.000000e+00	0.000000e+00	0.0	0.000000e+00	0.000000e+00	0.0	0.000000e+00	0.000000e+00	0.0	0.000000e+00	0.000000e+00	0.0	0.000000e+00	0.000000e+00	0.0	0.000000e+00	0.000000e+00	0.0	0.000000e+00	0.000000e+00	0.0	0.000000e+00	0.000000e+00	0.0	0.000000e+00	0.000000e+00	0.0	0.000000e+00	0.000000e+00	0.0	0.000000e+00	0.000000e+00	0.0	0.000000e+00	0.000000e+00	0.0	0.000000e+00	0.000000e+00	0.0	0.000000e+00	0.000000e+00	0.0	0.000000e+00	0.000000e+00	0.0	0.000000e+00	0.000000e+00	0.0	0.000000e+00	0.000000e+00	0.0	0.000000e+00	0.000000e+00	0.0	0.000000e+00	0.000000e+00	0.0	0.000000e+00	0.000000e+00	0.0	0.000000e+00	0.000000e+00	0.0	0.000000e+00	0.000000e+00	0.0	0.000000e+00	0.000000e+00	0.0	0.000000e+00	0.000000e+00	0.0	0.000000e+00	0.000000e+00	0.0	0.000000e+00	0.000000e+00	0.0	0.000000e+00	0.000000e+00	0.0	0.000000e+00	0.000000e+00	0.0	0.000000e+00	0.000000e+00	0.0	0.000000e+00	0.000000e+00	0.0	0.000000e+00	0.000000e+00	0.0	0.000000e+00	0.000000e+00	0.0	0.000000e+00	0.000000e+00	0.0	0.000000e+00	0.000000e+00	0.0	0.000000e+00	0.000000e+00	0.0	0.000000e+00	0.000000e+00	0.0	0.000000e+00	0.000000e+00	0.0	0.000000e+00	0.000000e+00	0.0	0.000000e+00	0.000000e+00	0.0	0.000000e+00	0.000000e+00	0.0	0.000000e+00	0.000000e+00	0.0	0.000000e+00	0.000000e+00	0.0	0.000000e+00	0.000000e+00	0.0	0.000000e+00	0.000000e+00	0.0	0.000000e+00	0.000000e+00	0.0	0.000000e+00	0.000000e+00	0.0	0.000000e+00	0.000000e+00	0.0	0.000000e+00	0.000000e+00	0.0	0.000000e+00	0.000000e+00	0.0	0.000000e+00	0.000000e+00	0.0	0.000000e+00	0.000000e+00	0.0	0.000000e+00	0.000000e+00	0.0	0.000000e+00	0.000000e+00	0.0	0.000000e+00	0.000000e+00	0.0	0.000000e+00	0.000000e+00	0.0	0.000000e+00	0.000000e+00	0.0	0.000000e+00	0.000000e+00	0.0	0.000000e+00	0.000000e+00	0.0	0.000000e+00	0.000000e+00	0.0	0.000000e+00	0.000000e+00	0.0	0.000000e+00	0.000000e+00	0.0	0.000000e+00	0.000000e+00	0.0	0.000000e+00	0.000000e+00	0.0	0.000000e+00	0.000000e+00	0.0	0.000000e+00	0.000000e+00	0.0	0.000000e+00	0.000000e+00	0.0	0.000000e+00	0.000000e+00	0.0	0.000000e+00	0.000000e+00	0.0	0.000000e+00	0.000000e+00	0.0	0.000000e+00	0.000000e+00	0.0	0.000000e+00	0.000000e+00	0.0	0.000000e+00	0.000000e+00	0.0	0.000000e+00	0.000000e+00	0.0	0.000000e+00	0.000000e+00	0.0	0.000000e+00	0.000000e+00	0.0	0.000000e+00	0.000000e+00	0.0	0.000000e+00	0.000000e+00	0.0	0.000000e+00	0.000000e+00	0.0	0.000000e+00	0.000000e+00	0.0	0.000000e+00	0.000000e+00	0.0	0.000000e+00	0.000000e+00	0.0	0.000000e+00	0.000000e+00	0.0	0.000000e+00	0.000000e+00	0.0	0.000000e+00	0.000000e+00	0.0	0.000000e+00	0.000000e+00	0.0	0.000000e+00	0.000000e+00	0.0	0.000000e+00	0.000000e+00	0.0	0.000000e+00	0.000000e+00	0.0	0.000000e+00	0.000000e+00	0.0	0.000000e+00	0.000000e+00	0.0	0.000000e+00	0.000000e+00	0.0	0.000000e+00	0.000000e+00	0.0	0.000000e+00	0.000000e+00	0.0	0.000000e+00	0.000000e+00	0.0	0.000000e+00	0.000000e+00	0.0	0.000000e+00	0.000000e+00	0.0	0.000000e+00	0.000000e+00	0.0	0.000000e+00	0.000000e+00	0.0	0.000000e+00	0.000000e+00	0.0	0.000000e+00	0.000000e+00	0.0	0.000000e+00	0.000000e+00	0.0	0.000000e+00	0.000000e+00	0.0	0.000000e+00	0.000000e+00	0.0	0.000000e+00	0.000000e+00	0.0	0.000000e+00	0.000000e+00	0.0	0.000000e+00	0.000000e+00	0.0	0.000000e+00	0.000000e+00	0.0	0.000000e+00	0.000000e+00	0.0	0.000000e+00	0.000000e+00	0.0	0.000000e+00	0.000000e+00	0.0	0.000000e+00	0.000000e+00	0.0	0.000000e+00	0.000000e+00	0.0	0.000000e+00	0.000000e+00	0.0	0.000000e+00	0.000000e+00	0.0	0.000000e+00	0.000000e+00	0.0	0.000000e+00	0.000000e+00	0.0	0.000000e+00	0.000000e+00	0.0	0.000000e+00	0.000000e+00	0.0	0.000000e+00	0.000000e+00	0.0	0.000000e+00	0.000000e+00	0.0	0.000000e+00	0.000000e+00	0.0	0.000000e+00	0.000000e+00	0.0	0.000000e+00	0.000000e+00	0.0	0.000000e+00	0.000000e+00	0.0	0.000000e+00	0.000000e+00	0.0	0.000000e+00	0.000000e+00	0.0	0.000000e+00	0.000000e+00	0.0	0.000000e+00	0.000000e+00	0.0	0.000000e+00	0.000000e+00	0.0	0.000000e+00	0.000000e+00	0.0	0.000000e+00	0.000000e+00	0.0	0.000000e+00	0.000000e+00	0.0	0.000000e+00	0.000000e+00	0.0	0.000000e+00	0.000000e+00	0.0	0.000000e+00	0.000000e+00	0.0	0.000000e+00	0.000000e+00	0.0	0.000000e+00	0.000000e+00	0.0	0.000000e+00	0.000000e+00	0.0	0.000000e+00	0.000000e+00	0.0	0.000000e+00	0.000000e+00	0.0	0.000000e+00	0.000000e+00	0.0	0.000000e+00	0.000000e+00	0.0	0.000000e+00	0.000000e+00	0.0	0.000000e+00	0.000000e+00	0.0	0.000000e+00	0.000000e+00	0.0	0.000000e+00	0.000000e+00	0.0	0.000000e+00	0.000000e+00	0.0	0.000000e+00	0.000000e+00	0.0	0.000000e+00	0.000000e+00	0.0	0.000000e+00	0.000000e+00	0.0	0.000000e+00	0.000000e+00	0.0	0.000000e+00	0.000000e+00	0.0	0.000000e+00	0.000000e+00	0.0	0.000000e+00	0.000000e+00	0.0	0.000000e+00	0.000000e+00	0.0	0.000000e+00	0.000000e+00	0.0	0.000000e+00	0.000000e+00	0.0	0.000000e+00	0.000000e+00	0.0	0.000000e+00	0.000000e+00	0.0	0.000000e+00	0.000000e+00	0.0	0.000000e+00	0.000000e+00	0.0	0.000000e+00	0.000000e+00	0.0	0.000000e+00	0.000000e+00	0.0	0.000000e+00	0.000000e+00	0.0	0.000000e+00	0.000000e+00	0.0	0.000000e+00	0.000000e+00	0.0	0.000000e+00	0.000000e+00	0.0	0.000000e+00	0.000000e+00	0.0	0.000000e+00	0.000000e+00	0.0	0.000000e+00	0.000000e+00	0.0	0.000000e+00	0.000000e+00	0.0	0.000000e+00	0.000000e+00	0.0	0.000000e+00	0.000000e+00	0.0	0.000000e+00	0.000000e+00	0.0	0.000000e+00	0.000000e+00	0.0	0.000000e+00	0.000000e+00	0.0	0.000000e+00	0.000000e+00	0.0	0.000000e+00	0.000000e+00	0.0	0.000000e+00	0.000000e+00	0.0	0.000000e+00	0.000000e+00	0.0	0.000000e+00	0.000000e+00	0.0	0.000000e+00	0.000000e+00	0.0	0.000000e+00	0.000000e+00	0.0	0.000000e+00	0.000000e+00	0.0	0.000000e+00	0.000000e+00	0.0	0.000000e+00	0.000000e+00	0.0	0.000000e+00	0.000000e+00	0.0	0.000000e+00	0.000000e+00	0.0	0.000000e+00	0.000000e+00	0.0	0.000000e+00	0.000000e+00	0.0	0.000000e+00	0.000000e+00	0.0	0.000000e+00	0.000000e+00	0.0	0.000000e+00	0.000000e+00	0.0	0.000000e+00	0.000000e+00	0.0	0.000000e+00	0.000000e+00	0.0	0.000000e+00	0.000000e+00	0.0	0.000000e+00	0.000000e+00	0.0	0.000000e+00	0.000000e+00	0.0	0.000000e+00	0.000000e+00	0.0	0.000000e+00	0.000000e+00	0.0	0.000000e+00	0.000000e+00	0.0	0.000000e+00	0.000000e+00	0.0	0.000000e+00	0.000000e+00	0.0	0.000000e+00	0.000000e+00	0.0	0.000000e+00	0.000000e+00	0.0	0.000000e+00	0.000000e+00	0.0	0.000000e+00	0.000000e+00	0.0	0.000000e+00	0.000000e+00	0.0	0.000000e+00	0.000000e+00	0.0	0.000000e+00	0.000000e+00	0.0	0.000000e+00	0.000000e+00	0.0	0.000000e+00	0.000000e+00	0.0	0.000000e+00	0.000000e+00	0.0	0.000000e+00	0.000000e+00	0.0	0.000000e+00	0.000000e+00	0.0	0.000000e+00	0.000000e+00	0.0	0.000000e+00	0.000000e+00	0.0	0.000000e+00	0.000000e+00	0.0	0.000000e+00	0.000000e+00	0.0	0.000000e+00	0.000000e+00	0.0	0.000000e+00	0.000000e+00	0.0	0.000000e+00	0.000000e+00	0.0	0.000000e+00	0.000000e+00	0.0	0.000000e+00	0.000000e+00	0.0	0.000000e+00	0.000000e+00	0.0	0.000000e+00	0.000000e+00	0.0	0.000000e+00	0.000000e+00	0.0	0.000000e+00	0.000000e+00	0.0	0.000000e+00	0.000000e+00	0.0	0.000000e+00	0.000000e+00	0.0	0.000000e+00	0.000000e+00	0.0	0.000000e+00	0.000000e+00	0.0	0.000000e+00	0.000000e+00	0.0	0.000000e+00	0.000000e+00	0.0	0.000000e+00	0.000000e+00	0.0	0.000000e+00	0.000000e+00	0.0	0.000000e+00	0.000000e+00	0.0	0.000000e+00	0.000000e+00	0.0	0.000000e+00	0.000000e+00	0.0	0.000000e+00	0.000000e+00	0.0	0.000000e+00	0.000000e+00	0.0	0.000000e+00	0.000000e+00	0.0	0.000000e+00	0.000000e+00	0.0	0.000000e+00	0.000000e+00	0.0	0.000000e+00	0.000000e+00	0.0	0.000000e+00	0.000000e+00	0.0	0.000000e+00	0.000000e+00	0.0	0.000000e+00	0.000000e+00	0.0	0.000000e+00	0.000000e+00	0.0	0.000000e+00	0.000000e+00	0.0	0.000000e+00	0.000000e+00	0.0	0.000000e+00	0.000000e+00	0.0	0.000000e+00	0.000000e+00	0.0	0.000000e+00	0.000000e+00	0.0	0.000000e+00	0.000000e+00	0.0	0.000000e+00	0.000000e+00	0.0	0.000000e+00	0.000000e+00	0.0	0.000000e+00	0.000000e+00	0.0	0.000000e+00	0.000000e+00	0.0	0.000000e+00	0.000000e+00	0.0	0.000000e+00	0.000000e+00	0.0	0.000000e+00	0.000000e+00	0.0	0.000000e+00	0.000000e+00	0.0	0.000000e+00	0.000000e+00	0.0	0.000000e+00	0.000000e+00	0.0	0.000000e+00	0.000000e+00	0.0	0.000000e+00	0.000000e+00	0.0	0.000000e+00	0.000000e+00	0.0	0.000000e+00	0.000000e+00	0.0	0.000000e+00	0.000000e+00	0.0	0.000000e+00	0.000000e+00	0.0	0.000000e+00	0.000000e+00	0.0	0.000000e+00	0.000000e+00	0.0	0.000000e+00	0.000000e+00	0.0	0.000000e+00	0.000000e+00	0.0	0.000000e+00	0.000000e+00	0.0	0.000000e+00	0.000000e+00	0.0	0.000000e+00	0.000000e+00	0.0	0.000000e+00	0.000000e+00	0.0	0.000000e+00	0.000000e+00	0.0	0.000000e+00	0.000000e+00	0.0	0.000000e+00	0.000000e+00	0.0	0.000000e+00	0.000000e+00	0.0	0.000000e+00	0.000000e+00	0.0	0.000000e+00	0.000000e+00	0.0	0.000000e+00	0.000000e+00	0.0	0.000000e+00	0.000000e+00	0.0	0.000000e+00	0.000000e+00	0.0	0.000000e+00	0.000000e+00	0.0	0.000000e+00	0.000000e+00	0.0	0.000000e+00	0.000000e+00	0.0	0.000000e+00	0.000000e+00	0.0	0.000000e+00	0.000000e+00	0.0	0.000000e+00	0.000000e+00	0.0	0.000000e+00	0.000000e+00	0.0	0.000000e+00	0.000000e+00	0.0	0.000000e+00	0.000000e+00	0.0	0.000000e+00	0.000000e+00	0.0	0.000000e+00	0.000000e+00	0.0	0.000000e+00	0.000000e+00	0.0	0.000000e+00	0.000000e+00	0.0	0.000000e+00	0.000000e+00	0.0	0.000000e+00	0.000000e+00	0.0	0.000000e+00	0.000000e+00	0.0	0.000000e+00	0.000000e+00	0.0	0.000000e+00	0.000000e+00	0.0	0.000000e+00	0.000000e+00	0.0	0.000000e+00	0.000000e+00	0.0	0.000000e+00	0.000000e+00	0.0	0.000000e+00	0.000000e+00	0.0	0.000000e+00	0.000000e+00	0.0	0.000000e+00	0.000000e+00	0.0	0.000000e+00	0.000000e+00	0.0	0.000000e+00	0.000000e+00	0.0	0.000000e+00	0.000000e+00	0.0	0.000000e+00	0.000000e+00	0.0	0.000000e+00	0.000000e+00	0.0	
SCALARS Heat_Flux double 1
LOOKUP_TABLE default
-0.000000e+00	-0.000000e+00	0.000000e+00	0.000000e+00	0.000000e+00	0.000000e+00	-0.000000e+00	-0.000000e+00	-0.000000e+00	-0.000000e+00	-0.000000e+00	-0.000000e+00	-0.000000e+00	-0.000000e+00	-0.000000e+00	-0.000000e+00	-0.000000e+00	-0.000000e+00	-0.000000e+00	-0.000000e+00	-0.000000e+00	-0.000000e+00	-0.000000e+00	-0.000000e+00	-0.000000e+00	-0.000000e+00	-0.000000e+00	-0.000000e+00	-0.000000e+00	-0.000000e+00	-0.000000e+00	-0.000000e+00	-0.000000e+00	-0.000000e+00	-0.000000e+00	-0.000000e+00	-0.000000e+00	-0.000000e+00	-0.000000e+00	-0.000000e+00	-0.000000e+00	-0.000000e+00	-0.000000e+00	-0.000000e+00	-0.000000e+00	-0.000000e+00	-0.000000e+00	-0.000000e+00	-0.000000e+00	-0.000000e+00	-0.000000e+00	-0.000000e+00	-0.000000e+00	-0.000000e+00	-0.000000e+00	-0.000000e+00	-0.000000e+00	-0.000000e+00	-0.000000e+00	-0.000000e+00	-0.000000e+00	-0.000000e+00	-0.000000e+00	-0.000000e+00	-0.000000e+00	-0.000000e+00	-0.000000e+00	-0.000000e+00	-0.000000e+00	-0.000000e+00	-0.000000e+00	-0.000000e+00	-0.000000e+00	-0.000000e+00	-0.000000e+00	-0.000000e+00	-0.000000e+00	-0.000000e+00	-0.000000e+00	-0.000000e+00	-0.000000e+00	-0.000000e+00	-0.000000e+00	-0.000000e+00	-0.000000e+00	-0.000000e+00	-0.000000e+00	-0.000000e+00	-0.000000e+00	-0.000000e+00	-0.000000e+00	-0.000000e+00	-0.000000e+00	-0.000000e+00	-0.000000e+00	-0.000000e+00	-0.000000e+00	-0.000000e+00	-0.000000e+00	-0.000000e+00	-0.000000e+00	-0.000000e+00	-0.000000e+00	-0.000000e+00	-0.000000e+00	-0.000000e+00	-0.000000e+00	-0.000000e+00	-0.000000e+00	-0.000000e+00	-0.000000e+00	-0.000000e+00	-0.000000e+00	-0.000000e+00	-0.000000e+00	-0.000000e+00	-0.000000e+00	-0.000000e+00	-0.000000e+00	-0.000000e+00	-0.000000e+00	-0.000000e+00	-0.000000e+00	-0.000000e+00	-0.000000e+00	-0.000000e+00	-0.000000e+00	-0.000000e+00	-0.000000e+00	-0.000000e+00	-0.000000e+00	-0.000000e+00	-0.000000e+00	-0.000000e+00	-0.000000e+00	-0.000000e+00	-0.000000e+00	-0.000000e+00	-0.000000e+00	-0.000000e+00	-0.000000e+00	-0.000000e+00	-0.000000e+00	-0.000000e+00	-0.000000e+00	-0.000000e+00	-0.000000e+00	-0.000000e+00	-0.000000e+00	-0.000000e+00	-0.000000e+00	-0.000000e+00	-0.000000e+00	-0.000000e+00	-0.000000e+00	-0.000000e+00	-0.000000e+00	-0.000000e+00	-0.000000e+00	-0.000000e+00	-0.000000e+00	-0.000000e+00	-0.000000e+00	-0.000000e+00	-0.000000e+00	-0.000000e+00	-0.000000e+00	-0.000000e+00	-0.000000e+00	-0.000000e+00	-0.000000e+00	-0.000000e+00	-0.000000e+00	-0.000000e+00	-0.000000e+00	-0.000000e+00	-0.000000e+00	-0.000000e+00	-0.000000e+00	-0.000000e+00	-0.000000e+00	-0.000000e+00	-0.000000e+00	-0.000000e+00	-0.000000e+00	-0.000000e+00	-0.000000e+00	-0.000000e+00	-0.000000e+00	-0.000000e+00	-0.000000e+00	-0.000000e+00	-0.000000e+00	-0.000000e+00	-0.000000e+00	-0.000000e+00	-0.000000e+00	-0.000000e+00	-0.000000e+00	-0.000000e+00	-0.000000e+00	-0.000000e+00	-0.000000e+00	-0.000000e+00	-0.000000e+00	-0.000000e+00	-0.000000e+00	-0.000000e+00	-0.000000e+00	-0.000000e+00	-0.000000e+00	-0.000000e+00	-0.000000e+00	-0.000000e+00	-0.000000e+00	-0.000000e+00	-0.000000e+00	-0.000000e+00	-0.000000e+00	-0.000000e+00	-0.000000e+00	-0.000000e+00	-0.000000e+00	-0.000000e+00	-0.000000e+00	-0.000000e+00	-0.000000e+00	-0.000000e+00	-0.000000e+00	-0.000000e+00	-0.000000e+00	-0.000000e+00	-0.000000e+00	-0.000000e+00	-0.000000e+00	-0.000000e+00	-0.000000e+00	-0.000000e+00	-0.000000e+00	-0.000000e+00	-0.000000e+00	-0.000000e+00	-0.000000e+00	-0.000000e+00	-0.000000e+00	-0.000000e+00	-0.000000e+00	-0.000000e+00	-0.000000e+00	-0.000000e+00	-0.000000e+00	-0.000000e+00	-0.000000e+00	-0.000000e+00	-0.000000e+00	-0.000000e+00	-0.000000e+00	-0.000000e+00	-0.000000e+00	-0.000000e+00	-0.000000e+00	-0.000000e+00	-0.000000e+00	-0.000000e+00	-0.000000e+00	-0.000000e+00	-0.000000e+00	-0.000000e+00	-0.000000e+00	-0.000000e+00	-0.000000e+00	-0.000000e+00	-0.000000e+00	-0.000000e+00	-0.000000e+00	-0.000000e+00	-0.000000e+00	-0.000000e+00	-0.000000e+00	-0.000000e+00	-0.000000e+00	-0.000000e+00	-0.000000e+00	-0.000000e+00	-0.000000e+00	-0.000000e+00	-0.000000e+00	-0.000000e+00	-0.000000e+00	-0.000000e+00	-0.000000e+00	-0.000000e+00	-0.000000e+00	-0.000000e+00	-0.000000e+00	-0.000000e+00	-0.000000e+00	-0.000000e+00	-0.000000e+00	-0.000000e+00	-0.000000e+00	-0.000000e+00	-0.000000e+00	-0.000000e+00	-0.000000e+00	-0.000000e+00	-0.000000e+00	-0.000000e+00	-0.000000e+00	-0.000000e+00	-0.000000e+00	-0.000000e+00	-0.000000e+00	-0.000000e+00	-0.000000e+00	-0.000000e+00	-0.000000e+00	-0.000000e+00	-0.000000e+00	-0.000000e+00	-0.000000e+00	-0.000000e+00	-0.000000e+00	-0.000000e+00	-0.000000e+00	-0.000000e+00	-0.000000e+00	-0.000000e+00	-0.000000e+00	-0.000000e+00	-0.000000e+00	-0.000000e+00	-0.000000e+00	-0.000000e+00	-0.000000e+00	-0.000000e+00	-0.000000e+00	-0.000000e+00	-0.000000e+00	-0.000000e+00	-0.000000e+00	-0.000000e+00	-0.000000e+00	-0.000000e+00	-0.000000e+00	-0.000000e+00	-0.000000e+00	-0.000000e+00	-0.000000e+00	-0.000000e+00	-0.000000e+00	-0.000000e+00	-0.000000e+00	-0.000000e+00	-0.000000e+00	-0.000000e+00	-0.000000e+00	-0.000000e+00	-0.000000e+00	-0.000000e+00	-0.000000e+00	-0.000000e+00	-0.000000e+00	-0.000000e+00	-0.000000e+00	-0.000000e+00	-0.000000e+00	-0.000000e+00	-0.000000e+00	-0.000000e+00	-0.000000e+00	-0.000000e+00	-0.000000e+00	-0.000000e+00	-0.000000e+00	-0.000000e+00	-0.000000e+00	-0.000000e+00	-0.000000e+00	-0.000000e+00	-0.000000e+00	-0.000000e+00	-0.000000e+00	-0.000000e+00	-0.000000e+00	-0.000000e+00	-0.000000e+00	-0.000000e+00	-0.000000e+00	-0.000000e+00	-0.000000e+00	-0.000000e+00	-0.000000e+00	-0.000000e+00	-0.000000e+00	-0.000000e+00	-0.000000e+00	-0.000000e+00	-0.000000e+00	-0.000000e+00	-0.000000e+00	-0.000000e+00	-0.000000e+00	-0.000000e+00	-0.000000e+00	-0.000000e+00	-0.000000e+00	-0.000000e+00	-0.000000e+00	-0.000000e+00	-0.000000e+00	-0.000000e+00	-0.000000e+00	-0.000000e+00	-0.000000e+00	-0.000000e+00	-0.000000e+00	-0.000000e+00	-0.000000e+00	-0.000000e+00	-0.000000e+00	-0.000000e+00	-0.000000e+00	-0.000000e+00	-0.000000e+00	-0.000000e+00	0.000000e+00	0.000000e+00	0.000000e+00	0.000000e+00	0.000000e+00	0.000000e+00	0.000000e+00	0.000000e+00	0.000000e+00	0.000000e+00	0.000000e+00	0.000000e+00	0.000000e+00	0.000000e+00	0.000000e+00	0.000000e+00	0.000000e+00	0.000000e+00	0.000000e+00	0.000000e+00	0.000000e+00	0.000000e+00	0.000000e+00	0.000000e+00	0.000000e+00	0.000000e+00	0.000000e+00	0.000000e+00	0.000000e+00	0.000000e+00	0.000000e+00	0.000000e+00	0.000000e+00	0.000000e+00	0.000000e+00	0.000000e+00	0.000000e+00	0.000000e+00	0.000000e+00	0.000000e+00	0.000000e+00	0.000000e+00	0.000000e+00	0.000000e+00	0.000000e+00	0.000000e+00	0.000000e+00	0.000000e+00	0.000000e+00	0.000000e+00	0.000000e+00	0.000000e+00	0.000000e+00	0.000000e+00	0.000000e+00	0.000000e+00	0.000000e+00	0.000000e+00	0.000000e+00	0.000000e+00	0.000000e+00	0.000000e+00	0.000000e+00	0.000000e+00	0.000000e+00	0.000000e+00	0.000000e+00	0.000000e+00	0.000000e+00	0.000000e+00	0.000000e+00	0.000000e+00	0.000000e+00	0.000000e+00	0.000000e+00	0.000000e+00	0.000000e+00	0.000000e+00	0.000000e+00	0.000000e+00	0.000000e+00	0.000000e+00	0.000000e+00	0.000000e+00	0.000000e+00	0.000000e+00	0.000000e+00	0.000000e+00	0.000000e+00	0.000000e+00	0.000000e+00	0.000000e+00	0.000000e+00	0.000000e+00	0.000000e+00	0.000000e+00	0.000000e+00	0.000000e+00	0.000000e+00	0.000000e+00	0.000000e+00	0.000000e+00	0.000000e+00	0.000000e+00	0.000000e+00	0.000000e+00	0.000000e+00	0.000000e+00	0.000000e+00	0.000000e+00	0.000000e+00	0.000000e+00	0.000000e+00	0.000000e+00	0.000000e+00	0.000000e+00	0.000000e+00	0.000000e+00	0.000000e+00	0.000000e+00	0.000000e+00	0.000000e+00	0.000000e+00	0.000000e+00	0.000000e+00	0.000000e+00	0.000000e+00	0.000000e+00	0.000000e+00	0.000000e+00	0.000000e+00	0.000000e+00	0.000000e+00	0.000000e+00	0.000000e+00	0.000000e+00	0.000000e+00	0.000000e+00	0.000000e+00	0.000000e+00	0.000000e+00	0.000000e+00	0.000000e+00	0.000000e+00	0.000000e+00	0.000000e+00	0.000000e+00	0.000000e+00	0.000000e+00	0.000000e+00	0.000000e+00	0.000000e+00	0.000000e+00	0.000000e+00	0.000000e+00	0.000000e+00	0.000000e+00	0.000000e+00	0.000000e+00	0.000000e+00	0.000000e+00	0.000000e+00	0.000000e+00	0.000000e+00	0.000000e+00	0.000000e+00	0.000000e+00	0.000000e+00	0.000000e+00	0.000000e+00	0.000000e+00	0.000000e+00	0.000000e+00	0.000000e+00	0.000000e+00	0.000000e+00	0.000000e+00	0.000000e+00	0.000000e+00	0.000000e+00	0.000000e+00	0.000000e+00	0.000000e+00	0.000000e+00	0.000000e+00	0.000000e+00	0.000000e+00	0.000000e+00	0.000000e+00	0.000000e+00	0.000000e+00	0.000000e+00	0.000000e+00	0.000000e+00	0.000000e+00	0.000000e+00	0.000000e+00	0.000000e+00	0.000000e+00	0.000000e+00	0.000000e+00	0.000000e+00	0.000000e+00	0.000000e+00	0.000000e+00	0.000000e+00	0.000000e+00	0.000000e+00	0.000000e+00	0.000000e+00	0.000000e+00	0.000000e+00	0.000000e+00	0.000000e+00	0.000000e+00	0.000000e+00	0.000000e+00	0.000000e+00	0.000000e+00	0.000000e+00	0.000000e+00	0.000000e+00	0.000000e+00	0.000000e+00	0.000000e+00	0.000000e+00	0.000000e+00	0.000000e+00	0.000000e+00	0.000000e+00	0.000000e+00	0.000000e+00	0.000000e+00	0.000000e+00	0.000000e+00	0.000000e+00	0.000000e+00	0.000000e+00	0.000000e+00	0.000000e+00	0.000000e+00	0.000000e+00	0.000000e+00	0.000000e+00	0.000000e+00	0.000000e+00	0.000000e+00	0.000000e+00	0.000000e+00	0.000000e+00	0.000000e+00	0.000000e+00	0.000000e+00	0.000000e+00	0.000000e+00	0.000000e+00	0.000000e+00	0.000000e+00	0.000000e+00	0.000000e+00	0.000000e+00	0.000000e+00	0.000000e+00	0.000000e+00	0.000000e+00	0.000000e+00	0.000000e+00	0.000000e+00	0.000000e+00	0.000000e+00	0.000000e+00	0.000000e+00	0.000000e+00	0.000000e+00	0.000000e+00	0.000000e+00	0.000000e+00	0.000000e+00	0.000000e+00	0.000000e+00	0.000000e+00	0.000000e+00	0.000000e+00	0.000000e+00	0.000000e+00	0.000000e+00	0.000000e+00	0.000000e+00	0.000000e+00	0.000000e+00	0.000000e+00	0.000000e+00	0.000000e+00	0.000000e+00	0.000000e+00	0.000000e+00	0.000000e+00	0.000000e+00	0.000000e+00	0.000000e+00	0.000000e+00	0.000000e+00	0.000000e+00	0.000000e+00	0.000000e+00	0.000000e+00	0.000000e+00	0.000000e+00	0.000000e+00	0.000000e+00	0.000000e+00	0.000000e+00	0.000000e+00	0.000000e+00	0.000000e+00	0.000000e+00	0.000000e+00	0.000000e+00	0.000000e+00	0.000000e+00	0.000000e+00	0.000000e+00	0.000000e+00	0.000000e+00	0.000000e+00	0.000000e+00	0.000000e+00	0.000000e+00	0.000000e+00	0.000000e+00	0.000000e+00	0.000000e+00	0.000000e+00	0.000000e+00	0.000000e+00	0.000000e+00	0.000000e+00	0.000000e+00	0.000000e+00	0.000000e+00	0.000000e+00	0.000000e+00	0.000000e+00	0.000000e+00	0.000000e+00	0.000000e+00	0.000000e+00	0.000000e+00	0.000000e+00	0.000000e+00	0.000000e+00	0.000000e+00	0.000000e+00	0.000000e+00	0.000000e+00	0.000000e+00	0.000000e+00	0.000000e+00	0.000000e+00	0.000000e+00	0.000000e+00	0.000000e+00	0.000000e+00	0.000000e+00	0.000000e+00	0.000000e+00	0.000000e+00	0.000000e+00	0.000000e+00	0.000000e+00	0.000000e+00	0.000000e+00	0.000000e+00	0.000000e+00	0.000000e+00	0.000000e+00	0.000000e+00	0.000000e+00	0.000000e+00	0.000000e+00	0.000000e+00	0.000000e+00	0.000000e+00	0.000000e+00	0.000000e+00	0.000000e+00	0.000000e+00	0.000000e+00	0.000000e+00	0.000000e+00	0.000000e+00	0.000000e+00	0.000000e+00	0.000000e+00	0.000000e+00	0.000000e+00	0.000000e+00	0.000000e+00	0.000000e+00	0.000000e+00	0.000000e+00	0.000000e+00	0.000000e+00	0.000000e+00	0.000000e+00	0.000000e+00	0.000000e+00	0.000000e+00	0.000000e+00	0.000000e+00	0.000000e+00	0.000000e+00	0.000000e+00	0.000000e+00	0.000000e+00	0.000000e+00	0.000000e+00	0.000000e+00	0.000000e+00	0.000000e+00	0.000000e+00	0.000000e+00	0.000000e+00	0.000000e+00	0.000000e+00	0.000000e+00	0.000000e+00	0.000000e+00	0.000000e+00	0.000000e+00	0.000000e+00	0.000000e+00	0.000000e+00	0.000000e+00	0.000000e+00	0.000000e+00	0.000000e+00	0.000000e+00	0.000000e+00	0.000000e+00	0.000000e+00	0.000000e+00	0.000000e+00	0.000000e+00	0.000000e+00	0.000000e+00	0.000000e+00	0.000000e+00	0.000000e+00	0.000000e+00	0.000000e+00	0.000000e+00	0.000000e+00	0.000000e+00	0.000000e+00	0.000000e+00	0.000000e+00	0.000000e+00	0.000000e+00	0.000000e+00	0.000000e+00	0.000000e+00	0.000000e+00	0.000000e+00	0.000000e+00	0.000000e+00	0.000000e+00	0.000000e+00	0.000000e+00	0.000000e+00	0.000000e+00	0.000000e+00	0.000000e+00	0.000000e+00	0.000000e+00	0.000000e+00	0.000000e+00	0.000000e+00	0.000000e+00	0.000000e+00	0.000000e+00	0.000000e+00	0.000000e+00	0.000000e+00	0.000000e+00	0.000000e+00	0.000000e+00	0.000000e+00	0.000000e+00	0.000000e+00	0.000000e+00	0.000000e+00	0.000000e+00	0.000000e+00	0.000000e+00	0.000000e+00	0.000000e+00	0.000000e+00	0.000000e+00	0.000000e+00	0.000000e+00	0.000000e+00	0.000000e+00	0.000000e+00	0.000000e+00	0.000000e+00	0.000000e+00	0.000000e+00	0.000000e+00	0.000000e+00	0.000000e+00	0.000000e+00	0.000000e+00	0.000000e+00	0.000000e+00	0.000000e+00	0.000000e+00	0.000000e+00	0.000000e+00	0.000000e+00	0.000000e+00	0.000000e+00	0.000000e+00	0.000000e+00	0.000000e+00	0.000000e+00	0.000000e+00	0.000000e+00	0.000000e+00	0.000000e+00	0.000000e+00	0.000000e+00	0.000000e+00	0.000000e+00	0.000000e+00	0.000000e+00	0.000000e+00	0.000000e+00	0.000000e+00	0.000000e+00	0.000000e+00	0.000000e+00	0.000000e+00	0.000000e+00	0.000000e+00	0.000000e+00	0.000000e+00	0.000000e+00	0.000000e+00	0.000000e+00	0.000000e+00	0.000000e+00	0.000000e+00	0.000000e+00	0.000000e+00	0.000000e+00	0.000000e+00	0.000000e+00	0.000000e+00	0.000000e+00	0.000000e+00	0.000000e+00	0.000000e+00	0.000000e+00	0.000000e+00	0.000000e+00	0.000000e+00	0.000000e+00	0.000000e+00	0.000000e+00	0.000000e+00	0.000000e+00	0.000000e+00	0.000000e+00	0.000000e+00	0.000000e+00	0.000000e+00	0.000000e+00	0.000000e+00	0.000000e+00	0.000000e+00	0.000000e+00	0.000000e+00	0.000000e+00	0.000000e+00	0.000000e+00	0.000000e+00	0.000000e+00	0.000000e+00	0.000000e+00	0.000000e+00	0.000000e+00	0.000000e+00	0.000000e+00	0.000000e+00	0.000000e+00	0.000000e+00	0.000000e+00	0.000000e+00	0.000000e+00	0.000000e+00	0.000000e+00	0.000000e+00	0.000000e+00	0.000000e+00	0.000000e+00	0.000000e+00	0.000000e+00	0.000000e+00	0.000000e+00	0.000000e+00	0.000000e+00	0.000000e+00	0.000000e+00	0.000000e+00	0.000000e+00	0.000000e+00	0.000000e+00	0.000000e+00	0.000000e+00	0.000000e+00	0.000000e+00	0.000000e+00	0.000000e+00	0.000000e+00	0.000000e+00	0.000000e+00	0.000000e+00	0.000000e+00	0.000000e+00	0.000000e+00	0.000000e+00	0.000000e+00	0.000000e+00	0.000000e+00	0.000000e+00	0.000000e+00	0.000000e+00	0.000000e+00	0.000000e+00	0.000000e+00	0.000000e+00	0.000000e+00	0.000000e+00	0.000000e+00	0.000000e+00	0.000000e+00	0.000000e+00	0.000000e+00	0.000000e+00	0.000000e+00	0.000000e+00	0.000000e+00	0.000000e+00	0.000000e+00	0.000000e+00	0.000000e+00	0.000000e+00	0.000000e+00	0.000000e+00	0.000000e+00	0.000000e+00	0.000000e+00	0.000000e+00	0.000000e+00	0.000000e+00	0.000000e+00	0.000000e+00	0.000000e+00	0.000000e+00	0.000000e+00	0.000000e+00	0.000000e+00	0.000000e+00	0.000000e+00	0.000000e+00	0.000000e+00	0.000000e+00	0.000000e+00	0.000000e+00	0.000000e+00	0.000000e+00	0.000000e+00	0.000000e+00	0.000000e+00	0.000000e+00	0.000000e+00	0.000000e+00	0.000000e+00	0.000000e+00	0.000000e+00	0.000000e+00	0.000000e+00	0.000000e+00	0.000000e+00	0.000000e+00	0.000000e+00	0.000000e+00	0.000000e+00	0.000000e+00	0.000000e+00	0.000000e+00	0.000000e+00	0.000000e+00	0.000000e+00	0.000000e+00	0.000000e+00	0.000000e+00	0.000000e+00	0.000000e+00	0.000000e+00	0.000000e+00	0.000000e+00	0.000000e+00	0.000000e+00	0.000000e+00	0.000000e+00	0.000000e+00	0.000000e+00	0.000000e+00	0.000000e+00	0.000000e+00	0.000000e+00	0.000000e+00	0.000000e+00	0.000000e+00	0.000000e+00	0.000000e+00	0.000000e+00	0.000000e+00	0.000000e+00	0.000000e+00	0.000000e+00	0.000000e+00	0.000000e+00	0.000000e+00	0.000000e+00	0.000000e+00	0.000000e+00	0.000000e+00	0.000000e+00	0.000000e+00	0.000000e+00	0.000000e+00	0.000000e+00	0.000000e+00	0.000000e+00	0.000000e+00	0.000000e+00	0.000000e+00	0.000000e+00	0.000000e+00	0.000000e+00	0.000000e+00	0.000000e+00	0.000000e+00	0.000000e+00	0.000000e+00	0.000000e+00	0.000000e+00	0.000000e+00	0.000000e+00	0.000000e+00	0.000000e+00	0.000000e+00	0.000000e+00	0.000000e+00	0.000000e+00	0.000000e+00	0.000000e+00	0.000000e+00	0.000000e+00	0.000000e+00	0.000000e+00	0.000000e+00	0.000000e+00	0.000000e+00	0.000000e+00	0.000000e+00	0.000000e+00	0.000000e+00	0.000000e+00	0.000000e+00	0.000000e+00	0.000000e+00	0.000000e+00	0.000000e+00	0.000000e+00	0.000000e+00	0.000000e+00	0.000000e+00	0.000000e+00	0.000000e+00	0.000000e+00	0.000000e+00	0.000000e+00	0.000000e+00	0.000000e+00	0.000000e+00	0.000000e+00	0.000000e+00	0.000000e+00	0.000000e+00	0.000000e+00	0.000000e+00	0.000000e+00	0.000000e+00	0.000000e+00	0.000000e+00	0.000000e+00	0.000000e+00	0.000000e+00	0.000000e+00	0.000000e+00	0.000000e+00	0.000000e+00	0.000000e+00	0.000000e+00	0.000000e+00	0.000000e+00	0.000000e+00	0.000000e+00	0.000000e+00	0.000000e+00	0.000000e+00	0.000000e+00	0.000000e+00	0.000000e+00	0.000000e+00	0.000000e+00	0.000000e+00	0.000000e+00	0.000000e+00	0.000000e+00	0.000000e+00	0.000000e+00	0.000000e+00	0.000000e+00	0.000000e+00	0.000000e+00	0.000000e+00	0.000000e+00	0.000000e+00	0.000000e+00	0.000000e+00	0.000000e+00	0.000000e+00	0.000000e+00	0.000000e+00	0.000000e+00	0.000000e+00	0.000000e+00	0.000000e+00	0.000000e+00	0.000000e+00	0.000000e+00	0.000000e+00	0.000000e+00	0.000000e+00	0.000000e+00	0.000000e+00	0.000000e+00	0.000000e+00	0.000000e+00	0.000000e+00	0.000000e+00	0.000000e+00	0.000000e+00	0.000000e+00	0.000000e+00	0.000000e+00	0.000000e+00	0.000000e+00	0.000000e+00	0.000000e+00	0.000000e+00	0.000000e+00	0.000000e+00	0.000000e+00	0.000000e+00	0.000000e+00	0.000000e+00	0.000000e+00	0.000000e+00	0.000000e+00	0.000000e+00	0.000000e+00	0.000000e+00	0.000000e+00	0.000000e+00	0.000000e+00	0.000000e+00	0.000000e+00	0.000000e+00	0.000000e+00	0.000000e+00	0.000000e+00	0.000000e+00	0.000000e+00	0.000000e+00	0.000000e+00	0.000000e+00	0.000000e+00	0.000000e+00	0.000000e+00	0.000000e+00	0.000000e+00	0.000000e+00	0.000000e+00	0.000000e+00	0.000000e+00	0.000000e+00	0.000000e+00	0.000000e+00	0.000000e+00	0.000000e+00	0.000000e+00	0.000000e+00	0.000000e+00	0.000000e+00	0.000000e+00	0.000000e+00	0.000000e+00	0.000000e+00	0.000000e+00	0.000000e+00	0.000000e+00	0.000000e+00	0.000000e+00	0.000000e+00	0.000000e+00	0.000000e+00	0.000000e+00	0.000000e+00	0.000000e+00	0.000000e+00	0.000000e+00	0.000000e+00	0.000000e+00	0.000000e+00	0.000000e+00	0.000000e+00	0.000000e+00	0.000000e+00	0.000000e+00	0.000000e+00	0.000000e+00	0.000000e+00	0.000000e+00	0.000000e+00	0.000000e+00	0.000000e+00	0.000000e+00	0.000000e+00	0.000000e+00	0.000000e+00	0.000000e+00	0.000000e+00	0.000000e+00	0.000000e+00	0.000000e+00	0.000000e+00	0.000000e+00	0.000000e+00	0.000000e+00	0.000000e+00	0.000000e+00	0.000000e+00	0.000000e+00	0.000000e+00	0.000000e+00	0.000000e+00	0.000000e+00	0.000000e+00	0.000000e+00	0.000000e+00	0.000000e+00	0.000000e+00	0.000000e+00	0.000000e+00	0.000000e+00	0.000000e+00	0.000000e+00	0.000000e+00	0.000000e+00	0.000000e+00	0.000000e+00	0.000000e+00	0.000000e+00	0.000000e+00	0.000000e+00	0.000000e+00	0.000000e+00	0.000000e+00	0.000000e+00	0.000000e+00	0.000000e+00	0.000000e+00	0.000000e+00	0.000000e+00	0.000000e+00	0.000000e+00	0.000000e+00	0.000000e+00	0.000000e+00	0.000000e+00	0.000000e+00	0.000000e+00	0.000000e+00	0.000000e+00	0.000000e+00	0.000000e+00	0.000000e+00	0.000000e+00	0.000000e+00	0.000000e+00	0.000000e+00	0.000000e+00	0.000000e+00	0.000000e+00	0.000000e+00	0.000000e+00	0.000000e+00	0.000000e+00	0.000000e+00	0.000000e+00	0.000000e+00	0.000000e+00	0.000000e+00	0.000000e+00	0.000000e+00	0.000000e+00	0.000000e+00	0.000000e+00	0.000000e+00	0.000000e+00	0.000000e+00	0.000000e+00	0.000000e+00	0.000000e+00	0.000000e+00	0.000000e+00	0.000000e+00	0.000000e+00	0.000000e+00	0.000000e+00	0.000000e+00	0.000000e+00	0.000000e+00	0.000000e+00	0.000000e+00	0.000000e+00	0.000000e+00	0.000000e+00	0.000000e+00	0.000000e+00	0.000000e+00	0.000000e+00	0.000000e+00	0.000000e+00	0.000000e+00	0.000000e+00	0.000000e+00	0.000000e+00	0.000000e+00	0.000000e+00	0.000000e+00	0.000000e+00	0.000000e+00	0.000000e+00	0.000000e+00	0.000000e+00	0.000000e+00	0.000000e+00	0.000000e+00	0.000000e+00	0.000000e+00	0.000000e+00	0.000000e+00	0.000000e+00	0.000000e+00	0.000000e+00	0.000000e+00	0.000000e+00	0.000000e+00	0.000000e+00	0.000000e+00	0.000000e+00	0.000000e+00	0.000000e+00	0.000000e+00	0.000000e+00	0.000000e+00	0.000000e+00	0.000000e+00	0.000000e+00	0.000000e+00	0.000000e+00	0.000000e+00	0.000000e+00	0.000000e+00	0.000000e+00	0.000000e+00	0.000000e+00	0.000000e+00	0.000000e+00	0.000000e+00	0.000000e+00	0.000000e+00	0.000000e+00	0.000000e+00	0.000000e+00	0.000000e+00	0.000000e+00	0.000000e+00	0.000000e+00	0.000000e+00	0.000000e+00	0.000000e+00	0.000000e+00	0.000000e+00	0.000000e+00	0.000000e+00	0.000000e+00	0.000000e+00	0.000000e+00	0.000000e+00	0.000000e+00	0.000000e+00	0.000000e+00	0.000000e+00	0.000000e+00	0.000000e+00	0.000000e+00	0.000000e+00	0.000000e+00	0.000000e+00	0.000000e+00	0.000000e+00	0.000000e+00	0.000000e+00	0.000000e+00	0.000000e+00	0.000000e+00	0.000000e+00	0.000000e+00	0.000000e+00	0.000000e+00	0.000000e+00	0.000000e+00	0.000000e+00	0.000000e+00	0.000000e+00	0.000000e+00	0.000000e+00	0.000000e+00	0.000000e+00	0.000000e+00	0.000000e+00	0.000000e+00	0.000000e+00	0.000000e+00	0.000000e+00	0.000000e+00	0.000000e+00	0.000000e+00	0.000000e+00	0.000000e+00	0.000000e+00	0.000000e+00	0.000000e+00	0.000000e+00	0.000000e+00	0.000000e+00	0.000000e+00	0.000000e+00	0.000000e+00	0.000000e+00	0.000000e+00	0.000000e+00	0.000000e+00	0.000000e+00	0.000000e+00	0.000000e+00	0.000000e+00	0.000000e+00	0.000000e+00	0.000000e+00	0.000000e+00	0.000000e+00	0.000000e+00	0.000000e+00	0.000000e+00	0.000000e+00	0.000000e+00	0.000000e+00	0.000000e+00	0.000000e+00	0.000000e+00	0.000000e+00	0.000000e+00	0.000000e+00	0.000000e+00	0.000000e+00	0.000000e+00	0.000000e+00	0.000000e+00	0.000000e+00	0.000000e+00	0.000000e+00	0.000000e+00	0.000000e+00	0.000000e+00	0.000000e+00	0.000000e+00	0.000000e+00	0.000000e+00	0.000000e+00	0.000000e+00	0.000000e+00	0.000000e+00	0.000000e+00	0.000000e+00	0.000000e+00	0.000000e+00	0.000000e+00	0.000000e+00	0.000000e+00	0.000000e+00	0.000000e+00	0.000000e+00	0.000000e+00	0.000000e+00	0.000000e+00	0.000000e+00	0.000000e+00	0.000000e+00	0.000000e+00	0.000000e+00	0.000000e+00	0.000000e+00	0.000000e+00	0.000000e+00	0.000000e+00	0.000000e+00	0.000000e+00	0.000000e+00	0.000000e+00	0.000000e+00	0.000000e+00	0.000000e+00	0.000000e+00	0.000000e+00	0.000000e+00	0.000000e+00	0.000000e+00	0.000000e+00	0.000000e+00	0.000000e+00	0.000000e+00	0.000000e+00	0.000000e+00	0.000000e+00	0.000000e+00	0.000000e+00	0.000000e+00	0.000000e+00	0.000000e+00	0.000000e+00	0.000000e+00	0.000000e+00	0.000000e+00	0.000000e+00	0.000000e+00	0.000000e+00	0.000000e+00	0.000000e+00	0.000000e+00	0.000000e+00	0.000000e+00	0.000000e+00	0.000000e+00	0.000000e+00	0.000000e+00	0.000000e+00	0.000000e+00	0.000000e+00	0.000000e+00	0.000000e+00	0.000000e+00	0.000000e+00	0.000000e+00	0.000000e+00	0.000000e+00	0.000000e+00	0.000000e+00	0.000000e+00	0.000000e+00	0.000000e+00	0.000000e+00	0.000000e+00	0.000000e+00	0.000000e+00	0.000000e+00	0.000000e+00	0.000000e+00	0.000000e+00	0.000000e+00	0.000000e+00	0.000000e+00	0.000000e+00	0.000000e+00	0.000000e+00	0.000000e+00	0.000000e+00	0.000000e+00	0.000000e+00	0.000000e+00	0.000000e+00	0.000000e+00	0.000000e+00	0.000000e+00	0.000000e+00	0.000000e+00	0.000000e+00	0.000000e+00	0.000000e+00	0.000000e+00	0.000000e+00	0.000000e+00	0.000000e+00	0.000000e+00	0.000000e+00	0.000000e+00	0.000000e+00	0.000000e+00	0.000000e+00	0.000000e+00	0.000000e+00	0.000000e+00	0.000000e+00	0.000000e+00	0.000000e+00	0.000000e+00	0.000000e+00	0.000000e+00	0.000000e+00	0.000000e+00	0.000000e+00	0.000000e+00	0.000000e+00	0.000000e+00	0.000000e+00	0.000000e+00	0.000000e+00	0.000000e+00	0.000000e+00	0.000000e+00	0.000000e+00	0.000000e+00	0.000000e+00	0.000000e+00	0.000000e+00	0.000000e+00	0.000000e+00	0.000000e+00	0.000000e+00	0.000000e+00	0.000000e+00	0.000000e+00	0.000000e+00	0.000000e+00	0.000000e+00	0.000000e+00	0.000000e+00	0.000000e+00	0.000000e+00	0.000000e+00	0.000000e+00	0.000000e+00	0.000000e+00	0.000000e+00	0.000000e+00	0.000000e+00	0.000000e+00	0.000000e+00	0.000000e+00	0.000000e+00	0.000000e+00	0.000000e+00	0.000000e+00	0.000000e+00	0.000000e+00	0.000000e+00	0.000000e+00	0.000000e+00	0.000000e+00	0.000000e+00	0.000000e+00	0.000000e+00	0.000000e+00	0.000000e+00	0.000000e+00	0.000000e+00	0.000000e+00	0.000000e+00	0.000000e+00	0.000000e+00	0.000000e+00	0.000000e+00	0.000000e+00	0.000000e+00	0.000000e+00	0.000000e+00	0.000000e+00	0.000000e+00	0.000000e+00	0.000000e+00	0.000000e+00	0.000000e+00	0.000000e+00	0.000000e+00	0.000000e+00	0.000000e+00	0.000000e+00	0.000000e+00	0.000000e+00	0.000000e+00	0.000000e+00	0.000000e+00	0.000000e+00	0.000000e+00	0.000000e+00	0.000000e+00	0.000000e+00	0.000000e+00	0.000000e+00	0.000000e+00	0.000000e+00	0.000000e+00	0.000000e+00	0.000000e+00	0.000000e+00	0.000000e+00	0.000000e+00	0.000000e+00	0.000000e+00	0.000000e+00	0.000000e+00	0.000000e+00	0.000000e+00	0.000000e+00	0.000000e+00	0.000000e+00	0.000000e+00	0.000000e+00	0.000000e+00	0.000000e+00	0.000000e+00	0.000000e+00	0.000000e+00	0.000000e+00	0.000000e+00	0.000000e+00	0.000000e+00	0.000000e+00	0.000000e+00	0.000000e+00	0.000000e+00	0.000000e+00	0.000000e+00	0.000000e+00	0.000000e+00	0.000000e+00	0.000000e+00	0.000000e+00	0.000000e+00	0.000000e+00	0.000000e+00	0.000000e+00	0.000000e+00	0.000000e+00	0.000000e+00	0.000000e+00	0.000000e+00	0.000000e+00	0.000000e+00	0.000000e+00	0.000000e+00	0.000000e+00	0.000000e+00	0.000000e+00	0.000000e+00	0.000000e+00	0.000000e+00	0.000000e+00	0.000000e+00	0.000000e+00	0.000000e+00	0.000000e+00	0.000000e+00	0.000000e+00	0.000000e+00	0.000000e+00	0.000000e+00	0.000000e+00	0.000000e+00	0.000000e+00	0.000000e+00	0.000000e+00	0.000000e+00	0.000000e+00	0.000000e+00	0.000000e+00	0.000000e+00	0.000000e+00	0.000000e+00	0.000000e+00	0.000000e+00	0.000000e+00	0.000000e+00	0.000000e+00	0.000000e+00	0.000000e+00	0.000000e+00	0.000000e+00	0.000000e+00	0.000000e+00	0.000000e+00	0.000000e+00	0.000000e+00	0.000000e+00	0.000000e+00	0.000000e+00	0.000000e+00	0.000000e+00	0.000000e+00	0.000000e+00	0.000000e+00	0.000000e+00	0.000000e+00	0.000000e+00	0.000000e+00	0.000000e+00	0.000000e+00	0.000000e+00	0.000000e+00	0.000000e+00	0.000000e+00	0.000000e+00	0.000000e+00	0.000000e+00	0.000000e+00	0.000000e+00	0.000000e+00	0.000000e+00	0.000000e+00	0.000000e+00	0.000000e+00	0.000000e+00	0.000000e+00	0.000000e+00	
SCALARS Y_Plus double 1
LOOKUP_TABLE default
0.000000e+00	0.000000e+00	0.000000e+00	0.000000e+00	0.000000e+00	0.000000e+00	0.000000e+00	0.000000e+00	0.000000e+00	0.000000e+00	0.000000e+00	0.000000e+00	0.000000e+00	0.000000e+00	0.000000e+00	0.000000e+00	0.000000e+00	0.000000e+00	0.000000e+00	0.000000e+00	0.000000e+00	0.000000e+00	0.000000e+00	0.000000e+00	0.000000e+00	0.000000e+00	0.000000e+00	0.000000e+00	0.000000e+00	0.000000e+00	0.000000e+00	0.000000e+00	0.000000e+00	0.000000e+00	0.000000e+00	0.000000e+00	0.000000e+00	0.000000e+00	0.000000e+00	0.000000e+00	0.000000e+00	0.000000e+00	0.000000e+00	0.000000e+00	0.000000e+00	0.000000e+00	0.000000e+00	0.000000e+00	0.000000e+00	0.000000e+00	0.000000e+00	0.000000e+00	0.000000e+00	0.000000e+00	0.000000e+00	0.000000e+00	0.000000e+00	0.000000e+00	0.000000e+00	0.000000e+00	0.000000e+00	0.000000e+00	0.000000e+00	0.000000e+00	0.000000e+00	0.000000e+00	0.000000e+00	0.000000e+00	0.000000e+00	0.000000e+00	0.000000e+00	0.000000e+00	0.000000e+00	0.000000e+00	0.000000e+00	0.000000e+00	0.000000e+00	0.000000e+00	0.000000e+00	0.000000e+00	0.000000e+00	0.000000e+00	0.000000e+00	0.000000e+00	0.000000e+00	0.000000e+00	0.000000e+00	0.000000e+00	0.000000e+00	0.000000e+00	0.000000e+00	0.000000e+00	0.000000e+00	0.000000e+00	0.000000e+00	0.000000e+00	0.000000e+00	0.000000e+00	0.000000e+00	0.000000e+00	0.000000e+00	0.000000e+00	0.000000e+00	0.000000e+00	0.000000e+00	0.000000e+00	0.000000e+00	0.000000e+00	0.000000e+00	0.000000e+00	0.000000e+00	0.000000e+00	0.000000e+00	0.000000e+00	0.000000e+00	0.000000e+00	0.000000e+00	0.000000e+00	0.000000e+00	0.000000e+00	0.000000e+00	0.000000e+00	0.000000e+00	0.000000e+00	0.000000e+00	0.000000e+00	0.000000e+00	0.000000e+00	0.000000e+00	0.000000e+00	0.000000e+00	0.000000e+00	0.000000e+00	0.000000e+00	0.000000e+00	0.000000e+00	0.000000e+00	0.000000e+00	0.000000e+00	0.000000e+00	0.000000e+00	0.000000e+00	0.000000e+00	0.000000e+00	0.000000e+00	0.000000e+00	0.000000e+00	0.000000e+00	0.000000e+00	0.000000e+00	0.000000e+00	0.000000e+00	0.000000e+00	0.000000e+00	0.000000e+00	0.000000e+00	0.000000e+00	0.000000e+00	0.000000e+00	0.000000e+00	0.000000e+00	0.000000e+00	0.000000e+00	0.000000e+00	0.000000e+00	0.000000e+00	0.000000e+00	0.000000e+00	0.000000e+00	0.000000e+00	0.000000e+00	0.000000e+00	0.000000e+00	0.000000e+00	0.000000e+00	0.000000e+00	0.000000e+00	0.000000e+00	0.000000e+00	0.000000e+00	0.000000e+00	0.000000e+00	0.000000e+00	0.000000e+00	0.000000e+00	0.000000e+00	0.000000e+00	0.000000e+00	0.000000e+00	0.000000e+00	0.000000e+00	0.000000e+00	0.000000e+00	0.000000e+00	0.000000e+00	0.000000e+00	0.000000e+00	0.000000e+00	0.000000e+00	0.000000e+00	0.000000e+00	0.000000e+00	0.000000e+00	0.000000e+00	0.000000e+00	0.000000e+00	0.000000e+00	0.000000e+00	0.000000e+00	0.000000e+00	0.000000e+00	0.000000e+00	0.000000e+00	0.000000e+00	0.000000e+00	0.000000e+00	0.000000e+00	0.000000e+00	0.000000e+00	0.000000e+00	0.000000e+00	0.000000e+00	0.000000e+00	0.000000e+00	0.000000e+00	0.000000e+00	0.000000e+00	0.000000e+00	0.000000e+00	0.000000e+00	0.000000e+00	0.000000e+00	0.000000e+00	0.000000e+00	0.000000e+00	0.000000e+00	0.000000e+00	0.000000e+00	0.000000e+00	0.000000e+00	0.000000e+00	0.000000e+00	0.000000e+00	0.000000e+00	0.000000e+00	0.000000e+00	0.000000e+00	0.000000e+00	0.000000e+00	0.000000e+00	0.000000e+00	0.000000e+00	0.000000e+00	0.000000e+00	0.000000e+00	0.000000e+00	0.000000e+00	0.000000e+00	0.000000e+00	0.000000e+00	0.000000e+00	0.000000e+00	0.000000e+00	0.000000e+00	0.000000e+00	0.000000e+00	0.000000e+00	0.000000e+00	0.000000e+00	0.000000e+00	0.000000e+00	0.000000e+00	0.000000e+00	0.000000e+00	0.000000e+00	0.000000e+00	0.000000e+00	0.000000e+00	0.000000e+00	0.000000e+00	0.000000e+00	0.000000e+00	0.000000e+00	0.000000e+00	0.000000e+00	0.000000e+00	0.000000e+00	0.000000e+00	0.000000e+00	0.000000e+00	0.000000e+00	0.000000e+00	0.000000e+00	0.000000e+00	0.000000e+00	0.000000e+00	0.000000e+00	0.000000e+00	0.000000e+00	0.000000e+00	0.000000e+00	0.000000e+00	0.000000e+00	0.000000e+00	0.000000e+00	0.000000e+00	0.000000e+00	0.000000e+00	0.000000e+00	0.000000e+00	0.000000e+00	0.000000e+00	0.000000e+00	0.000000e+00	0.000000e+00	0.000000e+00	0.000000e+00	0.000000e+00	0.000000e+00	0.000000e+00	0.000000e+00	0.000000e+00	0.000000e+00	0.000000e+00	0.000000e+00	0.000000e+00	0.000000e+00	0.000000e+00	0.000000e+00	0.000000e+00	0.000000e+00	0.000000e+00	0.000000e+00	0.000000e+00	0.000000e+00	0.000000e+00	0.000000e+00	0.000000e+00	0.000000e+00	0.000000e+00	0.000000e+00	0.000000e+00	0.000000e+00	0.000000e+00	0.000000e+00	0.000000e+00	0.000000e+00	0.000000e+00	0.000000e+00	0.000000e+00	0.000000e+00	0.000000e+00	0.000000e+00	0.000000e+00	0.000000e+00	0.000000e+00	0.000000e+00	0.000000e+00	0.000000e+00	0.000000e+00	0.000000e+00	0.000000e+00	0.000000e+00	0.000000e+00	0.000000e+00	0.000000e+00	0.000000e+00	0.000000e+00	0.000000e+00	0.000000e+00	0.000000e+00	0.000000e+00	0.000000e+00	0.000000e+00	0.000000e+00	0.000000e+00	0.000000e+00	0.000000e+00	0.000000e+00	0.000000e+00	0.000000e+00	0.000000e+00	0.000000e+00	0.000000e+00	0.000000e+00	0.000000e+00	0.000000e+00	0.000000e+00	0.000000e+00	0.000000e+00	0.000000e+00	0.000000e+00	0.000000e+00	0.000000e+00	0.000000e+00	0.000000e+00	0.000000e+00	0.000000e+00	0.000000e+00	0.000000e+00	0.000000e+00	0.000000e+00	0.000000e+00	0.000000e+00	0.000000e+00	0.000000e+00	0.000000e+00	0.000000e+00	0.000000e+00	0.000000e+00	0.000000e+00	0.000000e+00	0.000000e+00	0.000000e+00	0.000000e+00	0.000000e+00	0.000000e+00	0.000000e+00	0.000000e+00	0.000000e+00	0.000000e+00	0.000000e+00	0.000000e+00	0.000000e+00	0.000000e+00	0.000000e+00	0.000000e+00	0.000000e+00	0.000000e+00	0.000000e+00	0.000000e+00	0.000000e+00	0.000000e+00	0.000000e+00	0.000000e+00	0.000000e+00	0.000000e+00	0.000000e+00	0.000000e+00	0.000000e+00	0.000000e+00	0.000000e+00	0.000000e+00	0.000000e+00	0.000000e+00	0.000000e+00	0.000000e+00	0.000000e+00	0.000000e+00	0.000000e+00	0.000000e+00	0.000000e+00	0.000000e+00	0.000000e+00	0.000000e+00	0.000000e+00	0.000000e+00	0.000000e+00	0.000000e+00	0.000000e+00	0.000000e+00	0.000000e+00	0.000000e+00	0.000000e+00	0.000000e+00	0.000000e+00	0.000000e+00	0.000000e+00	0.000000e+00	0.000000e+00	0.000000e+00	0.000000e+00	0.000000e+00	0.000000e+00	0.000000e+00	0.000000e+00	0.000000e+00	0.000000e+00	0.000000e+00	0.000000e+00	0.000000e+00	0.000000e+00	0.000000e+00	0.000000e+00	0.000000e+00	0.000000e+00	0.000000e+00	0.000000e+00	0.000000e+00	0.000000e+00	0.000000e+00	0.000000e+00	0.000000e+00	0.000000e+00	0.000000e+00	0.000000e+00	0.000000e+00	0.000000e+00	0.000000e+00	0.000000e+00	0.000000e+00	0.000000e+00	0.000000e+00	0.000000e+00	0.000000e+00	0.000000e+00	0.000000e+00	0.000000e+00	0.000000e+00	0.000000e+00	0.000000e+00	0.000000e+00	0.000000e+00	0.000000e+00	0.000000e+00	0.000000e+00	0.000000e+00	0.000000e+00	0.000000e+00	0.000000e+00	0.000000e+00	0.000000e+00	0.000000e+00	0.000000e+00	0.000000e+00	0.000000e+00	0.000000e+00	0.000000e+00	0.000000e+00	0.000000e+00	0.000000e+00	0.000000e+00	0.000000e+00	0.000000e+00	0.000000e+00	0.000000e+00	0.000000e+00	0.000000e+00	0.000000e+00	0.000000e+00	0.000000e+00	0.000000e+00	0.000000e+00	0.000000e+00	0.000000e+00	0.000000e+00	0.000000e+00	0.000000e+00	0.000000e+00	0.000000e+00	0.000000e+00	0.000000e+00	0.000000e+00	0.000000e+00	0.000000e+00	0.000000e+00	0.000000e+00	0.000000e+00	0.000000e+00	0.000000e+00	0.000000e+00	0.000000e+00	0.000000e+00	0.000000e+00	0.000000e+00	0.000000e+00	0.000000e+00	0.000000e+00	0.000000e+00	0.000000e+00	0.000000e+00	0.000000e+00	0.000000e+00	0.000000e+00	0.000000e+00	0.000000e+00	0.000000e+00	0.000000e+00	0.000000e+00	0.000000e+00	0.000000e+00	0.000000e+00	0.000000e+00	0.000000e+00	0.000000e+00	0.000000e+00	0.000000e+00	0.000000e+00	0.000000e+00	0.000000e+00	0.000000e+00	0.000000e+00	0.000000e+00	0.000000e+00	0.000000e+00	0.000000e+00	0.000000e+00	0.000000e+00	0.000000e+00	0.000000e+00	0.000000e+00	0.000000e+00	0.000000e+00	0.000000e+00	0.000000e+00	0.000000e+00	0.000000e+00	0.000000e+00	0.000000e+00	0.000000e+00	0.000000e+00	0.000000e+00	0.000000e+00	0.000000e+00	0.000000e+00	0.000000e+00	0.000000e+00	0.000000e+00	0.000000e+00	0.000000e+00	0.000000e+00	0.000000e+00	0.000000e+00	0.000000e+00	0.000000e+00	0.000000e+00	0.000000e+00	0.000000e+00	0.000000e+00	0.000000e+00	0.000000e+00	0.000000e+00	0.000000e+00	0.000000e+00	0.000000e+00	0.000000e+00	0.000000e+00	0.000000e+00	0.000000e+00	0.000000e+00	0.000000e+00	0.000000e+00	0.000000e+00	0.000000e+00	0.000000e+00	0.000000e+00	0.000000e+00	0.000000e+00	0.000000e+00	0.000000e+00	0.000000e+00	0.000000e+00	0.000000e+00	0.000000e+00	0.000000e+00	0.000000e+00	0.000000e+00	0.000000e+00	0.000000e+00	0.000000e+00	0.000000e+00	0.000000e+00	0.000000e+00	0.000000e+00	0.000000e+00	0.000000e+00	0.000000e+00	0.000000e+00	0.000000e+00	0.000000e+00	0.000000e+00	0.000000e+00	0.000000e+00	0.000000e+00	0.000000e+00	0.000000e+00	0.000000e+00	0.000000e+00	0.000000e+00	0.000000e+00	0.000000e+00	0.000000e+00	0.000000e+00	0.000000e+00	0.000000e+00	0.000000e+00	0.000000e+00	0.000000e+00	0.000000e+00	0.000000e+00	0.000000e+00	0.000000e+00	0.000000e+00	0.000000e+00	0.000000e+00	0.000000e+00	0.000000e+00	0.000000e+00	0.000000e+00	0.000000e+00	0.000000e+00	0.000000e+00	0.000000e+00	0.000000e+00	0.000000e+00	0.000000e+00	0.000000e+00	0.000000e+00	0.000000e+00	0.000000e+00	0.000000e+00	0.000000e+00	0.000000e+00	0.000000e+00	0.000000e+00	0.000000e+00	0.000000e+00	0.000000e+00	0.000000e+00	0.000000e+00	0.000000e+00	0.000000e+00	0.000000e+00	0.000000e+00	0.000000e+00	0.000000e+00	0.000000e+00	0.000000e+00	0.000000e+00	0.000000e+00	0.000000e+00	0.000000e+00	0.000000e+00	0.000000e+00	0.000000e+00	0.000000e+00	0.000000e+00	0.000000e+00	0.000000e+00	0.000000e+00	0.000000e+00	0.000000e+00	0.000000e+00	0.000000e+00	0.000000e+00	0.000000e+00	0.000000e+00	0.000000e+00	0.000000e+00	0.000000e+00	0.000000e+00	0.000000e+00	0.000000e+00	0.000000e+00	0.000000e+00	0.000000e+00	0.000000e+00	0.000000e+00	0.000000e+00	0.000000e+00	0.000000e+00	0.000000e+00	0.000000e+00	0.000000e+00	0.000000e+00	0.000000e+00	0.000000e+00	0.000000e+00	0.000000e+00	0.000000e+00	0.000000e+00	0.000000e+00	0.000000e+00	0.000000e+00	0.000000e+00	0.000000e+00	0.000000e+00	0.000000e+00	0.000000e+00	0.000000e+00	0.000000e+00	0.000000e+00	0.000000e+00	0.000000e+00	0.000000e+00	0.000000e+00	0.000000e+00	0.000000e+00	0.000000e+00	0.000000e+00	0.000000e+00	0.000000e+00	0.000000e+00	0.000000e+00	0.000000e+00	0.000000e+00	0.000000e+00	0.000000e+00	0.000000e+00	0.000000e+00	0.000000e+00	0.000000e+00	0.000000e+00	0.000000e+00	0.000000e+00	0.000000e+00	0.000000e+00	0.000000e+00	0.000000e+00	0.000000e+00	0.000000e+00	0.000000e+00	0.000000e+00	0.000000e+00	0.000000e+00	0.000000e+00	0.000000e+00	0.000000e+00	0.000000e+00	0.000000e+00	0.000000e+00	0.000000e+00	0.000000e+00	0.000000e+00	0.000000e+00	0.000000e+00	0.000000e+00	0.000000e+00	0.000000e+00	0.000000e+00	0.000000e+00	0.000000e+00	0.000000e+00	0.000000e+00	0.000000e+00	0.000000e+00	0.000000e+00	0.000000e+00	0.000000e+00	0.000000e+00	0.000000e+00	0.000000e+00	0.000000e+00	0.000000e+00	0.000000e+00	0.000000e+00	0.000000e+00	0.000000e+00	0.000000e+00	0.000000e+00	0.000000e+00	0.000000e+00	0.000000e+00	0.000000e+00	0.000000e+00	0.000000e+00	0.000000e+00	0.000000e+00	0.000000e+00	0.000000e+00	0.000000e+00	0.000000e+00	0.000000e+00	0.000000e+00	0.000000e+00	0.000000e+00	0.000000e+00	0.000000e+00	0.000000e+00	0.000000e+00	0.000000e+00	0.000000e+00	0.000000e+00	0.000000e+00	0.000000e+00	0.000000e+00	0.000000e+00	0.000000e+00	0.000000e+00	0.000000e+00	0.000000e+00	0.000000e+00	0.000000e+00	0.000000e+00	0.000000e+00	0.000000e+00	0.000000e+00	0.000000e+00	0.000000e+00	0.000000e+00	0.000000e+00	0.000000e+00	0.000000e+00	0.000000e+00	0.000000e+00	0.000000e+00	0.000000e+00	0.000000e+00	0.000000e+00	0.000000e+00	0.000000e+00	0.000000e+00	0.000000e+00	0.000000e+00	0.000000e+00	0.000000e+00	0.000000e+00	0.000000e+00	0.000000e+00	0.000000e+00	0.000000e+00	0.000000e+00	0.000000e+00	0.000000e+00	0.000000e+00	0.000000e+00	0.000000e+00	0.000000e+00	0.000000e+00	0.000000e+00	0.000000e+00	0.000000e+00	0.000000e+00	0.000000e+00	0.000000e+00	0.000000e+00	0.000000e+00	0.000000e+00	0.000000e+00	0.000000e+00	0.000000e+00	0.000000e+00	0.000000e+00	0.000000e+00	0.000000e+00	0.000000e+00	0.000000e+00	0.000000e+00	0.000000e+00	0.000000e+00	0.000000e+00	0.000000e+00	0.000000e+00	0.000000e+00	0.000000e+00	0.000000e+00	0.000000e+00	0.000000e+00	0.000000e+00	0.000000e+00	0.000000e+00	0.000000e+00	0.000000e+00	0.000000e+00	0.000000e+00	0.000000e+00	0.000000e+00	0.000000e+00	0.000000e+00	0.000000e+00	0.000000e+00	0.000000e+00	0.000000e+00	0.000000e+00	0.000000e+00	0.000000e+00	0.000000e+00	0.000000e+00	0.000000e+00	0.000000e+00	0.000000e+00	0.000000e+00	0.000000e+00	0.000000e+00	0.000000e+00	0.000000e+00	0.000000e+00	0.000000e+00	0.000000e+00	0.000000e+00	0.000000e+00	0.000000e+00	0.000000e+00	0.000000e+00	0.000000e+00	0.000000e+00	0.000000e+00	0.000000e+00	0.000000e+00	0.000000e+00	0.000000e+00	0.000000e+00	0.000000e+00	0.000000e+00	0.000000e+00	0.000000e+00	0.000000e+00	0.000000e+00	0.000000e+00	0.000000e+00	0.000000e+00	0.000000e+00	0.000000e+00	0.000000e+00	0.000000e+00	0.000000e+00	0.000000e+00	0.000000e+00	0.000000e+00	0.000000e+00	0.000000e+00	0.000000e+00	0.000000e+00	0.000000e+00	0.000000e+00	0.000000e+00	0.000000e+00	0.000000e+00	0.000000e+00	0.000000e+00	0.000000e+00	0.000000e+00	0.000000e+00	0.000000e+00	0.000000e+00	0.000000e+00	0.000000e+00	0.000000e+00	0.000000e+00	0.000000e+00	0.000000e+00	0.000000e+00	0.000000e+00	0.000000e+00	0.000000e+00	0.000000e+00	0.000000e+00	0.000000e+00	0.000000e+00	0.000000e+00	0.000000e+00	0.000000e+00	0.000000e+00	0.000000e+00	0.000000e+00	0.000000e+00	0.000000e+00	0.000000e+00	0.000000e+00	0.000000e+00	0.000000e+00	0.000000e+00	0.000000e+00	0.000000e+00	0.000000e+00	0.000000e+00	0.000000e+00	0.000000e+00	0.000000e+00	0.000000e+00	0.000000e+00	0.000000e+00	0.000000e+00	0.000000e+00	0.000000e+00	0.000000e+00	0.000000e+00	0.000000e+00	0.000000e+00	0.000000e+00	0.000000e+00	0.000000e+00	0.000000e+00	0.000000e+00	0.000000e+00	0.000000e+00	0.000000e+00	0.000000e+00	0.000000e+00	0.000000e+00	0.000000e+00	0.000000e+00	0.000000e+00	0.000000e+00	0.000000e+00	0.000000e+00	0.000000e+00	0.000000e+00	0.000000e+00	0.000000e+00	0.000000e+00	0.000000e+00	0.000000e+00	0.000000e+00	0.000000e+00	0.000000e+00	0.000000e+00	0.000000e+00	0.000000e+00	0.000000e+00	0.000000e+00	0.000000e+00	0.000000e+00	0.000000e+00	0.000000e+00	0.000000e+00	0.000000e+00	0.000000e+00	0.000000e+00	0.000000e+00	0.000000e+00	0.000000e+00	0.000000e+00	0.000000e+00	0.000000e+00	0.000000e+00	0.000000e+00	0.000000e+00	0.000000e+00	0.000000e+00	0.000000e+00	0.000000e+00	0.000000e+00	0.000000e+00	0.000000e+00	0.000000e+00	0.000000e+00	0.000000e+00	0.000000e+00	0.000000e+00	0.000000e+00	0.000000e+00	0.000000e+00	0.000000e+00	0.000000e+00	0.000000e+00	0.000000e+00	0.000000e+00	0.000000e+00	0.000000e+00	0.000000e+00	0.000000e+00	0.000000e+00	0.000000e+00	0.000000e+00	0.000000e+00	0.000000e+00	0.000000e+00	0.000000e+00	0.000000e+00	0.000000e+00	0.000000e+00	0.000000e+00	0.000000e+00	0.000000e+00	0.000000e+00	0.000000e+00	0.000000e+00	0.000000e+00	0.000000e+00	0.000000e+00	0.000000e+00	0.000000e+00	0.000000e+00	0.000000e+00	0.000000e+00	0.000000e+00	0.000000e+00	0.000000e+00	0.000000e+00	0.000000e+00	0.000000e+00	0.000000e+00	0.000000e+00	0.000000e+00	0.000000e+00	0.000000e+00	0.000000e+00	0.000000e+00	0.000000e+00	0.000000e+00	0.000000e+00	0.000000e+00	0.000000e+00	0.000000e+00	0.000000e+00	0.000000e+00	0.000000e+00	0.000000e+00	0.000000e+00	0.000000e+00	0.000000e+00	0.000000e+00	0.000000e+00	0.000000e+00	0.000000e+00	0.000000e+00	0.000000e+00	0.000000e+00	0.000000e+00	0.000000e+00	0.000000e+00	0.000000e+00	0.000000e+00	0.000000e+00	0.000000e+00	0.000000e+00	0.000000e+00	0.000000e+00	0.000000e+00	0.000000e+00	0.000000e+00	0.000000e+00	0.000000e+00	0.000000e+00	0.000000e+00	0.000000e+00	0.000000e+00	0.000000e+00	0.000000e+00	0.000000e+00	0.000000e+00	0.000000e+00	0.000000e+00	0.000000e+00	0.000000e+00	0.000000e+00	0.000000e+00	0.000000e+00	0.000000e+00	0.000000e+00	0.000000e+00	0.000000e+00	0.000000e+00	0.000000e+00	0.000000e+00	0.000000e+00	0.000000e+00	0.000000e+00	0.000000e+00	0.000000e+00	0.000000e+00	0.000000e+00	0.000000e+00	0.000000e+00	0.000000e+00	0.000000e+00	0.000000e+00	0.000000e+00	0.000000e+00	0.000000e+00	0.000000e+00	0.000000e+00	0.000000e+00	0.000000e+00	0.000000e+00	0.000000e+00	0.000000e+00	0.000000e+00	0.000000e+00	0.000000e+00	0.000000e+00	0.000000e+00	0.000000e+00	0.000000e+00	0.000000e+00	0.000000e+00	0.000000e+00	0.000000e+00	0.000000e+00	0.000000e+00	0.000000e+00	0.000000e+00	0.000000e+00	0.000000e+00	0.000000e+00	0.000000e+00	0.000000e+00	0.000000e+00	0.000000e+00	0.000000e+00	0.000000e+00	0.000000e+00	0.000000e+00	0.000000e+00	0.000000e+00	0.000000e+00	0.000000e+00	0.000000e+00	0.000000e+00	0.000000e+00	0.000000e+00	0.000000e+00	0.000000e+00	0.000000e+00	0.000000e+00	0.000000e+00	0.000000e+00	0.000000e+00	0.000000e+00	0.000000e+00	0.000000e+00	0.000000e+00	0.000000e+00	0.000000e+00	0.000000e+00	0.000000e+00	0.000000e+00	0.000000e+00	0.000000e+00	0.000000e+00	0.000000e+00	0.000000e+00	0.000000e+00	0.000000e+00	0.000000e+00	0.000000e+00	0.000000e+00	0.000000e+00	0.000000e+00	0.000000e+00	0.000000e+00	0.000000e+00	0.000000e+00	0.000000e+00	0.000000e+00	0.000000e+00	0.000000e+00	0.000000e+00	0.000000e+00	0.000000e+00	0.000000e+00	0.000000e+00	0.000000e+00	0.000000e+00	0.000000e+00	0.000000e+00	0.000000e+00	0.000000e+00	0.000000e+00	0.000000e+00	0.000000e+00	0.000000e+00	0.000000e+00	0.000000e+00	0.000000e+00	0.000000e+00	0.000000e+00	0.000000e+00	0.000000e+00	0.000000e+00	0.000000e+00	0.000000e+00	0.000000e+00	0.000000e+00	0.000000e+00	0.000000e+00	0.000000e+00	0.000000e+00	0.000000e+00	0.000000e+00	0.000000e+00	0.000000e+00	0.000000e+00	0.000000e+00	0.000000e+00	0.000000e+00	0.000000e+00	0.000000e+00	0.000000e+00	0.000000e+00	0.000000e+00	0.000000e+00	0.000000e+00	0.000000e+00	0.000000e+00	0.000000e+00	0.000000e+00	0.000000e+00	0.000000e+00	0.000000e+00	0.000000e+00	0.000000e+00	0.000000e+00	0.000000e+00	0.000000e+00	0.000000e+00	0.000000e+00	0.000000e+00	0.000000e+00	0.000000e+00	0.000000e+00	0.000000e+00	0.000000e+00	0.000000e+00	0.000000e+00	0.000000e+00	0.000000e+00	0.000000e+00	0.000000e+00	0.000000e+00	0.000000e+00	0.000000e+00	0.000000e+00	0.000000e+00	0.000000e+00	0.000000e+00	0.000000e+00	0.000000e+00	0.000000e+00	0.000000e+00	0.000000e+00	0.000000e+00	0.000000e+00	0.000000e+00	0.000000e+00	0.000000e+00	0.000000e+00	0.000000e+00	0.000000e+00	0.000000e+00	0.000000e+00	0.000000e+00	0.000000e+00	0.000000e+00	0.000000e+00	0.000000e+00	0.000000e+00	0.000000e+00	0.000000e+00	0.000000e+00	0.000000e+00	0.000000e+00	0.000000e+00	0.000000e+00	0.000000e+00	0.000000e+00	0.000000e+00	0.000000e+00	0.000000e+00	0.000000e+00	0.000000e+00	0.000000e+00	0.000000e+00	0.000000e+00	0.000000e+00	0.000000e+00	0.000000e+00	0.000000e+00	0.000000e+00	0.000000e+00	0.000000e+00	0.000000e+00	0.000000e+00	0.000000e+00	0.000000e+00	0.000000e+00	0.000000e+00	0.000000e+00	0.000000e+00	0.000000e+00	0.000000e+00	0.000000e+00	0.000000e+00	0.000000e+00	0.000000e+00	0.000000e+00	0.000000e+00	0.000000e+00	0.000000e+00	0.000000e+00	0.000000e+00	0.000000e+00	0.000000e+00	0.000000e+00	0.000000e+00	0.000000e+00	0.000000e+00	0.000000e+00	0.000000e+00	0.000000e+00	0.000000e+00	0.000000e+00	0.000000e+00	0.000000e+00	0.000000e+00	0.000000e+00	0.000000e+00	0.000000e+00	0.000000e+00	0.000000e+00	0.000000e+00	0.000000e+00	0.000000e+00	0.000000e+00	0.000000e+00	0.000000e+00	0.000000e+00	0.000000e+00	0.000000e+00	0.000000e+00	0.000000e+00	0.000000e+00	0.000000e+00	0.000000e+00	0.000000e+00	0.000000e+00	0.000000e+00	0.000000e+00	0.000000e+00	0.000000e+00	0.000000e+00	0.000000e+00	0.000000e+00	0.000000e+00	0.000000e+00	0.000000e+00	0.000000e+00	0.000000e+00	0.000000e+00	0.000000e+00	0.000000e+00	0.000000e+00	0.000000e+00	0.000000e+00	0.000000e+00	0.000000e+00	0.000000e+00	0.000000e+00	0.000000e+00	0.000000e+00	0.000000e+00	0.000000e+00	0.000000e+00	0.000000e+00	0.000000e+00	0.000000e+00	0.000000e+00	0.000000e+00	0.000000e+00	0.000000e+00	0.000000e+00	0.000000e+00	0.000000e+00	0.000000e+00	0.000000e+00	0.000000e+00	0.000000e+00	0.000000e+00	0.000000e+00	0.000000e+00	0.000000e+00	0.000000e+00	0.000000e+00	0.000000e+00	0.000000e+00	0.000000e+00	0.000000e+00	0.000000e+00	0.000000e+00	0.000000e+00	0.000000e+00	0.000000e+00	0.000000e+00	0.000000e+00	0.000000e+00	0.000000e+00	0.000000e+00	0.000000e+00	0.000000e+00	0.000000e+00	0.000000e+00	0.000000e+00	0.000000e+00	0.000000e+00	0.000000e+00	0.000000e+00	0.000000e+00	0.000000e+00	0.000000e+00	0.000000e+00	0.000000e+00	0.000000e+00	0.000000e+00	0.000000e+00	0.000000e+00	0.000000e+00	0.000000e+00	0.000000e+00	0.000000e+00	0.000000e+00	0.000000e+00	0.000000e+00	0.000000e+00	0.000000e+00	0.000000e+00	0.000000e+00	0.000000e+00	0.000000e+00	0.000000e+00	0.000000e+00	0.000000e+00	0.000000e+00	0.000000e+00	0.000000e+00	0.000000e+00	0.000000e+00	0.000000e+00	0.000000e+00	0.000000e+00	0.000000e+00	0.000000e+00	0.000000e+00	0.000000e+00	0.000000e+00	0.000000e+00	0.000000e+00	0.000000e+00	0.000000e+00	0.000000e+00	0.000000e+00	0.000000e+00	0.000000e+00	0.000000e+00	0.000000e+00	0.000000e+00	0.000000e+00	0.000000e+00	0.000000e+00	0.000000e+00	0.000000e+00	0.000000e+00	0.000000e+00	0.000000e+00	0.000000e+00	0.000000e+00	0.000000e+00	0.000000e+00	0.000000e+00	0.000000e+00	0.000000e+00	0.000000e+00	0.000000e+00	0.000000e+00	0.000000e+00	0.000000e+00	0.000000e+00	0.000000e+00	0.000000e+00	0.000000e+00	0.000000e+00	0.000000e+00	0.000000e+00	0.000000e+00	0.000000e+00	0.000000e+00	0.000000e+00	0.000000e+00	0.000000e+00	0.000000e+00	0.000000e+00	0.000000e+00	0.000000e+00	0.000000e+00	0.000000e+00	0.000000e+00	0.000000e+00	0.000000e+00	0.000000e+00	0.000000e+00	0.000000e+00	0.000000e+00	0.000000e+00	0.000000e+00	0.000000e+00	0.000000e+00	0.000000e+00	0.000000e+00	0.000000e+00	0.000000e+00	0.000000e+00	0.000000e+00	0.000000e+00	0.000000e+00	0.000000e+00	0.000000e+00	0.000000e+00	0.000000e+00	0.000000e+00	0.000000e+00	0.000000e+00	0.000000e+00	0.000000e+00	0.000000e+00	0.000000e+00	0.000000e+00	0.000000e+00	0.000000e+00	0.000000e+00	0.000000e+00	0.000000e+00	0.000000e+00	0.000000e+00	0.000000e+00	0.000000e+00	0.000000e+00	0.000000e+00	0.000000e+00	0.000000e+00	0.000000e+00	0.000000e+00	0.000000e+00	0.000000e+00	0.000000e+00	0.000000e+00	0.000000e+00	0.000000e+00	0.000000e+00	0.000000e+00	0.000000e+00	0.000000e+00	0.000000e+00	0.000000e+00	0.000000e+00	0.000000e+00	0.000000e+00	0.000000e+00	0.000000e+00	0.000000e+00	0.000000e+00	0.000000e+00	0.000000e+00	0.000000e+00	0.000000e+00	0.000000e+00	0.000000e+00	0.000000e+00	0.000000e+00	0.000000e+00	0.000000e+00	0.000000e+00	0.000000e+00	0.000000e+00	0.000000e+00	0.000000e+00	0.000000e+00	0.000000e+00	0.000000e+00	0.000000e+00	0.000000e+00	0.000000e+00	0.000000e+00	0.000000e+00	0.000000e+00	0.000000e+00	0.000000e+00	0.000000e+00	0.000000e+00	0.000000e+00	0.000000e+00	0.000000e+00	0.000000e+00	0.000000e+00	0.000000e+00	0.000000e+00	0.000000e+00	0.000000e+00	0.000000e+00	0.000000e+00	0.000000e+00	0.000000e+00	0.000000e+00	0.000000e+00	0.000000e+00	0.000000e+00	0.000000e+00	0.000000e+00	0.000000e+00	0.000000e+00	0.000000e+00	0.000000e+00	0.000000e+00	0.000000e+00	0.000000e+00	0.000000e+00	0.000000e+00	0.000000e+00	0.000000e+00	0.000000e+00	0.000000e+00	0.000000e+00	0.000000e+00	0.000000e+00	0.000000e+00	0.000000e+00	0.000000e+00	0.000000e+00	0.000000e+00	0.000000e+00	0.000000e+00	0.000000e+00	0.000000e+00	0.000000e+00	0.000000e+00	0.000000e+00	0.000000e+00	0.000000e+00	0.000000e+00	0.000000e+00	0.000000e+00	0.000000e+00	0.000000e+00	0.000000e+00	0.000000e+00	0.000000e+00	0.000000e+00	0.000000e+00	0.000000e+00	0.000000e+00	0.000000e+00	0.000000e+00	0.000000e+00	0.000000e+00	0.000000e+00	0.000000e+00	0.000000e+00	0.000000e+00	0.000000e+00	0.000000e+00	0.000000e+00	0.000000e+00	0.000000e+00	0.000000e+00	0.000000e+00	0.000000e+00	0.000000e+00	0.000000e+00	0.000000e+00	0.000000e+00	0.000000e+00	0.000000e+00	0.000000e+00	0.000000e+00	0.000000e+00	0.000000e+00	0.000000e+00	0.000000e+00	0.000000e+00	0.000000e+00	0.000000e+00	0.000000e+00	0.000000e+00	0.000000e+00	0.000000e+00	0.000000e+00	0.000000e+00	0.000000e+00	0.000000e+00	0.000000e+00	0.000000e+00	0.000000e+00	0.000000e+00	0.000000e+00	0.000000e+00	0.000000e+00	0.000000e+00	0.000000e+00	0.000000e+00	0.000000e+00	0.000000e+00	0.000000e+00	0.000000e+00	0.000000e+00	0.000000e+00	0.000000e+00	0.000000e+00	0.000000e+00	0.000000e+00	0.000000e+00	0.000000e+00	0.000000e+00	0.000000e+00	0.000000e+00	0.000000e+00	0.000000e+00	0.000000e+00	0.000000e+00	0.000000e+00	0.000000e+00	0.000000e+00	0.000000e+00	0.000000e+00	0.000000e+00	0.000000e+00	0.000000e+00	0.000000e+00	0.000000e+00	0.000000e+00	0.000000e+00	0.000000e+00	0.000000e+00	0.000000e+00	0.000000e+00	0.000000e+00	0.000000e+00	0.000000e+00	0.000000e+00	0.000000e+00	0.000000e+00	0.000000e+00	0.000000e+00	0.000000e+00	0.000000e+00	0.000000e+00	0.000000e+00	0.000000e+00	0.000000e+00	0.000000e+00	0.000000e+00	0.000000e+00	0.000000e+00	0.000000e+00	0.000000e+00	0.000000e+00	0.000000e+00	0.000000e+00	0.000000e+00	0.000000e+00	0.000000e+00	0.000000e+00	0.000000e+00	0.000000e+00	0.000000e+00	0.000000e+00	0.000000e+00	0.000000e+00	0.000000e+00	0.000000e+00	0.000000e+00	0.000000e+00	0.000000e+00	0.000000e+00	0.000000e+00	0.000000e+00	0.000000e+00	0.000000e+00	0.000000e+00	0.000000e+00	0.000000e+00	0.000000e+00	0.000000e+00	0.000000e+00	0.000000e+00	0.000000e+00	0.000000e+00	0.000000e+00	0.000000e+00	0.000000e+00	0.000000e+00	0.000000e+00	0.000000e+00	0.000000e+00	0.000000e+00	0.000000e+00	0.000000e+00	0.000000e+00	0.000000e+00	0.000000e+00	0.000000e+00	0.000000e+00	0.000000e+00	0.000000e+00	0.000000e+00	0.000000e+00	0.000000e+00	0.000000e+00	0.000000e+00	0.000000e+00	0.000000e+00	0.000000e+00	0.000000e+00	0.000000e+00	0.000000e+00	0.000000e+00	0.000000e+00	0.000000e+00	0.000000e+00	0.000000e+00	