NDIME= 2
NELEM= 3514
5 1156 1153 1157 0
5 1306 1305 1307 1
5 751 1209 1590 2
5 728 715 842 3
5 1550 1547 1582 4
5 1124 1646 1647 5
5 950 898 1005 6
5 1230 1166 1249 7
5 581 556 583 8
5 1129 1128 1137 9
5 908 909 910 10
5 525 648 654 11
5 562 559 1871 12
5 529 1655 1672 13
5 763 816 817 14
5 1143 1139 1199 15
5 559 561 1871 16
5 1447 1071 1843 17
5 555 469 557 18
5 977 1840 1981 19
5 1162 17 1221 20
5 1079 1080 1825 21
5 654 648 669 22
5 1212 935 1233 23
5 796 826 1262 24
5 541 465 610 25
5 810 763 817 26
5 1238 624 1718 27
5 782 831 1004 28
5 15 1162 1226 29
5 1449 1103 1573 30
5 1506 1505 1507 31
5 842 717 1818 32
5 789 832 1004 33
5 1168 1165 1181 34
5 1282 1281 1283 35
5 847 838 976 36
5 1649 1617 1687 37
5 1138 1634 1636 38
5 841 527 976 39
5 687 844 845 40
5 843 686 844 41
5 582 583 1952 42
5 686 846 1588 43
5 1279 1749 1807 44
5 689 850 1588 45
5 1356 1355 1404 46
5 1463 1398 1861 47
5 899 950 953 48
5 533 637 663 49
5 1122 1117 1149 50
5 1102 1104 1705 51
5 1070 1437 1787 52
5 1203 1591 1908 53
5 1031 1034 1254 54
5 1080 1454 1825 55
5 1407 1357 1423 56
5 1390 1393 1499 57
5 586 651 1704 58
5 1137 1136 1205 59
5 1556 1377 1727 60
5 673 1197 1232 61
5 195 196 1446 62
5 1416 1548 1699 63
5 831 808 1004 64
5 1130 1128 1745 65
5 890 1008 1009 66
5 1376 1377 1556 67
5 772 860 998 68
5 796 795 820 69
5 503 496 1947 70
5 1203 928 1591 71
5 558 559 1933 72
5 419 1135 1860 73
5 1025 1116 1245 74
5 1358 1356 1376 75
5 583 556 628 76
5 1 1191 1607 77
5 1142 8 1228 78
5 414 415 1665 79
5 923 950 1005 80
5 11 1144 1253 81
5 1067 1076 1079 82
5 1442 1329 1495 83
5 896 893 902 84
5 1191 1189 1607 85
5 1205 1148 1244 86
5 1436 1405 1437 87
5 464 552 608 88
5 1186 1052 1248 89
5 757 528 848 90
5 795 796 1262 91
5 977 922 1840 92
5 497 1581 1839 93
5 552 464 645 94
5 763 810 818 95
5 559 560 561 96
5 777 974 1736 97
5 488 485 495 98
5 808 825 1838 99
5 1198 1207 1881 100
5 908 901 909 101
5 1627 1630 1632 102
5 933 1203 1908 103
5 1283 1281 1284 104
5 488 491 1967 105
5 1656 1630 1676 106
5 1067 1079 1447 107
5 604 476 607 108
5 980 799 1877 109
5 1518 1392 1725 110
5 769 778 795 111
5 751 755 1209 112
5 1256 676 1257 113
5 1078 1246 1817 114
5 558 469 602 115
5 508 1466 1467 116
5 597 1451 1781 117
5 1298 1565 1804 118
5 496 503 1801 119
5 1324 1321 1326 120
5 528 757 830 121
5 1631 1646 1711 122
5 626 990 1811 123
5 1277 1573 1882 124
5 1487 1486 1762 125
5 1307 1305 1309 126
5 1758 1068 1762 127
5 1056 1053 1600 128
5 1156 1157 1715 129
5 588 1030 1593 130
5 524 519 1916 131
5 662 537 663 132
5 1373 1476 1930 133
5 1220 1238 1239 134
5 563 558 602 135
5 1537 1318 1771 136
5 1154 566 1198 137
5 1358 1376 1556 138
5 589 478 590 139
5 1585 1062 1605 140
5 1149 1117 1701 141
5 1623 1656 1676 142
5 890 1009 1686 143
5 1366 1364 1394 144
5 465 541 644 145
5 979 802 1877 146
5 1053 1059 1601 147
5 651 524 1704 148
5 1305 1303 1560 149
5 594 1734 1930 150
5 1103 1449 1750 151
5 1183 1638 1644 152
5 1631 1657 1676 153
5 508 1468 1729 154
5 784 808 1838 155
5 950 923 953 156
5 1070 1481 1751 157
5 1361 1358 1409 158
5 1477 1478 1479 159
5 1480 1377 1751 160
5 576 604 607 161
5 1382 1379 1384 162
5 1009 993 1686 163
5 1495 1500 1931 164
5 1196 738 1215 165
5 1034 1036 1109 166
5 713 727 734 167
5 1057 1391 1707 168
5 615 1567 1767 169
5 587 1202 1259 170
5 1375 1369 1392 171
5 1355 1352 1965 172
5 491 496 513 173
5 1179 1265 1266 174
5 1498 1390 1499 175
5 1050 1053 1959 176
5 1385 1384 1431 177
5 786 790 812 178
5 1039 1195 1609 179
5 876 800 963 180
5 1138 1130 1635 181
5 669 648 1712 182
5 1369 1366 1408 183
5 1380 1492 1497 184
5 1287 1286 1292 185
5 1157 1153 1197 186
5 1523 1367 1525 187
5 715 728 735 188
5 1103 1750 1935 189
5 1420 1419 1570 190
5 463 481 482 191
5 490 488 1967 192
5 1393 1392 1455 193
5 1627 1625 1630 194
5 487 485 488 195
5 1354 1352 1355 196
5 1162 1222 1223 197
5 199 200 1545 198
5 1090 1305 1306 199
5 1145 11 1253 200
5 1371 1374 1599 201
5 1313 1311 1444 202
5 784 786 808 203
5 565 569 1971 204
5 1285 1283 1286 205
5 577 633 646 206
5 1293 1561 1610 207
5 557 469 558 208
5 1122 1149 1150 209
5 715 735 836 210
5 524 539 1704 211
5 1679 1134 1680 212
5 489 488 490 213
5 916 938 951 214
5 1315 1313 1317 215
5 1433 1396 1458 216
5 780 784 809 217
5 1651 1681 1682 218
5 471 453 1938 219
5 572 573 1964 220
5 1 1606 1608 221
5 1620 1617 1649 222
5 1140 425 1869 223
5 778 780 810 224
5 686 705 844 225
5 1345 1344 1424 226
5 933 935 1203 227
5 633 467 646 228
5 916 937 938 229
5 8 1145 1228 230
5 1551 1312 1552 231
5 1086 1552 1774 232
5 1544 1543 1553 233
5 468 638 650 234
5 1675 1674 1852 235
5 1056 1381 1708 236
5 1231 676 1256 237
5 1184 774 1744 238
5 1079 1076 1080 239
5 1678 1135 1679 240
5 1008 522 1009 241
5 1144 1226 1738 242
5 795 778 1819 243
5 29 1170 1718 244
5 1581 1446 1839 245
5 1409 1358 1556 246
5 518 519 524 247
5 1025 1245 1593 248
5 1594 1293 1610 249
5 957 523 1840 250
5 555 557 677 251
5 1636 1634 1642 252
5 1509 1514 1515 253
5 1403 1547 1550 254
5 590 478 591 255
5 1104 1102 1193 256
5 1061 1504 1505 257
5 1377 1376 1751 258
5 1447 1429 1706 259
5 766 794 1874 260
5 582 581 583 261
5 1523 1525 1725 262
5 472 581 582 263
5 1159 1612 1613 264
5 1151 1150 1152 265
5 557 558 1933 266
5 1879 492 1967 267
5 620 583 625 268
5 1056 1378 1381 269
5 1197 673 1255 270
5 1320 1323 1454 271
5 1656 1658 1668 272
5 491 513 1879 273
5 27 28 1718 274
5 1131 1130 1891 275
5 809 784 1838 276
5 1274 1175 1886 277
5 1278 1279 1750 278
5 1430 1495 1931 279
5 990 991 1956 280
5 1430 1442 1495 281
5 1128 1127 1745 282
5 937 916 943 283
5 1036 1038 1110 284
5 1350 1348 1396 285
5 1308 1307 1311 286
5 591 592 1941 287
5 728 842 1818 288
5 590 591 1941 289
5 1651 1682 1810 290
5 1518 1525 1531 291
5 825 808 831 292
5 622 1235 1865 293
5 662 1598 1712 294
5 600 584 613 295
5 1303 1452 1560 296
5 668 655 707 297
5 868 865 1760 298
5 718 723 1011 299
5 727 706 734 300
5 1631 1629 1646 301
5 1013 759 1590 302
5 1190 1508 1607 303
5 1613 1612 1639 304
5 621 626 1857 305
5 539 524 1916 306
5 1175 1773 1886 307
5 572 569 573 308
5 1045 1061 1513 309
5 1444 1312 1724 310
5 1045 1046 1883 311
5 566 991 1871 312
5 1398 1425 1861 313
5 691 679 1826 314
5 1119 1117 1122 315
5 1340 1336 1576 316
5 743 742 747 317
5 1632 1630 1668 318
5 1629 1631 1676 319
5 574 573 1778 320
5 1312 1444 1552 321
5 767 795 1262 322
5 1370 1455 1516 323
5 1630 1656 1668 324
5 429 468 1958 325
5 1179 1275 1748 326
5 865 814 1760 327
5 1343 1341 1344 328
5 484 482 485 329
5 638 517 650 330
5 1146 1148 1205 331
5 1525 1518 1725 332
5 454 455 472 333
5 992 1205 1244 334
5 1104 1281 1282 335
5 1317 1318 1537 336
5 467 576 607 337
5 459 469 555 338
5 1416 1402 1422 339
5 844 727 845 340
5 1439 1087 1774 341
5 428 479 1697 342
5 738 700 1845 343
5 895 901 908 344
5 792 797 858 345
5 1095 1102 1705 346
5 453 477 1938 347
5 1639 1810 1852 348
5 452 453 471 349
5 1136 1133 1139 350
5 990 562 991 351
5 1388 1385 1432 352
5 1198 572 1207 353
5 427 428 470 354
5 429 430 468 355
5 459 460 469 356
5 1024 1021 1185 357
5 800 876 877 358
5 513 496 1801 359
5 1384 1390 1440 360
5 1392 1369 1725 361
5 1158 1156 1715 362
5 713 712 727 363
5 790 792 815 364
5 1062 224 1608 365
5 573 586 587 366
5 576 467 633 367
5 1570 1419 1816 368
5 738 1196 1204 369
5 1223 1225 1738 370
5 1511 1420 1570 371
5 463 451 481 372
5 470 428 1697 373
5 1396 1398 1462 374
5 1354 1355 1356 375
5 465 449 610 376
5 1090 1304 1305 377
5 657 652 658 378
5 1268 1270 1271 379
5 1458 1396 1459 380
5 1109 1036 1884 381
5 947 1189 1191 382
5 1415 1568 1570 383
5 1431 1493 1494 384
5 1443 1544 1553 385
5 491 1879 1967 386
5 735 716 836 387
5 1123 1122 1925 388
5 976 838 1011 389
5 1048 1443 1553 390
5 1283 1284 1290 391
5 603 551 981 392
5 561 564 1943 393
5 1117 1115 1701 394
5 841 976 1818 395
5 1240 936 1264 396
5 1031 1033 1034 397
5 1266 1267 1271 398
5 1416 1547 1548 399
5 907 910 966 400
5 462 432 580 401
5 850 851 1588 402
5 706 727 844 403
5 1080 1082 1912 404
5 1571 1277 1572 405
5 666 1604 1784 406
5 477 453 1960 407
5 1505 1420 1509 408
5 1338 1336 1340 409
5 1053 1056 1959 410
5 768 766 1874 411
5 510 1186 1248 412
5 1036 1110 1884 413
5 618 1807 1886 414
5 818 809 1937 415
5 1159 1611 1612 416
5 1110 1038 1247 417
5 462 580 603 418
5 1630 1629 1676 419
5 1486 1411 1762 420
5 427 470 575 421
5 472 579 581 422
5 1568 1511 1570 423
5 518 514 1983 424
5 627 1230 1249 425
5 1671 534 1683 426
5 454 472 1960 427
5 1419 1416 1699 428
5 1187 1110 1192 429
5 772 998 1736 430
5 786 787 790 431
5 1061 1505 1506 432
5 784 785 786 433
5 1637 1663 1836 434
5 1344 1341 1406 435
5 991 992 1956 436
5 1335 1825 1924 437
5 1372 1433 1461 438
5 491 495 496 439
5 780 781 784 440
5 866 865 868 441
5 1639 1640 1810 442
5 1216 1215 1217 443
5 905 1240 1264 444
5 1220 1239 1955 445
5 1376 1356 1438 446
5 1717 1238 1718 447
5 520 815 855 448
5 1625 1622 1629 449
5 1383 195 1446 450
5 623 1236 1873 451
5 778 779 780 452
5 889 803 979 453
5 1655 1616 1672 454
5 1141 1139 1143 455
5 624 1238 1862 456
5 800 877 982 457
5 1507 1505 1940 458
5 1202 587 1704 459
5 1384 1379 1390 460
5 559 558 560 461
5 474 578 1006 462
5 1617 1616 1655 463
5 1013 1590 1744 464
5 924 926 955 465
5 1150 1149 1196 466
5 748 752 757 467
5 889 979 1877 468
5 665 675 1797 469
5 1129 1137 1154 470
5 705 686 1588 471
5 1290 1574 1735 472
5 912 917 918 473
5 1034 1035 1036 474
5 462 603 640 475
5 1082 1083 1912 476
5 1437 1405 1835 477
5 472 455 579 478
5 465 577 646 479
5 777 1736 1799 480
5 1084 1323 1434 481
5 1288 1283 1290 482
5 495 485 1768 483
5 992 991 1211 484
5 1502 1583 1824 485
5 1456 508 1467 486
5 614 1235 1866 487
5 811 767 1262 488
5 2 426 962 489
5 923 924 953 490
5 869 873 876 491
5 1382 1384 1385 492
5 464 578 645 493
5 1614 1613 1616 494
5 564 565 1943 495
5 730 754 996 496
5 569 572 1971 497
5 577 465 644 498
5 799 971 1877 499
5 578 474 1802 500
5 1320 1315 1972 501
5 1194 1102 1235 502
5 1512 1578 1688 503
5 1674 1673 1852 504
5 479 429 1958 505
5 586 585 651 506
5 911 912 958 507
5 890 892 1008 508
5 1485 1411 1486 509
5 926 930 937 510
5 614 620 1865 511
5 1284 1448 1450 512
5 578 464 1006 513
5 1606 1 1607 514
5 1279 1278 1749 515
5 1416 1422 1547 516
5 519 518 1983 517
5 508 1456 1468 518
5 808 786 1004 519
5 428 429 479 520
5 1396 1348 1398 521
5 1151 1152 1932 522
5 648 647 1712 523
5 1383 1445 1812 524
5 640 603 641 525
5 1572 1277 1854 526
5 1246 1801 1817 527
5 573 587 1778 528
5 463 483 610 529
5 1637 414 1665 530
5 494 490 1948 531
5 662 1597 1598 532
5 1323 1321 1324 533
5 617 1574 1855 534
5 1634 1138 1635 535
5 480 1003 1958 536
5 733 718 1011 537
5 484 485 487 538
5 989 562 990 539
5 595 592 1867 540
5 1047 1046 1895 541
5 1594 615 1764 542
5 656 657 658 543
5 1087 1439 1720 544
5 1227 1145 1253 545
5 463 482 483 546
5 790 791 792 547
5 1357 1356 1358 548
5 461 2 962 549
5 896 902 903 550
5 812 789 1004 551
5 1405 1436 1734 552
5 575 470 1695 553
5 450 451 463 554
5 431 432 462 555
5 592 600 613 556
5 1238 1220 1862 557
5 451 452 481 558
5 1528 1400 1931 559
5 478 1792 1938 560
5 491 488 495 561
5 774 1184 1210 562
5 559 562 1260 563
5 487 488 489 564
5 1451 597 1592 565
5 1343 1344 1345 566
5 1167 1165 1168 567
5 918 919 973 568
5 1024 1185 1210 569
5 573 574 1964 570
5 1336 1333 1400 571
5 1235 614 1865 572
5 1622 1620 1641 573
5 566 1871 1943 574
5 483 541 610 575
5 452 471 1889 576
5 1635 1130 1645 577
5 1152 1150 1213 578
5 1215 738 1845 579
5 1433 1458 1460 580
5 1360 1358 1361 581
5 1734 1436 1930 582
5 1652 1257 1913 583
5 468 650 1987 584
5 814 865 942 585
5 934 936 1234 586
5 1375 1392 1393 587
5 1424 1344 1467 588
5 1322 1315 1537 589
5 529 1672 1894 590
5 566 1154 1211 591
5 1338 1340 1917 592
5 1315 1317 1537 593
5 1108 872 1702 594
5 1304 1303 1305 595
5 1203 935 1212 596
5 584 614 1985 597
5 1302 1298 1804 598
5 780 809 818 599
5 906 907 969 600
5 496 500 1947 601
5 1045 1043 1046 602
5 469 460 602 603
5 919 921 923 604
5 1335 1337 1825 605
5 1096 1094 1901 606
5 1109 1212 1233 607
5 1067 1447 1843 608
5 1042 1041 1945 609
5 1418 1586 1904 610
5 1840 918 1981 611
5 815 520 833 612
5 1478 1373 1930 613
5 592 613 1867 614
5 1235 1096 1866 615
5 1365 1364 1366 616
5 1426 1758 1762 617
5 1119 1122 1123 618
5 1173 1273 1875 619
5 1646 1641 1647 620
5 769 771 778 621
5 1085 1320 1454 622
5 1351 1350 1848 623
5 718 720 723 624
5 1368 1366 1369 625
5 1128 1130 1131 626
5 626 989 990 627
5 1071 1447 1706 628
5 458 555 1885 629
5 757 752 830 630
5 792 793 797 631
5 1236 1221 1258 632
5 1363 1361 1596 633
5 561 560 564 634
5 1347 1345 1856 635
5 1374 1369 1375 636
5 666 1257 1604 637
5 601 477 1795 638
5 910 909 911 639
5 5 457 1710 640
5 1164 1161 1225 641
5 625 583 628 642
5 1478 1461 1479 643
5 767 769 795 644
5 1242 975 1878 645
5 1750 1279 1936 646
5 679 680 1826 647
5 614 584 620 648
5 1303 1302 1451 649
5 1402 1401 1443 650
5 1314 1315 1320 651
5 677 556 1885 652
5 714 739 1602 653
5 1492 1440 1497 654
5 1127 1126 1926 655
5 592 595 1909 656
5 1401 1388 1453 657
5 1378 1375 1684 658
5 485 482 1769 659
5 1029 1031 1107 660
5 1386 1385 1388 661
5 1394 1412 1475 662
5 912 918 944 663
5 1122 1150 1151 664
5 848 753 1903 665
5 200 1387 1545 666
5 663 637 664 667
5 1069 1059 1813 668
5 483 482 484 669
5 1547 1422 1582 670
5 1431 1384 1493 671
5 1410 1409 1554 672
5 588 1245 1922 673
5 1339 1484 1485 674
5 458 459 555 675
5 457 458 475 676
5 1286 1283 1288 677
5 1437 1070 1438 678
5 1417 1416 1419 679
5 935 934 1234 680
5 1612 1611 1731 681
5 1364 1363 1596 682
5 1609 1195 1916 683
5 1016 1106 1240 684
5 674 671 1587 685
5 1306 1307 1308 686
5 482 481 1846 687
5 1298 1564 1565 688
5 1298 1296 1564 689
5 1282 1283 1285 690
5 741 714 1602 691
5 655 668 679 692
5 924 925 926 693
5 1043 1045 1982 694
5 1381 1379 1382 695
5 1057 1707 1904 696
5 1567 615 1594 697
5 433 466 580 698
5 1445 1383 1446 699
5 1311 1307 1439 700
5 1153 1151 1932 701
5 1150 1196 1214 702
5 1046 1047 1883 703
5 892 894 906 704
5 1318 1317 1538 705
5 605 554 1802 706
5 432 433 580 707
5 1326 1535 1742 708
5 723 725 976 709
5 878 887 971 710
5 1564 1296 1973 711
5 481 452 1889 712
5 943 931 1719 713
5 1626 1627 1635 714
5 1106 1016 1252 715
5 1333 1331 1442 716
5 705 706 844 717
5 1339 1485 1486 718
5 1344 1406 1456 719
5 1126 1127 1128 720
5 1047 1586 1887 721
5 789 812 833 722
5 939 946 1963 723
5 918 917 919 724
5 1400 1333 1430 725
5 775 855 1693 726
5 1273 1173 1274 727
5 1314 1313 1315 728
5 1379 1378 1684 729
5 417 418 1860 730
5 1280 1276 1907 731
5 620 621 1865 732
5 1639 1612 1640 733
5 1648 1620 1649 734
5 1155 1153 1156 735
5 1089 1094 1942 736
5 1378 1056 1599 737
5 1414 1402 1416 738
5 551 603 1713 739
5 1422 1402 1443 740
5 656 658 668 741
5 776 856 1944 742
5 1050 1052 1053 743
5 626 1811 1857 744
5 1581 497 1851 745
5 1222 1221 1236 746
5 1309 1558 1733 747
5 1539 599 1833 748
5 1285 1286 1287 749
5 1054 1566 1584 750
5 1135 1678 1860 751
5 1646 1124 1711 752
5 755 1026 1209 753
5 468 430 638 754
5 1331 1330 1490 755
5 1077 1490 1491 756
5 1394 1364 1412 757
5 565 568 569 758
5 675 667 1797 759
5 1648 1615 1808 760
5 592 591 600 761
5 1067 1075 1076 762
5 1638 1636 1643 763
5 919 923 1005 764
5 723 724 725 765
5 1512 1511 1568 766
5 1025 1024 1113 767
5 926 927 930 768
5 1793 774 1969 769
5 514 494 1948 770
5 1515 1585 1605 771
5 426 427 575 772
5 1145 1227 1228 773
5 456 5 1710 774
5 641 603 981 775
5 1106 1107 1240 776
5 1348 1347 1856 777
5 670 667 675 778
5 1165 1164 1182 779
5 1308 1311 1313 780
5 448 449 465 781
5 1104 1280 1281 782
5 624 27 1718 783
5 1059 1063 1814 784
5 1552 1439 1774 785
5 1352 1351 1848 786
5 476 604 632 787
5 1494 1051 1898 788
5 603 580 1713 789
5 975 1242 1609 790
5 1041 1043 1982 791
5 1147 1143 1161 792
5 1138 1638 1891 793
5 1349 1348 1350 794
5 613 584 1985 795
5 907 908 910 796
5 1555 1409 1556 797
5 690 1217 1827 798
5 763 818 822 799
5 1792 471 1938 800
5 1163 1161 1164 801
5 1000 1188 1189 802
5 818 761 822 803
5 555 677 1885 804
5 638 431 1788 805
5 747 742 1890 806
5 1389 1388 1401 807
5 938 949 951 808
5 1778 588 1922 809
5 1285 1441 1853 810
5 1108 1016 1766 811
5 810 780 818 812
5 1391 1057 1708 813
5 1096 619 1866 814
5 652 654 658 815
5 1583 1394 1824 816
5 1735 1291 1785 817
5 1611 1256 1731 818
5 1243 627 1811 819
5 1307 1309 1435 820
5 748 750 752 821
5 1213 1150 1214 822
5 1183 1133 1638 823
5 1198 566 1208 824
5 621 625 626 825
5 573 585 586 826
5 1520 1521 1726 827
5 551 543 981 828
5 1023 1021 1024 829
5 1239 623 1954 830
5 1629 1622 1646 831
5 967 910 1692 832
5 475 458 1885 833
5 460 461 602 834
5 667 670 1876 835
5 869 871 873 836
5 1387 1544 1545 837
5 651 585 1003 838
5 1625 1629 1630 839
5 1053 1058 1059 840
5 910 911 1692 841
5 1171 1168 1850 842
5 909 901 913 843
5 923 921 924 844
5 1344 1456 1467 845
5 430 431 638 846
5 1361 1409 1410 847
5 455 456 579 848
5 1214 1215 1216 849
5 1440 1492 1493 850
5 1353 1352 1354 851
5 1093 1754 1902 852
5 433 434 466 853
5 1179 1269 1275 854
5 1061 1883 1887 855
5 1207 572 1964 856
5 1356 1404 1438 857
5 556 581 1730 858
5 544 551 609 859
5 662 663 1597 860
5 1438 1070 1751 861
5 441 473 605 862
5 440 441 605 863
5 889 890 1686 864
5 1154 1137 1263 865
5 804 982 1949 866
5 820 795 1819 867
5 631 605 1802 868
5 441 442 473 869
5 437 438 474 870
5 444 445 476 871
5 446 447 467 872
5 435 436 464 873
5 466 434 608 874
5 1257 666 1913 875
5 1159 1613 1614 876
5 1041 1042 1043 877
5 1003 479 1958 878
5 1350 1396 1433 879
5 1404 1355 1436 880
5 476 445 607 881
5 446 467 607 882
5 716 735 740 883
5 479 1003 1777 884
5 453 454 1960 885
5 450 463 610 886
5 1152 1160 1232 887
5 1709 1019 1780 888
5 1232 1197 1932 889
5 1133 1131 1891 890
5 991 566 1211 891
5 643 570 989 892
5 445 446 607 893
5 1406 1411 1485 894
5 435 464 608 895
5 675 665 1604 896
5 1107 1234 1979 897
5 1155 1156 1830 898
5 797 798 805 899
5 1236 623 1237 900
5 1384 1440 1493 901
5 1616 1613 1671 902
5 1445 1494 1812 903
5 549 550 553 904
5 912 944 958 905
5 1112 595 1921 906
5 554 550 578 907
5 549 553 576 908
5 1685 506 1737 909
5 1137 1205 1263 910
5 553 550 554 911
5 1300 1298 1302 912
5 1317 1313 1539 913
5 546 544 609 914
5 1393 1390 1684 915
5 1101 1691 1703 916
5 576 553 604 917
5 477 601 1822 918
5 448 465 646 919
5 505 590 1920 920
5 1678 1643 1859 921
5 1902 1754 1921 922
5 549 548 550 923
5 883 1007 1603 924
5 1092 1559 1592 925
5 1026 1184 1209 926
5 1300 1303 1304 927
5 1307 1435 1439 928
5 1395 1501 1824 929
5 1049 1050 1895 930
5 1474 1395 1824 931
5 1083 1088 1690 932
5 937 943 1719 933
5 1251 510 1946 934
5 548 546 552 935
5 1516 1455 1517 936
5 613 619 1867 937
5 1425 1424 1763 938
5 1475 1412 1953 939
5 1309 1305 1560 940
5 1211 1154 1263 941
5 1672 1671 1683 942
5 434 435 608 943
5 1644 1643 1678 944
5 989 570 1260 945
5 534 1671 1673 946
5 1267 1268 1271 947
5 547 548 549 948
5 1063 1064 1814 949
5 545 547 577 950
5 449 450 610 951
5 1225 1161 1227 952
5 515 514 518 953
5 579 1710 1730 954
5 896 903 1264 955
5 1266 1271 1272 956
5 1369 1408 1725 957
5 1404 1436 1437 958
5 1433 1460 1461 959
5 906 894 907 960
5 797 805 998 961
5 803 889 1686 962
5 496 499 500 963
5 878 885 887 964
5 1230 627 1243 965
5 1366 1394 1583 966
5 1781 1451 1858 967
5 1545 1581 1851 968
5 701 1827 1844 969
5 1758 1426 1911 970
5 1400 1430 1931 971
5 1107 1031 1254 972
5 619 1096 1901 973
5 439 440 631 974
5 858 797 1944 975
5 442 443 632 976
5 1161 1143 1200 977
5 544 543 551 978
5 1424 1467 1469 979
5 1633 1661 1669 980
5 604 473 632 981
5 1126 1123 1926 982
5 1372 1461 1478 983
5 1336 1400 1576 984
5 1113 1024 1184 985
5 547 546 548 986
5 1328 1327 1330 987
5 1614 1616 1617 988
5 1059 1069 1601 989
5 862 1261 1700 990
5 505 1251 1946 991
5 1094 1095 1942 992
5 1488 1329 1986 993
5 549 576 633 994
5 625 628 643 995
5 545 577 644 996
5 542 486 543 997
5 972 471 1792 998
5 426 575 962 999
5 1613 1639 1673 1000
5 1341 1338 1917 1001
5 1710 475 1730 1002
5 523 944 1840 1003
5 1371 1599 1600 1004
5 545 546 547 1005
5 1177 1179 1748 1006
5 1508 1190 1577 1007
5 656 668 707 1008
5 1859 1120 1860 1009
5 725 726 728 1010
5 552 546 609 1011
5 571 568 1696 1012
5 697 702 851 1013
5 489 490 494 1014
5 757 848 1903 1015
5 676 1231 1255 1016
5 995 883 1603 1017
5 1530 1758 1911 1018
5 467 447 646 1019
5 1179 1172 1265 1020
5 719 734 1752 1021
5 570 628 677 1022
5 1034 1033 1035 1023
5 1698 1325 1837 1024
5 1455 1370 1726 1025
5 1558 1309 1560 1026
5 1284 1281 1448 1027
5 641 493 1815 1028
5 919 920 921 1029
5 1443 1048 1582 1030
5 1695 563 1984 1031
5 1382 1386 1391 1032
5 971 887 1877 1033
5 1131 1133 1136 1034
5 1030 588 1259 1035
5 992 1211 1263 1036
5 1005 978 1981 1037
5 431 462 1788 1038
5 876 963 1910 1039
5 577 547 633 1040
5 387 388 534 1041
5 390 391 529 1042
5 1376 1438 1751 1043
5 1573 1103 1957 1044
5 813 814 1799 1045
5 647 642 1712 1046
5 1095 1096 1102 1047
5 1088 1089 1690 1048
5 384 385 532 1049
5 545 544 546 1050
5 887 888 889 1051
5 1036 1037 1038 1052
5 1428 1372 1478 1053
5 890 891 892 1054
5 963 875 1910 1055
5 578 550 645 1056
5 1323 1084 1454 1057
5 619 613 1985 1058
5 622 1194 1235 1059
5 516 640 641 1060
5 1185 1019 1709 1061
5 1293 1594 1764 1062
5 1504 1420 1505 1063
5 861 863 1261 1064
5 1268 1267 1823 1065
5 1342 1341 1343 1066
5 565 564 568 1067
5 1157 1197 1231 1068
5 1621 1620 1622 1069
5 738 1204 1918 1070
5 1370 1520 1726 1071
5 892 893 894 1072
5 602 461 962 1073
5 225 226 948 1074
5 386 387 1674 1075
5 381 382 535 1076
5 1619 1617 1620 1077
5 1233 935 1234 1078
5 1586 1057 1904 1079
5 790 787 791 1080
5 1407 1423 1966 1081
5 895 897 901 1082
5 855 815 1693 1083
5 1853 1097 1942 1084
5 1767 1567 1789 1085
5 440 605 631 1086
5 1506 1507 1606 1087
5 1624 1622 1625 1088
5 1410 1554 1929 1089
5 473 442 632 1090
5 548 552 645 1091
5 784 781 785 1092
5 570 557 1933 1093
5 786 785 787 1094
5 931 961 1719 1095
5 547 549 633 1096
5 1181 1218 1237 1097
5 998 776 1944 1098
5 1176 1172 1849 1099
5 478 589 1792 1100
5 780 779 781 1101
5 1604 665 1784 1102
5 1841 752 1874 1103
5 1803 1099 1858 1104
5 505 589 590 1105
5 1446 196 1839 1106
5 379 380 538 1107
5 754 730 861 1108
5 1626 1625 1627 1109
5 437 474 1006 1110
5 464 436 1006 1111
5 1562 1289 1789 1112
5 483 484 486 1113
5 975 492 1878 1114
5 1038 1040 1945 1115
5 380 381 611 1116
5 1085 1314 1320 1117
5 1737 1532 1970 1118
5 1177 1276 1280 1119
5 697 699 702 1120
5 542 543 544 1121
5 1290 1284 1574 1122
5 778 771 779 1123
5 944 523 958 1124
5 723 720 724 1125
5 1665 415 1880 1126
5 557 570 677 1127
5 1600 1601 1828 1128
5 1219 1181 1237 1129
5 660 661 683 1130
5 1408 1503 1523 1131
5 542 544 545 1132
5 473 604 1728 1133
5 1265 1229 1267 1134
5 377 378 531 1135
5 587 586 1704 1136
5 543 486 1002 1137
5 739 740 1602 1138
5 938 939 1963 1139
5 628 556 677 1140
5 1155 1830 1926 1141
5 735 736 740 1142
5 1647 1648 1808 1143
5 1428 1478 1930 1144
5 378 379 629 1145
5 1289 1767 1789 1146
5 872 1108 1766 1147
5 1224 1219 1238 1148
5 1535 1326 1540 1149
5 1288 1290 1579 1150
5 1663 1637 1664 1151
5 584 600 1951 1152
5 1204 1149 1701 1153
5 472 582 1795 1154
5 568 606 1696 1155
5 1176 1193 1194 1156
5 1110 1187 1884 1157
5 1574 1572 1855 1158
5 1245 588 1593 1159
5 1275 1274 1886 1160
5 601 582 1951 1161
5 674 1241 1598 1162
5 1538 1539 1833 1163
5 728 729 735 1164
5 438 3 1820 1165
5 3 439 1820 1166
5 443 4 1821 1167
5 4 444 1821 1168
5 1517 1392 1518 1169
5 1277 1571 1573 1170
5 595 1112 1909 1171
5 671 673 1587 1172
5 725 728 1818 1173
5 1432 1446 1581 1174
5 376 377 630 1175
5 911 909 912 1176
5 1136 1139 1141 1177
5 1484 1468 1485 1178
5 857 775 1693 1179
5 742 741 1602 1180
5 649 524 651 1181
5 1099 1781 1858 1182
5 1015 1108 1702 1183
5 1701 988 1918 1184
5 1160 1152 1213 1185
5 792 791 793 1186
5 1497 1390 1498 1187
5 702 703 705 1188
5 1041 1060 1247 1189
5 1632 1668 1669 1190
5 604 553 1728 1191
5 1869 1142 1870 1192
5 805 806 813 1193
5 1329 1442 1986 1194
5 1193 1102 1194 1195
5 374 375 536 1196
5 1509 1515 1940 1197
5 797 793 798 1198
5 1694 563 1695 1199
5 1425 1398 1856 1200
5 1414 1416 1417 1201
5 1634 1632 1934 1202
5 375 376 634 1203
5 510 1248 1817 1204
5 1177 1176 1849 1205
5 873 871 879 1206
5 457 475 1710 1207
5 1430 1333 1442 1208
5 1292 1286 1594 1209
5 387 534 1674 1210
5 658 660 668 1211
5 1046 1049 1895 1212
5 1323 1324 1434 1213
5 1238 1219 1239 1214
5 1459 1396 1462 1215
5 516 641 1815 1216
5 1408 1366 1583 1217
5 1599 1056 1600 1218
5 447 448 646 1219
5 550 548 645 1220
5 483 486 541 1221
5 912 913 917 1222
5 493 641 981 1223
5 1286 1288 1567 1224
5 666 1753 1913 1225
5 1866 619 1985 1226
5 1300 1302 1303 1227
5 1061 1045 1883 1228
5 1214 1196 1215 1229
5 1640 1651 1810 1230
5 1124 1647 1976 1231
5 47 48 1935 1232
5 897 936 1888 1233
5 1025 1113 1114 1234
5 554 605 1728 1235
5 1318 1538 1834 1236
5 887 885 888 1237
5 1827 1217 1844 1238
5 1327 1326 1685 1239
5 1417 1419 1420 1240
5 1237 623 1239 1241
5 382 383 1681 1242
5 1181 1165 1182 1243
5 1222 1182 1223 1244
5 1611 1159 1715 1245
5 1241 674 1587 1246
5 701 704 1863 1247
5 583 620 1952 1248
5 1026 1113 1184 1249
5 1281 1280 1907 1250
5 1022 1029 1106 1251
5 1527 1400 1528 1252
5 383 384 1682 1253
5 1769 482 1846 1254
5 1345 1424 1425 1255
5 1790 1421 1816 1256
5 1626 1635 1645 1257
5 1231 1256 1611 1258
5 541 486 542 1259
5 1324 1326 1327 1260
5 1382 1385 1386 1261
5 1112 1747 1909 1262
5 1108 1018 1252 1263
5 373 374 635 1264
5 1267 1229 1823 1265
5 1320 1321 1323 1266
5 1354 1357 1407 1267
5 484 487 1002 1268
5 1332 1331 1333 1269
5 1661 1632 1669 1270
5 1034 1109 1233 1271
5 754 749 756 1272
5 1013 768 1874 1273
5 372 373 636 1274
5 1170 1717 1718 1275
5 966 910 967 1276
5 1354 1356 1357 1277
5 1120 417 1860 1278
5 1294 1292 1610 1279
5 774 1210 1969 1280
5 496 495 499 1281
5 1259 588 1778 1282
5 391 392 1654 1283
5 1328 1330 1331 1284
5 381 535 611 1285
5 1170 1716 1717 1286
5 1115 1027 1700 1287
5 1335 1333 1336 1288
5 1638 1133 1891 1289
5 1138 1636 1638 1290
5 670 637 1876 1291
5 1490 1330 1491 1292
5 1229 1716 1823 1293
5 1330 1327 1698 1294
5 814 942 1799 1295
5 371 372 533 1296
5 1226 1223 1738 1297
5 1575 1065 1950 1298
5 1411 1426 1762 1299
5 1106 1029 1107 1300
5 542 545 644 1301
5 1172 1171 1850 1302
5 1337 1336 1338 1303
5 628 570 643 1304
5 685 1214 1216 1305
5 1357 1358 1360 1306
5 538 380 611 1307
5 1622 1641 1646 1308
5 1705 1853 1942 1309
5 573 569 585 1310
5 1321 1320 1972 1311
5 1167 1168 1171 1312
5 1290 1735 1785 1313
5 1601 1069 1828 1314
5 1690 1689 1794 1315
5 1040 1042 1945 1316
5 663 664 1597 1317
5 786 812 1004 1318
5 889 888 890 1319
5 1036 1035 1037 1320
5 1386 1388 1389 1321
5 1515 1580 1585 1322
5 1176 1177 1193 1323
5 1050 1049 1052 1324
5 680 690 1826 1325
5 1184 1024 1210 1326
5 1825 1084 1924 1327
5 1172 1180 1265 1328
5 1218 1182 1222 1329
5 621 620 625 1330
5 949 938 1963 1331
5 540 955 961 1332
5 1598 669 1712 1333
5 1080 1076 1082 1334
5 981 543 1002 1335
5 1511 1512 1688 1336
5 1691 1294 1703 1337
5 1651 1640 1652 1338
5 924 921 925 1339
5 1142 1228 1870 1340
5 725 724 726 1341
5 379 538 629 1342
5 731 744 837 1343
5 1248 1078 1817 1344
5 226 227 945 1345
5 370 371 639 1346
5 1337 1429 1825 1347
5 1536 1322 1537 1348
5 1021 1019 1185 1349
5 493 981 1002 1350
5 830 752 1841 1351
5 1187 1111 1884 1352
5 516 517 640 1353
5 721 719 1752 1354
5 1411 1340 1426 1355
5 752 750 759 1356
5 727 684 845 1357
5 1575 1407 1966 1358
5 1251 505 1920 1359
5 1360 1361 1363 1360
5 609 1713 1939 1361
5 927 929 940 1362
5 1055 1517 1518 1363
5 500 505 1947 1364
5 1389 1401 1402 1365
5 946 939 999 1366
5 1016 1108 1252 1367
5 673 1232 1587 1368
5 1020 1106 1252 1369
5 913 901 914 1370
5 926 925 927 1371
5 1023 1024 1025 1372
5 1162 1221 1222 1373
5 653 692 852 1374
5 1234 1107 1254 1375
5 973 919 1005 1376
5 1168 1181 1968 1377
5 1171 1172 1176 1378
5 1680 1140 1868 1379
5 385 386 1675 1380
5 579 456 1710 1381
5 581 579 1730 1382
5 1008 892 1603 1383
5 1883 1047 1887 1384
5 531 378 629 1385
5 1363 1364 1365 1386
5 805 798 806 1387
5 1521 1499 1726 1388
5 1827 701 1863 1389
5 1256 1257 1652 1390
5 487 493 1002 1391
5 1055 1518 1531 1392
5 863 730 1739 1393
5 1510 1514 1589 1394
5 1189 1190 1607 1395
5 369 370 537 1396
5 659 654 669 1397
5 384 532 1682 1398
5 936 1240 1979 1399
5 541 542 644 1400
5 1365 1366 1368 1401
5 1186 510 1251 1402
5 877 878 1949 1403
5 937 930 938 1404
5 1067 1064 1075 1405
5 1368 1369 1374 1406
5 1118 1117 1119 1407
5 961 955 1719 1408
5 640 517 1788 1409
5 516 515 517 1410
5 861 730 863 1411
5 569 568 571 1412
5 930 927 940 1413
5 1182 1164 1223 1414
5 1295 1294 1296 1415
5 580 466 1713 1416
5 728 726 729 1417
5 1374 1375 1378 1418
5 1007 1008 1603 1419
5 668 660 680 1420
5 948 947 1191 1421
5 938 930 939 1422
5 1266 1265 1267 1423
5 680 683 690 1424
5 534 1673 1674 1425
5 505 500 589 1426
5 1193 1177 1280 1427
5 683 661 685 1428
5 702 699 703 1429
5 540 954 955 1430
5 978 900 1981 1431
5 761 818 1937 1432
5 1189 1188 1190 1433
5 377 531 630 1434
5 569 571 585 1435
5 1017 1722 1779 1436
5 1116 1115 1117 1437
5 731 743 744 1438
5 735 729 736 1439
5 436 437 1006 1440
5 1517 1055 1519 1441
5 1491 1698 1837 1442
5 535 382 1681 1443
5 368 369 642 1444
5 1204 1701 1918 1445
5 199 1545 1851 1446
5 1516 1517 1519 1447
5 609 551 1713 1448
5 653 691 692 1449
5 712 684 727 1450
5 1151 1153 1155 1451
5 664 637 670 1452
5 982 877 1949 1453
5 1314 1085 1319 1454
5 1644 1678 1679 1455
5 1736 813 1799 1456
5 1276 1278 1449 1457
5 1449 1278 1750 1458
5 976 725 1818 1459
5 1627 1632 1634 1460
5 1209 1184 1744 1461
5 690 1216 1217 1462
5 517 515 650 1463
5 1125 1123 1126 1464
5 1120 1859 1880 1465
5 1199 1869 1870 1466
5 529 391 1654 1467
5 532 385 1675 1468
5 875 964 1910 1469
5 642 662 1712 1470
5 1146 1143 1147 1471
5 696 701 1844 1472
5 517 638 1788 1473
5 907 894 908 1474
5 813 806 814 1475
5 1160 1241 1587 1476
5 487 489 493 1477
5 995 1603 1977 1478
5 1114 1027 1115 1479
5 1378 1379 1381 1480
5 940 941 1000 1481
5 1324 1327 1328 1482
5 1501 1502 1824 1483
5 672 676 1255 1484
5 1083 1082 1088 1485
5 494 514 515 1486
5 367 368 647 1487
5 1130 1138 1891 1488
5 1444 1311 1552 1489
5 705 703 706 1490
5 1673 1639 1852 1491
5 1160 661 1241 1492
5 1285 1287 1441 1493
5 1848 1372 1965 1494
5 789 833 854 1495
5 723 976 1011 1496
5 515 518 650 1497
5 626 625 643 1498
5 851 702 1588 1499
5 1615 1648 1649 1500
5 1509 1420 1511 1501
5 388 389 1683 1502
5 509 1462 1472 1503
5 969 968 983 1504
5 376 630 634 1505
5 945 947 948 1506
5 833 520 854 1507
5 1475 1474 1824 1508
5 605 473 1728 1509
5 1029 1030 1031 1510
5 502 1556 1727 1511
5 1064 1067 1962 1512
5 770 1013 1744 1513
5 1181 1219 1968 1514
5 1094 1088 1901 1515
5 600 601 1951 1516
5 504 1499 1521 1517
5 1514 1044 1589 1518
5 1590 1209 1744 1519
5 1448 1276 1449 1520
5 1022 1028 1029 1521
5 1020 1022 1106 1522
5 1795 477 1960 1523
5 1515 1510 1580 1524
5 1286 1567 1594 1525
5 790 815 833 1526
5 1421 1569 1816 1527
5 554 578 1802 1528
5 366 367 648 1529
5 1015 1018 1108 1530
5 394 395 1615 1531
5 751 749 754 1532
5 1381 1382 1391 1533
5 1343 1345 1347 1534
5 392 393 1618 1535
5 1016 904 1766 1536
5 1129 1198 1881 1537
5 1299 1298 1300 1538
5 560 558 563 1539
5 534 388 1683 1540
5 1308 1313 1314 1541
5 1461 1066 1479 1542
5 304 305 530 1543
5 1181 1182 1218 1544
5 1027 862 1700 1545
5 521 867 964 1546
5 1223 1164 1225 1547
5 1654 1618 1687 1548
5 563 602 1984 1549
5 303 304 816 1550
5 929 928 1203 1551
5 302 303 763 1552
5 1899 761 1937 1553
5 536 375 634 1554
5 1053 1052 1058 1555
5 1031 1032 1033 1556
5 232 233 931 1557
5 792 858 1693 1558
5 894 895 908 1559
5 308 309 762 1560
5 1433 1372 1848 1561
5 393 394 1653 1562
5 301 302 822 1563
5 882 969 983 1564
5 300 301 761 1565
5 397 398 1124 1566
5 309 310 821 1567
5 305 306 827 1568
5 1292 1594 1610 1569
5 310 311 758 1570
5 878 879 885 1571
5 311 312 745 1572
5 1707 1413 1904 1573
5 307 308 826 1574
5 1077 1491 1864 1575
5 1347 1348 1349 1576
5 1296 1294 1691 1577
5 297 298 760 1578
5 1643 1636 1664 1579
5 228 229 949 1580
5 306 307 796 1581
5 312 313 823 1582
5 1807 1749 1886 1583
5 1090 1690 1794 1584
5 231 232 943 1585
5 313 314 824 1586
5 365 366 525 1587
5 314 315 746 1588
5 1038 1039 1040 1589
5 296 297 825 1590
5 294 295 782 1591
5 227 228 915 1592
5 998 805 1736 1593
5 295 296 831 1594
5 292 293 789 1595
5 1355 1428 1436 1596
5 518 524 649 1597
5 1089 1088 1094 1598
5 293 294 832 1599
5 1334 1530 1911 1600
5 494 515 516 1601
5 1190 1192 1577 1602
5 323 324 732 1603
5 364 365 652 1604
5 229 230 951 1605
5 325 326 714 1606
5 315 316 828 1607
5 321 322 731 1608
5 362 363 656 1609
5 363 364 657 1610
5 324 325 741 1611
5 322 323 835 1612
5 327 328 716 1613
5 326 327 739 1614
5 1801 503 1817 1615
5 319 320 753 1616
5 320 321 837 1617
5 1065 1843 1950 1618
5 1175 1274 1872 1619
5 856 773 1944 1620
5 361 362 707 1621
5 328 329 836 1622
5 329 330 715 1623
5 335 336 838 1624
5 500 499 511 1625
5 233 234 961 1626
5 925 921 1591 1627
5 1713 466 1939 1628
5 316 317 834 1629
5 291 292 854 1630
5 819 809 1838 1631
5 330 331 842 1632
5 336 337 711 1633
5 351 352 708 1634
5 341 342 684 1635
5 239 240 898 1636
5 331 332 717 1637
5 340 341 840 1638
5 318 319 848 1639
5 337 338 839 1640
5 334 335 847 1641
5 339 340 688 1642
5 353 354 681 1643
5 1349 1350 1351 1644
5 338 339 709 1645
5 342 343 845 1646
5 332 333 841 1647
5 350 351 849 1648
5 317 318 528 1649
5 1441 1097 1853 1650
5 230 231 916 1651
5 343 344 687 1652
5 288 289 775 1653
5 290 291 520 1654
5 1514 1510 1515 1655
5 352 353 693 1656
5 333 334 527 1657
5 1513 1060 1982 1658
5 344 345 843 1659
5 1641 1620 1648 1660
5 360 361 655 1661
5 289 290 855 1662
5 286 287 773 1663
5 345 346 686 1664
5 346 347 846 1665
5 354 355 853 1666
5 287 288 857 1667
5 238 239 950 1668
5 521 866 867 1669
5 347 348 689 1670
5 519 975 1609 1671
5 348 349 850 1672
5 1702 872 1975 1673
5 349 350 526 1674
5 829 830 1841 1675
5 237 238 899 1676
5 359 360 678 1677
5 572 1198 1208 1678
5 285 286 856 1679
5 1671 1613 1673 1680
5 284 285 776 1681
5 355 356 682 1682
5 140 141 509 1683
5 1716 1169 1823 1684
5 358 359 859 1685
5 1201 1677 1680 1686
5 356 357 852 1687
5 173 174 501 1688
5 1059 1058 1063 1689
5 243 244 922 1690
5 1843 1427 1950 1691
5 1626 1645 1974 1692
5 283 284 860 1693
5 672 670 675 1694
5 486 484 1002 1695
5 500 511 589 1696
5 236 237 952 1697
5 357 358 653 1698
5 282 283 772 1699
5 762 811 1262 1700
5 736 756 1890 1701
5 1199 1868 1869 1702
5 398 399 1711 1703
5 416 417 1120 1704
5 1287 1292 1294 1705
5 235 236 956 1706
5 277 278 807 1707
5 1081 1537 1771 1708
5 1636 1663 1664 1709
5 1450 1571 1572 1710
5 1636 1642 1663 1711
5 1440 1390 1497 1712
5 160 161 502 1713
5 1218 1222 1236 1714
5 278 279 959 1715
5 185 186 504 1716
5 234 235 540 1717
5 374 536 635 1718
5 129 130 508 1719
5 1301 1689 1919 1720
5 892 906 1603 1721
5 1813 1575 1966 1722
5 756 747 1890 1723
5 1600 1053 1601 1724
5 918 973 1981 1725
5 506 1685 1742 1726
5 1351 1352 1353 1727
5 1232 1160 1587 1728
5 509 1459 1462 1729
5 867 869 1910 1730
5 272 273 875 1731
5 139 140 1472 1732
5 796 820 827 1733
5 744 748 1903 1734
5 1616 1671 1672 1735
5 1067 1843 1962 1736
5 281 282 974 1737
5 811 762 821 1738
5 606 470 1696 1739
5 877 873 878 1740
5 43 44 618 1741
5 502 1555 1556 1742
5 749 747 756 1743
5 240 241 978 1744
5 1605 1062 1608 1745
5 141 142 1465 1746
5 279 280 960 1747
5 266 267 799 1748
5 252 253 880 1749
5 1308 1314 1319 1750
5 150 151 594 1751
5 172 173 1501 1752
5 117 118 507 1753
5 1504 1061 1887 1754
5 54 55 617 1755
5 1247 1060 1714 1756
5 504 1498 1499 1757
5 159 160 1727 1758
5 128 129 1729 1759
5 1664 1665 1859 1760
5 184 185 1521 1761
5 1353 1354 1407 1762
5 174 175 1524 1763
5 242 243 977 1764
5 752 759 1874 1765
5 105 106 506 1766
5 492 1948 1967 1767
5 919 917 920 1768
5 1452 1451 1592 1769
5 399 400 1631 1770
5 1677 1679 1680 1771
5 1284 1450 1574 1772
5 1147 1161 1163 1773
5 130 131 1466 1774
5 209 210 498 1775
5 1460 1066 1461 1776
5 574 1778 1922 1777
5 692 1827 1863 1778
5 401 402 1623 1779
5 149 150 1476 1780
5 197 198 497 1781
5 151 152 1734 1782
5 35 36 616 1783
5 1042 1040 1074 1784
5 161 162 1721 1785
5 116 117 1500 1786
5 400 401 1657 1787
5 186 187 1723 1788
5 1679 1135 1798 1789
5 280 281 777 1790
5 999 1000 1189 1791
5 765 823 824 1792
5 953 924 954 1793
5 118 119 1529 1794
5 162 163 1482 1795
5 267 268 970 1796
5 62 63 615 1797
5 664 674 1597 1798
5 1426 1340 1576 1799
5 439 631 1820 1800
5 132 133 1470 1801
5 632 443 1821 1802
5 1456 1406 1468 1803
5 764 767 811 1804
5 104 105 1741 1805
5 582 601 1795 1806
5 187 188 1496 1807
5 133 134 1073 1808
5 685 661 1160 1809
5 144 145 1743 1810
5 143 144 1457 1811
5 208 209 1549 1812
5 390 529 1894 1813
5 1111 1212 1884 1814
5 94 95 599 1815
5 1046 1043 1078 1816
5 253 254 968 1817
5 265 266 980 1818
5 710 718 733 1819
5 145 146 1066 1820
5 1274 1173 1872 1821
5 1699 498 1790 1822
5 127 128 1484 1823
5 251 252 965 1824
5 701 694 704 1825
5 858 857 1693 1826
5 164 165 1483 1827
5 142 143 1397 1828
5 1196 1149 1204 1829
5 936 934 1888 1830
5 261 262 993 1831
5 183 184 1520 1832
5 170 171 1474 1833
5 155 156 1070 1834
5 136 137 1072 1835
5 146 147 1479 1836
5 165 166 1756 1837
5 122 123 1758 1838
5 676 675 1604 1839
5 169 170 1362 1840
5 123 124 1068 1841
5 131 132 1346 1842
5 138 139 1399 1843
5 137 138 1471 1844
5 156 157 1481 1845
5 86 87 598 1846
5 158 159 1377 1847
5 157 158 1480 1848
5 115 116 1495 1849
5 152 153 1405 1850
5 148 149 1373 1851
5 111 112 1077 1852
5 147 148 1477 1853
5 268 269 804 1854
5 119 120 1526 1855
5 271 272 963 1856
5 163 164 1359 1857
5 178 179 1531 1858
5 190 191 1761 1859
5 179 180 1055 1860
5 241 242 900 1861
5 168 169 1473 1862
5 189 190 1492 1863
5 121 122 1530 1864
5 553 554 1728 1865
5 177 178 1525 1866
5 373 635 636 1867
5 124 125 1487 1868
5 191 192 1051 1869
5 175 176 1522 1870
5 1579 1290 1785 1871
5 107 108 1532 1872
5 276 277 864 1873
5 1417 1420 1504 1874
5 180 181 1519 1875
5 112 113 1489 1876
5 753 837 1903 1877
5 166 167 1054 1878
5 188 189 1380 1879
5 126 127 1339 1880
5 892 891 893 1881
5 106 107 1737 1882
5 171 172 1395 1883
5 125 126 1486 1884
5 99 100 1081 1885
5 207 208 1546 1886
5 181 182 1516 1887
5 702 705 1588 1888
5 182 183 1370 1889
5 176 177 1367 1890
5 113 114 1488 1891
5 1139 1183 1201 1892
5 114 115 1329 1893
5 103 104 1542 1894
5 683 685 1216 1895
5 98 99 1771 1896
5 69 70 1765 1897
5 402 403 1656 1898
5 194 195 1383 1899
5 1322 1540 1972 1900
5 78 79 597 1901
5 120 121 1334 1902
5 61 62 1767 1903
5 1544 1453 1545 1904
5 89 90 1774 1905
5 264 265 802 1906
5 85 86 1775 1907
5 626 643 989 1908
5 903 905 1264 1909
5 954 924 955 1910
5 797 998 1944 1911
5 685 1213 1214 1912
5 100 101 1541 1913
5 167 168 1757 1914
5 108 109 1325 1915
5 254 255 983 1916
5 1269 1266 1273 1917
5 88 89 1087 1918
5 664 671 674 1919
5 1180 1168 1968 1920
5 70 71 596 1921
5 269 270 982 1922
5 250 251 984 1923
5 1192 1110 1714 1924
5 1681 383 1682 1925
5 1241 661 1915 1926
5 876 873 877 1927
5 1326 1321 1540 1928
5 940 929 941 1929
5 77 78 1781 1930
5 1645 1130 1745 1931
5 101 102 1533 1932
5 200 201 1387 1933
5 201 202 1543 1934
5 1276 1177 1748 1935
5 53 54 1855 1936
5 1664 1637 1665 1937
5 90 91 1086 1938
5 42 43 1773 1939
5 1082 1076 1754 1940
5 743 731 835 1941
5 102 103 1316 1942
5 679 668 680 1943
5 911 958 1978 1944
5 206 207 1403 1945
5 1183 1644 1677 1946
5 945 946 947 1947
5 1278 1748 1749 1948
5 711 733 1011 1949
5 620 584 1952 1950
5 87 88 1759 1951
5 81 82 1786 1952
5 1045 1513 1982 1953
5 97 98 1318 1954
5 942 807 959 1955
5 890 888 891 1956
5 91 92 1551 1957
5 794 765 1806 1958
5 1081 1536 1537 1959
5 528 830 834 1960
5 80 81 1092 1961
5 748 757 1903 1962
5 1295 1296 1298 1963
5 568 564 606 1964
5 1538 1317 1539 1965
5 270 271 800 1966
5 1439 1435 1720 1967
5 1606 1605 1608 1968
5 92 93 1312 1969
5 511 499 512 1970
5 255 256 882 1971
5 407 408 1666 1972
5 134 135 1783 1973
5 708 695 849 1974
5 878 971 1949 1975
5 273 274 964 1976
5 408 409 1628 1977
5 263 264 979 1978
5 812 790 833 1979
5 766 765 794 1980
5 695 696 697 1981
5 733 711 839 1982
5 684 712 840 1983
5 1432 1445 1446 1984
5 82 83 1091 1985
5 1163 1164 1165 1986
5 533 372 636 1987
5 93 94 1831 1988
5 249 250 881 1989
5 84 85 1310 1990
5 682 704 853 1991
5 83 84 1557 1992
5 894 893 895 1993
5 205 206 1550 1994
5 936 897 1264 1995
5 511 512 972 1996
5 474 438 1820 1997
5 444 476 1821 1998
5 79 80 1776 1999
5 154 155 1787 2000
5 612 535 1651 2001
5 697 698 699 2002
5 202 203 1553 2003
5 210 211 1790 2004
5 406 407 1633 2005
5 76 77 1099 2006
5 244 245 957 2007
5 907 966 1923 2008
5 871 872 994 2009
5 869 876 1910 2010
5 1342 1343 1706 2011
5 1391 1386 1707 2012
5 1535 1316 1542 2013
5 65 66 1561 2014
5 1663 1121 1836 2015
5 75 76 1803 2016
5 1435 1309 1732 2017
5 862 861 1261 2018
5 598 1732 1775 2019
5 298 299 1770 2020
5 57 58 1800 2021
5 71 72 1563 2022
5 1443 1401 1544 2023
5 73 74 1805 2024
5 691 653 859 2025
5 884 958 1010 2026
5 275 276 1001 2027
5 1804 1803 1858 2028
5 262 263 803 2029
5 575 1695 1984 2030
5 68 69 1101 2031
5 409 410 1659 2032
5 256 257 995 2033
5 466 608 1939 2034
5 44 45 1807 2035
5 671 670 672 2036
5 1219 1237 1239 2037
5 66 67 1100 2038
5 1413 1402 1414 2039
5 758 764 811 2040
5 48 49 1103 2041
5 1306 1308 1319 2042
5 260 261 1009 2043
5 764 766 767 2044
5 1685 1737 1970 2045
5 1208 566 1943 2046
5 204 205 1809 2047
5 74 75 1098 2048
5 248 249 997 2049
5 1294 1610 1703 2050
5 58 59 1105 2051
5 1095 1094 1096 2052
5 203 204 1048 2053
5 764 745 765 2054
5 1063 1058 1746 2055
5 386 1674 1675 2056
5 1166 1165 1167 2057
5 672 675 676 2058
5 829 828 830 2059
5 706 722 734 2060
5 696 694 701 2061
5 732 742 743 2062
5 709 710 733 2063
5 767 768 769 2064
5 693 694 695 2065
5 710 688 712 2066
5 678 679 691 2067
5 817 530 820 2068
5 34 35 1270 2069
5 694 681 704 2070
5 1141 1143 1146 2071
5 710 713 718 2072
5 1060 1041 1982 2073
5 952 953 954 2074
5 1338 1341 1342 2075
5 1655 1654 1687 2076
5 695 697 1832 2077
5 72 73 1297 2078
5 718 719 720 2079
5 865 807 942 2080
5 1579 1562 1789 2081
5 769 770 771 2082
5 26 27 624 2083
5 758 811 821 2084
5 964 867 1910 2085
5 213 214 1415 2086
5 257 258 883 2087
5 59 60 1562 2088
5 64 65 1293 2089
5 1651 535 1681 2090
5 56 57 1291 2091
5 709 733 839 2092
5 1156 1158 1896 2093
5 212 213 1569 2094
5 1614 1617 1619 2095
5 135 136 1829 2096
5 712 688 840 2097
5 1119 1123 1125 2098
5 21 22 623 2099
5 60 61 1289 2100
5 693 695 708 2101
5 732 743 835 2102
5 600 591 601 2103
5 211 212 1421 2104
5 410 411 1670 2105
5 1371 1600 1828 2106
5 403 404 1658 2107
5 1064 1063 1112 2108
5 1619 1620 1621 2109
5 247 248 884 2110
5 704 681 853 2111
5 958 523 1010 2112
5 1503 1408 1583 2113
5 371 533 639 2114
5 193 194 1812 2115
5 678 691 859 2116
5 1621 1622 1624 2117
5 562 989 1260 2118
5 470 606 1695 2119
5 952 954 956 2120
5 765 745 823 2121
5 830 828 834 2122
5 511 972 1792 2123
5 820 530 827 2124
5 420 421 1798 2125
5 1400 1527 1576 2126
5 1287 1294 1295 2127
5 954 540 956 2128
5 986 721 987 2129
5 879 871 994 2130
5 912 909 913 2131
5 837 744 1903 2132
5 1503 501 1524 2133
5 63 64 1764 2134
5 153 154 1835 2135
5 480 651 1003 2136
5 1104 1282 1705 2137
5 556 1730 1885 2138
5 888 885 902 2139
5 274 275 521 2140
5 214 215 1568 2141
5 395 396 1808 2142
5 258 259 1007 2143
5 1246 1740 1801 2144
5 1548 498 1699 2145
5 1102 1096 1235 2146
5 585 571 1003 2147
5 1748 1275 1749 2148
5 52 53 1854 2149
5 1584 1566 1772 2150
5 405 406 1842 2151
5 1617 1655 1687 2152
5 887 889 1877 2153
5 1411 1406 1917 2154
5 1038 1037 1039 2155
5 226 945 948 2156
5 969 882 1977 2157
5 246 247 1010 2158
5 413 414 1637 2159
5 41 42 1175 2160
5 698 1844 1845 2161
5 917 913 932 2162
5 67 68 1791 2163
5 1129 1154 1198 2164
5 1229 1224 1717 2165
5 36 37 1782 2166
5 411 412 1121 2167
5 1343 1347 1706 2168
5 608 552 1939 2169
5 37 38 1174 2170
5 1632 1661 1934 2171
5 829 794 1806 2172
5 1463 1072 1471 2173
5 539 1195 1906 2174
5 1311 1439 1552 2175
5 259 260 522 2176
5 1624 1625 1626 2177
5 1399 1463 1471 2178
5 719 713 734 2179
5 518 649 650 2180
5 574 1206 1207 2181
5 1532 1325 1970 2182
5 1615 1649 1653 2183
5 1088 1093 1901 2184
5 987 721 1752 2185
5 215 216 1512 2186
5 1649 1618 1653 2187
5 25 26 1862 2188
5 1375 1393 1684 2189
5 631 474 1820 2190
5 1325 109 1837 2191
5 476 632 1821 2192
5 245 246 523 2193
5 1122 1151 1925 2194
5 537 370 639 2195
5 20 21 1873 2196
5 814 806 874 2197
5 1513 1508 1577 2198
5 1534 1316 1535 2199
5 1830 1127 1926 2200
5 480 649 651 2201
5 38 39 1875 2202
5 611 535 612 2203
5 1051 1493 1761 2204
5 1224 1180 1968 2205
5 1224 1238 1717 2206
5 1493 1492 1761 2207
5 219 220 1510 2208
5 1699 1790 1816 2209
5 629 538 666 2210
5 1574 617 1735 2211
5 1464 1425 1763 2212
5 1459 509 1465 2213
5 55 56 1905 2214
5 1502 501 1503 2215
5 1049 1046 1248 2216
5 1000 941 1188 2217
5 942 959 960 2218
5 404 405 567 2219
5 1148 1243 1244 2220
5 1180 1229 1265 2221
5 196 197 1839 2222
5 1313 1444 1539 2223
5 1374 1378 1599 2224
5 867 868 869 2225
5 805 813 1736 2226
5 1638 1643 1644 2227
5 1473 1566 1757 2228
5 389 390 1894 2229
5 756 736 996 2230
5 1555 502 1721 2231
5 222 223 1062 2232
5 1566 1054 1757 2233
5 1388 1432 1581 2234
5 744 747 748 2235
5 680 660 683 2236
5 539 1202 1704 2237
5 1414 1418 1904 2238
5 1498 504 1723 2239
5 1110 1247 1714 2240
5 1868 1140 1869 2241
5 1509 1511 1688 2242
5 682 852 1863 2243
5 412 413 1836 2244
5 1385 1431 1445 2245
5 965 966 967 2246
5 1018 1017 1019 2247
5 1301 1300 1304 2248
5 30 31 1892 2249
5 698 696 1844 2250
5 587 1259 1778 2251
5 748 749 750 2252
5 1018 1020 1252 2253
5 942 960 1799 2254
5 221 222 1585 2255
5 526 849 1832 2256
5 927 928 929 2257
5 630 531 665 2258
5 788 1709 1780 2259
5 1020 1019 1021 2260
5 50 51 1882 2261
5 474 631 1802 2262
5 658 654 659 2263
5 869 870 871 2264
5 1126 1128 1129 2265
5 1104 1193 1280 2266
5 1205 992 1263 2267
5 1043 1042 1246 2268
5 1022 1021 1023 2269
5 1098 1803 1804 2270
5 192 193 1898 2271
5 1662 1121 1663 2272
5 1482 1555 1721 2273
5 650 649 1987 2274
5 1234 936 1979 2275
5 198 199 1851 2276
5 45 46 1279 2277
5 778 810 1819 2278
5 1432 1385 1445 2279
5 299 300 1899 2280
5 415 416 1880 2281
5 706 703 722 2282
5 774 770 1744 2283
5 1429 1079 1825 2284
5 1397 1459 1465 2285
5 392 1618 1654 2286
5 1496 1498 1723 2287
5 658 659 660 2288
5 220 221 1580 2289
5 852 692 1863 2290
5 369 537 642 2291
5 991 562 1871 2292
5 1489 1488 1986 2293
5 51 52 1277 2294
5 1273 1174 1875 2295
5 492 975 1948 2296
5 1328 1331 1332 2297
5 1528 507 1529 2298
5 1508 1506 1606 2299
5 29 30 1170 2300
5 421 422 1134 2301
5 1015 801 1017 2302
5 734 722 1752 2303
5 1404 1437 1438 2304
5 1079 1429 1447 2305
5 690 683 1216 2306
5 216 217 1578 2307
5 33 34 1268 2308
5 921 920 1591 2309
5 1116 1118 1245 2310
5 673 672 1255 2311
5 1026 1027 1113 2312
5 31 32 1169 2313
5 598 1720 1732 2314
5 1253 1144 1738 2315
5 1732 1733 1775 2316
5 218 219 1589 2317
5 39 40 1173 2318
5 1332 1333 1335 2319
5 1398 1348 1856 2320
5 1114 1115 1116 2321
5 1871 561 1943 2322
5 1118 1119 1206 2323
5 1066 1460 1743 2324
5 1116 1117 1118 2325
5 819 1899 1937 2326
5 1200 1199 1870 2327
5 881 967 1692 2328
5 19 20 1258 2329
5 1460 1457 1743 2330
5 1335 1336 1337 2331
5 1550 1582 1809 2332
5 536 634 667 2333
5 1526 1528 1529 2334
5 1073 1469 1470 2335
5 1202 539 1906 2336
5 903 886 904 2337
5 806 798 1014 2338
5 965 967 984 2339
5 898 978 1005 2340
5 23 24 1955 2341
5 1652 1640 1731 2342
5 1390 1379 1684 2343
5 755 862 1026 2344
5 1469 1346 1470 2345
5 40 41 1872 2346
5 773 858 1944 2347
5 864 865 866 2348
5 1029 1028 1030 2349
5 1337 1338 1429 2350
5 905 904 1016 2351
5 751 754 755 2352
5 913 914 932 2353
5 798 793 801 2354
5 729 726 730 2355
5 703 699 737 2356
5 1201 1183 1677 2357
5 419 420 1135 2358
5 1242 1039 1609 2359
5 48 1103 1935 2360
5 1058 1052 1186 2361
5 529 1654 1655 2362
5 781 779 783 2363
5 1678 1859 1860 2364
5 1017 1779 1780 2365
5 787 785 788 2366
5 1582 1048 1809 2367
5 493 489 1815 2368
5 1148 1230 1243 2369
5 692 1826 1827 2370
5 724 720 985 2371
5 941 1187 1188 2372
5 1482 1554 1555 2373
5 1397 1458 1459 2374
5 1682 532 1810 2375
5 939 930 940 2376
5 1046 1078 1248 2377
5 1031 1030 1032 2378
5 1199 1139 1201 2379
5 885 886 902 2380
5 1458 1457 1460 2381
5 1496 1497 1498 2382
5 1225 1227 1253 2383
5 885 879 886 2384
5 24 25 1220 2385
5 867 866 868 2386
5 1040 1039 1242 2387
5 368 642 647 2388
5 1266 1272 1273 2389
5 1338 1342 1429 2390
5 227 915 945 2391
5 1134 1679 1798 2392
5 1467 1346 1469 2393
5 878 873 879 2394
5 967 881 984 2395
5 507 1528 1931 2396
5 6 7 1142 2397
5 1557 1310 1733 2398
5 599 95 1833 2399
5 1033 1032 1202 2400
5 595 1902 1921 2401
5 1683 389 1894 2402
5 1468 1406 1485 2403
5 970 804 1949 2404
5 22 23 1954 2405
5 904 886 994 2406
5 1331 1490 1986 2407
5 1522 1503 1524 2408
5 1526 1527 1528 2409
5 1536 1081 1541 2410
5 926 937 1719 2411
5 636 635 637 2412
5 1618 1649 1687 2413
5 560 563 1694 2414
5 891 888 902 2415
5 95 96 1833 2416
5 895 896 897 2417
5 1159 1614 1650 2418
5 1867 619 1902 2419
5 1502 1503 1583 2420
5 49 50 1957 2421
5 697 851 1832 2422
5 1571 1449 1573 2423
5 1401 1453 1544 2424
5 1143 1199 1200 2425
5 32 33 1893 2426
5 1716 1170 1892 2427
5 1219 1224 1968 2428
5 1533 1536 1541 2429
5 1677 1644 1679 2430
5 664 670 671 2431
5 217 218 1044 2432
5 920 917 932 2433
5 18 19 1221 2434
5 1763 1073 1783 2435
5 1169 1716 1892 2436
5 498 1548 1549 2437
5 1545 1453 1581 2438
5 1017 801 1722 2439
5 895 893 896 2440
5 864 866 1001 2441
5 1350 1433 1848 2442
5 552 609 1939 2443
5 744 743 747 2444
5 968 969 1923 2445
5 1074 1040 1242 2446
5 902 886 903 2447
5 424 425 1140 2448
5 1180 1224 1229 2449
5 1829 1072 1861 2450
5 1423 1828 1966 2451
5 46 47 1936 2452
5 1584 1483 1756 2453
5 1559 1452 1592 2454
5 955 926 1719 2455
5 1361 1410 1596 2456
5 396 397 1976 2457
5 1054 1584 1756 2458
5 1455 1392 1517 2459
5 1078 1043 1246 2460
5 1037 1035 1195 2461
5 764 765 766 2462
5 1534 1535 1540 2463
5 599 1539 1724 2464
5 1527 1334 1911 2465
5 1660 1642 1934 2466
5 671 672 673 2467
5 1076 1075 1754 2468
5 697 696 698 2469
5 685 1160 1213 2470
5 695 694 696 2471
5 1450 1448 1571 2472
5 699 698 700 2473
5 96 97 1834 2474
5 927 925 928 2475
5 710 712 713 2476
5 1261 988 1700 2477
5 1859 1665 1880 2478
5 933 934 935 2479
5 532 1675 1852 2480
5 367 647 648 2481
5 767 766 768 2482
5 817 820 1819 2483
5 1548 1546 1549 2484
5 736 729 996 2485
5 704 682 1863 2486
5 986 987 988 2487
5 769 768 770 2488
5 718 713 719 2489
5 660 659 661 2490
5 720 719 721 2491
5 771 770 774 2492
5 1647 1641 1648 2493
5 903 904 905 2494
5 1565 1098 1804 2495
5 1533 1534 1536 2496
5 692 691 1826 2497
5 1324 1328 1434 2498
5 1558 1557 1733 2499
5 794 829 1841 2500
5 1157 1231 1611 2501
5 612 1651 1652 2502
5 1436 1428 1930 2503
5 1119 1125 1206 2504
5 1085 1454 1912 2505
5 871 870 872 2506
5 1015 1017 1018 2507
5 849 695 1832 2508
5 869 868 870 2509
5 986 988 1261 2510
5 1303 1451 1452 2511
5 1640 1612 1731 2512
5 1315 1322 1972 2513
5 905 1016 1240 2514
5 928 925 1591 2515
5 1018 1019 1020 2516
5 748 747 749 2517
5 109 110 1837 2518
5 1503 1522 1523 2519
5 1340 1411 1917 2520
5 750 749 751 2521
5 1020 1021 1022 2522
5 1022 1023 1028 2523
5 880 968 1923 2524
5 639 533 663 2525
5 1026 862 1027 2526
5 14 15 1226 2527
5 1705 1282 1853 2528
5 765 824 1806 2529
5 1113 1027 1114 2530
5 1034 1233 1254 2531
5 972 512 1846 2532
5 1019 1017 1780 2533
5 700 698 1845 2534
5 225 948 1191 2535
5 1206 1125 1207 2536
5 1709 783 1969 2537
5 1621 1624 1667 2538
5 1345 1425 1856 2539
5 591 478 1822 2540
5 933 914 934 2541
5 1689 1097 1919 2542
5 1272 1174 1273 2543
5 1233 1234 1254 2544
5 1559 1092 1786 2545
5 394 1615 1653 2546
5 1389 1402 1413 2547
5 304 530 816 2548
5 1618 393 1653 2549
5 1592 597 1776 2550
5 1091 1559 1786 2551
5 1445 1431 1494 2552
5 988 987 1918 2553
5 763 303 816 2554
5 1535 1542 1741 2555
5 874 806 1014 2556
5 1696 1697 1777 2557
5 302 763 822 2558
5 897 896 1264 2559
5 525 366 648 2560
5 866 521 1001 2561
5 973 1005 1981 2562
5 530 305 827 2563
5 1179 1266 1269 2564
5 762 309 821 2565
5 761 301 822 2566
5 1075 1064 1112 2567
5 1569 1570 1816 2568
5 499 495 1768 2569
5 947 946 999 2570
5 308 762 826 2571
5 1299 1300 1301 2572
5 310 758 821 2573
5 1092 1592 1776 2574
5 944 918 1840 2575
5 1427 1071 1928 2576
5 906 969 1977 2577
5 311 745 758 2578
5 232 931 943 2579
5 1141 1146 1205 2580
5 669 1598 1915 2581
5 1732 1309 1733 2582
5 1295 1298 1299 2583
5 110 111 1864 2584
5 1195 539 1916 2585
5 306 796 827 2586
5 627 1249 1250 2587
5 945 915 946 2588
5 745 312 823 2589
5 796 307 826 2590
5 1088 1082 1093 2591
5 1217 1215 1845 2592
5 1399 1472 1980 2593
5 931 233 961 2594
5 12 13 1144 2595
5 1547 1546 1548 2596
5 472 1795 1960 2597
5 994 872 1766 2598
5 1614 1619 1650 2599
5 823 313 824 2600
5 564 560 1694 2601
5 297 760 825 2602
5 1101 1703 1791 2603
5 1360 1363 1423 2604
5 1231 1197 1255 2605
5 915 228 949 2606
5 874 1014 1702 2607
5 1703 1100 1791 2608
5 314 746 824 2609
5 949 229 951 2610
5 462 640 1788 2611
5 296 825 831 2612
5 365 525 652 2613
5 782 295 831 2614
5 1628 1661 1666 2615
5 642 537 662 2616
5 294 782 832 2617
5 746 315 828 2618
5 1365 1368 1371 2619
5 789 293 832 2620
5 1353 1407 1575 2621
5 1412 1364 1596 2622
5 364 652 657 2623
5 656 363 657 2624
5 512 499 1768 2625
5 494 516 1815 2626
5 1661 1633 1666 2627
5 732 324 741 2628
5 932 914 933 2629
5 325 714 741 2630
5 323 732 835 2631
5 1539 1444 1724 2632
5 714 326 739 2633
5 916 231 943 2634
5 292 789 854 2635
5 731 322 835 2636
5 1269 1273 1274 2637
5 1083 1595 1847 2638
5 327 716 739 2639
5 321 731 837 2640
5 362 656 707 2641
5 810 817 1819 2642
5 1349 1351 1427 2643
5 828 316 834 2644
5 753 320 837 2645
5 1813 1059 1814 2646
5 716 328 836 2647
5 1112 1063 1747 2648
5 1124 398 1711 2649
5 329 715 836 2650
5 1176 1194 1897 2651
5 319 753 848 2652
5 715 330 842 2653
5 336 711 838 2654
5 230 916 951 2655
5 770 768 1013 2656
5 335 838 847 2657
5 1098 1565 1805 2658
5 331 717 842 2659
5 711 337 839 2660
5 341 684 840 2661
5 863 986 1261 2662
5 1091 1558 1559 2663
5 684 342 845 2664
5 655 361 707 2665
5 688 340 840 2666
5 755 754 861 2667
5 317 528 834 2668
5 351 708 849 2669
5 338 709 839 2670
5 352 693 708 2671
5 339 688 709 2672
5 520 291 854 2673
5 717 332 841 2674
5 528 318 848 2675
5 353 681 693 2676
5 527 334 847 2677
5 343 687 845 2678
5 1257 676 1604 2679
5 333 527 841 2680
5 681 354 853 2681
5 687 344 843 2682
5 239 898 950 2683
5 915 949 1963 2684
5 775 289 855 2685
5 290 520 855 2686
5 1565 1297 1805 2687
5 1111 929 1203 2688
5 345 686 843 2689
5 1473 1362 1953 2690
5 288 775 857 2691
5 526 350 849 2692
5 1733 1310 1775 2693
5 686 346 846 2694
5 360 655 678 2695
5 773 287 857 2696
5 347 689 846 2697
5 689 348 850 2698
5 349 526 850 2699
5 355 682 853 2700
5 729 730 996 2701
5 286 773 856 2702
5 1633 1669 1842 2703
5 899 238 950 2704
5 1328 1332 1434 2705
5 1132 1830 1896 2706
5 1068 1487 1762 2707
5 359 678 859 2708
5 776 285 856 2709
5 1325 1698 1970 2710
5 958 884 1978 2711
5 682 356 852 2712
5 1206 574 1922 2713
5 1576 1527 1911 2714
5 1093 1082 1754 2715
5 1044 1514 1688 2716
5 234 540 961 2717
5 1199 1201 1868 2718
5 237 899 952 2719
5 284 776 860 2720
5 538 611 1753 2721
5 1083 1847 1912 2722
5 653 358 859 2723
5 357 653 852 2724
5 596 1691 1765 2725
5 1746 593 1747 2726
5 1414 1417 1418 2727
5 772 283 860 2728
5 760 298 1770 2729
5 1167 1171 1178 2730
5 1056 1708 1959 2731
5 1627 1634 1635 2732
5 1472 1462 1980 2733
5 1090 1595 1690 2734
5 236 952 956 2735
5 1186 1251 1746 2736
5 1406 1341 1917 2737
5 1535 1741 1742 2738
5 722 737 1012 2739
5 606 1694 1695 2740
5 1615 395 1808 2741
5 898 240 978 2742
5 1071 1427 1843 2743
5 851 526 1832 2744
5 807 278 959 2745
5 602 962 1984 2746
5 540 235 956 2747
5 140 509 1472 2748
5 509 141 1465 2749
5 1448 1449 1571 2750
5 1194 622 1900 2751
5 1352 1848 1965 2752
5 722 703 737 2753
5 1090 1306 1595 2754
5 173 501 1501 2755
5 282 772 974 2756
5 501 174 1524 2757
5 1554 1409 1555 2758
5 1595 1083 1690 2759
5 1740 513 1801 2760
5 1188 1187 1192 2761
5 243 922 977 2762
5 870 868 1760 2763
5 959 279 960 2764
5 1422 1443 1582 2765
5 1691 1101 1765 2766
5 160 502 1727 2767
5 502 161 1721 2768
5 300 761 1899 2769
5 129 508 1729 2770
5 1948 490 1967 2771
5 185 504 1521 2772
5 504 186 1723 2773
5 1408 1523 1725 2774
5 399 1631 1711 2775
5 508 130 1466 2776
5 1394 1475 1824 2777
5 726 724 1739 2778
5 1146 1147 1148 2779
5 742 1602 1890 2780
5 759 750 1590 2781
5 519 1609 1916 2782
5 992 1244 1956 2783
5 1662 1659 1670 2784
5 1451 1302 1858 2785
5 595 1867 1902 2786
5 1287 1295 1441 2787
5 1469 1073 1763 2788
5 1166 1167 1249 2789
5 1012 738 1918 2790
5 717 841 1818 2791
5 1610 1100 1703 2792
5 1131 1136 1137 2793
5 531 629 1784 2794
5 1564 1297 1565 2795
5 1023 1025 1593 2796
5 816 530 817 2797
5 962 575 1984 2798
5 1210 1185 1969 2799
5 150 594 1476 2800
5 594 151 1734 2801
5 1709 788 1796 2802
5 777 281 974 2803
5 596 1563 1973 2804
5 826 762 1262 2805
5 1172 1179 1849 2806
5 507 118 1529 2807
5 117 507 1500 2808
5 1272 616 1782 2809
5 280 777 960 2810
5 1132 1667 1974 2811
5 758 745 764 2812
5 1628 1660 1661 2813
5 277 807 864 2814
5 799 267 970 2815
5 1586 1047 1755 2816
5 1063 1746 1747 2817
5 755 861 862 2818
5 589 511 1792 2819
5 162 1482 1721 2820
5 1251 593 1746 2821
5 397 1124 1976 2822
5 142 1397 1465 2823
5 939 940 1000 2824
5 1269 1274 1275 2825
5 1631 400 1657 2826
5 1708 1057 1755 2827
5 652 525 654 2828
5 1105 1579 1785 2829
5 1586 1418 1887 2830
5 1163 1165 1166 2831
5 266 799 980 2832
5 880 253 968 2833
5 401 1623 1657 2834
5 187 1496 1723 2835
5 1668 567 1669 2836
5 1042 1074 1740 2837
5 1399 139 1472 2838
5 105 506 1741 2839
5 252 880 965 2840
5 746 828 829 2841
5 1180 1172 1850 2842
5 272 875 963 2843
5 832 782 1004 2844
5 506 106 1737 2845
5 209 498 1549 2846
5 1689 1301 1794 2847
5 971 970 1949 2848
5 754 756 996 2849
5 1484 128 1729 2850
5 1377 159 1727 2851
5 241 900 978 2852
5 619 1901 1902 2853
5 732 741 742 2854
5 606 564 1694 2855
5 1072 1463 1861 2856
5 1520 184 1521 2857
5 739 716 740 2858
5 131 1346 1466 2859
5 1669 567 1842 2860
5 1179 1177 1849 2861
5 1121 1662 1670 2862
5 175 1522 1524 2863
5 1720 598 1759 2864
5 1395 172 1501 2865
5 1097 1441 1919 2866
5 693 681 694 2867
5 838 711 1011 2868
5 941 929 1111 2869
5 1696 470 1697 2870
5 900 242 977 2871
5 527 847 976 2872
5 709 688 710 2873
5 678 655 679 2874
5 133 1073 1470 2875
5 687 843 844 2876
5 737 700 738 2877
5 773 857 858 2878
5 1032 1030 1259 2879
5 1373 149 1476 2880
5 152 1405 1734 2881
5 846 689 1588 2882
5 850 526 851 2883
5 1901 1093 1902 2884
5 814 874 1760 2885
5 119 1526 1529 2886
5 163 1359 1482 2887
5 145 1066 1743 2888
5 1457 144 1743 2889
5 884 997 1978 2890
5 952 899 953 2891
5 1397 143 1457 2892
5 1495 116 1500 2893
5 972 1846 1889 2894
5 268 804 970 2895
5 43 618 1773 2896
5 1066 146 1479 2897
5 1346 132 1470 2898
5 1087 1720 1759 2899
5 860 776 998 2900
5 54 617 1855 2901
5 975 519 1983 2902
5 1463 1399 1980 2903
5 922 244 957 2904
5 188 1380 1496 2905
5 815 792 1693 2906
5 1623 402 1656 2907
5 1072 137 1471 2908
5 1070 156 1481 2909
5 147 1477 1479 2910
5 138 1399 1471 2911
5 740 736 1602 2912
5 1359 164 1483 2913
5 1362 170 1474 2914
5 1483 165 1756 2915
5 157 1480 1481 2916
5 1050 1708 1755 2917
5 62 615 1767 2918
5 158 1377 1480 2919
5 107 1532 1737 2920
5 123 1068 1758 2921
5 148 1373 1477 2922
5 169 1362 1473 2923
5 1660 1659 1662 2924
5 1645 1132 1974 2925
5 1068 124 1487 2926
5 1667 1132 1896 2927
5 1339 127 1484 2928
5 1826 690 1827 2929
5 1490 1489 1986 2930
5 1546 208 1549 2931
5 1077 112 1489 2932
5 489 494 1815 2933
5 793 791 1722 2934
5 1073 134 1783 2935
5 179 1055 1531 2936
5 1542 104 1741 2937
5 875 273 964 2938
5 166 1054 1756 2939
5 171 1395 1474 2940
5 947 999 1189 2941
5 1370 183 1520 2942
5 1055 180 1519 2943
5 1530 122 1758 2944
5 191 1051 1761 2945
5 974 772 1736 2946
5 1159 1650 1715 2947
5 125 1486 1487 2948
5 1492 190 1761 2949
5 1525 178 1531 2950
5 634 630 1797 2951
5 802 265 980 2952
5 1380 189 1492 2953
5 1282 1285 1853 2954
5 126 1339 1486 2955
5 168 1473 1757 2956
5 176 1367 1522 2957
5 968 254 983 2958
5 1329 115 1495 2959
5 113 1488 1489 2960
5 120 1334 1526 2961
5 181 1516 1519 2962
5 699 700 737 2963
5 627 1250 1857 2964
5 1218 1236 1237 2965
5 1058 1186 1746 2966
5 1157 1611 1715 2967
5 182 1370 1516 2968
5 1367 177 1525 2969
5 571 1696 1777 2970
5 1054 167 1757 2971
5 1057 1586 1755 2972
5 598 87 1759 2973
5 155 1070 1787 2974
5 86 598 1775 2975
5 114 1329 1488 2976
5 251 965 984 2977
5 498 210 1790 2978
5 985 721 986 2979
5 1770 299 1899 2980
5 886 879 994 2981
5 1334 121 1530 2982
5 108 1325 1532 2983
5 1168 1180 1850 2984
5 1089 1689 1690 2985
5 1081 100 1541 2986
5 99 1081 1771 2987
5 94 599 1831 2988
5 1642 1660 1662 2989
5 804 269 982 2990
5 799 970 971 2991
5 659 669 1915 2992
5 1228 1200 1870 2993
5 618 44 1807 2994
5 70 596 1765 2995
5 1014 801 1015 2996
5 88 1087 1759 2997
5 136 1072 1829 2998
5 1256 1652 1731 2999
5 1087 89 1774 3000
5 615 63 1764 3001
5 965 880 966 3002
5 101 1533 1541 3003
5 946 915 1963 3004
5 78 597 1781 3005
5 941 1111 1187 3006
5 1403 207 1546 3007
5 722 1012 1752 3008
5 1316 103 1542 3009
5 800 271 963 3010
5 1566 1473 1953 3011
5 1405 153 1835 3012
5 90 1086 1774 3013
5 1540 1321 1972 3014
5 597 79 1776 3015
5 1132 1645 1745 3016
5 1810 532 1852 3017
5 1697 479 1777 3018
5 1597 674 1598 3019
5 599 1724 1831 3020
5 1318 98 1771 3021
5 197 497 1839 3022
5 960 777 1799 3023
5 102 1316 1533 3024
5 616 36 1782 3025
5 1151 1155 1925 3026
5 1387 201 1543 3027
5 966 880 1923 3028
5 1577 1192 1714 3029
5 1602 736 1890 3030
5 1086 91 1551 3031
5 1453 1388 1581 3032
5 1783 135 1829 3033
5 35 616 1270 3034
5 596 71 1563 3035
5 194 1383 1812 3036
5 993 803 1686 3037
5 264 802 979 3038
5 255 882 983 3039
5 270 800 982 3040
5 720 721 985 3041
5 416 1120 1880 3042
5 1310 85 1775 3043
5 497 198 1851 3044
5 262 803 993 3045
5 783 1709 1796 3046
5 154 1787 1835 3047
5 80 1092 1776 3048
5 1830 1156 1896 3049
5 864 807 865 3050
5 92 1312 1551 3051
5 617 55 1905 3052
5 1092 81 1786 3053
5 798 801 1014 3054
5 779 771 1793 3055
5 1312 93 1831 3056
5 881 250 984 3057
5 276 864 1001 3058
5 802 980 1877 3059
5 261 993 1009 3060
5 1125 1126 1881 3061
5 1099 77 1781 3062
5 206 1403 1550 3063
5 785 781 1796 3064
5 82 1091 1786 3065
5 1101 69 1765 3066
5 1174 1272 1782 3067
5 1543 202 1553 3068
5 1642 1634 1934 3069
5 408 1628 1666 3070
5 1559 1558 1560 3071
5 997 881 1692 3072
5 1724 1312 1831 3073
5 791 787 1779 3074
5 1878 492 1879 3075
5 1147 1163 1230 3076
5 512 1769 1846 3077
5 1051 192 1898 3078
5 746 829 1806 3079
5 1091 83 1557 3080
5 1534 1322 1536 3081
5 1700 988 1701 3082
5 84 1310 1557 3083
5 901 897 1888 3084
5 1105 1785 1800 3085
5 565 1208 1943 3086
5 1633 407 1666 3087
5 1657 1623 1676 3088
5 1567 1288 1789 3089
5 1515 1605 1940 3090
5 932 933 1908 3091
5 1069 1813 1966 3092
5 16 17 1162 3093
5 1501 501 1502 3094
5 1785 1291 1800 3095
5 76 1099 1803 3096
5 1007 522 1008 3097
5 1289 61 1767 3098
5 1033 1202 1906 3099
5 1628 409 1659 3100
5 803 263 979 3101
5 882 256 995 3102
5 1808 396 1976 3103
5 111 1077 1864 3104
5 1060 1513 1577 3105
5 205 1550 1809 3106
5 1768 485 1769 3107
5 1656 403 1658 3108
5 1506 1508 1513 3109
5 1306 1319 1595 3110
5 1397 1457 1458 3111
5 1466 1346 1467 3112
5 66 1100 1561 3113
5 1322 1534 1540 3114
5 1386 1389 1707 3115
5 1477 1373 1478 3116
5 1481 1480 1751 3117
5 1482 1359 1554 3118
5 249 881 997 3119
5 1496 1380 1497 3120
5 203 1048 1553 3121
5 1372 1428 1965 3122
5 1685 1326 1742 3123
5 58 1105 1800 3124
5 1857 1250 1927 3125
5 1098 75 1803 3126
5 1897 1194 1900 3127
5 1362 1474 1475 3128
5 72 1297 1563 3129
5 1442 1331 1986 3130
5 74 1098 1805 3131
5 1295 1299 1441 3132
5 1077 1489 1490 3133
5 1132 1745 1830 3134
5 593 1920 1941 3135
5 1526 1334 1527 3136
5 1522 1367 1523 3137
5 1111 1203 1212 3138
5 211 1421 1790 3139
5 922 957 1840 3140
5 193 1812 1898 3141
5 64 1293 1764 3142
5 1293 65 1561 3143
5 1003 571 1777 3144
5 1048 204 1809 3145
5 68 1101 1791 3146
5 1297 73 1805 3147
5 759 1013 1874 3148
5 1105 59 1562 3149
5 1100 67 1791 3150
5 1741 506 1742 3151
5 1291 57 1800 3152
5 1126 1129 1881 3153
5 97 1318 1834 3154
5 1074 1242 1878 3155
5 1854 53 1855 3156
5 9 10 1145 3157
5 1740 1074 1879 3158
5 1716 1229 1717 3159
5 1643 1664 1859 3160
5 1065 1814 1962 3161
5 1175 42 1773 3162
5 1814 1064 1962 3163
5 635 536 1876 3164
5 274 521 964 3165
5 257 883 995 3166
5 1533 1316 1534 3167
5 60 1289 1562 3168
5 1246 1042 1740 3169
5 1499 1393 1726 3170
5 999 939 1000 3171
5 406 1633 1842 3172
5 1659 410 1670 3173
5 1476 594 1930 3174
5 863 985 986 3175
5 730 726 1739 3176
5 884 248 997 3177
5 1464 1763 1783 3178
5 1387 1543 1544 3179
5 1418 1417 1504 3180
5 1661 1660 1934 3181
5 1393 1455 1726 3182
5 521 275 1001 3183
5 1483 1584 1929 3184
5 213 1415 1569 3185
5 794 1841 1874 3186
5 737 738 1012 3187
5 1304 1090 1794 3188
5 997 1692 1978 3189
5 1097 1689 1942 3190
5 1817 503 1946 3191
5 1086 1551 1552 3192
5 824 746 1806 3193
5 771 774 1793 3194
5 56 1291 1905 3195
5 1421 212 1569 3196
5 1464 1829 1861 3197
5 1268 1823 1893 3198
5 1212 1109 1884 3199
5 872 870 1975 3200
5 934 914 1888 3201
5 1403 1546 1547 3202
5 1823 1169 1893 3203
5 1596 1410 1772 3204
5 666 538 1753 3205
5 1415 214 1568 3206
5 1249 1178 1250 3207
5 1505 1509 1940 3208
5 245 523 957 3209
5 883 258 1007 3210
5 37 1174 1782 3211
5 1091 1557 1558 3212
5 522 260 1009 3213
5 1362 1475 1953 3214
5 1462 1398 1980 3215
5 1271 616 1272 3216
5 750 751 1590 3217
5 1244 1243 1811 3218
5 1014 1015 1702 3219
5 1452 1559 1560 3220
5 874 1702 1975 3221
5 1708 1050 1959 3222
5 1412 1596 1772 3223
5 665 531 1784 3224
5 247 884 1010 3225
5 1028 1023 1593 3226
5 574 1207 1964 3227
5 411 1121 1670 3228
5 593 1251 1920 3229
5 1167 1178 1249 3230
5 1500 507 1931 3231
5 26 624 1862 3232
5 1278 1276 1748 3233
5 1227 1200 1228 3234
5 622 1865 1927 3235
5 1658 567 1668 3236
5 1779 788 1780 3237
5 21 623 1873 3238
5 1735 617 1905 3239
5 1074 1878 1879 3240
5 1276 1448 1907 3241
5 1103 49 1957 3242
5 1426 1576 1911 3243
5 1161 1200 1227 3244
5 1240 1107 1979 3245
5 987 1012 1918 3246
5 259 522 1007 3247
5 1163 1166 1230 3248
5 601 591 1822 3249
5 215 1512 1568 3250
5 1561 1100 1610 3251
5 413 1637 1836 3252
5 611 612 1753 3253
5 1105 1562 1579 3254
5 1563 1297 1564 3255
5 404 567 1658 3256
5 45 1279 1807 3257
5 1121 412 1836 3258
5 724 985 1739 3259
5 1672 1683 1894 3260
5 471 972 1889 3261
5 629 666 1784 3262
5 523 246 1010 3263
5 1628 1659 1660 3264
5 1190 1188 1192 3265
5 1621 1667 1961 3266
5 1730 475 1885 3267
5 1152 1232 1932 3268
5 1084 1434 1924 3269
5 567 405 1842 3270
5 1450 1572 1574 3271
5 661 659 1915 3272
5 1174 38 1875 3273
5 1035 1033 1906 3274
5 1060 1577 1714 3275
5 1268 34 1270 3276
5 801 793 1722 3277
5 630 665 1797 3278
5 512 1768 1769 3279
5 1148 1147 1230 3280
5 421 1134 1798 3281
5 1185 1709 1969 3282
5 1691 596 1973 3283
5 1689 1089 1942 3284
5 667 634 1797 3285
5 41 1175 1872 3286
5 1569 1415 1570 3287
5 47 1935 1936 3288
5 1207 1125 1881 3289
5 787 788 1779 3290
5 781 783 1796 3291
5 1277 52 1854 3292
5 1171 1176 1897 3293
5 1135 420 1798 3294
5 1828 1423 1914 3295
5 1418 1504 1887 3296
5 1507 1605 1606 3297
5 536 667 1876 3298
5 1065 1813 1814 3299
5 914 901 1888 3300
5 990 1244 1811 3301
5 1642 1662 1663 3302
5 649 480 1987 3303
5 1291 1735 1905 3304
5 623 22 1954 3305
5 1197 1153 1932 3306
5 1065 1575 1813 3307
5 1448 1281 1907 3308
5 1244 990 1956 3309
5 1301 1304 1794 3310
5 513 1740 1879 3311
5 904 994 1766 3312
5 50 1882 1957 3313
5 783 779 1793 3314
5 51 1277 1882 3315
5 1512 216 1578 3316
5 1554 1359 1929 3317
5 788 785 1796 3318
5 222 1062 1585 3319
5 1925 1155 1926 3320
5 1510 220 1580 3321
5 1359 1483 1929 3322
5 39 1173 1875 3323
5 1363 1365 1914 3324
5 1563 1564 1973 3325
5 1508 1606 1607 3326
5 637 635 1876 3327
5 219 1510 1589 3328
5 1773 618 1886 3329
5 1413 1414 1904 3330
5 1170 30 1892 3331
5 584 1951 1952 3332
5 592 1909 1941 3333
5 1580 221 1585 3334
5 809 819 1937 3335
5 1371 1828 1914 3336
5 1279 46 1936 3337
5 1158 1667 1896 3338
5 31 1169 1892 3339
5 1220 25 1862 3340
5 1173 40 1872 3341
5 1258 20 1873 3342
5 882 995 1977 3343
5 1578 1044 1688 3344
5 1270 616 1271 3345
5 1095 1705 1942 3346
5 1428 1355 1965 3347
5 1755 1047 1895 3348
5 1260 570 1933 3349
5 1389 1413 1707 3350
5 1920 590 1941 3351
5 572 1208 1971 3352
5 1288 1579 1789 3353
5 1041 1247 1945 3354
5 33 1268 1893 3355
5 1347 1349 1928 3356
5 1749 1275 1886 3357
5 1169 32 1893 3358
5 1946 503 1947 3359
5 1822 478 1938 3360
5 1650 1158 1715 3361
5 510 1817 1946 3362
5 1491 1330 1698 3363
5 760 1770 1838 3364
5 1706 1347 1928 3365
5 1353 1575 1950 3366
5 1245 1118 1922 3367
5 480 1958 1987 3368
5 24 1220 1955 3369
5 1846 481 1889 3370
5 1195 1035 1906 3371
5 1954 23 1955 3372
5 1722 791 1779 3373
5 217 1044 1578 3374
5 1425 1464 1861 3375
5 1566 1412 1772 3376
5 1221 19 1258 3377
5 621 1857 1927 3378
5 1349 1427 1928 3379
5 1044 218 1589 3380
5 1319 1085 1847 3381
5 1844 1217 1845 3382
5 1847 1085 1912 3383
5 612 1652 1913 3384
5 1351 1353 1950 3385
5 1250 1178 1900 3386
5 1178 1171 1897 3387
5 783 1793 1969 3388
5 1178 1897 1900 3389
5 920 932 1908 3390
5 1118 1206 1922 3391
5 1365 1371 1914 3392
5 1591 920 1908 3393
5 1327 1685 1970 3394
5 1115 1700 1701 3395
5 614 1866 1985 3396
5 1424 1469 1763 3397
5 1753 612 1913 3398
5 1454 1080 1912 3399
5 975 514 1948 3400
5 1012 987 1752 3401
5 1619 1621 1961 3402
5 1468 1484 1729 3403
5 1423 1363 1914 3404
5 1828 1069 1966 3405
5 1603 906 1977 3406
5 1434 1332 1924 3407
5 1332 1335 1924 3408
5 1075 1112 1921 3409
5 1208 565 1971 3410
5 1598 1241 1915 3411
5 1754 1075 1921 3412
5 1951 582 1952 3413
5 1236 1258 1873 3414
5 969 907 1923 3415
5 1865 621 1927 3416
5 1514 1509 1688 3417
5 1624 1626 1974 3418
5 1410 1584 1772 3419
5 1441 1299 1919 3420
5 1427 1351 1950 3421
5 477 1822 1938 3422
5 1650 1619 1961 3423
5 1595 1319 1847 3424
5 1667 1624 1974 3425
5 1833 96 1834 3426
5 514 975 1983 3427
5 1935 1750 1936 3428
5 1909 593 1941 3429
5 1299 1301 1919 3430
5 559 1260 1933 3431
5 1720 1435 1732 3432
5 900 977 1981 3433
5 1302 1804 1858 3434
5 1584 1410 1929 3435
5 870 1760 1975 3436
5 1667 1158 1961 3437
5 1419 1699 1816 3438
5 1843 1065 1962 3439
5 1050 1755 1895 3440
5 1770 819 1838 3441
5 985 863 1739 3442
5 819 1770 1899 3443
5 1071 1706 1928 3444
5 1247 1038 1945 3445
5 1647 1808 1976 3446
5 1837 110 1864 3447
5 1692 911 1978 3448
5 1745 1127 1830 3449
5 1747 593 1909 3450
5 1760 874 1975 3451
5 1412 1566 1953 3452
5 1605 1507 1940 3453
5 1698 1327 1970 3454
5 1201 1680 1868 3455
5 1398 1463 1980 3456
5 1958 468 1987 3457
5 1123 1925 1926 3458
5 1787 1437 1835 3459
5 1464 1783 1829 3460
5 505 1946 1947 3461
5 1900 622 1927 3462
5 1812 1494 1898 3463
5 1250 1900 1927 3464
5 1225 1253 1738 3465
5 1158 1650 1961 3466
5 1572 1854 1855 3467
5 1538 1833 1834 3468
5 1296 1691 1973 3469
5 1491 1837 1864 3470
5 1882 1573 1957 3471
5 1239 1954 1955 3472
5 8 9 1145 3473
5 11 12 1144 3474
5 15 16 1162 3475
5 17 18 1221 3476
5 0 6 1142 3477
5 425 0 1869 3478
5 0 1142 1869 3479
5 224 1 1608 3480
5 1 225 1191 3481
5 7 8 1142 3482
5 10 11 1145 3483
5 13 14 1226 3484
5 1144 13 1226 3485
5 28 29 1718 3486
5 223 224 1062 3487
5 418 419 1860 3488
5 422 423 1134 3489
5 423 424 1140 3490
5 1134 423 1680 3491
5 423 1140 1680 3492
5 533 636 637 3493
5 537 639 663 3494
5 1811 627 1857 3495
5 825 760 1838 3496
5 893 891 902 3497
5 1025 1114 1116 3498
5 1030 1028 1593 3499
5 1202 1032 1259 3500
5 1039 1037 1195 3501
5 1052 1049 1248 3502
5 1493 1051 1494 3503
5 1061 1506 1513 3504
5 1454 1084 1825 3505
5 1128 1131 1137 3506
5 1139 1133 1183 3507
5 1136 1141 1205 3508
5 1162 1223 1226 3509
5 1429 1342 1706 3510
5 1357 1360 1423 3511
5 1371 1368 1374 3512
5 1381 1391 1708 3513
NPOIN= 1988
0 0 0
1.00037396449261 0.001529959332226534 1
-3 -3 2
11 -3 3
11 3 4
-3 3 5
-0.002271168680711112 0.004441539299526119 6
-0.003433976354078906 0.009292253626509383 7
-0.003599965845766824 0.01428133032276952 8
-0.002978781877200114 0.01923713918487876 9
-0.001763546142026878 0.02408329280209813 10
-9.861200689715662e-05 0.02879485744845244 11
0.001914313366286153 0.03336914424821129 12
0.00420382163417021 0.03781179277200471 13
0.006719505836771411 0.04213060984583412 14
0.009424355629148054 0.04633367394415974 15
0.01229018468599803 0.05042874337110755 16
0.01529542601391168 0.05442271076593388 17
0.0184247785113756 0.05832025171523481 18
0.02166392177128019 0.06212705838543529 19
0.02500235653079726 0.06584714237455241 20
0.02843214230250345 0.06948318398330809 21
0.03194435925311135 0.07303969203363299 22
0.03553483695973304 0.07651718930998473 23
0.03919619396247667 0.0799199887237291 24
0.04292597933325136 0.08324765894853947 25
0.04671814122454002 0.08650406991168463 26
0.05057127103310362 0.08968812103256288 27
0.05448013527444706 0.09280349848142699 28
0.05844415539708683 0.09584839455585717 29
0.06245857933956273 0.09882652649062924 30
0.06652333306143685 0.1017355883787449 31
0.07063430526248866 0.1045789742277269 32
0.0747911493046071 0.1073548579706173 33
0.07899121974667377 0.1100649128439129 34
0.08323278573946329 0.1127095408326435 35
0.0875153854510394 0.1152872037720333 36
0.09183574183740803 0.1178010664643735 37
0.09619439275299976 0.1202479259148333 38
0.1005884049420377 0.1226307166973777 39
0.1050171342340531 0.1249483326933564 40
0.1094800313648288 0.1271994643136105 41
0.113974348504376 0.1293871903461972 42
0.1185005287738685 0.1315081990956507 43
0.1230564769060798 0.1335645079331484 44
0.1276409885268607 0.1355563124314618 45
0.1322541513989186 0.1374808270381083 46
0.136893443844886 0.1393414809727533 47
0.1415585461789676 0.1411364319822388 48
0.1462489638828143 0.1428641628241341 49
0.1509624366345779 0.1445279674698606 50
0.1556988899380262 0.1461251644433406 51
0.1604574159038971 0.1476553677869848 52
0.165236151418914 0.1491212326646572 53
0.1700349846437541 0.1505198874696445 54
0.1748528173815629 0.1518516484142023 55
0.1796880787498909 0.1531186614238697 56
0.1845405256312293 0.1543181629614518 57
0.1894090573699918 0.1554506394394883 58
0.1942922470593433 0.1565181311109805 59
0.1991897068505971 0.1575181008453458 60
0.204100441157431 0.158450729029261 61
0.2090230782561922 0.1593183312530745 62
0.2139570942811054 0.1601186737289029 63
0.2189016183633253 0.1608513306591305 64
0.2238553311315446 0.1615190331101827 65
0.228817582056494 0.162119984501477 66
0.2337875800849 0.1626531022766373 67
0.2387641138327413 0.1631213083713063 68
0.2437464167425137 0.1635234855342804 69
0.2487338027060996 0.1638566244655025 70
0.2537257772721313 0.1641120546223687 71
0.2587203955911561 0.1643097193230151 72
0.2637163501638006 0.1644704701180848 73
0.2687135297575687 0.164585908455954 74
0.2737116595548396 0.1646494126559236 75
0.2787100320344418 0.1646910282813139 76
0.2837084936480065 0.1647193382133132 77
0.2887070321922149 0.1647250449908516 78
0.2937055466906326 0.1647084396710653 79
0.2987039403493338 0.1646699363860301 80
0.3037021209564219 0.1646098055183975 81
0.308699998693682 0.1645282880188342 82
0.3136974875491677 0.1644256634342526 83
0.3186945056692101 0.1643022259075893 84
0.3236909734718004 0.1641582201173323 85
0.3286868140718219 0.1639938785570859 86
0.3336819540099611 0.1638094710674304 87
0.3386763233458382 0.1636052482069102 88
0.343669851464092 0.1633814027018306 89
0.3486624733615127 0.1631381761262871 90
0.3536541271443965 0.1628758264254853 91
0.3586447483033412 0.1625945217654399 92
0.3636342773068417 0.1622944635419551 93
0.3686226602835894 0.1619759173271438 94
0.3736098391222381 0.1616390476878438 95
0.3785957570794149 0.1612840006479799 96
0.3835803677504583 0.1609110478921088 97
0.3885636204408221 0.1605203692082192 98
0.3935454585829794 0.1601120474760304 99
0.3985258423662944 0.1596863530271589 100
0.4035047293304228 0.1592434945020829 101
0.4084820619688229 0.1587834969213572 102
0.4134578054409266 0.1583066136312516 103
0.4184319256063715 0.1578130872361921 104
0.423404365458702 0.1573029086177509 105
0.4283750910308033 0.1567762884538471 106
0.4333440766894958 0.1562334973205965 107
0.4383112696746153 0.1556745380052561 108
0.4432766317687792 0.155099541326635 109
0.4482401442481019 0.1545087901144303 110
0.4532017655970593 0.1539023612378468 111
0.4581614469192262 0.1532802645955819 112
0.4631191750554563 0.1526427888284859 113
0.4680749228700643 0.1519900969580388 114
0.4730286309253954 0.1513220996372934 115
0.4779802878927089 0.1506390636608153 116
0.4829298804039365 0.1499412252933962 117
0.4878773446880385 0.1492284547229174 118
0.4928226644341787 0.1485009535137704 119
0.4977658372753748 0.1477590047383712 120
0.5027068065744252 0.1470025209989194 121
0.5076455415190334 0.1462315845222895 122
0.5125820460288131 0.1454464923382185 123
0.5175162851368622 0.1446472866514787 124
0.5224482037983713 0.1438338834833718 125
0.52737781033081 0.1430065828671067 126
0.5323050925035843 0.1421655496120355 127
0.537229977325802 0.1413105899174201 128
0.5421524704785047 0.1404419651082175 129
0.5470725781725883 0.1395599290323396 130
0.5519902235900308 0.1386642669975102 131
0.5569053992283 0.1377551483818177 132
0.5618181236558207 0.1368328755900219 133
0.5667283341752818 0.1358973114371975 134
0.5716359977943639 0.1349484774494028 135
0.5765411390727853 0.1339866884314516 136
0.5814437258875235 0.1330119624484526 137
0.5863436909060948 0.1320241411582864 138
0.5912410624573163 0.1310235404249866 139
0.5961358364488212 0.1300103098107265 140
0.6010279226239934 0.1289841802353577 141
0.605917344411486 0.1279454290829729 142
0.610804120399849 0.12689430116588 143
0.6156881519747854 0.1258304944516231 144
0.6205694487618921 0.1247542081929606 145
0.6254480454380397 0.1236657485300266 146
0.6303238498338503 0.1225648488904047 147
0.6351968495578116 0.1214515978877726 148
0.640067088721465 0.1203263341483545 149
0.6449344956211363 0.1191888796253137 150
0.6497990271978451 0.1180391904327509 151
0.6546607343025365 0.1168776181647958 152
0.6595195723666483 0.1157040992036613 153
0.6643754650390524 0.1145184554016852 154
0.6692284708785335 0.1133210470854154 155
0.6740785651887978 0.1121119007932159 156
0.6789256495116751 0.1108907434943754 157
0.6837697834123705 0.1096579346130252 158
0.6886109596503712 0.1084135617576601 159
0.6934490621700028 0.1071572918854836 160
0.6982841531792937 0.1058894797872839 161
0.7031162351095376 0.1046102480216843 162
0.7079451807013495 0.1033192270563549 163
0.7127710561058304 0.1020167730695992 164
0.7175938655514382 0.1007030161631012 165
0.7224134758468128 0.09937756836747363 166
0.7272299578683424 0.09804080114320209 167
0.7320433134877924 0.09669281702947932 168
0.7368534048665358 0.09533323263216399 169
0.7416603175923138 0.09396244966922658 170
0.7464640303395778 0.09258049762096486 171
0.7512644176419315 0.09118703553886702 172
0.7560615790873412 0.08978251021914352 173
0.7608554537820102 0.08836680413287386 174
0.7656459459295769 0.08693969864383616 175
0.7704331720272781 0.08550167236920675 176
0.7752170018877418 0.08405238706396921 177
0.7799974092231288 0.08259185349979434 178
0.7847744966216295 0.08112049670021161 179
0.7895480772260515 0.07963780560013738 180
0.7943182096762725 0.07814405220010279 181
0.7990849348996002 0.07663946511344345 182
0.803848064654321 0.07512353781308739 183
0.8086077353643975 0.07359678078390469 184
0.8133638499325325 0.07205897758760958 185
0.81811633436554 0.0705099963152948 186
0.8228653205688796 0.06895032199206413 187
0.827610586607286 0.06737936955163001 188
0.8323522444987332 0.06579755614270931 189
0.8370902528041622 0.06420484509663917 190
0.8418244855067677 0.06260094195224902 191
0.8465550958247496 0.06098639413255084 192
0.8512818463961536 0.05936057451655638 193
0.8560048883087675 0.05772401346168007 194
0.8607240881501175 0.05607640740770178 195
0.8654394261082551 0.05441778084318911 196
0.8701509719818883 0.0527484138006901 197
0.8748585218784845 0.05106781150742097 198
0.8795622627467741 0.04937658008728868 199
0.884261930212735 0.04767405558911936 200
0.8889577303938041 0.04596089642262837 201
0.8936494009134948 0.04423646360438127 202
0.8983371340679834 0.04250135035434471 203
0.9030206858316671 0.04075498461526519 204
0.907700231299417 0.03899790951824605 205
0.9123755290372346 0.03722956468842874 206
0.9170467632597801 0.03545051432397122 207
0.9217136710407219 0.03366014750025305 208
0.9263764575838125 0.03185907205777927 209
0.9310348627699936 0.0300466901966069 210
0.9356890339632277 0.02822347153539392 211
0.940338854592444 0.02638917816834007 212
0.9449842237828883 0.02454364481318813 213
0.9496252696911824 0.02268726747046633 214
0.9542618258126384 0.02081969845361102 215
0.9588938391659295 0.01894089441482798 216
0.963521386906882 0.01705112365788852 217
0.9681443794618694 0.01515022657251379 218
0.9727627503750785 0.01323813269984072 219
0.9773764672640751 0.01131483730370738 220
0.98198549831791 0.009380342452464102 221
0.9865897973183124 0.007434606328368822 222
0.9911893195849333 0.005477608069834282 223
0.9957840691783619 0.003509429416374764 224
0.9977472784669029 -0.001396755720998527 225
0.9927662751729639 -0.001045796809882176 226
0.987785050908395 -0.0006979750335172699 227
0.9828036027428446 -0.0003534051147981149 228
0.9778219282991132 -1.208887855960176e-05 229
0.9728400305018871 0.0003259281407232542 230
0.9678579078977197 0.0006605997941970821 231
0.9628755563353004 0.0009918974560771013 232
0.9578929802085968 0.001319742855546424 233
0.9529101709711301 0.001644077391743294 234
0.94792713700913 0.001964891934441132 235
0.9429438780609505 0.002282215818441619 236
0.9379603859372891 0.002595878818766436 237
0.9329766680978979 0.002905889710243604 238
0.92799272694301 0.003212314357653211 239
0.9230085527757266 0.00351492651188413 240
0.9180241577347975 0.003813876026739427 241
0.9130395336322463 0.004108996476244789 242
0.9080546855977246 0.004400308427363359 243
0.9030696174372266 0.004687813193986278 244
0.8980843236456018 0.00497138232904198 245
0.893098814601699 0.005251123034924238 246
0.8881130813579982 0.005526846604335187 247
0.8831271346686704 0.005798691598383295 248
0.8781409672875435 0.006066471929958898 249
0.8731545904038067 0.006330300289080933 250
0.8681679981178372 0.006590053602254168 251
0.8631811977357465 0.006845748031406282 252
0.8581941900852268 0.007097394556270028 253
0.8532069742115309 0.007344854931327906 254
0.8482195604553706 0.007588297893486114 255
0.8432319389747459 0.007827465915503071 256
0.8382441269768841 0.008062601882662208 257
0.8332561139166713 0.008293453170275999 258
0.8282679115565131 0.008520174581105653 259
0.8232795204801322 0.008742697202451456 260
0.8182909376253507 0.008960916240519552 261
0.8133021786074017 0.009175016756187525 262
0.8083132328271316 0.009384758715185283 263
0.8033241155009549 0.009590332237908974 264
0.7983348230333662 0.009791643621325357 265
0.793345357199736 0.009988611993313469 266
0.7883557290566712 0.01018141562557334 267
0.7833659335793033 0.010369854073438 268
0.7783759795661732 0.01055405680577649 269
0.7733858720569513 0.01073401836063291 270
0.7683956087153786 0.0109096071493523 271
0.7634051985064703 0.01108100948459072 272
0.758414643344458 0.0112481173935618 273
0.7534239466527054 0.01141090622587709 274
0.7484331134170553 0.01156951330724427 275
0.7434421467487248 0.01172380930671461 276
0.7384510489556715 0.01187386519569839 277
0.7334598280428668 0.01201973424777828 278
0.7284684841400737 0.01216131655162368 279
0.7234770226965501 0.01229872406802295 280
0.7184854491792383 0.01243196048883044 281
0.7134937637192478 0.01256096450911156 282
0.7085019735374923 0.01268584929657646 283
0.7035100815556843 0.01280660433520825 284
0.6985180909271024 0.01292320053046426 285
0.6935260072669337 0.01303573573329311 286
0.6885338333382853 0.01314420534675533 287
0.6835415733061254 0.01324860410505372 288
0.6785492304626952 0.01334900989023667 289
0.6735568098919522 0.01344543476409495 290
0.6685643134756892 0.01353789028414333 291
0.6635717465742811 0.0136264341382316 292
0.658579112509354 0.01371110040321403 293
0.6535864144256534 0.01379191358482196 294
0.6485936565780526 0.01386891136625477 295
0.6436008412771728 0.01394215189955243 296
0.6386079734052328 0.01401167270757643 297
0.6336150549789695 0.01407749014516082 298
0.6286220903230849 0.01413968638877338 299
0.6236290824240174 0.01419831558362844 300
0.6186360339311041 0.01425337011993572 301
0.6136429483377592 0.01430495433133484 302
0.6086498288243799 0.01435314489029172 303
0.6036566776827087 0.01439790790126805 304
0.5986634977753136 0.01443936562794728 305
0.5936702920103905 0.01447762408354583 306
0.5886770629098828 0.01451262325235961 307
0.5836838122645023 0.01454449606687212 308
0.5786905438255169 0.01457338391059207 309
0.5736972584818599 0.01459920576425061 310
0.5687039588961967 0.01462209414502252 311
0.5637106474369545 0.01464222955316576 312
0.5587173252566029 0.01465952210948224 313
0.5537239944240183 0.01467408847195008 314
0.5487306569102236 0.01468614847453956 315
0.5437373138238137 0.0146956239943916 316
0.5387439665636963 0.01470259580882161 317
0.5337506167113035 0.01470731908631889 318
0.5287572652153307 0.01470975691679876 319
0.5237639131121137 0.01470992994980545 320
0.5187705613066811 0.0147081233271325 321
0.5137772106499425 0.01470436989465372 322
0.5087838617983905 0.01469861158790075 323
0.5037905152476432 0.01469116034293855 324
0.4987971713153708 0.01468212630390665 325
0.4938038307674336 0.01467137934440008 326
0.4888104933635957 0.01465924628491359 327
0.4838171590520274 0.01464591598747731 328
0.4788238286335579 0.01463120214862232 329
0.4738305013702198 0.01461543161478834 330
0.4688371767946367 0.01459886881431855 331
0.4638438555614227 0.01458129317706431 332
0.4588505367559091 0.01456301571801476 333
0.4538572194427561 0.01454436989651751 334
0.4488639044127376 0.01452512559101236 335
0.4438705906809258 0.014505563179992 336
0.4388772766953845 0.01448607672455566 337
0.4338839630937186 0.01446645036184713 338
0.4288906488594367 0.01444692231888051 339
0.4238973328946196 0.01442793851882894 340
0.4189040156217034 0.01440931652749452 341
0.4139106963654804 0.01439124638563145 342
0.4089173732886054 0.01437421823825724 343
0.4039240470207569 0.01435809434609091 344
0.3989307173875287 0.01434301788790273 345
0.3939373836317647 0.0143295177228145 346
0.3889440460235558 0.01431750189535527 347
0.3839507048035971 0.01430707671557271 348
0.3789573594149582 0.01429880671258353 349
0.3739640110475499 0.01429263587728939 350
0.3689706605360458 0.01428865280237281 351
0.3639773089931644 0.01428745657557816 352
0.358983956858001 0.01428900757397279 353
0.3539906070842336 0.01429340442233226 354
0.3489972609853782 0.01430127994233461 355
0.3440039216876586 0.01431258520264655 356
0.3390105921721779 0.01432746342351743 357
0.3340172764461226 0.01434657772591189 358
0.3290239791305575 0.01436984428564172 359
0.3240307033448447 0.01439748916998075 360
0.3190374588252408 0.01443019547301854 361
0.3140442483646243 0.01446782815068961 362
0.3090510809787435 0.01451073346313482 363
0.304057967979215 0.01455959160094111 364
0.2990649152111449 0.01461422126771975 365
0.294071934541714 0.01467511947714148 366
0.2890790435857283 0.01474290036393204 367
0.284086246387541 0.01481732012690115 368
0.2790935670671509 0.01489925166549681 369
0.2741011033986723 0.01499328085173851 370
0.2691088740532036 0.01509917045302092 371
0.2641164685033368 0.01519619730314507 372
0.2591238102066155 0.01527937790197425 373
0.25413077589828 0.01533356504146102 374
0.2491374575940634 0.01532583193855398 375
0.2441445009147894 0.01526470876570539 376
0.2391523906421572 0.01515429517859625 377
0.2341616600075662 0.01499315839934137 378
0.2291726833161 0.01478460507223469 379
0.2241859692482883 0.01452758462177721 380
0.2192018080151195 0.0142250247444505 381
0.2142206408746764 0.01387665646723024 382
0.2092427095055443 0.01348470941582154 383
0.204268337252686 0.01304992670039086 384
0.1992977610437014 0.01257369501494287 385
0.1943311457228221 0.01205779752176809 386
0.1893687356990799 0.01150287273963177 387
0.1844105379632958 0.01091150909034393 388
0.179456795264889 0.01028388803455419 389
0.17450736139537 0.009623161013123353 390
0.1695624640059417 0.008929272431998413 391
0.1646218142142166 0.008205769966835638 392
0.159685607519787 0.007452528070128926 393
0.1547534255391301 0.006673375568182753 394
0.1498254119310792 0.005868264309206702 395
0.1449010347952054 0.005041209072772815 396
0.1399803564054933 0.004192409054435887 397
0.1350627582484119 0.003325945152608522 398
0.1301481763768697 0.002442522213404352 399
0.1252359546406356 0.001546072342291473 400
0.1203258193901201 0.0006382547315321655 401
0.1154171713641794 -0.0002775684538642109 402
0.1105094048084814 -0.001198107503082866 403
0.1056020787639203 -0.002120992325729613 404
0.1006941844514712 -0.003040848900554483 405
0.09578538986955878 -0.003955887494580615 406
0.09087441082313502 -0.004859125062266875 407
0.08596077839542915 -0.005747801389642408 408
0.08104328504243123 -0.006614857788916383 409
0.0761209492154931 -0.0074539511914099 410
0.0711929629735695 -0.008259175987227068 411
0.06625789670059416 -0.009019772300067442 412
0.06131489211043364 -0.009726833243063797 413
0.05636304805618643 -0.01036898912629508 414
0.05140136111715056 -0.01092989672561418 415
0.04642956123086117 -0.01139224112000656 416
0.04144808134277445 -0.01173404004780143 417
0.0364586719370809 -0.01192649347482857 418
0.03146567649460398 -0.01193148215013468 419
0.0264782918054436 -0.01169958090002149 420
0.0215147248158047 -0.01116398694286074 421
0.016610579156831 -0.01023364939317777 422
0.01183474836699296 -0.00878668281935825 423
0.007316765370683233 -0.006673645809078566 424
0.003275977139479228 -0.003755922246203008 425
-2.00000000000047 -3 426
-1.00000000000094 -3 427
-1.409983241273949e-12 -3 428
0.9999999999981197 -3 429
1.999999999997653 -3 430
2.999999999997188 -3 431
3.999999999996895 -3 432
5.000000000002547 -3 433
6.00000000000237 -3 434
7.000000000001897 -3 435
8.000000000001421 -3 436
9.000000000000947 -3 437
10.00000000000047 -3 438
11 -2.000000000003705 439
11 -1.000000000007407 440
11 -1.10227382776884e-11 441
11 0.9999999999925877 442
11 1.999999999996295 443
10.00000000000047 3 444
9.00000000000094 3 445
8.00000000000141 3 446
7.00000000000188 3 447
6.000000000002347 3 448
5.000000000002812 3 449
4.000000000003105 3 450
2.999999999997453 3 451
1.99999999999763 3 452
0.9999999999981029 3 453
-1.4210854715202e-12 3 454
-1.000000000000947 3 455
-2.000000000000474 3 456
-3 2.000000000003705 457
-3 1.000000000007407 458
-3 1.10227382776884e-11 459
-3 -0.9999999999925877 460
-3 -1.999999999996295 461
3.574219519104413 -2.215984547254322 462
3.451546672044801 2.20742895222422 463
7.500000000001659 -2.133974596215974 464
5.500000000002579 2.133974596215965 465
5.500321089196525 -2.163914878094719 466
7.599288331013065 2.12799075677284 467
1.582862516246469 -2.248955410547766 468
-2.237891385558422 -0.4358916195979258 469
-0.5645144113323374 -2.242101724876294 470
1.536829535785064 2.223573765176392 471
-0.5228249161656037 2.219331388004442 472
10.17189412502047 0.5128361135908094 473
9.4004365554987 -2.115279063976409 474
-2.341099186456547 1.531582059422558 475
9.534151422652386 2.153223348534253 476
0.4901289501711874 2.101972753556601 477
0.9760723221790435 1.425215071238393 478
0.5530410130286338 -2.239765093684248 479
1.065644633007578 -1.549154124337432 480
2.640315457511271 2.263098607584801 481
3.004296123695166 1.451914848543457 482
3.803848969685335 1.465014464442222 483
3.358250455339656 0.8129914845884846 484
2.666387275958388 0.8056457368681122 485
4.114873024375763 0.7466111441987886 486
3.000232535227045 0.2925980072302098 487
2.364600807244001 0.2275486558700051 488
2.670841125302943 -0.1724003086599723 489
2.269160397602875 -0.1658675363881007 490
1.911566895094177 0.2773391327319619 491
1.787335338921375 -0.1075650654144875 492
3.246971327853395 -0.236788760187304 493
2.360342954937325 -0.5509173479100905 494
2.115568759125515 0.5911030642535386 495
1.659431539877775 0.5479888227098515 496
0.8741315071432139 0.05568660061049616 497
0.9302177581023265 0.03582727659632529 498
1.890674216299735 0.885268056470166 499
1.510516175172221 0.8565334021094499 500
0.7596845535970692 0.09322627352104326 501
0.6975288013396141 0.1113181078598044 502
1.389016620380952 0.5065300521759349 503
0.8176796611896681 0.07597444630657901 504
1.180921810129673 0.8065484654367411 505
0.4267544696248038 0.1622076662348454 506
0.4860208899651504 0.1538694697490282 507
0.5456415167310005 0.1461096980026368 508
0.6000092492875346 0.1343646769532277 509
1.094710424766703 0.4769925542469441 510
1.666028061724191 1.211394985281784 511
2.104805236912436 1.285868337182986 512
1.628062398277891 0.2725103720146981 513
1.906948505930931 -0.6524617788404995 514
2.153182500487203 -1.032034591975421 515
2.715471439424003 -1.049342470832504 516
2.481555492368221 -1.599205395886094 517
1.659231835575573 -0.9440931249903141 518
1.471887273788068 -0.618767502833966 519
0.6707526671940021 0.008127469029700761 520
0.7504075695440477 0.006435535404510719 521
0.8261008656783488 0.004756170819977984 522
0.895953934742546 -0.001133627103746956 523
1.237805390915348 -0.8486504725478333 524
0.2970232181087759 0.01089464157508219 525
0.3762520821173808 0.009416665307288765 526
0.4558685744205903 0.01080114055607765 527
0.5362182742748709 0.009325902193162077 528
0.1732543257898722 0.005383131624975821 529
0.6011241842853444 0.01009441621799203 530
0.2367982549810299 0.01069818955364271 531
0.2021720087159634 0.008518198478043804 532
0.2665286435612135 0.01082413384590393 533
0.1877236883342057 0.006277022254783738 534
0.2168800439778509 0.009597475569356447 535
0.2516390706638814 0.01092765487389386 536
0.2765159035689292 0.01062266589424433 537
0.2269040890074192 0.0102958287680818 538
1.075250185549346 -0.5950654061029368 539
0.9496865821520176 -0.003184390485237644 540
4.549135162889537 1.364929347443037 541
4.902052477901086 0.6320601980585927 542
4.426474871402607 0.02370170512049878 543
5.256980463237802 -0.1548161617332584 544
5.800118193414718 0.5539387088568657 545
6.174654396574517 -0.2840182595419553 546
6.740198385047074 0.4732134519858504 547
7.131060854009355 -0.3936345101490524 548
7.708356030361706 0.3681535761273722 549
8.101801982677078 -0.5093098848802219 550
4.700219728832821 -0.7644301229442796 551
6.61125701826914 -1.240534453193451 552
8.652412136297919 0.2523466514546347 553
9.036906576990733 -0.5805304168638027 554
-2.193208730821335 0.3227703473793171 555
-1.266675441615131 0.9938786996993826 556
-1.526966915202217 -0.01705729586673102 557
-1.503987700499229 -0.6164152057829769 558
-0.8875170247319574 -0.4042660119017121 559
-0.9752123445169762 -0.871062172182661 560
-0.6638746238437317 -0.6681026433942271 561
-0.6194453881913321 -0.1820270970012299 562
-1.389475616479238 -1.278640544442413 563
-0.545493132854034 -0.9978090239580903 564
-0.1713433288339807 -0.864945063030822 565
-0.2370382837616531 -0.4076692743448747 566
0.1036351048547393 -0.007449913117324814 567
-0.1800918592874296 -1.214998323040592 568
0.1189052342439525 -0.9598057387632077 569
-1.033045919339466 0.1785530449824549 570
0.2026034951693429 -1.396648845451036 571
0.1292329881134609 -0.6351020123151683 572
0.4058371752925244 -0.7059468074776896 573
0.3689696436454629 -0.4696858838096315 574
-1.391970350867792 -2.196345543223317 575
8.260178079234111 1.174811966809469 576
6.203861671057105 1.322276469820974 577
8.491996889171547 -1.459913056937202 578
-1.387268973659738 2.199059884619954 579
4.512950377248348 -2.222190491209051 580
-0.9543858860644978 1.55219779199704 581
-0.3455580929431928 1.50452939607914 582
-0.6978348804184211 0.9731042933359464 583
-0.03823559178561341 0.9003525045285373 584
0.4796324616088777 -1.095628712842421 585
0.67294567326518 -0.8548582193671603 586
0.679492526783676 -0.6141024816904812 587
0.5735127628286216 -0.3464150919784709 588
1.275003726474508 1.125372543307387 589
0.958605470963523 1.057440606938794 590
0.627311633629974 1.244705702780762 591
0.4757939270545852 0.8692167111828082 592
0.8196079763048078 0.6727221218811482 593
0.6477457345638733 0.1223894611744205 594
0.5171748476715784 0.6023908923312721 595
0.2508313633596109 0.168432367755721 596
0.2915450042685902 0.1704257940249177 597
0.3318146097269423 0.1688329775966622 598
0.3709668657428151 0.1667137823944646 599
0.2468551235816984 1.108577308207088 600
0.2170745178657217 1.542109554878043 601
-2.155973961292546 -1.313377688784911 602
4.002672068292774 -1.387642909458302 603
9.274672583753562 1.06023783927267 604
10.03086824474297 -0.5446107277882614 605
-0.5447851695934091 -1.564091020511857 606
8.528993579787738 2.126096209970055 607
6.454240087185712 -2.184614415605529 608
5.631473973293991 -0.9979290987346197 609
4.363993279326079 2.21249811300724 610
0.2219531534682004 0.01010535587586563 611
0.2196382866251188 0.004859631102159308 612
0.2141984138643955 0.8134936696970327 613
-0.03814366123791697 0.6261023053279025 614
0.210964516179755 0.1658677740226282 615
0.0832640449373613 0.1183625070755807 616
0.1718961753389797 0.1563769267146431 617
0.1187530398584229 0.1358151912066169 618
0.2269436185093157 0.5855380291149636 619
-0.314412440804787 0.6924233465877189 620
-0.2921992902445439 0.4283192153036844 621
-0.03452708813570406 0.3682270146075646 622
0.02597095212791873 0.07597690220538761 623
0.04588723936313808 0.0914330008758438 624
-0.5699251537705106 0.5399175905040668 625
-0.4464592022379408 0.2325783756154795 626
-0.1985552658519048 0.1774356756682396 627
-0.9515143791862439 0.5725931997263267 628
0.2318525773729658 0.01049577526957183 629
0.2417554697286442 0.01081262611522308 630
10.17539305441207 -1.520188497080774 631
10.2081112206431 1.499041082302946 632
7.168647082785861 1.284559467510099 633
0.2466862803705108 0.01085461547373753 634
0.256591177203756 0.01086131284925423 635
0.2610642413677661 0.01161071707811358 636
0.2608164862670801 0.006065484538110977 637
2.234511725579313 -2.287254322917949 638
0.2710355555506081 0.01140876576687655 639
3.178033298927553 -1.56899689153234 640
3.312754981237262 -0.8845591742138084 641
0.2818060208764017 0.009910717266308154 642
-0.7283927828981982 0.3184119724186225 643
5.391033501053005 1.201435864079087 644
7.567223348825756 -1.14747330027518 645
6.54011879973427 2.191874681252879 646
0.2864377920684807 0.01067962303870153 647
0.2916478422717275 0.008855561303526297 648
1.35379483938692 -1.285398433918907 649
1.837555050826867 -1.551858280121797 650
0.9006912785023343 -1.11976735276459 651
0.3015141309159501 0.01026279589474545 652
0.3360644538788709 0.009307691773586495 653
0.2985993861369828 0.004476703367207896 654
0.3208915774490544 0.009296888175343469 655
0.3113621107144771 0.008968162016766291 656
0.3065484163427069 0.01006160772748477 657
0.3062881451035999 0.003414341375135022 658
0.3003624069678681 -0.004416282167079526 659
0.3105027877771212 -0.007001948318066883 660
0.3014471370110682 -0.01732298186335292 661
0.2783567666054561 0.003906791379303526 662
0.2700853781023816 0.005755201978325211 663
0.2652127437880812 -0.00196613950088449 664
0.2397928586887104 0.004960228141310578 665
0.2293243124389221 0.003792238732263942 666
0.2494440064982186 0.005090101825064888 667
0.3158253655728513 0.003516187439355886 668
0.291904643906622 -0.001038160122473989 669
0.2547510914734606 -0.001332637290502445 670
0.2612485485693151 -0.01227346656382314 671
0.2489997156505114 -0.01268323494863706 672
0.255039558165837 -0.02674856955718291 673
0.2732725718002884 -0.01108781568407494 674
0.2443287208111382 -0.001489659806889924 675
0.2361783819107055 -0.01132183640284243 676
-1.495864371659714 0.4979629772401804 677
0.3268071846762398 0.009471883717861162 678
0.3249334754978804 0.003038097731746716 679
0.3227589142382937 -0.00568585438425512 680
0.3564834741887412 0.009966838244088663 681
0.346490800694298 0.009982574070431235 682
0.317955669422219 -0.01707006967656379 683
0.4168585194972342 0.009376920129288417 684
0.3102793837768072 -0.03145943327453341 685
0.3962543003512873 0.00810371275484484 686
0.4059334983441938 0.01061270374384993 687
0.426410431330043 0.01011309196772694 688
0.3869544257553373 0.01056014537486661 689
0.3324011878244474 -0.0141115840335823 690
0.3319395923608498 0.005082576585934406 691
0.3385567339296771 0.002932902526129107 692
0.3614792897217544 0.009963862862999218 693
0.3589779381856332 0.004183086966216537 694
0.3664194506847259 0.004394689359945737 695
0.3625812544703311 -0.004523064798987114 696
0.3728112700665572 -0.003161339261147512 697
0.3680074823189426 -0.01545460996176386 698
0.3808931748389225 -0.01370376235858772 699
0.3767844285693458 -0.02547447990994645 700
0.3529561812834829 -0.002338539741712046 701
0.384912587052173 -0.002573954284610379 702
0.3934119502245795 -0.01143091106089849 703
0.3517407401665641 0.005177550758632623 704
0.395247869080871 -0.000517500995073719 705
0.4055491762312017 -0.006703737179571454 706
0.3162321521852496 0.01013585225103476 707
0.3664634993834754 0.01057974978203849 708
0.4314042177568325 0.01013234963086318 709
0.4289296136866809 0.004342828389383188 710
0.4413908094535923 0.01017148319172288 711
0.4221058026178942 0.005578378659296843 712
0.4243946099429797 -0.002949999182870045 713
0.4963236915264747 0.01055329103447966 714
0.4765591241770358 0.008545493694833695 715
0.4859933259725105 0.00935306732364052 716
0.4658543508442772 0.01082622591298596 717
0.4364052404327897 -0.002731160544706033 718
0.4289384313794358 -0.01505330543618095 719
0.4429437139527457 -0.01431493508595864 720
0.4342426519697111 -0.02959728523193492 721
0.4042893577962365 -0.02069270467407901 722
0.44911468911201 -0.003696753730049316 723
0.4563906555668631 -0.01355317258367472 724
0.4608299692751011 -0.003275078264111288 725
0.4690018038594763 -0.01181347925337721 726
0.4140025835539285 0.002779528498092348 727
0.4721529887676711 0.0002156298704282367 728
0.4810024934792855 -0.008400387502145572 729
0.4793330880500585 -0.02369088027603505 730
0.5158370915934857 0.009683890857760094 731
0.5062936414904414 0.01037052100504839 732
0.43638306399817 0.005130357745026582 733
0.4157581205169188 -0.01202418072812948 734
0.4823545231885649 0.002598737579045045 735
0.4920333048399901 -0.003571447228358025 736
0.3904307424808682 -0.02553510787638023 737
0.3805296954208117 -0.04607516827287205 738
0.4916945478344555 0.009418857587393999 739
0.4896947654516792 0.004101166038474097 740
0.5009013889820241 0.009601332325776818 741
0.504995885899566 0.003351042958924028 742
0.5117160905606093 0.005524178670720798 743
0.518400964639989 0.00326810915635515 744
0.5661898653916314 0.01030782728217091 745
0.5514318163501164 0.009992608292845852 746
0.511210056825291 -0.003611481407824893 747
0.5241641487329192 -0.005227173754561457 748
0.5144602464464444 -0.01641740710704293 749
0.5292995846669734 -0.01919852335019169 750
0.5189165652721884 -0.03168597924153897 751
0.5383961692409202 -0.008000808675091941 752
0.526047180321099 0.01082363051753064 753
0.4998467980175754 -0.02690544402559261 754
0.5085193977567072 -0.04966287593296462 755
0.5017705704476134 -0.01160404475048217 756
0.5327547918915037 0.002540949890917099 757
0.5711807993828808 0.01028907731262259 758
0.5428908224047591 -0.02000576233912369 759
0.6355128840494708 0.01058265834234362 760
0.6210848795505253 0.009901736014591579 761
0.5811621604384889 0.01023464267265566 762
0.6104023759174197 0.007663095145805101 763
0.5686638399249797 0.004577511777673058 764
0.5613043564266699 0.004799377071467768 765
0.5647555244758437 -0.002893563308085262 766
0.5760977689982003 -0.002503574431372891 767
0.5683265503178644 -0.01411691217938398 768
0.5834821253836019 -0.01408319506767031 769
0.5748400813016548 -0.02904698239823484 770
0.5926557392538937 -0.02818107427403838 771
0.7108897152298793 0.008300389795082051 772
0.6911901559693107 0.008140738159086596 773
0.5858798917221503 -0.05312904799489907 774
0.6810736844232422 0.009300351641313875 775
0.7009131109760041 0.008541711805272708 776
0.7208658498127674 0.008042512807576962 777
0.6002110791970741 -0.01218112649398118 778
0.6106257731501872 -0.02670243726690396 779
0.6182019259290733 -0.01010729742447068 780
0.6281736208771875 -0.02446516678701067 781
0.6515316821401712 0.01007887289692257 782
0.6212544943885691 -0.04268495716159094 783
0.635040221674161 -0.008680799345492434 784
0.6447890796832241 -0.02291882298601813 785
0.6517280844205646 -0.007680432073475638 786
0.6610227604689719 -0.02094690225755747 787
0.6547127177880858 -0.03786820740137299 788
0.6603752335716344 0.00747434828995428 789
0.6673700141328083 -0.007035934115181101 790
0.6762616989521324 -0.01929619759995009 791
0.6822125978050253 -0.005854625228865518 792
0.6909667044199692 -0.01777169609718509 793
0.5546762216933976 -0.0008013114127341823 794
0.5900681615815121 -0.001786772828740802 795
0.5906540942059535 0.008096962821649614 796
0.6960579842865423 -0.004455813320030953 797
0.7051671444716066 -0.01538457976563946 798
0.7906835702847245 0.005763869082111512 799
0.7708117069309779 0.004840555646208073 800
0.7005164423120458 -0.03036312450935504 801
0.8001779667240241 0.005932895523524005 802
0.8104196193739341 0.003802656802033388 803
0.7809589981144488 0.00661725210159432 804
0.7090215957450166 -0.004785826143061221 805
0.7175112485993784 -0.01265944025883877 806
0.7358291122002121 0.007624275809343677 807
0.6434178295263553 0.001949734355183147 808
0.6261382820990525 -0.001038579829204528 809
0.6082148183546359 -0.001868879179324383 810
0.5760679915769513 0.005286149837798842 811
0.659154958147759 -0.0006873869744076465 812
0.7184312739522817 -0.003996829811111844 813
0.729177260213749 -0.007057748966722609 814
0.6739250761461515 0.001587292897330344 815
0.6057915181737039 0.0101178835313461 816
0.6035748938099378 0.004598057690849565 817
0.6164058804059022 0.002703474363979689 818
0.6277789582266953 0.005694002583340921 819
0.5968702350218145 0.004683241061420073 820
0.5761597507411395 0.01099649189958395 821
0.6160344236285422 0.009765325995129387 822
0.5612260494922099 0.01095082696000772 823
0.556208052949191 0.01034517878375191 824
0.6407898793587552 0.009536600405300143 825
0.5857298805180867 0.01033018938690779 826
0.5961337870597204 0.01013750958159197 827
0.5458574289867532 0.009865844945935077 828
0.5491125626029568 0.004242146870806031 829
0.5413359714702038 0.004493302096551097 830
0.6468942521995995 0.00884881234819258 831
0.6558262410813711 0.009549270511726458 832
0.6660770916285876 0.003189144624551818 833
0.5411785910238676 0.01061665380777229 834
0.5112815792185739 0.01099631440321675 835
0.4813332323251426 0.01031559128060075 836
0.5213356337202271 0.009519843352148635 837
0.4463841890916617 0.01019100786342173 838
0.4363878661995396 0.01087734353080309 839
0.4216352203922988 0.01078112916052713 840
0.4613630223337008 0.0102485153017103 841
0.4701856103259701 0.008870047551138122 842
0.4014404419628864 0.01002515823389755 843
0.4042652358799118 0.004908321828965015 844
0.4106479844882256 0.009407156470680732 845
0.3913365676179683 0.01007692866810339 846
0.4517737510518875 0.01090008745557626 847
0.5304537032936836 0.009338822484839242 848
0.3714707869816863 0.009964087309296508 849
0.3814611941418161 0.009978577840269929 850
0.3795148905390744 0.003607548348815592 851
0.3415562197113465 0.009102332289672135 852
0.351540576623843 0.01074432948756388 853
0.6658682104888389 0.009191057273316358 854
0.6765363532405833 0.007959836179382476 855
0.6958085587930607 0.008946494262820976 856
0.6856689176677087 0.008136575528809427 857
0.6885642893133326 0.001667903179767669 858
0.3315704972985281 0.01051571481778713 859
0.7054178238073172 0.009003444758022575 860
0.4835236480534235 -0.04486022582205079 861
0.4864451283528798 -0.07256874443745877 862
0.4642143549802223 -0.03814183264414076 863
0.7412181626594998 0.006993545300303326 864
0.7382011138961659 8.426951223444756e-05 865
0.746038758239268 0.002181438433590902 866
0.7528406986536125 -0.0003164930405171962 867
0.7469651976917198 -0.007014875920872029 868
0.7583922459049418 -0.009660820290962966 869
0.7495677733337285 -0.01952520916286411 870
0.764525762350635 -0.02284830804108082 871
0.7505121263453237 -0.03779730466307341 872
0.7716305043118484 -0.01162611484577054 873
0.7278520098692407 -0.02074158313206248 874
0.7606962353182986 0.007222658619448684 875
0.7670627979879151 -0.001983666081888251 876
0.775211793411829 -0.002031334613905895 877
0.7842181102613459 -0.008878222724880027 878
0.779994818209427 -0.02265160446130748 879
0.860235184875539 0.002102382669758145 880
0.8749781011365856 0.001395625938909929 881
0.8459069252691985 0.002823879539059526 882
0.8355950752128051 0.004027947805148548 883
0.8853846833535166 0.001344812806747211 884
0.7945731685210609 -0.01963686147165882 885
0.790516223830347 -0.03628497486146951 886
0.796621257713873 -0.00800992003481823 887
0.8078921100657661 -0.01474522480156628 888
0.8068989860123919 -0.004063816509126655 889
0.8181324121249564 -0.007361039720196721 890
0.8194624985969603 -0.01853368636272178 891
0.8316172408621172 -0.01244445305281876 892
0.8325862967987849 -0.02788888976233505 893
0.8446021832921176 -0.01950213057954205 894
0.8485117546592689 -0.03670918648561882 895
0.829101319392589 -0.04630283244513737 896
0.8503847512285483 -0.06041871394434008 897
0.9247669680744182 -0.0004771938877518097 898
0.9357339042892046 -0.001027290121813409 899
0.9150874918283822 0.0005271114495059539 900
0.8720160843415152 -0.04351780627265683 901
0.8113342839851816 -0.03048774093025311 902
0.8075126950295372 -0.05404148056542183 903
0.7844352163707906 -0.05850691132287385 904
0.798196167096664 -0.07891749384128828 905
0.8432561181370899 -0.0084905400428772 906
0.8549898044163579 -0.00980564781722832 907
0.8615713726458889 -0.02430576032479863 908
0.8782510182715885 -0.02379035569300889 909
0.8695261702468994 -0.01142285708627084 910
0.8820992385117725 -0.01129807881423969 911
0.8934738387309912 -0.01738385859699816 912
0.8915251704663311 -0.03521065042412543 913
0.890811175557221 -0.05551124132977821 914
0.9848188474988238 -0.005252818322612001 915
0.9703552905579582 -0.005273875964507503 916
0.9065491223611033 -0.02693971768973372 917
0.906736409015546 -0.01220565350855742 918
0.9196903039315568 -0.01829612457142107 919
0.9208647179570191 -0.03419095341796969 920
0.9329815070321149 -0.02502627327203816 921
0.9048475454100129 0.0008274739820844003 922
0.9306296870870856 -0.01311577246455879 923
0.9432565898508333 -0.01569740609258838 924
0.9468719724949329 -0.02923138889431101 925
0.9571514122777298 -0.0183394647742714 926
0.9619226567161661 -0.03204589981879689 927
0.95350089609195 -0.04415969215885911 928
0.9693268262372814 -0.04922238103961408 929
0.9699742755471524 -0.02136295695435123 930
0.9600362235480553 -0.00282409296937677 931
0.9069859300935471 -0.04427452533952467 932
0.9117930730130044 -0.06845397352144379 933
0.8872903585908604 -0.08469755096439212 934
0.9193859391088046 -0.1043512493197964 935
0.8515235823303858 -0.09685981443948094 936
0.9662370305250221 -0.01178411944641337 937
0.9756495462911945 -0.01212612371764936 938
0.9816145611525396 -0.01900272364722999 939
0.9769872910042152 -0.03305783132099763 940
0.9889177131065228 -0.04797435969194668 941
0.7305334257976768 0.002374362656172724 942
0.9644289363123477 -0.004724457340337059 943
0.8972968890954733 -0.00898736854473804 944
0.9902509038924143 -0.005570137244840699 945
0.9870415753551107 -0.01145607775056699 946
0.9937713339059842 -0.01071238443151897 947
0.9948500971505028 -0.00489503257766234 948
0.9795599812237294 -0.005358480943752447 949
0.9302554933667403 -0.003317906929815434 950
0.9751138686931535 -0.004276176970098805 951
0.9403042887777414 -0.001975379330969222 952
0.9374968636621605 -0.007146651659235356 953
0.9447585228071895 -0.007361451711801863 954
0.9517218466311718 -0.009691893827450424 955
0.9451609299086396 -0.00218841721285392 956
0.9005345389028963 0.0006155566295832148 957
0.8900117539391045 -0.005353549272559785 958
0.7308289440112077 0.008418229889288023 959
0.7258538698752098 0.007911460181521751 960
0.9552432354201672 -0.00380895165779567 961
-2.20461677062146 -2.150087399215606 962
0.7650837189130516 0.005360799390415176 963
0.7559856432553984 0.006015892687943438 964
0.865805185424955 0.001813908184848933 965
0.8628551048846208 -0.003998731264978777 966
0.8701984917582442 -0.002405403226143638 967
0.8554864827041445 0.002906251517743807 968
0.8499045475031379 -0.002096391372469489 969
0.7854924103876609 0.005462037019732639 970
0.7890083620047306 -0.000754311643357476 971
1.843833261505388 1.681361887338789 972
0.9157520211100519 -0.01037599874814425 973
0.7153950131047268 0.008746929863885351 974
1.656865690174231 -0.3757073509367745 975
0.4541404738627711 0.0054993705319979 976
0.9097672815013371 -3.158924240792471e-05 977
0.9195107527370143 -0.000735530025176345 978
0.8045090526619113 0.004030793955050974 979
0.7960924225549767 0.006202991436211038 980
3.894022407953462 -0.5001827333156711 981
0.7767290653037375 0.005098557225379358 982
0.8505448980286765 0.003713378501829573 983
0.8704608733682856 0.002744896957790066 984
0.4512154702496831 -0.02707560223570349 985
0.4442887534737633 -0.04570107603607997 986
0.4215796970497098 -0.04587870015556088 987
0.4341125091629421 -0.06968577561218338 988
-0.660969552150191 0.07018458800597223 989
-0.4316340393930361 -0.02457492978966717 990
-0.3777223934980204 -0.235501124286069 991
-0.2392140853479814 -0.1475904603063248 992
0.8150953038150002 0.005057735268968585 993
0.7719466249360263 -0.03883108777661951 994
0.8401854348191193 0.002800576436300431 995
0.4908833116022604 -0.01501418719294387 996
0.8805058740153018 0.0009253947499370219 997
0.7038220717237164 0.002851410088169131 998
0.9902924002180765 -0.01784806300816107 999
0.9899122841200374 -0.02893996457587244 1000
0.7459079501217192 0.007780768350472766 1001
3.674632604071285 0.2333164650143866 1002
0.6515524810489561 -1.604860325981073 1003
0.6530604079080392 0.003972944069185773 1004
0.9223563135717432 -0.007211517051593088 1005
8.478486688934854 -2.341833343425917 1006
0.8305658569425567 0.004091099752393404 1007
0.8270645811257105 -0.001726585362919479 1008
0.8201187100475453 0.002463444610001288 1009
0.8905124535989728 0.001127121213939978 1010
0.4439697443251657 0.004094050842902289 1011
0.4029273987985973 -0.03824159442455774 1012
0.5576812202152862 -0.02589590547995563 1013
0.7152961344302959 -0.02720671970581878 1014
0.7127971449024544 -0.04748097392211385 1015
0.7708778273991203 -0.08980162726991814 1016
0.6883508166767448 -0.04992938794296705 1017
0.7077651025777413 -0.07587174360941948 1018
0.6725123915548372 -0.07921720380322525 1019
0.7004531150000394 -0.113814026266337 1020
0.6518503235085217 -0.121674765791896 1021
0.6914463289465944 -0.1655415700587945 1022
0.62828045007449 -0.1762564148558969 1023
0.5950354616952578 -0.1200258944135543 1024
0.5427749126859358 -0.1845933775150122 1025
0.5205402122605253 -0.07979284484591179 1026
0.4898351118044598 -0.1091564805871394 1027
0.680876041844571 -0.2178780450585217 1028
0.7491615347476299 -0.2120572470152012 1029
0.7040049662320563 -0.2985521916124347 1030
0.8318310353332277 -0.2743843966350668 1031
0.8109246336957535 -0.3689833697491281 1032
0.9308480863693672 -0.3536155273767237 1033
0.9541640575411469 -0.235976018430771 1034
1.049990075146808 -0.313733586313526 1035
1.059856702551048 -0.1891271056778469 1036
1.147776702295348 -0.2565084714093434 1037
1.185284786415996 -0.1452443407780947 1038
1.293722531672583 -0.2271985129479687 1039
1.32766491842003 -0.09458622667230435 1040
1.194368483569976 0.007360093406826015 1041
1.320117427688277 0.04683595797455177 1042
1.201115971955373 0.1289591983420232 1043
0.9682723111667443 0.02092346522262473 1044
1.095970849864688 0.1033161292847713 1045
1.084887530472556 0.1991315699228164 1046
1.006350912924397 0.1532181573411199 1047
0.9030317413270534 0.04673344765341917 1048
1.011652693613011 0.2562630808587097 1049
0.9304333158457012 0.2227946739710207 1050
0.8459492356384217 0.06585532190919946 1051
0.9309690607872246 0.3074492429129492 1052
0.8449388295884284 0.2599885341989491 1053
0.7260987003768135 0.1033059730453273 1054
0.7890027493749604 0.08534566137191862 1055
0.8511947684984272 0.1732554222376723 1056
0.9236338337430491 0.1287795927711698 1057
0.8485654229845117 0.3703712468576338 1058
0.7661324299337504 0.2981071564569189 1059
1.108488567087005 -0.009490031076385583 1060
1.022064334369852 0.07652502663227222 1061
0.9927378897329613 0.0103724772331329 1062
0.7436273568535329 0.4105992190418695 1063
0.6389751750025194 0.3657717979516725 1064
0.6586026603247586 0.2537705538662617 1065
0.6237480863558288 0.1292496116245717 1066
0.570127100759921 0.3085779672821253 1067
0.5161657987236324 0.1487952660171547 1068
0.7454164449155389 0.2390041336424734 1069
0.6730247908312889 0.1183890728985609 1070
0.585438766108618 0.2289235128274653 1071
0.579836569942033 0.1377450901601047 1072
0.5649622246606376 0.140787664270742 1073
1.469384681337894 -0.02499991083947545 1074
0.5584103008417194 0.4007326387113966 1075
0.4945003260417245 0.3368118849455655 1076
0.4555104317015326 0.1578577341363003 1077
1.20523415323724 0.2730143841913396 1078
0.5123075734812127 0.2728167660027419 1079
0.4587818742546142 0.2827359864333607 1080
0.3968406292711147 0.1649347618144709 1081
0.41861954209111 0.3416182370902137 1082
0.3686626162200867 0.2906613811841069 1083
0.4617193976534641 0.2220411252891607 1084
0.3955755003790308 0.2322360189137317 1085
0.3518611510724171 0.1667823887398649 1086
0.3413015670786803 0.1688798154508543 1087
0.3341918331581926 0.3558088046883097 1088
0.2849990241190405 0.3114689968149996 1089
0.320230876490593 0.2330311433749513 1090
0.3108781932084055 0.1693276072307763 1091
0.3012600388271925 0.1693873400762425 1092
0.3812930731214283 0.4305422384751294 1093
0.2539297180227794 0.3541879024593483 1094
0.1903525952181912 0.3236625064199695 1095
0.1743181851847517 0.4205014039980079 1096
0.2392209734024497 0.2431111214929854 1097
0.2707096864554082 0.169679657808799 1098
0.2812196880904225 0.1688595440275232 1099
0.2312234600297154 0.1672443279500105 1100
0.2408796785930497 0.1680152282688909 1101
0.1224719401457862 0.3149594191792849 1102
0.1417132571908591 0.1484120193785622 1103
0.1443135651519352 0.2414466963406086 1104
0.1904126753816018 0.160567905152618 1105
0.7481873525072373 -0.1422716538825882 1106
0.8174293368475236 -0.1760563927481622 1107
0.738220040816908 -0.06390879702081066 1108
0.9837036791206013 -0.1606535000053407 1109
1.065746108348879 -0.1019520859237677 1110
0.9828234406637575 -0.07434082701269261 1111
0.6282710607123292 0.5029098009836678 1112
0.5343543678544707 -0.1200041832616724 1113
0.4931073929032055 -0.1496000301349407 1114
0.4491727652530393 -0.139276722860423 1115
0.459079247850345 -0.1990603681149155 1116
0.386319777475952 -0.1684006809627379 1117
0.3976574272084569 -0.2573445968363407 1118
0.31271210969414 -0.228502858705999 1119
0.04423482569278881 -0.01587719740275561 1120
0.06981555643869015 -0.01366654221923881 1121
0.3043947194016355 -0.147778892872835 1122
0.2425552128788491 -0.1986723686736249 1123
0.1388468215969663 -0.0007071790476440511 1124
0.2365864158979927 -0.2835769545673175 1125
0.1613337029015229 -0.2248514012833137 1126
0.1470893792583553 -0.1547392482569281 1127
0.07654722723734694 -0.1826188005353403 1128
0.04840272320006093 -0.2699317207674543 1129
0.08224710772164805 -0.09977696108417182 1130
0.02657911823129776 -0.1184289693714646 1131
0.1462068130792189 -0.07647757002817453 1132
0.01460183181222794 -0.07447200081907221 1133
0.01705684820600447 -0.01514254425713267 1134
0.02974999896424959 -0.01755436363740211 1135
-0.03154363773792633 -0.09886635687119853 1136
-0.04689680994768407 -0.1677969360846512 1137
0.06642739667158683 -0.05773539208662559 1138
-0.02252965759885084 -0.04988612525175196 1139
0.002589025331278674 -0.01101928833084916 1140
-0.06793028502973215 -0.05435775888084089 1141
-0.007178918082882405 0.005644034784774992 1142
-0.05447142606622568 -0.01597603429881409 1143
-0.001752375443736303 0.0372571802476953 1144
-0.0065673796613347 0.0227124713727537 1145
-0.09799871200276163 -0.02150716524662764 1146
-0.08866904053726558 0.02761271688604038 1147
-0.1510530123284081 0.01211225684811584 1148
0.3657115540630294 -0.1102718111440777 1149
0.3137871164771163 -0.08521899092410307 1150
0.2657217108581191 -0.09711783991697889 1151
0.279179859673388 -0.0623002645402549 1152
0.2305227992320488 -0.07081943757612963 1153
-0.09634386515974987 -0.2853942783299588 1154
0.217740430131266 -0.1080412911562631 1155
0.1953934022885774 -0.06766792806125599 1156
0.2155314635682897 -0.04527353616027281 1157
0.1772631011133796 -0.04775467474186671 1158
0.1924543187642384 -0.02055866225405759 1159
0.2898970430258547 -0.0340666718926828 1160
-0.04606987165069051 0.02762569974646259 1161
0.008392826712138321 0.05413517463559139 1162
-0.06735124517392657 0.06641805229927207 1163
-0.03117383854544087 0.05812584228339124 1164
-0.03539740739581865 0.09787590446351943 1165
-0.07347861225925291 0.1147602068394391 1166
-0.0403598435903018 0.1556247100253822 1167
0.002334968262992223 0.1329069685251408 1168
0.06570900176754586 0.1072980191705518 1169
0.05628009686481798 0.1018756530048329 1170
0.006653011592009944 0.1817336739573366 1171
0.04844979526510454 0.163464648841313 1172
0.09996693633066568 0.1285109585339487 1173
0.091214003046173 0.1233676667935919 1174
0.1098702084844423 0.1331142672624257 1175
0.05148031909339731 0.2107029320591195 1176
0.09595663504324844 0.1869793078382051 1177
-0.05030913400857873 0.2204882926807047 1178
0.08349016597606067 0.1575537926312189 1179
0.03791248502325435 0.130439978099545 1180
0.004066283112164937 0.09692332551417289 1181
-0.009221994609151697 0.07411377946522713 1182
0.01334996975921735 -0.04449922694739781 1183
0.5622846099866995 -0.07920017941735592 1184
0.6281229827544821 -0.08718755290382103 1185
0.9684311417372469 0.4291705133697598 1186
1.008800893514506 -0.06858075976615075 1187
1.006911066375733 -0.03858870962718149 1188
0.9996859050577254 -0.01833779836486027 1189
1.024140680994663 -0.01856309164629573 1190
0.9998251863889717 -0.005921279454062807 1191
1.04029113375907 -0.05003304035198401 1192
0.09596144944053454 0.2420899585058273 1193
0.03802774104209355 0.2898588345553099 1194
1.182016927238783 -0.3926561960979764 1195
0.3552279937582908 -0.06945700252944476 1196
0.2405804132794269 -0.04241111319285923 1197
0.01859937930719552 -0.4175072053352828 1198
-0.02097874016302535 -0.01682612804537127 1199
-0.03259246381907371 0.003860144921703467 1200
-0.00420709008212357 -0.03051153916883977 1201
0.8725350797656104 -0.4981033271175794 1202
0.9452393980749491 -0.06638251703946797 1203
0.3847101217482958 -0.07821885733432872 1204
-0.127418739909792 -0.08134487837899801 1205
0.326875574497226 -0.3309173843647275 1206
0.2112652624749958 -0.4312456199780637 1207
-0.1036145411288564 -0.6218036518203905 1208
0.5345432152147137 -0.0535927481588149 1209
0.596695063428888 -0.08058845040110629 1210
-0.2179085085570746 -0.2592971270615875 1211
0.9613309539861734 -0.1140150586849414 1212
0.3031151209102987 -0.05220398295936568 1213
0.3276895335550414 -0.05172049645769178 1214
0.3536876431193895 -0.04377964369152464 1215
0.3315058062703497 -0.03021919221213444 1216
0.3470214199241932 -0.02317392613891077 1217
0.008088788359419565 0.07853844815440736 1218
0.02324804678640543 0.09701266933482172 1219
0.03710155171275454 0.08535252311473959 1220
0.01549237698445398 0.06184687438431037 1221
0.005396708586114182 0.06607961235388771 1222
-0.007486539030781591 0.05466839590943683 1223
0.03601353296079002 0.1102341593619945 1224
-0.02055008816270347 0.039757986455525 1225
0.002268349783803081 0.04557525056583852 1226
-0.02549128255913461 0.0214467685126311 1227
-0.01576099229255545 0.01281999552660812 1228
0.05344939319877129 0.11841209348028 1229
-0.126194043715096 0.08894051722125106 1230
0.2256861915905271 -0.02756073702137109 1231
0.2687000682093758 -0.04130450023797558 1232
0.9288996311754315 -0.1653370996894429 1233
0.8802487256824947 -0.1430159959531637 1234
0.04405262658601927 0.4301801199176296 1235
0.01691287504793163 0.07300730421326211 1236
0.01985065929490926 0.08445458209738395 1237
0.03685409786176206 0.09563635608122409 1238
0.02957173777825497 0.08407355541462121 1239
0.8032012529789213 -0.1154677445152355 1240
0.2852432889700495 -0.0177754075762677 1241
1.464119833161234 -0.2012562772696871 1242
-0.2131418305984294 0.06843376894209188 1243
-0.256020162302994 -0.01317223190555224 1244
0.4986248099937637 -0.2620718851151818 1245
1.340251080864733 0.2144053580024523 1246
1.143279704622814 -0.07454750359917264 1247
1.077914669357273 0.3399098130514377 1248
-0.1023429339658131 0.1708639276043672 1249
-0.1274845608551985 0.2546295069376928 1250
0.9774091967913172 0.6017387604889962 1251
0.7355402052203257 -0.1033789332883405 1252
-0.0112843884595494 0.03310091084506794 1253
0.882514557315965 -0.1989539806913213 1254
0.2406285461534938 -0.02536571273984235 1255
0.2214366089643991 -0.01289320828427832 1256
0.2273208968143317 -0.003965679598172582 1257
0.0205092828256726 0.06670922539215554 1258
0.6932429871032486 -0.436923581382301 1259
-0.8693799739109445 -0.08488448472125973 1260
0.461160113125334 -0.06143111156322166 1261
0.5832966762198654 0.004942932909816369 1262
-0.1455564017844564 -0.1882847360323041 1263
0.8271319684943312 -0.07486903059498232 1264
0.06166292000996735 0.1382340216924328 1265
0.08007116709865747 0.134228399512528 1266
0.06909216766256406 0.1232423512064899 1267
0.07383977596789855 0.1144931405143769 1268
0.09319667968492659 0.1422591532562396 1269
0.07943434904073859 0.1154633464512512 1270
0.07804271251459012 0.1217401604046905 1271
0.08515305703579829 0.1248890007123084 1272
0.09252632037581085 0.1307791585417272 1273
0.1024728453189091 0.136658653847163 1274
0.1056704206686798 0.1491358676111565 1275
0.1251576737421218 0.1744208542699388 1276
0.1557864440046365 0.1521829089899727 1277
0.1254668823332062 0.1557530500676679 1278
0.1274991278207611 0.1437323944372924 1279
0.1254791436322573 0.2048745988215421 1280
0.1563230048107655 0.2002628531289699 1281
0.1822751361050951 0.2241345762398525 1282
0.186341554572514 0.1914491272438184 1283
0.1666712178069425 0.1777130815870808 1284
0.2118345605798518 0.2078161640174171 1285
0.2090949213642151 0.1855083375331161 1286
0.2274820074998354 0.1927030149387065 1287
0.1948192188869824 0.1766178800085233 1288
0.20086986962449 0.1621033516141802 1289
0.1814764668767608 0.1707254739161262 1290
0.1810755033871353 0.1579207544624143 1291
0.2227059972753457 0.1803219719356705 1292
0.2212309537101237 0.1665058269829614 1293
0.236275706870075 0.1807116585104191 1294
0.2467489979515515 0.1926647700633207 1295
0.2500749186276989 0.1807765608269869 1296
0.2614895616733159 0.1692648041828407 1297
0.2635423104834784 0.1861649472130318 1298
0.259032059732684 0.2063543117987263 1299
0.2781315709410175 0.200166890169954 1300
0.2754594008654698 0.2253336040429369 1301
0.2796965381638087 0.185164957641936 1302
0.2950120673659207 0.1918690681907055 1303
0.2962230003242076 0.2153560083429764 1304
0.3156932740112364 0.1998747747697509 1305
0.3421163164290478 0.2159532485903773 1306
0.3399714584558927 0.1917555386524897 1307
0.3598328304727296 0.2009094125918698 1308
0.3237051894158275 0.1828244630754424 1309
0.3213357724723693 0.1679586989107507 1310
0.3546508722493891 0.1844408414443246 1311
0.361461981285137 0.1687083749623091 1312
0.3728109276312852 0.1860406813995855 1313
0.3815075217911518 0.2041765207589624 1314
0.3924352202304889 0.1874986558757678 1315
0.411914187113078 0.1633357399243611 1316
0.3837481300736065 0.1754785551760972 1317
0.3860964943399116 0.1667349685681506 1318
0.3669759588538244 0.2253371771005841 1319
0.4062654916432169 0.2080757225377216 1320
0.4198895876962988 0.1908626532147725 1321
0.4041149082198182 0.1772529652002573 1322
0.4335011583384604 0.2075099187689802 1323
0.4375224034679977 0.1879104311268596 1324
0.4411503910198754 0.1603460179567543 1325
0.4264453314407851 0.1762673182843037 1326
0.4402705656567917 0.1737084893215475 1327
0.4525437080793343 0.1812044243898724 1328
0.4702321163059687 0.1574209929486007 1329
0.4518027792710358 0.169883142432097 1330
0.464089530114847 0.1728234857035276 1331
0.4665707096766334 0.188358984329066 1332
0.4802617676671461 0.1775332593122304 1333
0.5013127003940572 0.1523220395299387 1334
0.4845547443925494 0.1997894137816807 1335
0.5011780530668882 0.183500300704089 1336
0.505428321803825 0.2066262241030596 1337
0.5239495842803455 0.1897589519632519 1338
0.5305381354722695 0.1467848089438844 1339
0.5161680351858181 0.1716946027173368 1340
0.5427541198490149 0.1772351555833023 1341
0.5463470983737667 0.1948456501614361 1342
0.5638911243110603 0.1809520189579948 1343
0.5539419032232568 0.1629560784552376 1344
0.5716102326256673 0.164623115981678 1345
0.5557349727535776 0.1428670730921903 1346
0.58470528794004 0.1791720203013209 1347
0.5991605425534701 0.1630581066719903 1348
0.6076655628389235 0.1825438391609721 1349
0.6167679184582866 0.1632098445590841 1350
0.6316436431319056 0.1799219272168534 1351
0.6501405615833202 0.1613196978327933 1352
0.6593011643477913 0.1848113625045083 1353
0.6711741827126607 0.1618233717053456 1354
0.6600640655500585 0.1436205716972004 1355
0.6790734997177771 0.1399025852043091 1356
0.6970259193769116 0.1576580415634041 1357
0.7000833712614623 0.1353834628293771 1358
0.7117961947387217 0.1072031148875055 1359
0.7169541705655158 0.1484542893656206 1360
0.7190185896063138 0.1321146955941564 1361
0.7403976575633161 0.09942605601985866 1362
0.7357597877398903 0.143876915923408 1363
0.7468286022986766 0.1256361876387521 1364
0.7584559130871253 0.1424979868594496 1365
0.7668012888500382 0.1207558374687077 1366
0.7734447612515395 0.08855480290660644 1367
0.7788696485820683 0.1352483436103546 1368
0.7884005552212453 0.1149692450538988 1369
0.8036072472451116 0.0813672075462171 1370
0.7801187465157241 0.1617894741718063 1371
0.6362669650143831 0.1414429616402662 1372
0.638606476123932 0.1251067168562933 1373
0.8053430895523368 0.1333842391356465 1374
0.8101903936584374 0.1117526240913318 1375
0.6869514702324937 0.1256756134084354 1376
0.6873699832681358 0.1156665154053868 1377
0.8301640352672947 0.1286732379376526 1378
0.8426161241225701 0.1043476497601362 1379
0.830704575528354 0.07034316410990873 1380
0.8624657919261632 0.1303646404709148 1381
0.864664978259977 0.09981030841423172 1382
0.8601188657012625 0.06154528267105185 1383
0.8485537548959085 0.08562953520019805 1384
0.8663854216915027 0.07991776391998197 1385
0.8824322308826141 0.09184022514508353 1386
0.8882828243976075 0.05080368894441582 1387
0.8823057909807529 0.07170069696552631 1388
0.8984123644762858 0.08100039445708038 1389
0.8300162195907904 0.08788874046618528 1390
0.8875030067864753 0.1184890039200081 1391
0.7977218082389488 0.09929820907338388 1392
0.8132906766772388 0.09422054571944702 1393
0.752232158530227 0.1121722726104269 1394
0.7500269333000862 0.0958676179065291 1395
0.6067062450847405 0.1481941458462864 1396
0.6089617407146735 0.1322163615000356 1397
0.5906192807272137 0.1486558083306616 1398
0.5896589223090294 0.1357650888357928 1399
0.4919268581946465 0.1671736399723803 1400
0.8959937809043114 0.06615167721744732 1401
0.9131275362051617 0.06908474658252629 1402
0.9165321130072903 0.03971772263919215 1403
0.6674266185627064 0.1325184117784066 1404
0.658907036450474 0.1210644668372966 1405
0.5381217068277674 0.1611592614869937 1406
0.6871271785358211 0.1857942856324208 1407
0.7743124433922636 0.105931379128749 1408
0.7083148349597794 0.1221263991887441 1409
0.7196483851762032 0.1179426497759757 1410
0.5248588170305535 0.160174926879973 1411
0.7392745635877329 0.1131786077295501 1412
0.9150588223990259 0.08603847504045359 1413
0.9327224921075377 0.07711668326481463 1414
0.9482647243985206 0.02736781386014074 1415
0.9297040518131093 0.05483750235559957 1416
0.9499391273259929 0.06315936395957883 1417
0.9583313335438862 0.08580236420317075 1418
0.944795371331495 0.04639926943724604 1419
0.9620122905792414 0.04689485601132647 1420
0.9395496694823721 0.03107763748539614 1421
0.9152048353244148 0.05497161047383339 1422
0.7264120620743419 0.1710824017117749 1423
0.5642828707093458 0.1541659381719572 1424
0.5761881413318597 0.15127207740313 1425
0.5136288575297899 0.1603275297605046 1426
0.6151455005844764 0.2076848676568885 1427
0.6478442289287549 0.1364638679715763 1428
0.5291397569175675 0.2229178028315688 1429
0.4809258893232843 0.165201163527803 1430
0.8541727362491285 0.07506909410650581 1431
0.8708476834528511 0.06816130229767801 1432
0.6220412023629348 0.1449514654792009 1433
0.4523060590532487 0.1982745873102536 1434
0.3355773609909447 0.1801649606479729 1435
0.6572704733992222 0.1295786811105278 1436
0.6660675671947032 0.1232783192312149 1437
0.6756663642753824 0.1267734446446819 1438
0.3440943258846983 0.1770254402222912 1439
0.8387109886999932 0.07971684676222478 1440
0.2363881130523168 0.2136359102074631 1441
0.4726670021864425 0.1654935181763635 1442
0.9037658326126486 0.05566207475448418 1443
0.3641010867349816 0.177351778710732 1444
0.8610138202751318 0.06796105526358158 1445
0.8670431012239269 0.06150922468263781 1446
0.5588314244147967 0.2512712434545175 1447
0.1473667265491748 0.1743415784107219 1448
0.1386950698812175 0.15919178651566 1449
0.159157299010429 0.166747291748121 1450
0.2900344957448447 0.1784162679262855 1451
0.2995047538943194 0.1805341559953277 1452
0.8862755685287572 0.06182200199915984 1453
0.4346751241935705 0.2387115396681548 1454
0.8029123956637854 0.08861841477947842 1455
0.5468187903056329 0.1549104079034103 1456
0.6146289669401347 0.1310818122444891 1457
0.6130276136876212 0.1382816927414181 1458
0.6052481875852249 0.1378817063201389 1459
0.6201314864970913 0.1347082811185922 1460
0.6281820535238085 0.135005390509257 1461
0.5984120583357625 0.14153419275655 1462
0.5861194092456588 0.1407679004356718 1463
0.5735292727919605 0.1434658137872727 1464
0.6042328889245825 0.1322784708183465 1465
0.5508566524753045 0.1431929674357236 1466
0.5539583396592498 0.1494884753272011 1467
0.5397343485489354 0.1513991359034663 1468
0.5611515167545555 0.1459206184686132 1469
0.5601382026442951 0.141189767366588 1470
0.5846804636580679 0.1358628366076617 1471
0.5945968541556986 0.1357079419946109 1472
0.7356257938038281 0.100178686159338 1473
0.7458827839789045 0.09819891150305116 1474
0.7447577457551491 0.1053688407771346 1475
0.6437243029619615 0.1232129584406363 1476
0.634094038261675 0.12559062702753 1477
0.63730011947469 0.1314286905120848 1478
0.6298493654813153 0.1279174861823125 1479
0.6821094944054269 0.1145147339789066 1480
0.6778160085973608 0.1154544509852785 1481
0.7064203390070524 0.1087787595774393 1482
0.7163232921950824 0.1055478933722524 1483
0.5353535427629976 0.1469764050089736 1484
0.5323726701752651 0.1523639893086513 1485
0.525361479489558 0.1499883406088448 1486
0.5206866722670197 0.148511751871 1487
0.465856539945409 0.1565331309170401 1488
0.4613600726425078 0.1578378319413985 1489
0.4585045292961411 0.1637720176902689 1490
0.4513695412676877 0.1622366046728644 1491
0.8361879320247287 0.07111829204210605 1492
0.8446585762574748 0.07312829033203426 1493
0.8518301877958995 0.06805533616362419 1494
0.4771802875374538 0.1577954566880778 1495
0.8264697174770521 0.07246807205161229 1496
0.8309480728560599 0.07678796598647356 1497
0.8238605848822415 0.07860819324523374 1498
0.8168431112738982 0.08330651302247548 1499
0.4813850219619341 0.1545085821564149 1500
0.7547082049643048 0.09551658905559948 1501
0.759634135812739 0.09920648311324412 1502
0.7662501904554756 0.09719630777595517 1503
0.9780767397926278 0.06905582494185478 1504
0.9911128741150692 0.04682271285801477 1505
1.024934269183322 0.03939590838392173 1506
1.004609601987864 0.03031331496728631 1507
1.033007392805358 0.007501091945021543 1508
0.9761720227575925 0.03371798117016625 1509
0.9772107163352131 0.01754647542385102 1510
0.9610958157655696 0.03198435835027446 1511
0.9597328233920284 0.02447040401357073 1512
1.067400061279421 0.03381564205297216 1513
0.9745873777067993 0.02404977531751672 1514
0.9843760020092258 0.02233350209743861 1515
0.798063566972386 0.08286944467642733 1516
0.7947498458969653 0.08866962595398345 1517
0.7875854064740918 0.09109616604448142 1518
0.793226771463532 0.08302198357097147 1519
0.807553589500125 0.0784930012106192 1520
0.8122776939020754 0.07821813951043864 1521
0.769161281914653 0.09055940306401036 1522
0.7739238646605419 0.0949168829138007 1523
0.764319485135757 0.09125769742754378 1524
0.7793329959443817 0.08957175004922886 1525
0.4956657767721528 0.1530699455247038 1526
0.4985680737930571 0.1593364378733476 1527
0.4914107301318085 0.1580290998862878 1528
0.4908675095510881 0.1528373276704539 1529
0.5057538103539003 0.1507147334752628 1530
0.7841386115276384 0.08594518553312697 1531
0.4363727497852041 0.1599422052586882 1532
0.4061087911138937 0.163941435319412 1533
0.4093497762522307 0.1696666079936531 1534
0.4173259898413835 0.1681116179409137 1535
0.4019805035428802 0.1688243101773589 1536
0.3938036245763273 0.1721960658297039 1537
0.3803300901693786 0.1691569651766102 1538
0.3736636200895626 0.1730211493700939 1539
0.4135669200627013 0.178498422680559 1540
0.4013953873451183 0.1635468196927535 1541
0.4164983000408369 0.1618895942497556 1542
0.8921807136471694 0.04883086248765788 1543
0.8924111724548588 0.05517229338457619 1544
0.8839035668392291 0.05459316893887942 1545
0.9211585418981532 0.03868166642432678 1546
0.9192721756621215 0.04575297237084772 1547
0.926943520860285 0.04215509985950067 1548
0.9253754168342586 0.03654287365523661 1549
0.91195723730144 0.04252412313032233 1550
0.356393054705672 0.1670571787997727 1551
0.3541343012522656 0.1727098450580165 1552
0.897229332503868 0.04885608203981057 1553
0.710984204696127 0.1136444832906662 1554
0.7035528963102641 0.1139773430519219 1555
0.6962671760814589 0.1185851337445277 1556
0.3166996231684641 0.1691789456954576 1557
0.3139330645402051 0.1748408362204669 1558
0.3061189339341317 0.1745200643696116 1559
0.3089945471936068 0.1840772271035508 1560
0.2265663702739203 0.1659980719680677 1561
0.1960447356512814 0.1622632436212804 1562
0.2558370891175936 0.1692640100696211 1563
0.2581403848117949 0.1757879630348708 1564
0.2655927380752378 0.1743570509925893 1565
0.7323784912433428 0.1071562813674346 1566
0.2058933686826469 0.173065545722164 1567
0.9536448908980756 0.02694470236012747 1568
0.9442598178876866 0.0294894190457906 1569
0.9494235952665443 0.03459348334222928 1570
0.1511060267687297 0.1601779878744267 1571
0.1604803328690436 0.1583209071761359 1572
0.1478340345140962 0.1524770587106151 1573
0.1688572307574468 0.164224568246427 1574
0.6775703729696181 0.2132582486989141 1575
0.5044555225344819 0.1667882905778251 1576
1.059476349769277 -0.0156760555957286 1577
0.9636303414157859 0.0217337450840656 1578
0.1914317894721874 0.1672354031623974 1579
0.9813852291788794 0.01459626577457184 1580
0.8765193620004603 0.06058511495628593 1581
0.9089893219966584 0.0495397778872991 1582
0.7628727116125433 0.106502101798231 1583
0.7226179348375885 0.1095230405527134 1584
0.9873106198914181 0.01422712267681048 1585
0.9594872295844237 0.1221525064089226 1586
0.2719847463619878 -0.02466553621497333 1587
0.3884494922504691 0.004916822349181973 1588
0.9721955070091408 0.01818161504726939 1589
0.5408455994803247 -0.03286880462526798 1590
0.9369166686405326 -0.0414694310543151 1591
0.2968774159251317 0.174141207174962 1592
0.6046789906099064 -0.2476278343559196 1593
0.2162011309532005 0.1726432317015042 1594
0.3473584668556538 0.2451176666343738 1595
0.7315115631351592 0.1235547614308457 1596
0.2738197829191197 -0.002209769314083338 1597
0.2830348325664711 -0.005098917116144149 1598
0.813857639130911 0.1588636826523777 1599
0.8024675558207726 0.1972160397791109 1600
0.7852468152736554 0.2452384922689344 1601
0.49680259112856 0.004257043895230407 1602
0.8358634532027418 -0.001963318898225175 1603
0.2352300872241618 -0.0002533534783759145 1604
0.99678930279122 0.02124554217488661 1605
1.011295962723666 0.01461047352781342 1606
1.011388182077166 -0.003196774110026217 1607
0.9995965662903934 0.01079869904461485 1608
1.386952996274976 -0.3958070696215462 1609
0.2272567587747657 0.1724031862001498 1610
0.2092577575125379 -0.02298775114052676 1611
0.2015635177258309 -0.009830702309688535 1612
0.1896776316603997 -0.006986977241402764 1613
0.1793845173650736 -0.01527488777606067 1614
0.1536188937002607 0.001423102449186582 1615
0.1789106979108175 -0.004822795345385733 1616
0.1680203496689742 -0.008654787660705395 1617
0.1626646988841242 0.003415221714860181 1618
0.1674230586495588 -0.0217462237043328 1619
0.1554789475345833 -0.01394211458658706 1620
0.1547956730959861 -0.02951357446587311 1621
0.1408012782073672 -0.02028558737395839 1622
0.1190549006783889 -0.003437300149852908 1623
0.1401923264688391 -0.03828651950446923 1624
0.1255237719550859 -0.02916378302296893 1625
0.1197272155237599 -0.04800711348484549 1626
0.1060369009797087 -0.03538473889697888 1627
0.08475957364598927 -0.01088052139982555 1628
0.1280203580611256 -0.01470112171103822 1629
0.1148064627491827 -0.01794659031560545 1630
0.1283990471990301 -0.004854770315649292 1631
0.09959958645493634 -0.0219424355458722 1632
0.09418680476276264 -0.009086211764146175 1633
0.08824633335300994 -0.03439286442516636 1634
0.09481969300435897 -0.05493537144168503 1635
0.06569085776985893 -0.03517826797977298 1636
0.06009980044723019 -0.01619403628828108 1637
0.04341134684128028 -0.04962986924147152 1638
0.1994174704003058 -0.001120744466865668 1639
0.2082558415819138 -0.0009559688254646654 1640
0.1456025759060685 -0.009904723906993386 1641
0.07664724532793962 -0.02555692533024635 1642
0.04776193538470626 -0.03173178092491927 1643
0.03035701543844527 -0.03409684211937149 1644
0.1187493294064844 -0.07387555974723087 1645
0.1372047027580671 -0.007728457096003947 1646
0.1442024520679514 -0.003594672026477451 1647
0.1509377505447856 -0.004467889550180111 1648
0.15908131464543 -0.003103283749348824 1649
0.1796273291264208 -0.02964078541334292 1650
0.212364592741414 0.004950707776747857 1651
0.2177128702177956 -0.002197880444505467 1652
0.1579262137136365 0.002998418126144016 1653
0.1676506469330468 0.003902449409881176 1654
0.1717012175059014 -0.0004762153926703393 1655
0.1140602846584647 -0.007254579446586249 1656
0.1235649829208179 -0.003148795108808372 1657
0.1082758936209888 -0.006124798269766234 1658
0.07906845371779425 -0.01197566579218754 1659
0.08242531927693342 -0.0176327751873955 1660
0.09018394768856908 -0.01509869770214317 1661
0.07504620373171941 -0.01725863881692765 1662
0.0671184026334929 -0.02076144348083289 1663
0.0571284473758385 -0.02421790650102238 1664
0.05294656827585779 -0.01838631953734641 1665
0.08919310306317703 -0.009134471463604837 1666
0.1565727681186078 -0.05007973203187697 1667
0.1072690964065868 -0.01250409222320893 1668
0.09929140232686982 -0.01258683208756568 1669
0.07424882521545327 -0.01172279480139819 1670
0.1852006113040982 0.0005800942204422611 1671
0.1785315282420415 0.002516756683772165 1672
0.1924249525645662 0.001631387702140501 1673
0.1926138561477297 0.007131893764219968 1674
0.1976662458341749 0.008837724492128038 1675
0.1215717419964811 -0.008802284949876144 1676
0.01545678996928024 -0.03065146688004003 1677
0.03664064565327449 -0.02427667134428238 1678
0.02224166979809771 -0.02321803187515162 1679
0.008523069015076191 -0.01963895787575748 1680
0.2119658333426086 0.01019867495857352 1681
0.2074165905234627 0.009073137378038418 1682
0.1823213495492993 0.006484872682708261 1683
0.8252141762867731 0.1040890727337156 1684
0.4312840841401965 0.1681831845703959 1685
0.8135130927442611 -0.0005910993884207613 1686
0.1658236455274953 -0.00098332313559664 1687
0.9672484487007533 0.02614662152636975 1688
0.2722898153357891 0.2618900735439405 1689
0.3172204920643377 0.2771198051071773 1690
0.2451830017601596 0.1734205747529061 1691
0.876853732987269 -0.004582075427562964 1692
0.6813301530993405 0.003799555699623045 1693
-0.8818252486870506 -1.309550339921006 1694
-0.9541599799915956 -1.836148938510007 1695
-0.1192703965032273 -1.798229636844726 1696
0.03704737864076833 -2.220160137189702 1697
0.4448819031717855 0.165143679092048 1698
0.935699613508745 0.04102275483566905 1699
0.4559463977024797 -0.0940447328806176 1700
0.4113333516074236 -0.1030916571383792 1701
0.7306268334793797 -0.03718372325411417 1702
0.2357363948273464 0.1721457405843207 1703
0.9064533557969159 -0.7550912099317635 1704
0.1811366799425591 0.2709353865247738 1705
0.5662272216924673 0.2084041029605195 1706
0.9061676041647486 0.1014505621405606 1707
0.9020610462635573 0.1587370428774884 1708
0.6421471423255118 -0.05756505673795395 1709
-2.193881019404896 2.215579333248868 1710
0.1336550879237636 -0.001432809772415152 1711
0.2855313163825265 0.004535935958203562 1712
5.05861264362462 -1.528661196629031 1713
1.083456372717409 -0.05033974330940771 1714
0.1949212287289073 -0.03898055629522046 1715
0.05825294294690618 0.1090640843792577 1716
0.04780721155261617 0.1051348433944446 1717
0.04946032249691378 0.09745554060965474 1718
0.9591364474524156 -0.008528830002607447 1719
0.3364020101145073 0.1730964383493279 1720
0.7017804849891524 0.1089147876596268 1721
0.6852630571175585 -0.0301158121335567 1722
0.821816053216492 0.07355613885210822 1723
0.3670251489372136 0.170903557533776 1724
0.7835461789885787 0.09929727204392377 1725
0.8094724325031702 0.0845635363514454 1726
0.692388395333131 0.1121101277298968 1727
9.460430810424523 0.06581694798295698 1728
0.540022371169448 0.1452475587881429 1729
-1.653679863449476 1.540879904159325 1730
0.2116917892702732 -0.00916717353684118 1731
0.3292482761377107 0.1745933998171614 1732
0.3218756161235319 0.1729698767473219 1733
0.6526084542822251 0.1228338030197652 1734
0.1767072562456263 0.1615099216638664 1735
0.7138925823428248 0.002725853727790601 1736
0.4313261133913049 0.1607757293355705 1737
-0.007761008262593537 0.04207194480471272 1738
0.4640310745412607 -0.02285499339858625 1739
1.476972324595701 0.1520367417606924 1740
0.4211507518910846 0.1624739167639846 1741
0.4245921253876507 0.1674487407588887 1742
0.6190635021678048 0.12953213569426 1743
0.5608688584030148 -0.04639235263330894 1744
0.1293664764729303 -0.1084103729396231 1745
0.8591329734801165 0.5023381188925236 1746
0.7455279411814976 0.5593649582601344 1747
0.1109019494398595 0.1637956980268519 1748
0.1174580635280078 0.1473415501784788 1749
0.1332256222537507 0.1492075283960086 1750
0.6809621198046636 0.1201295428334113 1751
0.4177898347125193 -0.02766041071386258 1752
0.224197148378467 0.005864952214510613 1753
0.4725888894434767 0.4250954430166429 1754
0.9514371537230298 0.1658489162552482 1755
0.721009453761547 0.1036914983001736 1756
0.7306752513560237 0.1010749117489563 1757
0.5116188802795604 0.1520924587184818 1758
0.3363752928551859 0.167644790134237 1759
0.7382070695464351 -0.01391530980194455 1760
0.8409563910031657 0.0674657345945813 1761
0.5187200842200189 0.1533150456426598 1762
0.5678077450651058 0.1466528223685098 1763
0.216251062697502 0.1651973674190255 1764
0.2458748526322867 0.1674496561554602 1765
0.7624623191749403 -0.05636258774906867 1766
0.2050393478798065 0.1648131591858912 1767
2.266051323587255 0.966275084920914 1768
2.479620036402556 1.245700641156869 1769
0.630806695459227 0.01001243147587547 1770
0.3916669714177281 0.1648278144126034 1771
0.7290861875960053 0.1142710681713039 1772
0.1148683995643736 0.1342376821216565 1773
0.3472872783522776 0.1686528447165241 1774
0.3262179475342074 0.1685903956046526 1775
0.2963035077167794 0.1688620593257193 1776
0.2649947942768948 -1.851932807830157 1777
0.5189879533137739 -0.495385026145712 1778
0.6723048361566459 -0.03548049598399518 1779
0.6660055809003652 -0.05201207037390289 1780
0.2860868397788865 0.1706568280399672 1781
0.087796446461556 0.1199414889635775 1782
0.5699562892313652 0.139826430241084 1783
0.234599618141158 0.005938615643682628 1784
0.1846554388470006 0.1635197446809419 1785
0.3061318571239667 0.1684746210427724 1786
0.6671232135914117 0.1177200232202055 1787
2.893664007195337 -2.134288231518141 1788
0.1990163883662324 0.1676830972190727 1789
0.9357865327100054 0.03405671634966534 1790
0.2360782454735505 0.1666359414902332 1791
1.382306524284488 1.608792613700164 1792
0.604154832573043 -0.04275529955628532 1793
0.2937150981792422 0.2420390257186488 1794
-0.0336850799603501 1.942473759904492 1795
0.6381701715433326 -0.0373207244537637 1796
0.2444014672194444 0.006045582349689232 1797
0.0234481072761157 -0.01612352734435176 1798
0.723205977620764 0.002120044594237631 1799
0.1860068546497151 0.15858754631242 1800
1.465122947139426 0.3463276598979378 1801
9.41496002898338 -1.277056207486543 1802
0.2765358682893804 0.1701688165973469 1803
0.2728972443660923 0.1770550682184358 1804
0.2660443732250662 0.1684715783116536 1805
0.5549964655689312 0.00527363444153644 1806
0.1214420482157376 0.1394967589594257 1807
0.1477516500840418 0.0009172014157889572 1808
0.9068740528059177 0.04390679167792026 1809
0.2049238269172863 0.004062061337027537 1810
-0.3090022130366521 0.1101900931007281 1811
0.8550370979322679 0.06277736599579035 1812
0.7011462099096574 0.2495526905092602 1813
0.6906325693630206 0.3098278858415525 1814
2.856710232099266 -0.5878281845055526 1815
0.941585766697808 0.03610654674933274 1816
1.253248376687915 0.4062769166709455 1817
0.4639337203090403 0.004673429344154356 1818
0.5996979292354245 -0.002590489931131122 1819
10.26794919243092 -2.267949192431792 1820
10.26794919243218 2.267949192431062 1821
0.6577398754323371 1.683285742174456 1822
0.06512362117742278 0.113656671929149 1823
0.7528735248505647 0.1018332595377452 1824
0.4878422092533813 0.2347614973599704 1825
0.3326159232430469 -0.002969606453974712 1826
0.3432364148473386 -0.006489225774031016 1827
0.7566670786266215 0.194017928077804 1828
0.5752046280839942 0.1390170876972163 1829
0.1725321324054506 -0.1054665747280003 1830
0.3664022528411397 0.1664226049775568 1831
0.3731203973302029 0.004541789572801522 1832
0.3764207404076385 0.1660873112505312 1833
0.381177872133717 0.164773175532767 1834
0.6631985709284579 0.1184570727788127 1835
0.06492130966608821 -0.01387372550629681 1836
0.4467578932413848 0.1588204879433804 1837
0.6342121071991024 0.00400800685533519 1838
0.8702168618716274 0.05708193789240659 1839
0.9036653629853011 -0.00414683234374567 1840
0.5466541571382224 -0.003304108115328901 1841
0.09871857725308034 -0.007223938672834353 1842
0.6168949123462618 0.2480807540171905 1843
0.3558344770948316 -0.01409009084196084 1844
0.3615485487512119 -0.02896878255202085 1845
2.356560221859533 1.718799198268873 1846
0.3775491900250945 0.2513538523436128 1847
0.6330114541312138 0.1546427567260205 1848
0.07032016328653103 0.1788305432395061 1849
0.02437503970644146 0.1518829663683105 1850
0.8780052730906311 0.05415695629409201 1851
0.1992920415625286 0.004248284961591454 1852
0.2103442636414957 0.2365360744000743 1853
0.161570703643427 0.1525483350249364 1854
0.1663459297785942 0.1551853095494073 1855
0.5848542958916401 0.1602653475811194 1856
-0.2484487721168142 0.2801957682323745 1857
0.2810784457389058 0.1750535804085824 1858
0.04663057685155077 -0.02185931104313029 1859
0.03812858823047109 -0.01691580062139318 1860
0.5801006787302641 0.1436709333913826 1861
0.04193918440926216 0.08823298496720328 1862
0.3457561817721178 0.003061265688187005 1863
0.4510159552111532 0.1574651956209644 1864
-0.1253402662928955 0.4844350686748423 1865
0.09719621356669668 0.5555860095502533 1866
0.3552615255261525 0.6930915760606751 1867
-0.004469565225293004 -0.01708457071288921 1868
-0.006604023694811195 -0.006105875018267854 1869
-0.01743528968268845 -9.041407467433652e-07 1870
-0.5230029562324323 -0.4213113609117636 1871
0.1053614311465798 0.1300863353301009 1872
0.02343502882781567 0.0705307957192946 1873
0.5522643897535049 -0.01231764278452624 1874
0.09609801148953739 0.1251072852962958 1875
0.2546483664212792 0.006322383359164301 1876
0.7977723189233797 0.0007968087040593425 1877
1.608425246206784 -0.1234559890680814 1878
1.696159270193545 0.06420950626086525 1879
0.04880247743296617 -0.01547617448353897 1880
0.1407247038165133 -0.328045479993458 1881
0.1515111289613456 0.1485564513980357 1882
1.046745117305679 0.1236916471696564 1883
1.008217725510526 -0.1105233280985876 1884
-1.991754599000367 0.9811789979846948 1885
0.1139033240258396 0.1405617570641132 1886
0.9932745461381298 0.1024584239956001 1887
0.8704051904097061 -0.06820102539012964 1888
2.075507695331777 2.177366691673771 1889
0.5016622719690331 -0.002930875172743235 1890
0.04665336025560817 -0.08000863852056116 1891
0.06184479079605392 0.1037599742848033 1892
0.07001957069599259 0.1094763327624844 1893
0.1776142720482944 0.006858362007826759 1894
0.9904086748439199 0.2057816974518607 1895
0.1695936434010469 -0.0694892959182349 1896
0.002249477409059997 0.2405466567829957 1897
0.8501306927174984 0.06340699854354424 1898
0.6258956346222084 0.01004855141947751 1899
-0.04814255141146133 0.2891847859781369 1900
0.2932162410358434 0.4605267026555426 1901
0.3984660810495921 0.527346428728748 1902
0.5254312192660248 0.004724414854472435 1903
0.9306425634999634 0.1019485601179467 1904
0.176843966220639 0.1561555825357991 1905
1.026725923161742 -0.4296248809928148 1906
0.1380020097364209 0.1888171555899362 1907
0.9220415201922301 -0.04982576154324467 1908
0.6513974313961066 0.6872689811423185 1909
0.7600446641046981 0.0008173198742749733 1910
0.5058896408141411 0.1569302483225601 1911
0.4091734078168769 0.2634170178852676 1912
0.223638702894927 0.001670652401251163 1913
0.7514827176087406 0.1626529413488486 1914
0.2923984618844158 -0.009130349769063656 1915
1.270782554753304 -0.5701893294408517 1916
0.5291704526347 0.1720045797261716 1917
0.4058654622979633 -0.06353195882298034 1918
0.2541886229062862 0.2276393078243014 1919
0.9464119320666052 0.801387876972479 1920
0.5326523982435734 0.4933126126348152 1921
0.4386696561279547 -0.3559985663815289 1922
0.8564299886475898 -0.003259025590276767 1923
0.4678393265752899 0.2049879748495619 1924
0.2463668552113169 -0.1413065539336224 1925
0.2014222027867148 -0.1549223770484102 1926
-0.1376774660078183 0.3538394695791933 1927
0.591836467832905 0.2013456685814333 1928
0.7164759735812737 0.1109376261190113 1929
0.6466785107262225 0.1277922143063208 1930
0.4848082795190463 0.159429568663332 1931
0.254778794705056 -0.05707427550523312 1932
-1.150674567814357 -0.1134045994426848 1933
0.08776653080979378 -0.02336383074390924 1934
0.1369339261772406 0.1447773149597121 1935
0.133224442111504 0.1425273471645541 1936
0.6231511200969265 0.005004559153204242 1937
1.007179534641704 2.007139990974334 1938
6.004038624883274 -1.635859679333217 1939
0.9906119607321942 0.03088661065355851 1940
0.7465213952359335 0.8887903334830514 1941
0.233181867097472 0.2859702945222988 1942
-0.374061144442448 -0.6636068362433611 1943
0.6957268095528871 0.003656077188268788 1944
1.230530541253548 -0.06627763427088712 1945
1.210934689311838 0.5997613934080912 1946
1.375754134331436 0.697890802953135 1947
1.973846229780748 -0.3113327054926132 1948
0.7819364565806254 0.0009189962274271531 1949
0.6431930422841352 0.2145879523267694 1950
-0.058455128846061 1.226073990281465 1951
-0.2908992269596151 1.059296706162562 1952
0.7384978882937099 0.1057597585823225 1953
0.03147376868720379 0.07821458490482837 1954
0.03446362083898236 0.08113394409779351 1955
-0.3261476701355079 -0.1052096865719033 1956
0.147273839715391 0.1474691573763896 1957
1.043273798013744 -2.012353922244546 1958
0.8866341161128982 0.201072898019625 1959
0.09249310208819028 2.437746379359503 1960
0.1671363860207906 -0.0357469980714585 1961
0.6350464835592964 0.2972057917917605 1962
0.981227487556709 -0.01025226308462842 1963
0.2689187951002138 -0.5567328207659363 1964
0.6454654550415462 0.1474979711735713 1965
0.7157015205149402 0.2045884893219537 1966
2.000444823139453 -0.002611335405394849 1967
0.0200553109225131 0.1147623546794506 1968
0.6123840531528966 -0.06268428942276051 1969
0.4375476345275263 0.1646832175891674 1970
-0.008717978230261741 -0.7752963413537276 1971
0.4072544255705049 0.1884376839018157 1972
0.2519840813566987 0.1738626300873434 1973
0.1373865419815558 -0.0568597762580525 1974
0.7390835445120563 -0.02596696108080584 1975
0.1431364629899316 0.001169793693775231 1976
0.8429480299386963 -0.001561192854831178 1977
0.8832120467595124 -0.004048252030402766 1978
0.8362022187680798 -0.1351984187747673 1979
0.5918813049546725 0.1404861864706574 1980
0.9132679475356249 -0.004882858495731249 1981
1.135331166635154 0.05027776084917179 1982
1.678756413341488 -0.6430790888212976 1983
-1.723793176822659 -1.738454383703257 1984
0.09239179858337548 0.6962145036437379 1985
0.4656233343317701 0.1625686400835014 1986
1.37299456579576 -1.740154414327963 1987
NMARK= 2
MARKER_TAG= airfoil
MARKER_ELEMS= 422
3 0 6 
3 6 7 
3 7 8 
3 8 9 
3 9 10 
3 10 11 
3 11 12 
3 12 13 
3 13 14 
3 14 15 
3 15 16 
3 16 17 
3 17 18 
3 18 19 
3 19 20 
3 20 21 
3 21 22 
3 22 23 
3 23 24 
3 24 25 
3 25 26 
3 26 27 
3 27 28 
3 28 29 
3 29 30 
3 30 31 
3 31 32 
3 32 33 
3 33 34 
3 34 35 
3 35 36 
3 36 37 
3 37 38 
3 38 39 
3 39 40 
3 40 41 
3 41 42 
3 42 43 
3 43 44 
3 44 45 
3 45 46 
3 46 47 
3 47 48 
3 48 49 
3 49 50 
3 50 51 
3 51 52 
3 52 53 
3 53 54 
3 54 55 
3 55 56 
3 56 57 
3 57 58 
3 58 59 
3 59 60 
3 60 61 
3 61 62 
3 62 63 
3 63 64 
3 64 65 
3 65 66 
3 66 67 
3 67 68 
3 68 69 
3 69 70 
3 70 71 
3 71 72 
3 72 73 
3 73 74 
3 74 75 
3 75 76 
3 76 77 
3 77 78 
3 78 79 
3 79 80 
3 80 81 
3 81 82 
3 82 83 
3 83 84 
3 84 85 
3 85 86 
3 86 87 
3 87 88 
3 88 89 
3 89 90 
3 90 91 
3 91 92 
3 92 93 
3 93 94 
3 94 95 
3 95 96 
3 96 97 
3 97 98 
3 98 99 
3 99 100 
3 100 101 
3 101 102 
3 102 103 
3 103 104 
3 104 105 
3 105 106 
3 106 107 
3 107 108 
3 108 109 
3 109 110 
3 110 111 
3 111 112 
3 112 113 
3 113 114 
3 114 115 
3 115 116 
3 116 117 
3 117 118 
3 118 119 
3 119 120 
3 120 121 
3 121 122 
3 122 123 
3 123 124 
3 124 125 
3 125 126 
3 126 127 
3 127 128 
3 128 129 
3 129 130 
3 130 131 
3 131 132 
3 132 133 
3 133 134 
3 134 135 
3 135 136 
3 136 137 
3 137 138 
3 138 139 
3 139 140 
3 140 141 
3 141 142 
3 142 143 
3 143 144 
3 144 145 
3 145 146 
3 146 147 
3 147 148 
3 148 149 
3 149 150 
3 150 151 
3 151 152 
3 152 153 
3 153 154 
3 154 155 
3 155 156 
3 156 157 
3 157 158 
3 158 159 
3 159 160 
3 160 161 
3 161 162 
3 162 163 
3 163 164 
3 164 165 
3 165 166 
3 166 167 
3 167 168 
3 168 169 
3 169 170 
3 170 171 
3 171 172 
3 172 173 
3 173 174 
3 174 175 
3 175 176 
3 176 177 
3 177 178 
3 178 179 
3 179 180 
3 180 181 
3 181 182 
3 182 183 
3 183 184 
3 184 185 
3 185 186 
3 186 187 
3 187 188 
3 188 189 
3 189 190 
3 190 191 
3 191 192 
3 192 193 
3 193 194 
3 194 195 
3 195 196 
3 196 197 
3 197 198 
3 198 199 
3 199 200 
3 200 201 
3 201 202 
3 202 203 
3 203 204 
3 204 205 
3 205 206 
3 206 207 
3 207 208 
3 208 209 
3 209 210 
3 210 211 
3 211 212 
3 212 213 
3 213 214 
3 214 215 
3 215 216 
3 216 217 
3 217 218 
3 218 219 
3 219 220 
3 220 221 
3 221 222 
3 222 223 
3 223 224 
3 224 1 
3 1 225 
3 225 226 
3 226 227 
3 227 228 
3 228 229 
3 229 230 
3 230 231 
3 231 232 
3 232 233 
3 233 234 
3 234 235 
3 235 236 
3 236 237 
3 237 238 
3 238 239 
3 239 240 
3 240 241 
3 241 242 
3 242 243 
3 243 244 
3 244 245 
3 245 246 
3 246 247 
3 247 248 
3 248 249 
3 249 250 
3 250 251 
3 251 252 
3 252 253 
3 253 254 
3 254 255 
3 255 256 
3 256 257 
3 257 258 
3 258 259 
3 259 260 
3 260 261 
3 261 262 
3 262 263 
3 263 264 
3 264 265 
3 265 266 
3 266 267 
3 267 268 
3 268 269 
3 269 270 
3 270 271 
3 271 272 
3 272 273 
3 273 274 
3 274 275 
3 275 276 
3 276 277 
3 277 278 
3 278 279 
3 279 280 
3 280 281 
3 281 282 
3 282 283 
3 283 284 
3 284 285 
3 285 286 
3 286 287 
3 287 288 
3 288 289 
3 289 290 
3 290 291 
3 291 292 
3 292 293 
3 293 294 
3 294 295 
3 295 296 
3 296 297 
3 297 298 
3 298 299 
3 299 300 
3 300 301 
3 301 302 
3 302 303 
3 303 304 
3 304 305 
3 305 306 
3 306 307 
3 307 308 
3 308 309 
3 309 310 
3 310 311 
3 311 312 
3 312 313 
3 313 314 
3 314 315 
3 315 316 
3 316 317 
3 317 318 
3 318 319 
3 319 320 
3 320 321 
3 321 322 
3 322 323 
3 323 324 
3 324 325 
3 325 326 
3 326 327 
3 327 328 
3 328 329 
3 329 330 
3 330 331 
3 331 332 
3 332 333 
3 333 334 
3 334 335 
3 335 336 
3 336 337 
3 337 338 
3 338 339 
3 339 340 
3 340 341 
3 341 342 
3 342 343 
3 343 344 
3 344 345 
3 345 346 
3 346 347 
3 347 348 
3 348 349 
3 349 350 
3 350 351 
3 351 352 
3 352 353 
3 353 354 
3 354 355 
3 355 356 
3 356 357 
3 357 358 
3 358 359 
3 359 360 
3 360 361 
3 361 362 
3 362 363 
3 363 364 
3 364 365 
3 365 366 
3 366 367 
3 367 368 
3 368 369 
3 369 370 
3 370 371 
3 371 372 
3 372 373 
3 373 374 
3 374 375 
3 375 376 
3 376 377 
3 377 378 
3 378 379 
3 379 380 
3 380 381 
3 381 382 
3 382 383 
3 383 384 
3 384 385 
3 385 386 
3 386 387 
3 387 388 
3 388 389 
3 389 390 
3 390 391 
3 391 392 
3 392 393 
3 393 394 
3 394 395 
3 395 396 
3 396 397 
3 397 398 
3 398 399 
3 399 400 
3 400 401 
3 401 402 
3 402 403 
3 403 404 
3 404 405 
3 405 406 
3 406 407 
3 407 408 
3 408 409 
3 409 410 
3 410 411 
3 411 412 
3 412 413 
3 413 414 
3 414 415 
3 415 416 
3 416 417 
3 417 418 
3 418 419 
3 419 420 
3 420 421 
3 421 422 
3 422 423 
3 423 424 
3 424 425 
3 425 0 
MARKER_TAG= farfield
MARKER_ELEMS= 40
3 2 426 
3 426 427 
3 427 428 
3 428 429 
3 429 430 
3 430 431 
3 431 432 
3 432 433 
3 433 434 
3 434 435 
3 435 436 
3 436 437 
3 437 438 
3 438 3 
3 3 439 
3 439 440 
3 440 441 
3 441 442 
3 442 443 
3 443 4 
3 4 444 
3 444 445 
3 445 446 
3 446 447 
3 447 448 
3 448 449 
3 449 450 
3 450 451 
3 451 452 
3 452 453 
3 453 454 
3 454 455 
3 455 456 
3 456 5 
3 5 457 
3 457 458 
3 458 459 
3 459 460 
3 460 461 
3 461 2 
