NDIME= 2
NELEM= 16409
5 485 2362 5742 0
5 1448 5079 6455 1
5 4504 3836 5775 2
5 6461 2766 6566 3
5 3033 5203 6954 4
5 5464 4063 7075 5
5 2417 5491 5493 6
5 3732 5112 5113 7
5 5591 6146 8061 8
5 4677 871 6034 9
5 998 5368 5573 10
5 2335 5403 5479 11
5 2402 5233 6324 12
5 3527 4612 6785 13
5 2069 5833 6357 14
5 5410 1611 5434 15
5 5880 4075 7481 16
5 4160 3643 5367 17
5 3683 4629 6985 18
5 3921 5301 6914 19
5 5650 3227 5651 20
5 3115 5469 5472 21
5 5352 973 6617 22
5 4003 3683 6985 23
5 2904 2567 7033 24
5 4512 6464 6465 25
5 3334 5395 6188 26
5 2756 4819 4827 27
5 2074 4956 5474 28
5 1875 4756 5451 29
5 946 5297 6721 30
5 3203 4719 8154 31
5 2531 5714 6251 32
5 5079 5726 6455 33
5 5262 7860 8123 34
5 5118 3132 7967 35
5 4966 1438 6575 36
5 4054 3765 7257 37
5 4641 866 5659 38
5 4203 5888 6898 39
5 4104 5606 7264 40
5 5400 2509 6870 41
5 1439 5311 7544 42
5 5204 6355 7294 43
5 5234 5871 7332 44
5 2512 2971 5428 45
5 4852 5221 6341 46
5 1256 5635 5665 47
5 2856 5132 7151 48
5 3429 4056 5628 49
5 3403 3414 6218 50
5 5240 7437 7816 51
5 5290 3599 5292 52
5 838 6270 6690 53
5 5109 5108 5110 54
5 2356 4893 8351 55
5 1512 1391 4897 56
5 3415 5075 6825 57
5 5884 4199 5936 58
5 5088 5398 6781 59
5 4326 2779 6838 60
5 993 1977 5566 61
5 5078 6618 7751 62
5 5361 3426 5967 63
5 4724 3202 4725 64
5 4289 4940 7112 65
5 6038 2519 6603 66
5 6454 4806 6537 67
5 3985 4908 4953 68
5 5355 3848 7654 69
5 4950 4126 7617 70
5 4096 7339 7340 71
5 2043 3600 4944 72
5 1013 5486 6264 73
5 3848 3227 5650 74
5 4886 3029 8079 75
5 3632 3589 7028 76
5 1884 6157 7860 77
5 5311 1439 6545 78
5 4276 4275 5783 79
5 4893 2356 6306 80
5 484 485 5742 81
5 4625 3021 7954 82
5 2597 7419 7907 83
5 5386 2295 7752 84
5 1210 5343 7337 85
5 3132 3190 7967 86
5 2378 5961 8171 87
5 5526 4204 6404 88
5 6818 4376 8242 89
5 4648 4572 7503 90
5 6027 4266 6125 91
5 5656 2313 6463 92
5 2972 6755 6971 93
5 2247 2245 5212 94
5 1125 5780 6810 95
5 5236 5006 6751 96
5 1652 1654 5994 97
5 7033 6867 7623 98
5 5617 5257 6959 99
5 4079 5423 5515 100
5 2804 5192 8110 101
5 867 5364 6633 102
5 5301 3921 8368 103
5 3220 5542 6019 104
5 4063 3553 4833 105
5 1875 1828 4756 106
5 3222 3221 3224 107
5 5558 2654 5962 108
5 3355 3289 4460 109
5 1522 1749 4931 110
5 4669 3578 8309 111
5 1438 4966 5643 112
5 2244 2246 6729 113
5 3934 4838 7121 114
5 5530 2399 6241 115
5 3026 3029 4886 116
5 4719 3203 5793 117
5 4565 4041 5919 118
5 5855 1895 6150 119
5 5240 5239 7437 120
5 5477 1443 5478 121
5 4321 5311 7722 122
5 4417 5296 7563 123
5 4907 2042 5120 124
5 3684 4615 7200 125
5 2729 3354 5543 126
5 6102 4059 6291 127
5 5265 5438 6827 128
5 5070 3510 7989 129
5 5157 5154 5160 130
5 847 5246 6191 131
5 5233 2402 7765 132
5 1239 5540 8200 133
5 5811 2202 7126 134
5 5726 2426 6455 135
5 2760 4974 4975 136
5 3405 3403 6218 137
5 1365 5231 6406 138
5 6820 4665 7027 139
5 1482 2962 5263 140
5 6456 1455 6535 141
5 4312 6152 7582 142
5 4461 4460 4809 143
5 2417 5493 6682 144
5 4683 2582 6057 145
5 2641 4932 7876 146
5 4334 4692 8349 147
5 4147 5289 7226 148
5 4458 3163 5414 149
5 6270 6023 6690 150
5 2295 5386 7464 151
5 4807 7960 8307 152
5 6264 5486 8249 153
5 1744 1925 6129 154
5 2025 5211 7276 155
5 5485 5437 6781 156
5 4567 1713 8132 157
5 6292 4720 7664 158
5 866 4641 6033 159
5 2320 2323 5200 160
5 1015 5439 5741 161
5 4786 7149 7200 162
5 6043 5857 7002 163
5 4439 7358 7830 164
5 3639 4314 7866 165
5 6391 3487 7132 166
5 5689 1447 6486 167
5 4423 3436 5382 168
5 5415 4965 7327 169
5 3355 4460 4461 170
5 5497 2788 7037 171
5 882 4643 5751 172
5 3220 2081 5542 173
5 6175 2641 7876 174
5 2066 5071 5072 175
5 2247 5212 7360 176
5 2748 4881 8009 177
5 3252 4764 7725 178
5 5093 3810 5094 179
5 5280 948 7042 180
5 5336 6482 6606 181
5 4804 3988 6813 182
5 2604 5111 5436 183
5 4273 3615 5484 184
5 6011 3716 6802 185
5 3732 3522 5112 186
5 5215 3349 6947 187
5 3638 4889 4902 188
5 3686 3684 7200 189
5 4944 3600 4945 190
5 4414 4529 4811 191
5 3637 5350 5555 192
5 871 822 6034 193
5 2659 4672 5413 194
5 6456 6535 7943 195
5 5234 2602 5871 196
5 4041 4565 6052 197
5 5309 5676 6937 198
5 6212 2869 6213 199
5 2019 4597 7759 200
5 4223 5073 6038 201
5 4095 4098 8044 202
5 4059 5789 6291 203
5 4946 2377 5920 204
5 4401 3213 4910 205
5 2850 5098 5099 206
5 4811 4529 5449 207
5 2567 2798 7033 208
5 4464 6387 8114 209
5 6626 2678 7003 210
5 4351 3658 5401 211
5 4612 4611 5667 212
5 5210 1197 6800 213
5 2966 5096 5097 214
5 5943 5268 8022 215
5 5543 4234 7441 216
5 6146 5591 7674 217
5 4612 5667 5669 218
5 2161 4928 6557 219
5 4116 7264 7987 220
5 5917 3550 6272 221
5 4913 3150 4914 222
5 4819 2756 6718 223
5 5694 3259 5695 224
5 840 6049 6872 225
5 5257 3146 6959 226
5 5404 4320 7253 227
5 3252 3251 4764 228
5 4408 4239 4928 229
5 5504 3073 7120 230
5 3480 3478 6670 231
5 1930 5107 5109 232
5 3622 3621 3639 233
5 7027 4665 7397 234
5 3747 3889 5877 235
5 3174 5153 5154 236
5 5780 1125 6965 237
5 630 631 5590 238
5 3021 3519 7954 239
5 4644 3242 4647 240
5 5309 6937 7572 241
5 4204 5526 5644 242
5 4289 3404 4940 243
5 5606 4104 7272 244
5 4584 3888 7067 245
5 2241 2244 6729 246
5 2509 2507 6870 247
5 3150 4913 5977 248
5 5123 1139 5607 249
5 3917 4063 5464 250
5 4879 4878 4880 251
5 4572 5561 7503 252
5 5092 1209 7882 253
5 4343 3834 5528 254
5 4919 5497 7037 255
5 3115 3116 5469 256
5 3888 5794 7067 257
5 4206 5140 7028 258
5 1209 5092 5453 259
5 4406 3448 4903 260
5 6364 3824 7319 261
5 3448 4406 8172 262
5 5209 2294 6839 263
5 6161 2031 6419 264
5 2377 4946 6246 265
5 1601 5268 5943 266
5 5688 1447 5689 267
5 5262 1884 7860 268
5 4798 6461 6566 269
5 2533 2531 6251 270
5 5150 6892 6917 271
5 1391 3040 4897 272
5 3265 3810 5093 273
5 4995 6170 6299 274
5 4804 6813 7672 275
5 3235 3232 7443 276
5 2243 2241 6729 277
5 5167 3303 7896 278
5 4836 4332 7875 279
5 5478 1443 7014 280
5 3759 6139 8558 281
5 6639 2494 7183 282
5 4405 4929 6968 283
5 4643 5682 5751 284
5 1876 5735 7465 285
5 1257 6037 8317 286
5 4554 4549 4555 287
5 7610 2192 7681 288
5 1903 2007 5161 289
5 1258 5634 5769 290
5 4393 5675 7861 291
5 3836 4504 5808 292
5 5673 4213 6681 293
5 4592 3602 5259 294
5 1888 4684 5247 295
5 2353 6105 7097 296
5 1379 1888 5247 297
5 3848 5829 7654 298
5 5301 5300 6914 299
5 7374 4447 8198 300
5 5458 3228 6426 301
5 6114 6403 7353 302
5 2074 2059 4956 303
5 4619 5916 6652 304
5 3287 3289 3355 305
5 5289 2546 7226 306
5 3764 5072 7064 307
5 4907 5120 5249 308
5 2475 6406 7606 309
5 5997 2390 7894 310
5 4505 6011 6802 311
5 3232 4604 7443 312
5 1002 1011 5224 313
5 5873 5753 5972 314
5 5080 1388 5081 315
5 3514 4785 4973 316
5 872 5546 7328 317
5 5395 5392 6188 318
5 6546 5643 7722 319
5 1885 5255 8380 320
5 5836 1537 5837 321
5 5340 2366 5513 322
5 1463 5266 7548 323
5 2971 3813 5428 324
5 3912 3909 6735 325
5 1080 5248 6811 326
5 5336 6606 8398 327
5 3247 5762 6780 328
5 4939 4372 5181 329
5 3754 7160 7490 330
5 5683 5728 7891 331
5 7358 4439 7359 332
5 3213 2717 4910 333
5 5464 2351 6476 334
5 2192 6581 7681 335
5 5169 5281 5586 336
5 5603 1431 5615 337
5 3551 3553 4063 338
5 2019 1968 4597 339
5 5078 2416 7235 340
5 4463 3459 5366 341
5 4298 4300 4766 342
5 4397 2658 6137 343
5 4163 3349 5215 344
5 3834 4343 8247 345
5 1884 1882 6157 346
5 7030 4394 7434 347
5 3577 3293 3765 348
5 6772 4694 6774 349
5 7907 7419 8588 350
5 4348 3747 5877 351
5 887 4744 6514 352
5 5491 2417 6660 353
5 3354 4234 5543 354
5 5161 2007 6015 355
5 5776 3814 6289 356
5 3577 3765 4054 357
5 3170 5158 5358 358
5 1613 5140 5141 359
5 4342 5749 8479 360
5 5196 1006 7892 361
5 3436 2709 5382 362
5 5360 3737 5361 363
5 2943 5880 7481 364
5 2279 6471 6950 365
5 2842 5543 7441 366
5 4629 4697 5452 367
5 5987 4417 7563 368
5 5833 2069 7342 369
5 5985 3283 7345 370
5 4918 1023 4920 371
5 2571 1900 4957 372
5 4995 6193 6690 373
5 6273 4318 6300 374
5 1516 7207 7623 375
5 3594 5149 5151 376
5 5648 3936 6775 377
5 3771 3769 5253 378
5 6084 4512 6465 379
5 4223 6038 6603 380
5 4970 2367 4972 381
5 2556 5413 7117 382
5 2891 5695 6771 383
5 5265 2962 5438 384
5 4684 1888 7433 385
5 4739 5472 5809 386
5 4629 3688 4697 387
5 6146 3825 8061 388
5 3711 3962 5413 389
5 7149 4786 7735 390
5 4405 3707 4929 391
5 5770 5057 7351 392
5 6170 2435 6299 393
5 1727 1745 5230 394
5 5249 5120 5994 395
5 1733 1688 5120 396
5 4321 3851 5311 397
5 4079 4081 5423 398
5 4692 4334 4693 399
5 3163 2703 5414 400
5 1977 4424 5566 401
5 3215 3415 6825 402
5 2351 5464 7075 403
5 5896 5963 7589 404
5 5857 855 7002 405
5 3985 3400 4908 406
5 4887 4884 4888 407
5 2556 2608 5413 408
5 2245 2249 5212 409
5 5402 1242 7915 410
5 2246 2646 6729 411
5 1333 1544 5226 412
5 5107 5108 5109 413
5 1313 5362 5363 414
5 4293 5225 8480 415
5 1436 4898 7012 416
5 5112 3527 6785 417
5 4275 4319 5783 418
5 3487 6391 6704 419
5 5857 3805 5858 420
5 6052 3774 7153 421
5 5091 5437 5485 422
5 5358 5158 7471 423
5 6765 4483 6939 424
5 4829 5530 6241 425
5 4660 6225 6977 426
5 5465 5468 5471 427
5 5255 1885 6005 428
5 3459 2870 5366 429
5 5717 7174 7445 430
5 4879 4880 6535 431
5 3444 7033 7623 432
5 3085 6135 7156 433
5 802 872 7328 434
5 5226 1544 7050 435
5 6669 4335 6773 436
5 2779 4326 7531 437
5 7579 5756 7645 438
5 3035 5204 5541 439
5 5151 5150 7499 440
5 3617 7888 7999 441
5 3289 3291 8290 442
5 1654 1661 5994 443
5 2047 2052 5227 444
5 4844 3071 4845 445
5 6331 2338 6706 446
5 6049 4716 6872 447
5 4338 3475 7569 448
5 1455 6380 6535 449
5 3554 5378 5380 450
5 3395 4157 5235 451
5 5527 3115 7685 452
5 1045 5182 5184 453
5 4786 2232 7735 454
5 5200 2323 5201 455
5 5540 1239 7706 456
5 7160 5875 7490 457
5 5203 3033 6664 458
5 4347 2212 7646 459
5 1847 4965 5415 460
5 5164 3466 6029 461
5 3805 5857 7278 462
5 5127 868 6681 463
5 6404 4204 7776 464
5 5695 2891 6104 465
5 4788 1993 6992 466
5 5202 2323 5448 467
5 3174 3175 5153 468
5 4073 6178 7711 469
5 3639 3640 4311 470
5 5263 2962 5264 471
5 4757 3654 8430 472
5 2031 6161 6433 473
5 3448 3653 4903 474
5 5099 5487 5489 475
5 3799 5287 6837 476
5 5835 1537 5836 477
5 7145 3424 7161 478
5 1376 5241 6635 479
5 5886 3971 6592 480
5 5123 4891 7729 481
5 4766 4300 5626 482
5 6627 4369 6628 483
5 5675 4419 7861 484
5 5789 2483 6291 485
5 3654 4757 6809 486
5 5963 5896 7201 487
5 4439 4440 7359 488
5 1727 5230 8326 489
5 2335 2105 5403 490
5 3344 3599 5290 491
5 948 5280 7376 492
5 2016 4429 7010 493
5 3759 3758 6139 494
5 4516 6485 7832 495
5 3287 3288 3289 496
5 4429 2016 7296 497
5 4898 1436 8379 498
5 3639 4311 4314 499
5 3894 3429 5628 500
5 4593 899 6583 501
5 3259 5694 5696 502
5 2084 1859 5326 503
5 2084 5326 7539 504
5 3941 4558 4587 505
5 2066 2054 5071 506
5 4615 2312 7200 507
5 6406 5231 7606 508
5 5969 4422 6276 509
5 6355 3272 7294 510
5 2760 2114 4974 511
5 1373 1379 5247 512
5 5871 2248 7365 513
5 2888 2164 5245 514
5 5179 1740 5200 515
5 5605 4096 7340 516
5 4243 3584 7846 517
5 5734 897 5904 518
5 4351 5401 8101 519
5 1723 1740 5179 520
5 2385 3287 3874 521
5 5251 5410 5434 522
5 4720 6292 6293 523
5 4959 3927 7424 524
5 5585 2749 6924 525
5 5472 4739 7685 526
5 5210 3827 6659 527
5 4619 6652 8243 528
5 6037 1257 6987 529
5 2789 5759 5760 530
5 5779 4006 7029 531
5 5679 4163 7280 532
5 3461 4758 7946 533
5 5076 3829 5209 534
5 706 863 5660 535
5 6323 816 7903 536
5 4793 6161 6419 537
5 849 5221 7733 538
5 3240 3242 4644 539
5 4218 4073 7711 540
5 2571 4957 6384 541
5 4783 1429 7323 542
5 2232 2445 7735 543
5 1001 1002 5224 544
5 5762 5761 6780 545
5 4192 7123 7616 546
5 1078 1080 6811 547
5 3935 6331 6706 548
5 6038 5073 7545 549
5 6380 6381 6535 550
5 2966 2261 5096 551
5 3961 5242 5761 552
5 1061 1063 5463 553
5 7232 4588 8038 554
5 3108 3202 4724 555
5 4853 5243 7512 556
5 5719 1735 5721 557
5 6186 4585 8190 558
5 4213 5673 7755 559
5 4413 4412 4414 560
5 5582 1039 7819 561
5 4852 6341 7958 562
5 5408 4894 5409 563
5 3291 3293 3577 564
5 3710 5541 5948 565
5 6193 838 6690 566
5 2689 2849 5119 567
5 3182 1464 5477 568
5 5811 5416 7670 569
5 1950 1947 5553 570
5 712 869 7298 571
5 3510 5070 7922 572
5 4961 3303 5166 573
5 899 4593 8011 574
5 4672 2659 5371 575
5 4973 4785 5725 576
5 1463 5263 5266 577
5 1142 5483 7808 578
5 5235 4157 5236 579
5 4213 5127 6681 580
5 4883 3025 4884 581
5 5616 4478 7754 582
5 6051 6655 7056 583
5 1325 5779 7029 584
5 5499 1454 6483 585
5 5255 5933 6422 586
5 2668 5476 6673 587
5 4543 1139 7729 588
5 6205 4622 6382 589
5 5149 5150 5151 590
5 2028 1846 7032 591
5 5111 2604 6790 592
5 2826 2824 4412 593
5 1876 1875 5735 594
5 3584 4243 8019 595
5 6213 2869 7395 596
5 4229 6626 7003 597
5 3638 4902 5350 598
5 3002 2987 3003 599
5 2850 2127 5098 600
5 5933 5255 6005 601
5 5297 946 6348 602
5 2749 2750 6924 603
5 3134 6663 7795 604
5 3250 3249 3251 605
5 4591 1957 8273 606
5 869 5593 7298 607
5 6780 5504 7120 608
5 1666 1586 5126 609
5 7801 5056 8238 610
5 1928 1582 5101 611
5 3775 5458 6426 612
5 1615 5545 6109 613
5 2617 5193 6951 614
5 5352 6617 8042 615
5 4789 1872 7956 616
5 2531 2530 2600 617
5 4931 1749 5743 618
5 7058 6036 8313 619
5 3697 4332 4836 620
5 5116 4979 5135 621
5 1666 5126 8491 622
5 1139 5123 7729 623
5 6011 7145 7161 624
5 3717 6700 7347 625
5 5411 7801 8238 626
5 4533 5127 7115 627
5 3714 3521 4228 628
5 5721 1735 6930 629
5 3426 5361 6960 630
5 1930 1574 5107 631
5 6819 4449 6873 632
5 5426 3835 7061 633
5 5717 4754 7174 634
5 4892 3581 5134 635
5 3461 2989 4758 636
5 5350 4902 8204 637
5 1837 1844 4545 638
5 884 4614 6863 639
5 4814 3508 5130 640
5 4510 3561 4511 641
5 4614 884 7836 642
5 3303 2169 7896 643
5 5245 2164 8242 644
5 5398 1862 6781 645
5 6387 1660 8114 646
5 7125 4189 8177 647
5 1556 2043 4944 648
5 1576 1930 4905 649
5 1139 1108 5607 650
5 5542 6816 7538 651
5 4160 5367 7285 652
5 4793 3596 7389 653
5 4871 4652 5078 654
5 4392 6967 7259 655
5 2379 6849 7660 656
5 4476 3529 5128 657
5 5192 2804 6966 658
5 4771 1008 6237 659
5 7588 2379 7660 660
5 816 817 7903 661
5 4146 4239 4408 662
5 4767 3535 5518 663
5 7307 5201 8239 664
5 1928 5101 5510 665
5 4702 5009 7323 666
5 5290 5292 5293 667
5 5771 2534 6884 668
5 3732 5113 5114 669
5 5885 5884 5936 670
5 5225 5226 8480 671
5 1504 6537 7809 672
5 5074 4192 5765 673
5 4790 6852 6923 674
5 5409 4894 5505 675
5 3111 3115 5527 676
5 3614 5648 6775 677
5 2426 6117 6497 678
5 891 5357 6747 679
5 5159 5252 7471 680
5 4946 3616 5162 681
5 1552 1549 5398 682
5 1993 4788 6821 683
5 3770 1666 8491 684
5 3561 3562 4513 685
5 4814 5130 5439 686
5 5984 3283 5985 687
5 6934 4323 8009 688
5 5465 3490 5468 689
5 4883 4884 4887 690
5 5407 2030 6160 691
5 4831 1824 5564 692
5 5290 5293 7904 693
5 6104 2891 6737 694
5 4120 4126 4950 695
5 5643 6546 6629 696
5 1139 4543 7961 697
5 6815 5942 6964 698
5 2436 5173 6407 699
5 6065 2428 6491 700
5 5372 3750 8301 701
5 4156 3396 5136 702
5 4352 5759 6784 703
5 875 6027 6125 704
5 4791 3595 4792 705
5 1320 5315 8122 706
5 1351 1388 5080 707
5 4547 4549 4554 708
5 2514 2042 4907 709
5 5154 5153 5160 710
5 3620 3005 3621 711
5 2851 3445 5419 712
5 7351 5057 7559 713
5 5312 900 5313 714
5 1951 1953 4841 715
5 4273 5484 5666 716
5 5125 3630 5765 717
5 5179 7307 7682 718
5 5184 5183 5760 719
5 5471 5468 6408 720
5 3643 3641 4074 721
5 964 5484 6837 722
5 4397 6137 7772 723
5 5199 6104 6737 724
5 2610 3576 5372 725
5 1462 1482 5263 726
5 5057 5035 5171 727
5 6163 4003 6164 728
5 3570 4791 8285 729
5 4592 5259 5260 730
5 3466 5164 6955 731
5 4744 887 7239 732
5 4537 4536 5347 733
5 5188 5117 5425 734
5 1740 2320 5200 735
5 3605 4743 7922 736
5 7028 5140 8076 737
5 5704 6860 7938 738
5 3336 2853 6878 739
5 3851 4455 5311 740
5 2362 5321 5742 741
5 4339 6360 6638 742
5 3835 6206 7061 743
5 4739 4738 7685 744
5 1197 5210 8390 745
5 884 4775 7840 746
5 2571 6818 8242 747
5 6471 4179 6950 748
5 1517 1487 6942 749
5 1053 5427 7983 750
5 1313 1314 5362 751
5 4219 5306 7043 752
5 4735 4734 8160 753
5 2839 7030 7434 754
5 4513 3562 7684 755
5 3408 4372 4939 756
5 3886 2036 5385 757
5 6272 3550 7053 758
5 4947 5784 6466 759
5 4296 4297 4298 760
5 5299 1117 6668 761
5 1429 4783 8379 762
5 6598 2371 6599 763
5 4545 1844 7788 764
5 4905 1930 5783 765
5 1357 1359 4962 766
5 3770 4603 7642 767
5 4546 3011 7985 768
5 3434 4527 5189 769
5 5310 872 7280 770
5 2519 6154 6603 771
5 6537 4806 6709 772
5 3614 5647 5648 773
5 4327 3799 6837 774
5 3773 3570 8285 775
5 4787 1693 7783 776
5 6963 3475 7141 777
5 6852 2877 6923 778
5 5235 5236 6751 779
5 5010 2896 5013 780
5 1512 4897 7586 781
5 1624 1621 5147 782
5 3941 3869 4558 783
5 4738 4726 5527 784
5 5634 5031 5769 785
5 4778 5639 5820 786
5 4311 4312 7582 787
5 4163 5310 7280 788
5 3297 3521 3714 789
5 6250 4772 7978 790
5 5806 2051 7993 791
5 4740 4645 8568 792
5 5483 1142 8163 793
5 3851 3488 4455 794
5 5204 3035 6954 795
5 5355 858 5356 796
5 5243 3469 7512 797
5 6114 2482 6403 798
5 5532 1400 5535 799
5 3728 5416 5811 800
5 3867 3869 3941 801
5 2654 5558 7045 802
5 4041 6052 7153 803
5 3453 2897 5358 804
5 4354 5811 7126 805
5 5194 3959 5196 806
5 2220 5776 6289 807
5 2748 2742 4881 808
5 2270 2271 2614 809
5 1862 5485 6781 810
5 1373 5250 7412 811
5 5095 2570 5802 812
5 2389 5137 7955 813
5 3376 5674 7349 814
5 4403 3539 5568 815
5 1011 7374 8198 816
5 3289 3290 3291 817
5 3622 3639 3641 818
5 5494 890 6127 819
5 2120 5608 5609 820
5 1690 5350 8204 821
5 4863 6364 7319 822
5 3578 3284 8309 823
5 7137 3037 7663 824
5 3554 5377 5378 825
5 3776 4259 5198 826
5 1711 4216 5587 827
5 4958 1186 7612 828
5 815 816 7709 829
5 2955 2957 4509 830
5 4090 4467 8054 831
5 2668 6673 7302 832
5 1955 1957 4591 833
5 3909 3907 6735 834
5 6732 5802 7442 835
5 5170 3466 6955 836
5 1039 5401 7819 837
5 1683 6292 7664 838
5 3250 3251 3252 839
5 6123 1673 8204 840
5 7583 7137 7663 841
5 1959 1962 4579 842
5 5412 1441 7602 843
5 988 993 5566 844
5 3594 3177 5149 845
5 1240 630 5590 846
5 2312 4615 7304 847
5 3915 4947 6466 848
5 5006 5236 5844 849
5 4478 5616 6031 850
5 3827 3826 6659 851
5 3620 3621 3622 852
5 6460 5563 7094 853
5 2496 5588 7139 854
5 5343 4587 7337 855
5 1461 6086 6087 856
5 1004 5177 6271 857
5 5423 1384 5515 858
5 3414 5369 6218 859
5 4284 5801 6485 860
5 1860 7306 7547 861
5 3613 3763 3801 862
5 6541 7058 7790 863
5 3613 3252 3763 864
5 5855 6150 6152 865
5 5264 2962 5265 866
5 4413 4414 4811 867
5 5555 5350 5847 868
5 2681 2851 5419 869
5 2340 5198 7279 870
5 2512 5428 6449 871
5 6618 5689 7751 872
5 5604 4136 7948 873
5 6837 5484 8189 874
5 2178 2006 5663 875
5 1033 6819 6873 876
5 3346 4510 7593 877
5 5072 3764 7065 878
5 3784 3785 4780 879
5 7231 4338 7569 880
5 7461 6435 7845 881
5 4859 3680 7756 882
5 7265 1007 7605 883
5 3230 3231 3232 884
5 4031 5836 7267 885
5 3966 4203 6898 886
5 3595 3596 4793 887
5 4414 4415 4416 888
5 4903 3653 4904 889
5 5157 5160 6632 890
5 2826 4412 4413 891
5 5606 4842 7264 892
5 5199 1975 5430 893
5 3243 4644 4645 894
5 2042 1733 5120 895
5 871 4677 7526 896
5 3806 3181 5180 897
5 7207 7452 7623 898
5 5132 5133 7151 899
5 2075 2077 2658 900
5 5211 2025 8312 901
5 4369 6526 6628 902
5 5568 3105 5729 903
5 5658 3053 6401 904
5 2448 6002 6562 905
5 5395 3334 6189 906
5 5361 3737 6960 907
5 3602 1639 5259 908
5 4040 6062 7360 909
5 4156 5136 5573 910
5 4962 1359 8058 911
5 4724 4725 4727 912
5 2227 2248 5871 913
5 5836 4031 6013 914
5 1373 5247 5250 915
5 5304 7575 7719 916
5 4461 4809 5383 917
5 4650 4652 4871 918
5 2987 2212 4347 919
5 872 803 7280 920
5 5079 1448 7506 921
5 3908 5117 5188 922
5 4723 2236 8408 923
5 6755 4356 6971 924
5 4889 3638 6626 925
5 2360 5368 6288 926
5 5785 2463 8237 927
5 2653 5702 7060 928
5 3714 4228 4911 929
5 5995 5379 8256 930
5 4414 4416 4529 931
5 3237 3244 3707 932
5 6555 6554 7355 933
5 5656 6463 6464 934
5 3343 3344 5290 935
5 6967 3624 7259 936
5 4887 4888 4909 937
5 5065 5042 5284 938
5 3973 3974 4676 939
5 3801 3763 4930 940
5 4139 5718 7274 941
5 5189 4527 8005 942
5 5888 1624 6898 943
5 4446 5997 7894 944
5 7121 4838 7662 945
5 1520 1713 4567 946
5 4841 1953 8136 947
5 4791 4792 4794 948
5 6138 4660 6977 949
5 1770 1771 5431 950
5 6700 3717 7406 951
5 6784 5759 7828 952
5 1361 6375 7576 953
5 2522 6636 6739 954
5 5137 2389 6238 955
5 1461 6087 7870 956
5 4510 4511 4512 957
5 7151 5269 8174 958
5 7679 7180 7835 959
5 5368 4156 5573 960
5 1186 4958 7310 961
5 3291 3292 3293 962
5 3641 3639 7866 963
5 3248 2533 3249 964
5 3550 5917 8445 965
5 6554 2376 7355 966
5 5593 5592 5798 967
5 2294 5209 8192 968
5 2600 2824 2826 969
5 3749 3895 4369 970
5 3251 3585 3586 971
5 4222 7178 7310 972
5 3203 5185 5793 973
5 2570 5095 7855 974
5 6155 2613 7104 975
5 1061 5463 6658 976
5 2656 2814 4901 977
5 1624 5147 6898 978
5 1250 1522 4931 979
5 1006 5196 7595 980
5 5045 5218 8072 981
5 3248 3249 3250 982
5 3806 5180 5514 983
5 3005 3004 8580 984
5 4672 3711 5413 985
5 5119 2849 7040 986
5 5452 1385 6445 987
5 1292 1295 6911 988
5 2853 2855 6878 989
5 4649 3067 7622 990
5 2426 5726 6117 991
5 4857 3679 4858 992
5 2613 6155 7300 993
5 7860 4486 8123 994
5 4314 4311 5947 995
5 5515 6639 7183 996
5 3586 3587 3932 997
5 1008 4771 8407 998
5 3679 3680 4859 999
5 1613 5141 5142 1000
5 5299 4335 6669 1001
5 4626 4627 5354 1002
5 2615 6926 7519 1003
5 1645 5300 5301 1004
5 5201 2323 5202 1005
5 5208 1259 6325 1006
5 5268 1665 5269 1007
5 2529 2201 2530 1008
5 6892 5150 7964 1009
5 5057 5171 7559 1010
5 3251 3586 4764 1011
5 3205 3229 3230 1012
5 4298 4297 4300 1013
5 5406 6560 6922 1014
5 7139 5056 7801 1015
5 5424 5683 7891 1016
5 2385 3286 3287 1017
5 2756 4827 8332 1018
5 881 5886 6592 1019
5 5699 4193 6970 1020
5 2855 6243 6877 1021
5 3157 3706 5377 1022
5 2600 2601 2824 1023
5 7549 4635 7781 1024
5 4342 5748 5749 1025
5 5798 5592 7988 1026
5 2976 2977 2978 1027
5 4779 5613 7551 1028
5 3343 5290 5291 1029
5 3578 4669 8016 1030
5 3569 3773 3888 1031
5 3630 5074 5765 1032
5 4779 4154 5613 1033
5 3831 3829 5076 1034
5 2496 2497 5588 1035
5 7149 3686 7200 1036
5 2824 2825 3043 1037
5 6856 2536 7254 1038
5 5454 1246 7541 1039
5 4479 5658 6401 1040
5 4088 4860 8449 1041
5 1974 1884 5262 1042
5 3586 3932 4181 1043
5 4579 1962 8255 1044
5 4726 3202 5527 1045
5 6139 5229 8558 1046
5 4881 6934 8009 1047
5 2494 6702 7183 1048
5 1555 5621 5844 1049
5 6789 5942 6815 1050
5 5198 2340 6519 1051
5 6381 4879 6535 1052
5 5192 4832 8110 1053
5 1374 5667 5668 1054
5 2095 5218 5732 1055
5 1023 4918 5722 1056
5 5096 2848 5408 1057
5 4645 4644 4646 1058
5 3765 4198 4320 1059
5 3069 3071 4844 1060
5 5900 2762 5953 1061
5 1945 1947 1948 1062
5 5307 3593 7008 1063
5 2529 2530 2531 1064
5 2007 2975 2976 1065
5 4319 4905 5783 1066
5 1948 1949 1961 1067
5 3382 4235 7530 1068
5 5176 3731 6836 1069
5 4743 3605 7586 1070
5 4702 1516 7623 1071
5 6135 8121 8184 1072
5 3515 2852 5554 1073
5 3591 4931 5755 1074
5 4761 5495 6127 1075
5 4320 5404 6430 1076
5 3456 4209 5984 1077
5 2350 6096 7852 1078
5 1211 1524 6118 1079
5 1271 6468 8350 1080
5 1657 8018 8146 1081
5 3589 4206 7028 1082
5 5597 6720 6946 1083
5 3306 3305 3784 1084
5 5490 1052 8511 1085
5 5694 5691 5696 1086
5 3564 4583 7762 1087
5 3039 4546 4547 1088
5 816 6323 7709 1089
5 4079 5515 7183 1090
5 4830 4831 7663 1091
5 4059 6102 7854 1092
5 6926 4279 7519 1093
5 6537 6709 7809 1094
5 2201 2199 4895 1095
5 4174 4172 5758 1096
5 4377 6146 6502 1097
5 3232 3231 3233 1098
5 2393 6330 8516 1099
5 6145 5363 7352 1100
5 5705 5617 7636 1101
5 6706 5197 8055 1102
5 2897 2542 5358 1103
5 2273 2438 2874 1104
5 3790 3456 5984 1105
5 3478 3737 6670 1106
5 3707 3244 3776 1107
5 4775 884 6863 1108
5 8047 5351 8418 1109
5 6179 5810 7614 1110
5 3569 3570 3773 1111
5 5487 5099 6095 1112
5 5588 5055 7139 1113
5 3632 7028 8442 1114
5 6766 5684 7761 1115
5 6130 7425 7988 1116
5 1663 1659 5220 1117
5 5540 5402 7915 1118
5 1968 1970 4597 1119
5 4377 6502 6561 1120
5 3065 3067 4649 1121
5 6041 5286 6566 1122
5 3816 5258 5427 1123
5 2051 2066 7993 1124
5 4304 4298 4766 1125
5 4504 4505 5808 1126
5 1464 1452 5477 1127
5 3015 3017 4610 1128
5 5470 5466 5473 1129
5 5050 5064 8196 1130
5 5078 4652 6618 1131
5 5202 5448 6355 1132
5 1943 1944 1945 1133
5 851 5736 6177 1134
5 4840 4841 4842 1135
5 5475 4192 7616 1136
5 3707 3776 4929 1137
5 4827 2781 8332 1138
5 2037 5969 6276 1139
5 4855 6410 8043 1140
5 2972 6971 8176 1141
5 5204 5202 6355 1142
5 1908 1910 7968 1143
5 4299 4298 4304 1144
5 2544 7695 7963 1145
5 5273 1145 5745 1146
5 6504 7182 7355 1147
5 3243 3240 4644 1148
5 4296 2874 4297 1149
5 2248 2019 7759 1150
5 1320 1322 5315 1151
5 4661 6842 7397 1152
5 2625 5617 6959 1153
5 3844 5187 7013 1154
5 4034 5430 5750 1155
5 4688 5603 5615 1156
5 2583 2327 8244 1157
5 5238 1946 5239 1158
5 5641 1836 7193 1159
5 4659 3461 7946 1160
5 990 6518 8245 1161
5 4335 4334 8349 1162
5 3533 3532 4188 1163
5 4373 3450 4853 1164
5 3237 4404 8447 1165
5 3230 3229 3231 1166
5 3724 1976 5440 1167
5 5198 4259 7279 1168
5 3233 3240 3243 1169
5 2327 4568 8244 1170
5 5801 2813 6485 1171
5 4407 4146 4408 1172
5 3877 5344 7695 1173
5 1844 1851 2270 1174
5 3917 3551 4063 1175
5 4440 5266 7994 1176
5 5626 2406 6605 1177
5 5601 2434 5602 1178
5 4613 4078 4864 1179
5 3314 3395 5235 1180
5 5439 5130 5741 1181
5 861 794 5852 1182
5 2376 6504 7355 1183
5 5668 6740 7558 1184
5 4571 4572 4648 1185
5 2954 2614 2955 1186
5 5466 5465 5471 1187
5 4838 3934 6113 1188
5 5528 3834 8151 1189
5 3124 3490 5465 1190
5 5734 5905 7157 1191
5 2045 2047 5227 1192
5 4765 5390 7725 1193
5 3023 3025 4883 1194
5 1063 2391 5463 1195
5 5849 1552 7552 1196
5 6065 6491 8586 1197
5 3019 3021 4625 1198
5 3857 3858 4425 1199
5 3988 4804 6814 1200
5 5116 5135 6105 1201
5 5291 5290 7904 1202
5 5600 3382 7530 1203
5 7063 6929 7519 1204
5 3346 3558 4510 1205
5 3339 3306 4722 1206
5 4778 5820 6722 1207
5 3986 4585 6186 1208
5 2955 2614 2957 1209
5 2199 2196 4896 1210
5 3551 3185 3553 1211
5 4295 2874 4296 1212
5 2270 1851 2271 1213
5 5419 6390 7241 1214
5 1808 1837 2018 1215
5 5184 5760 7598 1216
5 6341 1449 7958 1217
5 2065 2075 4397 1218
5 5738 3854 6033 1219
5 2101 1821 6734 1220
5 5408 2848 6290 1221
5 2781 4827 8026 1222
5 3617 5619 7888 1223
5 7425 3321 7988 1224
5 895 6273 6300 1225
5 5790 7116 7208 1226
5 4711 5397 6093 1227
5 2979 2978 2981 1228
5 4609 1506 8288 1229
5 5598 888 7134 1230
5 2018 1837 4545 1231
5 5015 5635 5706 1232
5 6399 6972 8350 1233
5 6278 1786 6756 1234
5 3450 3451 5243 1235
5 5495 5494 6127 1236
5 4749 1743 4751 1237
5 5110 6790 7766 1238
5 4880 3930 5708 1239
5 1617 1614 5142 1240
5 7044 5490 7104 1241
5 4631 4632 4633 1242
5 1945 1944 1947 1243
5 5545 5432 6109 1244
5 4842 4841 4843 1245
5 4452 5557 6400 1246
5 4476 5128 7098 1247
5 3771 5253 7261 1248
5 4805 3302 4807 1249
5 3552 3551 3917 1250
5 5270 4233 7210 1251
5 5459 1141 5460 1252
5 4920 1023 8497 1253
5 3490 4806 7842 1254
5 1753 1732 5622 1255
5 1141 4959 7424 1256
5 5597 6946 8542 1257
5 5269 5583 8174 1258
5 1948 1947 1949 1259
5 4958 4222 7310 1260
5 2879 3265 5093 1261
5 49 50 6349 1262
5 2018 7317 8090 1263
5 4630 2206 8405 1264
5 5432 3702 5433 1265
5 2552 2729 5543 1266
5 3535 3284 3578 1267
5 5764 7907 8588 1268
5 5768 4928 6899 1269
5 6203 3134 7795 1270
5 6017 3137 6671 1271
5 2956 2955 3185 1272
5 2090 2088 5067 1273
5 5351 2095 8467 1274
5 5530 4817 8087 1275
5 5166 3303 5167 1276
5 5387 1929 6315 1277
5 5316 3079 7230 1278
5 3570 3572 4791 1279
5 6105 5135 7097 1280
5 3697 3698 4309 1281
5 3237 3235 3244 1282
5 5635 5026 5665 1283
5 4140 4605 4606 1284
5 2425 5833 6023 1285
5 3784 3305 3785 1286
5 3860 3951 4927 1287
5 3186 3185 3551 1288
5 6138 6859 7055 1289
5 3639 3621 3640 1290
5 2496 7139 7801 1291
5 6540 1377 7247 1292
5 1292 6911 7793 1293
5 3363 4625 4626 1294
5 7306 5774 7547 1295
5 2808 4630 4631 1296
5 4807 3302 7960 1297
5 3826 3339 4722 1298
5 5581 870 7456 1299
5 4840 1951 4841 1300
5 5173 2436 8226 1301
5 3688 3689 4696 1302
5 2209 1905 5161 1303
5 4188 4189 7125 1304
5 4734 7813 8160 1305
5 4951 4950 4952 1306
5 5200 5201 7307 1307
5 1695 5233 7929 1308
5 5363 6145 8498 1309
5 5509 3800 5915 1310
5 1842 4830 4872 1311
5 3564 3566 4583 1312
5 2212 2210 7646 1313
5 2662 2896 5010 1314
5 5961 2378 7652 1315
5 3538 3539 4257 1316
5 3558 3561 4510 1317
5 6783 3979 7193 1318
5 2036 2563 5385 1319
5 5802 2570 7442 1320
5 2789 5760 6963 1321
5 3524 3527 5112 1322
5 2205 7008 8453 1323
5 3059 3060 3061 1324
5 451 452 6208 1325
5 3057 3058 3059 1326
5 4077 3749 4370 1327
5 7362 4675 7735 1328
5 2271 2273 4295 1329
5 4405 6527 7925 1330
5 5808 4505 6802 1331
5 4790 1910 6852 1332
5 1836 5641 7203 1333
5 3519 4883 4885 1334
5 1493 1494 1500 1335
5 3660 4240 5124 1336
5 5965 5608 6262 1337
5 3318 4844 4846 1338
5 5533 5532 5534 1339
5 3816 3817 5258 1340
5 2271 4295 7236 1341
5 7489 3780 8149 1342
5 5124 7416 8281 1343
5 1797 1803 3205 1344
5 3486 3541 4167 1345
5 1491 1492 1493 1346
5 3566 3569 4583 1347
5 5529 836 6194 1348
5 2095 2093 5218 1349
5 3324 4251 5261 1350
5 3765 4320 5231 1351
5 3929 5873 5972 1352
5 4258 4257 6183 1353
5 3031 3034 4854 1354
5 6842 2254 7397 1355
5 3121 3108 4724 1356
5 3572 3595 4791 1357
5 4717 5397 8342 1358
5 5132 2856 6533 1359
5 1482 1483 1491 1360
5 5821 4826 7391 1361
5 5266 4440 6865 1362
5 5474 4956 7453 1363
5 3673 3674 4010 1364
5 5065 5284 5707 1365
5 6664 3033 7034 1366
5 4548 4547 4550 1367
5 4624 4124 4638 1368
5 3943 3945 4680 1369
5 1976 994 5440 1370
5 3511 3959 5194 1371
5 3120 3119 3435 1372
5 1947 1944 5553 1373
5 1693 1686 7783 1374
5 3234 3232 3235 1375
5 1549 1547 5398 1376
5 558 559 5770 1377
5 3122 4649 4650 1378
5 4866 4867 4868 1379
5 1827 3056 3057 1380
5 3344 3346 3599 1381
5 4078 4079 7183 1382
5 1609 5433 8367 1383
5 4182 7455 7687 1384
5 3688 4696 4697 1385
5 5577 5189 8005 1386
5 3205 1803 3229 1387
5 2095 5351 8047 1388
5 4596 5828 8019 1389
5 1330 1333 5226 1390
5 3377 2225 8068 1391
5 2648 4192 5475 1392
5 1910 4790 6799 1393
5 3120 3435 3516 1394
5 4455 3733 4456 1395
5 4404 3707 4405 1396
5 4163 5215 5310 1397
5 952 1145 5273 1398
5 7359 4440 7994 1399
5 4892 5134 7439 1400
5 1949 1951 4840 1401
5 1768 1789 1997 1402
5 2462 5511 5979 1403
5 4694 6772 6773 1404
5 3749 3383 3895 1405
5 5241 1376 6636 1406
5 1433 5613 6507 1407
5 3673 4010 4011 1408
5 6342 7112 7448 1409
5 7258 1272 8032 1410
5 5812 2374 6517 1411
5 5318 4969 5481 1412
5 1826 5501 5502 1413
5 1052 5490 7044 1414
5 6638 6360 7449 1415
5 3654 6809 7155 1416
5 3254 3488 3851 1417
5 3731 5176 7730 1418
5 2976 2975 2977 1419
5 3750 5372 5480 1420
5 3674 4857 8291 1421
5 4302 5299 6668 1422
5 3466 3443 6029 1423
5 3614 5646 5647 1424
5 4880 5708 7943 1425
5 1932 1931 2167 1426
5 1162 5131 8265 1427
5 3708 5627 6128 1428
5 3393 4219 7043 1429
5 3297 3298 3521 1430
5 3001 2987 3002 1431
5 5231 1365 7257 1432
5 7008 3593 7856 1433
5 1943 1936 1944 1434
5 4547 4546 4549 1435
5 4126 4127 4262 1436
5 1462 1464 1482 1437
5 2367 4970 6471 1438
5 2366 5340 6307 1439
5 1840 1839 1931 1440
5 5663 2006 7918 1441
5 3384 3383 3749 1442
5 2980 3011 3039 1443
5 3539 3139 5568 1444
5 3369 3370 3738 1445
5 6648 3837 8179 1446
5 6051 4802 6655 1447
5 5269 7151 8022 1448
5 3973 4676 6976 1449
5 5015 5706 7790 1450
5 3785 4699 5254 1451
5 4818 4817 5530 1452
5 3562 3564 3651 1453
5 3633 4476 5349 1454
5 3839 3854 5738 1455
5 2686 5419 7241 1456
5 1675 1673 6123 1457
5 5101 1660 6387 1458
5 5281 5169 8065 1459
5 3232 3233 4604 1460
5 1367 1373 7412 1461
5 926 3337 5594 1462
5 1975 1770 5431 1463
5 4492 5649 6651 1464
5 1552 5803 7552 1465
5 4657 4658 7429 1466
5 4450 3918 4808 1467
5 4946 5162 7338 1468
5 3669 4973 5348 1469
5 4436 4433 5636 1470
5 5961 5449 8171 1471
5 5295 5291 5297 1472
5 1964 1955 4591 1473
5 3331 4854 4855 1474
5 1804 1808 4535 1475
5 1661 5249 5994 1476
5 5177 1004 7079 1477
5 2500 2598 5122 1478
5 4725 4726 4736 1479
5 4853 3450 5243 1480
5 2065 4397 7773 1481
5 3599 3346 7593 1482
5 3858 3860 4927 1483
5 6965 6744 7202 1484
5 3826 4722 5228 1485
5 956 3536 5597 1486
5 6382 4622 7486 1487
5 4450 4808 5163 1488
5 3689 4835 8550 1489
5 1968 1961 1970 1490
5 1296 1327 6122 1491
5 5430 5431 5750 1492
5 2227 2019 2248 1493
5 4645 4646 8568 1494
5 3522 3524 5112 1495
5 1894 4799 4800 1496
5 3440 3514 4973 1497
5 3044 3046 3343 1498
5 2303 3554 5381 1499
5 2978 2977 2980 1500
5 4727 4725 5601 1501
5 5286 6041 7560 1502
5 3254 3107 3488 1503
5 5150 3806 7964 1504
5 2849 2687 6224 1505
5 1975 5199 6737 1506
5 3236 3235 3237 1507
5 2249 2242 4778 1508
5 5229 1102 8558 1509
5 2202 5811 7670 1510
5 2385 3874 6816 1511
5 1045 1047 5182 1512
5 2238 2236 4723 1513
5 5877 3889 5878 1514
5 2210 2209 2592 1515
5 5124 4240 7416 1516
5 2307 3157 5377 1517
5 4633 4632 4634 1518
5 1925 2539 6129 1519
5 3039 3011 4546 1520
5 4081 5422 5423 1521
5 3536 5595 5596 1522
5 4631 4630 4632 1523
5 5090 5082 5091 1524
5 1374 5668 7942 1525
5 4927 3951 5255 1526
5 2025 1959 4579 1527
5 4901 2814 8215 1528
5 4198 3293 8413 1529
5 3683 3685 4629 1530
5 3011 3013 7985 1531
5 5098 2811 6095 1532
5 6214 1687 7604 1533
5 5227 2052 6986 1534
5 3918 3917 4808 1535
5 1645 1642 5300 1536
5 5230 1745 7973 1537
5 6064 4175 6384 1538
5 3674 3676 4857 1539
5 4266 4614 6125 1540
5 5795 2849 6224 1541
5 2007 1902 2975 1542
5 5885 2865 5935 1543
5 1953 1955 1964 1544
5 5345 2855 6877 1545
5 4046 4045 5341 1546
5 3533 4188 4349 1547
5 4845 4850 4852 1548
5 3768 3339 3826 1549
5 3558 3560 3561 1550
5 5466 5471 5473 1551
5 5225 4293 5315 1552
5 4701 4702 7323 1553
5 2250 2238 4723 1554
5 6740 2522 7558 1555
5 4167 3541 4746 1556
5 1910 6799 7968 1557
5 4300 4302 8589 1558
5 1794 1797 4873 1559
5 2242 2240 4778 1560
5 1744 6129 6957 1561
5 5861 3730 8159 1562
5 973 5352 8520 1563
5 3930 3575 4733 1564
5 1459 5767 6442 1565
5 933 3593 5307 1566
5 5099 5489 8565 1567
5 1713 1727 1886 1568
5 5237 1946 5238 1569
5 4320 4198 7253 1570
5 5050 5052 5064 1571
5 2312 2234 4786 1572
5 3303 4961 5522 1573
5 5495 4761 8337 1574
5 2658 2077 4061 1575
5 1872 6942 7956 1576
5 4437 5887 7850 1577
5 798 5673 6681 1578
5 5377 3706 5378 1579
5 4955 4102 7957 1580
5 1749 1748 1839 1581
5 1957 1959 2025 1582
5 5260 2931 8253 1583
5 5302 6728 7103 1584
5 1962 1965 2159 1585
5 5166 5167 5168 1586
5 5729 3105 7669 1587
5 6632 6927 7710 1588
5 5421 1484 8229 1589
5 3659 3709 4480 1590
5 4264 5558 5962 1591
5 4722 3306 8474 1592
5 1246 5454 8094 1593
5 1491 1483 1492 1594
5 5406 5713 6560 1595
5 3190 3191 3532 1596
5 1493 1492 1494 1597
5 6994 4534 8151 1598
5 5584 2715 6875 1599
5 3822 4445 5387 1600
5 1500 1494 1502 1601
5 4966 6575 7308 1602
5 5348 1278 7561 1603
5 3243 7608 7895 1604
5 5534 5536 5537 1605
5 4783 4898 8379 1606
5 1969 1968 2019 1607
5 2531 2600 5714 1608
5 3044 3343 5294 1609
5 3013 3015 3166 1610
5 5067 2088 8047 1611
5 1482 1464 1483 1612
5 1971 2014 2546 1613
5 3626 2997 5704 1614
5 3521 3522 3732 1615
5 6135 4210 7156 1616
5 3942 7232 8038 1617
5 1432 6308 6643 1618
5 6055 4037 8320 1619
5 4762 5598 7134 1620
5 5213 3701 5324 1621
5 1344 5090 8143 1622
5 5269 5571 5583 1623
5 1592 1589 6902 1624
5 4394 7138 7434 1625
5 2917 3253 4869 1626
5 1967 1961 1968 1627
5 3310 3309 3943 1628
5 4137 4955 5102 1629
5 4745 6064 7539 1630
5 856 5139 6364 1631
5 2228 2227 2602 1632
5 1903 1902 2007 1633
5 2020 2019 2227 1634
5 5161 6015 6016 1635
5 2463 2462 8237 1636
5 2234 2232 4786 1637
5 5203 5202 5204 1638
5 1508 1520 1807 1639
5 4872 4830 7663 1640
5 4334 4333 7186 1641
5 2613 7044 7104 1642
5 3685 3688 4629 1643
5 1596 1665 5268 1644
5 4846 4844 4851 1645
5 3986 3516 4585 1646
5 4754 5717 8113 1647
5 3697 4309 4332 1648
5 3689 3691 4835 1649
5 2843 4212 5620 1650
5 5670 4556 7734 1651
5 4550 4547 4554 1652
5 1123 2103 4959 1653
5 4131 4133 4616 1654
5 5534 5535 5536 1655
5 4792 4793 6419 1656
5 4852 4850 5221 1657
5 2120 5609 6329 1658
5 3967 3966 6898 1659
5 1265 3284 3535 1660
5 5378 5379 5995 1661
5 3140 3139 3538 1662
5 1502 1506 1726 1663
5 985 1896 5197 1664
5 2320 2321 2322 1665
5 3123 5465 5466 1666
5 5110 5111 6790 1667
5 2808 2206 4630 1668
5 3488 3733 4455 1669
5 4727 5601 5602 1670
5 1740 2319 2320 1671
5 1807 1520 4567 1672
5 6281 1007 7265 1673
5 6990 6989 7464 1674
5 2322 2324 2325 1675
5 5193 5705 7636 1676
5 1326 1320 8122 1677
5 5758 4172 7119 1678
5 3693 3695 4613 1679
5 2325 2327 2583 1680
5 6095 2811 7699 1681
5 3145 4865 4866 1682
5 6557 4928 8012 1683
5 4090 4092 4467 1684
5 5399 1831 7847 1685
5 3435 4154 4779 1686
5 5221 849 6199 1687
5 3486 2881 3541 1688
5 3680 3683 4003 1689
5 5674 3376 7672 1690
5 2973 2656 4901 1691
5 5526 1698 5644 1692
5 3097 3119 3120 1693
5 4650 4649 4652 1694
5 4107 4109 4605 1695
5 3004 3002 8580 1696
5 3495 3494 4682 1697
5 5921 1003 6201 1698
5 4199 5884 7822 1699
5 4100 4102 4955 1700
5 5518 4534 6994 1701
5 5158 5159 7471 1702
5 3621 3005 7648 1703
5 3676 3679 4857 1704
5 1905 1903 5161 1705
5 3370 3372 4836 1706
5 2886 2989 3461 1707
5 4972 2367 6423 1708
5 2808 4631 7214 1709
5 1753 5622 8297 1710
5 3171 3174 5155 1711
5 4893 4892 8351 1712
5 858 5355 5357 1713
5 2160 2206 2808 1714
5 7455 4741 7687 1715
5 1117 5299 6669 1716
5 3190 3532 3533 1717
5 4658 3461 4659 1718
5 6595 4679 7992 1719
5 3062 3061 3105 1720
5 2989 3151 4758 1721
5 2558 2656 2973 1722
5 1981 3300 5326 1723
5 8113 4750 8354 1724
5 3566 3568 3569 1725
5 5159 5156 8223 1726
5 3369 3738 3739 1727
5 3649 4443 4444 1728
5 4756 6017 8264 1729
5 4643 882 7806 1730
5 3435 4779 8545 1731
5 3932 3933 5129 1732
5 3878 4594 5512 1733
5 2760 4975 4976 1734
5 3942 5710 7232 1735
5 5635 1256 5706 1736
5 6055 6054 6642 1737
5 2814 2881 3486 1738
5 6062 4040 7525 1739
5 4945 3600 5257 1740
5 2462 2099 5511 1741
5 6722 4691 7661 1742
5 5563 1240 5589 1743
5 1731 1539 6073 1744
5 1259 5208 6723 1745
5 3087 3107 3254 1746
5 4610 3017 8130 1747
5 2715 5584 6803 1748
5 4717 4713 5397 1749
5 5683 5187 5728 1750
5 4758 3151 4759 1751
5 1387 1512 4448 1752
5 4590 5531 7793 1753
5 7115 5127 7926 1754
5 5252 5159 6143 1755
5 3998 5599 5600 1756
5 5083 5084 5085 1757
5 2225 5620 8068 1758
5 5242 1826 5761 1759
5 3166 3015 4610 1760
5 3230 3234 5282 1761
5 1522 1748 1749 1762
5 3806 5514 7964 1763
5 5372 3576 5480 1764
5 3067 3069 3318 1765
5 4929 3776 5198 1766
5 3017 3019 3363 1767
5 1726 1506 4609 1768
5 6298 3978 7234 1769
5 5387 6315 6469 1770
5 4626 4625 4627 1771
5 4569 4570 4571 1772
5 6036 5374 8313 1773
5 3002 3003 8323 1774
5 5507 3844 7013 1775
5 3572 3574 3595 1776
5 980 5197 6706 1777
5 3063 3065 3122 1778
5 6399 5060 6972 1779
5 7045 5558 7480 1780
5 1712 2442 3644 1781
5 886 903 904 1782
5 4127 4776 8424 1783
5 5445 1978 5446 1784
5 4088 4090 4755 1785
5 4885 4883 4887 1786
5 4418 3801 5342 1787
5 3781 3825 4377 1788
5 5314 4921 7346 1789
5 2061 2343 4956 1790
5 4511 3561 4513 1791
5 3225 3471 4681 1792
5 4621 4578 7724 1793
5 8018 4732 8146 1794
5 4294 3941 5343 1795
5 5194 5196 7892 1796
5 3279 3575 3930 1797
5 1351 1353 1388 1798
5 3021 3023 3519 1799
5 4751 4753 4754 1800
5 3849 4557 5420 1801
5 3123 3124 5465 1802
5 3287 3286 3288 1803
5 4192 5074 7123 1804
5 5433 1609 6109 1805
5 7567 1392 8134 1806
5 4851 4844 8559 1807
5 3318 3069 4844 1808
5 2934 2414 6836 1809
5 3061 3060 3063 1810
5 6578 3212 6720 1811
5 3103 3108 3121 1812
5 4498 5340 5513 1813
5 5139 856 6363 1814
5 3059 3058 3060 1815
5 2717 2714 4910 1816
5 1749 1839 1840 1817
5 6929 2615 7519 1818
5 5531 1290 7793 1819
5 6633 5364 7792 1820
5 5120 1688 7233 1821
5 2852 2680 5554 1822
5 5615 2450 7791 1823
5 3596 3846 3857 1824
5 4873 3205 5282 1825
5 5682 4643 6589 1826
5 1859 1857 5326 1827
5 3408 3431 4372 1828
5 3840 5282 7422 1829
5 1420 1402 5532 1830
5 917 3434 5189 1831
5 5491 6660 8245 1832
5 5180 4068 5807 1833
5 1288 1290 5531 1834
5 4917 4926 6090 1835
5 4111 4113 4624 1836
5 3057 3056 3058 1837
5 3644 3794 4524 1838
5 4437 4434 5887 1839
5 1828 1827 4756 1840
5 1690 1671 6233 1841
5 3662 4462 5233 1842
5 7036 3476 8036 1843
5 3412 3702 5432 1844
5 3294 3296 3297 1845
5 8052 2393 8516 1846
5 1185 1211 6118 1847
5 1774 5179 7682 1848
5 3122 3065 4649 1849
5 3195 2982 3305 1850
5 3443 3950 6029 1851
5 5479 5403 7831 1852
5 5386 5261 7464 1853
5 5052 5063 5064 1854
5 5354 4627 7527 1855
5 1804 4535 8206 1856
5 2416 5078 7751 1857
5 4105 4107 4140 1858
5 1431 5603 6645 1859
5 2608 2659 5413 1860
5 1599 6879 7499 1861
5 1437 1436 2900 1862
5 4788 5553 7956 1863
5 7012 4898 7370 1864
5 3121 4724 7216 1865
5 4751 4752 4753 1866
5 4651 4650 4653 1867
5 4102 4105 4954 1868
5 1462 1452 1464 1869
5 7624 2912 8019 1870
5 2441 5311 6545 1871
5 4135 4142 4409 1872
5 2820 3750 5480 1873
5 3285 5270 7210 1874
5 5470 5473 5736 1875
5 3920 3918 4450 1876
5 4081 4083 5422 1877
5 4109 4111 4138 1878
5 2354 5965 6262 1879
5 3536 5594 5595 1880
5 7150 7151 8174 1881
5 2614 2271 7236 1882
5 4307 4695 5344 1883
5 4142 4144 4220 1884
5 2606 5192 6966 1885
5 4115 4118 4951 1886
5 4767 5518 6994 1887
5 4092 4094 4465 1888
5 5233 1695 6324 1889
5 5085 5084 5106 1890
5 4163 5679 7483 1891
5 4133 4135 4225 1892
5 5331 5332 5335 1893
5 4866 4868 5416 1894
5 3691 3693 3984 1895
5 3224 3225 4681 1896
5 869 5190 5592 1897
5 5173 4855 8043 1898
5 1420 5532 5533 1899
5 3363 3019 4625 1900
5 4778 2240 8528 1901
5 1645 5301 7690 1902
5 4661 6715 6842 1903
5 3182 5477 5478 1904
5 4129 4131 4506 1905
5 1379 1381 1888 1906
5 3858 4927 8448 1907
5 4098 4100 4137 1908
5 1766 1765 1827 1909
5 4551 4550 5493 1910
5 5677 2365 7537 1911
5 1708 5323 5324 1912
5 6562 6002 6563 1913
5 5502 5501 5503 1914
5 4144 4146 4407 1915
5 3431 3450 4373 1916
5 3685 3687 3688 1917
5 3003 4347 7678 1918
5 1779 1777 4830 1919
5 731 732 5865 1920
5 3695 3916 4078 1921
5 4127 4129 4776 1922
5 1484 1480 1489 1923
5 3126 3128 4805 1924
5 1355 1743 4749 1925
5 5835 5631 6713 1926
5 1414 1412 3145 1927
5 3867 4294 8503 1928
5 7032 1846 7238 1929
5 1840 1933 5743 1930
5 5899 2899 6321 1931
5 5464 1113 8361 1932
5 767 5313 7494 1933
5 5734 5904 5905 1934
5 889 5616 7754 1935
5 4495 7613 8009 1936
5 4653 4650 4871 1937
5 4483 6765 8188 1938
5 2870 2727 5366 1939
5 3691 3984 4835 1940
5 3596 3857 7389 1941
5 3029 3031 3331 1942
5 3648 3748 4059 1943
5 3519 3023 4883 1944
5 2624 1340 2912 1945
5 1016 5997 6267 1946
5 5192 2606 7336 1947
5 5596 6578 6720 1948
5 3820 4459 5529 1949
5 4113 4115 4124 1950
5 2243 5672 6730 1951
5 1119 1141 5459 1952
5 1949 4840 8538 1953
5 3067 3318 7622 1954
5 5215 4474 7281 1955
5 5150 6917 7499 1956
5 5535 1400 8217 1957
5 3372 3697 4836 1958
5 4844 4845 8559 1959
5 4776 4506 5370 1960
5 5974 7199 7229 1961
5 1682 1687 6214 1962
5 1746 6505 7865 1963
5 5136 3985 6284 1964
5 5156 5165 8223 1965
5 3372 3374 3697 1966
5 3317 3367 3946 1967
5 4511 4513 5303 1968
5 1412 1408 4865 1969
5 6278 5790 7208 1970
5 6191 5246 6547 1971
5 5267 7359 7994 1972
5 5347 4536 8232 1973
5 4088 4755 4860 1974
5 4856 4855 5173 1975
5 3874 3355 6588 1976
5 3676 3678 3679 1977
5 5110 5108 5111 1978
5 5379 3706 5483 1979
5 2709 2706 5382 1980
5 1418 1416 1516 1981
5 1827 1765 3056 1982
5 5198 6624 8411 1983
5 1900 1898 4957 1984
5 6096 2350 6481 1985
5 3810 5124 5834 1986
5 6006 1511 8067 1987
5 909 906 5562 1988
5 5762 3247 7939 1989
5 5140 1613 8076 1990
5 4848 3075 8164 1991
5 4857 4858 5241 1992
5 1965 1971 5289 1993
5 1943 1946 5237 1994
5 3475 6963 7569 1995
5 3578 6765 6939 1996
5 2592 7579 7645 1997
5 2659 2610 5372 1998
5 1501 1500 1539 1999
5 5368 2360 6792 2000
5 1384 5423 6506 2001
5 3786 3973 5632 2002
5 1942 1936 1943 2003
5 4037 6055 6642 2004
5 4118 4120 4950 2005
5 956 5597 8542 2006
5 4120 4122 4126 2007
5 2668 2665 5476 2008
5 4928 2161 7879 2009
5 4257 3539 4402 2010
5 1936 1872 4789 2011
5 6435 2468 7845 2012
5 1125 6744 6965 2013
5 6989 2295 7464 2014
5 2997 2912 7624 2015
5 1749 1840 5743 2016
5 4414 4412 4415 2017
5 3538 3139 3539 2018
5 2676 7531 7770 2019
5 1235 1237 1742 2020
5 2489 5623 6334 2021
5 5834 5124 7998 2022
5 5468 3490 7842 2023
5 3888 3773 5506 2024
5 4072 4899 8427 2025
5 6879 6918 7798 2026
5 4896 2196 7884 2027
5 4758 4759 5246 2028
5 6036 1260 7912 2029
5 2320 2319 2321 2030
5 4976 4975 4977 2031
5 6721 5297 8126 2032
5 3351 6766 7761 2033
5 3128 3302 4805 2034
5 2874 2438 7100 2035
5 2190 2187 5752 2036
5 4647 3242 6508 2037
5 6734 1821 8271 2038
5 3709 3877 5402 2039
5 2322 2321 2324 2040
5 2636 1852 5441 2041
5 3331 3031 4854 2042
5 3644 2442 3794 2043
5 6342 2431 7112 2044
5 4571 4570 4572 2045
5 6934 4881 8259 2046
5 3876 5298 6510 2047
5 877 7500 8081 2048
5 1842 1779 4830 2049
5 3649 3648 4443 2050
5 4871 5078 5521 2051
5 3034 3038 3659 2052
5 5793 5185 7066 2053
5 7039 5572 7718 2054
5 2325 2324 2327 2055
5 1961 1949 8538 2056
5 8375 1231 8415 2057
5 5269 1665 5571 2058
5 4900 3831 5076 2059
5 5008 7489 8149 2060
5 5136 6284 7771 2061
5 3159 1974 5262 2062
5 5782 1592 6902 2063
5 1708 1705 5323 2064
5 1687 1680 5814 2065
5 5190 869 7348 2066
5 4725 3202 4726 2067
5 5009 4702 6867 2068
5 4311 3640 4312 2069
5 4624 4638 4640 2070
5 4606 4605 4607 2071
5 4092 4465 4467 2072
5 2059 2061 4956 2073
5 5672 2243 6729 2074
5 6520 7518 7845 2075
5 4152 5215 6947 2076
5 3802 3801 4418 2077
5 4792 3595 4793 2078
5 1540 1539 1731 2079
5 1353 1355 4749 2080
5 1349 1351 5080 2081
5 5313 767 7840 2082
5 5521 5078 7235 2083
5 1416 1414 4361 2084
5 3528 3672 3673 2085
5 3943 3309 3945 2086
5 5080 5082 5090 2087
5 1305 2504 5308 2088
5 3108 3109 3202 2089
5 2978 2980 5950 2090
5 3695 4078 4613 2091
5 5198 6519 6624 2092
5 4303 4335 5299 2093
5 5472 5470 5809 2094
5 5195 5720 7076 2095
5 1381 1387 4448 2096
5 3528 3673 4611 2097
5 6395 7258 8032 2098
5 2918 2917 3270 2099
5 4524 3794 4525 2100
5 3305 2982 4698 2101
5 2584 2583 2917 2102
5 5441 1852 7392 2103
5 1422 1418 4701 2104
5 1256 5665 7749 2105
5 5376 1670 8456 2106
5 1100 1102 5229 2107
5 3950 5302 6029 2108
5 5660 863 7135 2109
5 7732 6724 8108 2110
5 1731 5216 5622 2111
5 4126 4262 4395 2112
5 4979 4977 5135 2113
5 2882 2886 4657 2114
5 5089 5087 5095 2115
5 3193 3358 3369 2116
5 3360 3238 3383 2117
5 1183 1181 1189 2118
5 4422 5969 6277 2119
5 1748 1750 5496 2120
5 5354 2477 6590 2121
5 3312 3316 5403 2122
5 7435 2845 7436 2123
5 2697 924 5577 2124
5 1113 5464 6476 2125
5 1484 1489 8229 2126
5 2236 2234 2312 2127
5 2105 2104 5403 2128
5 2329 2331 2802 2129
5 5603 4688 7216 2130
5 4051 3831 4900 2131
5 2240 2238 2250 2132
5 2851 2852 3440 2133
5 1880 1878 4799 2134
5 1045 5184 8183 2135
5 1935 1872 1936 2136
5 2526 6111 7282 2137
5 4750 8021 8354 2138
5 3071 3072 4847 2139
5 4700 2981 7478 2140
5 3784 4780 4781 2141
5 6526 1116 6628 2142
5 6465 6598 6599 2143
5 2087 2086 2088 2144
5 3874 6588 7577 2145
5 3739 3738 5329 2146
5 7138 4391 7434 2147
5 3435 4153 4154 2148
5 5356 858 6601 2149
5 4605 4109 8111 2150
5 3594 5151 5152 2151
5 883 5148 6529 2152
5 1725 1723 5179 2153
5 1506 1508 8288 2154
5 2703 2700 5414 2155
5 1732 1731 5622 2156
5 5435 4283 5436 2157
5 7031 2121 8140 2158
5 3103 3104 3108 2159
5 3381 2609 7011 2160
5 3651 3564 7762 2161
5 3516 3435 8545 2162
5 4140 4606 4608 2163
5 4657 3461 4658 2164
5 5083 5081 5084 2165
5 1840 1931 1932 2166
5 1355 1357 1743 2167
5 3946 3367 4267 2168
5 1740 1722 2319 2169
5 2085 1696 2086 2170
5 923 926 5594 2171
5 5195 6302 8052 2172
5 865 5699 6970 2173
5 4858 3679 4859 2174
5 1265 1266 3284 2175
5 4914 3150 4915 2176
5 4638 4124 4639 2177
5 1500 1502 4899 2178
5 2582 4683 7688 2179
5 1429 1422 4701 2180
5 2978 5950 7446 2181
5 2917 2583 3253 2182
5 4808 3917 5464 2183
5 5246 847 6716 2184
5 3271 3270 3781 2185
5 3251 3249 3585 2186
5 2912 4596 8019 2187
5 4219 3938 5721 2188
5 2206 2558 8405 2189
5 1746 1768 6505 2190
5 3659 3038 3709 2191
5 5627 3337 6128 2192
5 3800 5509 5854 2193
5 3406 3408 4939 2194
5 2254 7027 7397 2195
5 5288 5050 8196 2196
5 4115 4951 7881 2197
5 1525 6115 6967 2198
5 1440 5481 6488 2199
5 3667 3666 5321 2200
5 3581 3579 5134 2201
5 4512 4511 5656 2202
5 905 4641 5659 2203
5 2333 2500 2958 2204
5 1826 1754 5501 2205
5 3857 4425 5407 2206
5 5068 3152 8401 2207
5 5091 5485 7225 2208
5 4574 4620 4623 2209
5 3058 3961 7474 2210
5 5311 4455 7544 2211
5 2624 2912 2997 2212
5 705 706 5660 2213
5 1712 1704 2442 2214
5 5623 3928 6334 2215
5 5836 5837 7267 2216
5 5416 4868 5417 2217
5 4569 2802 4570 2218
5 2600 2530 2601 2219
5 7290 857 7966 2220
5 4507 4508 5399 2221
5 5311 2441 7722 2222
5 3616 3366 5162 2223
5 3289 3288 3290 2224
5 1239 6549 7706 2225
5 3144 3142 3309 2226
5 3943 4680 8212 2227
5 3524 3526 3527 2228
5 1774 1725 5179 2229
5 2924 5010 5011 2230
5 5364 867 8410 2231
5 7500 4742 8081 2232
5 5197 1896 6113 2233
5 4576 4571 4648 2234
5 5686 4190 6914 2235
5 5572 4207 7718 2236
5 3246 3245 3648 2237
5 4154 4364 4687 2238
5 2958 2500 5122 2239
5 7724 4578 8095 2240
5 6728 4236 7103 2241
5 3519 4885 6417 2242
5 1428 1422 1429 2243
5 870 5581 8258 2244
5 7266 3559 7269 2245
5 7498 6232 7890 2246
5 3469 3223 5172 2247
5 1102 7961 8558 2248
5 5327 4260 5872 2249
5 1190 1189 1191 2250
5 1723 1722 1740 2251
5 6286 7097 7342 2252
5 1481 1480 1484 2253
5 5066 5040 8505 2254
5 3680 4003 7756 2255
5 4548 4552 5950 2256
5 2079 2081 3220 2257
5 1485 1484 1490 2258
5 1902 1783 4777 2259
5 3508 3507 5130 2260
5 1754 1753 5501 2261
5 2087 2088 2090 2262
5 3781 3270 3825 2263
5 3612 3252 3613 2264
5 4506 4131 4616 2265
5 3138 3106 3139 2266
5 4780 3785 5254 2267
5 4165 6214 7604 2268
5 6054 5562 6642 2269
5 4899 4072 8303 2270
5 2561 2452 5781 2271
5 5224 1011 8198 2272
5 2085 2086 2087 2273
5 2660 5586 7369 2274
5 5254 4699 5812 2275
5 2880 2879 5093 2276
5 1205 1207 1224 2277
5 1479 1478 1480 2278
5 1456 1452 1462 2279
5 4140 4107 4605 2280
5 5847 1690 6233 2281
5 4854 3034 8296 2282
5 5326 3300 6806 2283
5 3932 3587 3933 2284
5 924 921 5577 2285
5 5286 4798 6566 2286
5 1344 1349 5090 2287
5 5349 2410 6261 2288
5 1878 1876 1994 2289
5 7369 5586 7804 2290
5 3317 2795 3367 2291
5 910 912 5392 2292
5 4575 4571 4576 2293
5 3626 5704 7938 2294
5 4395 4262 5508 2295
5 3124 3126 3490 2296
5 1781 1779 1842 2297
5 4646 4647 4679 2298
5 6994 3995 7270 2299
5 2232 2230 2445 2300
5 2205 5724 7008 2301
5 4897 3040 6699 2302
5 1420 5539 7585 2303
5 4220 4144 4407 2304
5 4870 3986 6186 2305
5 4137 4100 4955 2306
5 1556 1554 2043 2307
5 3276 3279 4878 2308
5 5720 5195 8052 2309
5 4416 4415 4417 2310
5 5296 4417 8138 2311
5 5082 5081 5083 2312
5 6302 5195 7892 2313
5 3813 3816 5428 2314
5 3603 3602 4560 2315
5 4305 4304 5336 2316
5 2598 2795 3317 2317
5 4010 3674 8291 2318
5 1435 1430 1436 2319
5 5357 891 7952 2320
5 4692 4418 4694 2321
5 3132 3189 3190 2322
5 3529 3380 5128 2323
5 452 1667 6208 2324
5 3128 3130 3302 2325
5 6808 4765 8509 2326
5 1546 1545 1547 2327
5 5325 6298 7883 2328
5 5331 3353 5332 2329
5 4113 4124 4624 2330
5 5667 1374 5669 2331
5 4077 4370 6116 2332
5 4118 4950 4951 2333
5 6146 2326 6502 2334
5 1548 1547 1549 2335
5 3667 5321 8579 2336
5 3600 2045 5227 2337
5 5236 4157 6792 2338
5 5605 5604 7948 2339
5 5362 5361 5967 2340
5 1550 1549 1551 2341
5 4507 3583 4508 2342
5 6631 6856 7254 2343
5 4529 4416 6676 2344
5 4159 4946 5920 2345
5 1490 1484 5421 2346
5 5201 5202 5203 2347
5 1553 1551 1554 2348
5 4318 4671 6300 2349
5 1882 1880 1894 2350
5 3097 3098 3119 2351
5 2245 2242 2249 2352
5 1098 1100 1162 2353
5 4458 5414 7986 2354
5 5097 5096 5408 2355
5 2960 2889 3245 2356
5 3810 3660 5124 2357
5 6375 6376 7576 2358
5 3404 3406 4940 2359
5 1736 1734 1857 2360
5 2899 5899 7589 2361
5 6105 1014 7901 2362
5 3370 4836 8436 2363
5 3586 3585 3587 2364
5 3395 3396 4156 2365
5 4568 2802 4569 2366
5 3380 3379 3878 2367
5 3488 3489 3733 2368
5 2635 5728 7144 2369
5 2043 2044 2045 2370
5 5502 5503 5504 2371
5 1854 1783 1902 2372
5 1537 5835 6713 2373
5 2549 2843 5620 2374
5 1777 1775 1824 2375
5 4603 4271 7642 2376
5 3702 5251 5434 2377
5 3378 3377 3379 2378
5 1277 1281 5100 2379
5 2075 2658 4397 2380
5 8032 6467 8168 2381
5 3316 3314 5235 2382
5 6951 5193 7636 2383
5 4111 4624 7984 2384
5 4742 3899 6263 2385
5 3645 3159 4264 2386
5 1700 1698 1734 2387
5 2052 2050 2067 2388
5 4376 5245 8242 2389
5 4307 3781 4695 2390
5 1658 1696 2085 2391
5 2414 5176 6836 2392
5 6485 4354 7832 2393
5 948 949 950 2394
5 2976 2978 2979 2395
5 2068 2067 2104 2396
5 5264 5265 5267 2397
5 5097 5408 5409 2398
5 1894 1880 4799 2399
5 1300 5308 5309 2400
5 1830 1828 1875 2401
5 3312 3313 3314 2402
5 3314 3315 3395 2403
5 1895 5855 6151 2404
5 2047 2048 2050 2405
5 3393 3392 3938 2406
5 5114 5113 7341 2407
5 3440 2852 3514 2408
5 2104 3311 3312 2409
5 3768 3826 3827 2410
5 2123 2121 7031 2411
5 4656 4654 5079 2412
5 7244 6003 7587 2413
5 5896 5897 7201 2414
5 3300 2225 3377 2415
5 3025 3026 4886 2416
5 5460 7036 8036 2417
5 4756 3057 6017 2418
5 5114 6540 7247 2419
5 4264 3159 5262 2420
5 4372 3431 4373 2421
5 3852 3851 4321 2422
5 3514 3786 4785 2423
5 2045 2046 2047 2424
5 7222 2781 7299 2425
5 4905 4319 8114 2426
5 5975 2653 7060 2427
5 3860 3862 3951 2428
5 5587 4216 6860 2429
5 4309 3698 4310 2430
5 2406 5626 6074 2431
5 1682 1680 1687 2432
5 4878 3930 4880 2433
5 950 951 952 2434
5 1345 1542 6209 2435
5 2882 4657 8421 2436
5 6961 4801 8441 2437
5 2323 2322 5448 2438
5 5608 2120 6262 2439
5 6702 4864 7183 2440
5 5632 1280 6368 2441
5 8323 5232 8580 2442
5 3534 3511 5194 2443
5 2843 2842 3392 2444
5 3343 3046 3344 2445
5 4685 4683 6057 2446
5 1173 1181 1183 2447
5 1224 1225 1250 2448
5 1414 3145 4361 2449
5 2796 2769 2889 2450
5 6636 2522 6740 2451
5 5218 5045 5732 2452
5 2001 1905 2209 2453
5 886 905 5659 2454
5 1930 5109 7686 2455
5 7704 4220 7827 2456
5 4066 4561 4563 2457
5 2303 5381 8533 2458
5 1245 1248 1254 2459
5 3561 3560 3562 2460
5 3045 5637 7316 2461
5 2270 2614 2954 2462
5 4656 5567 8015 2463
5 4733 4734 4735 2464
5 1287 1340 2624 2465
5 3354 2915 3511 2466
5 6671 3664 8532 2467
5 5771 6884 7794 2468
5 2506 2505 2507 2469
5 4142 4220 4409 2470
5 2054 2057 5071 2471
5 1555 5844 6373 2472
5 943 947 948 2473
5 3412 3390 3702 2474
5 4296 4298 4299 2475
5 3947 3946 4936 2476
5 3116 3118 3123 2477
5 5384 2116 8396 2478
5 4665 6820 6821 2479
5 1441 5412 6358 2480
5 3887 5625 7380 2481
5 4078 3916 4079 2482
5 3073 5504 7334 2483
5 5525 7404 7423 2484
5 952 953 1145 2485
5 5440 1001 7038 2486
5 5013 5015 5023 2487
5 1836 6783 7193 2488
5 4997 4981 5138 2489
5 5267 5265 5570 2490
5 1756 1754 1826 2491
5 3776 3777 4259 2492
5 3116 3123 5469 2493
5 5102 4955 5103 2494
5 5253 3769 5629 2495
5 2337 2336 3890 2496
5 4137 5102 5104 2497
5 4550 4554 5552 2498
5 4465 4094 4466 2499
5 1192 1191 1205 2500
5 3100 3103 5115 2501
5 900 5312 5926 2502
5 6937 4358 7572 2503
5 2898 2897 3390 2504
5 3867 3868 3869 2505
5 1658 1653 1696 2506
5 4252 6391 7132 2507
5 2099 2097 2476 2508
5 2077 2079 4061 2509
5 1544 1341 1545 2510
5 863 5692 5693 2511
5 5747 6198 7797 2512
5 5807 4068 8142 2513
5 4209 5983 5984 2514
5 3957 3757 4660 2515
5 2855 5345 6878 2516
5 4126 4122 4127 2517
5 5900 5953 8082 2518
5 3166 4610 5670 2519
5 2979 2981 2982 2520
5 4300 4301 4302 2521
5 1977 1976 2336 2522
5 2909 6732 7442 2523
5 2261 2259 5096 2524
5 3164 3163 3820 2525
5 3233 3239 3240 2526
5 5017 5011 5019 2527
5 5004 5487 6095 2528
5 4063 4833 7683 2529
5 4934 3734 4935 2530
5 5072 5071 8322 2531
5 4096 5605 7948 2532
5 4934 4935 5412 2533
5 4845 4847 4850 2534
5 1949 1950 1951 2535
5 2924 2662 5010 2536
5 3347 2515 3510 2537
5 5251 3453 5252 2538
5 2931 5260 6829 2539
5 4603 3770 8491 2540
5 5016 5026 5635 2541
5 2962 1491 5438 2542
5 3366 3213 3849 2543
5 3216 3214 3666 2544
5 3437 3436 3757 2545
5 2093 2277 5218 2546
5 1387 1391 1512 2547
5 5533 5534 5538 2548
5 1705 1704 1712 2549
5 2327 2329 4568 2550
5 3865 3863 7072 2551
5 5191 714 7951 2552
5 6010 1510 6585 2553
5 4795 1694 4796 2554
5 2091 2093 2095 2555
5 2250 4723 8084 2556
5 4451 4450 6594 2557
5 2662 2629 2896 2558
5 3043 2825 3044 2559
5 4129 4506 4776 2560
5 3967 5147 7867 2561
5 5086 5085 5087 2562
5 1607 1605 4795 2563
5 2824 2601 2825 2564
5 5702 2107 8182 2565
5 4157 4156 5368 2566
5 3619 3005 3620 2567
5 1946 1945 6245 2568
5 2325 2584 5448 2569
5 4966 4322 5643 2570
5 5450 7266 7269 2571
5 4653 4871 7707 2572
5 5392 912 6188 2573
5 1300 5309 8488 2574
5 4703 4471 8537 2575
5 1162 1100 5229 2576
5 926 927 928 2577
5 3648 3245 3748 2578
5 2372 5986 6672 2579
5 3662 3459 4462 2580
5 1764 1762 1765 2581
5 3061 3063 6021 2582
5 2203 2191 5450 2583
5 2061 2063 2343 2584
5 2986 2212 2987 2585
5 5548 861 5550 2586
5 5498 4215 6098 2587
5 3959 3960 6269 2588
5 3888 4584 8434 2589
5 5321 2362 8579 2590
5 3669 3440 4973 2591
5 1287 1288 1340 2592
5 3749 4369 4370 2593
5 3214 3215 5205 2594
5 4759 5069 7515 2595
5 3496 2988 3579 2596
5 5407 6160 6161 2597
5 1663 5220 8365 2598
5 1012 1020 5722 2599
5 4945 5617 5705 2600
5 6790 2569 7766 2601
5 1896 987 3416 2602
5 5294 5291 5295 2603
5 6777 4581 8440 2604
5 4809 6768 7932 2605
5 856 6364 8353 2606
5 7597 4085 8478 2607
5 2889 2769 3203 2608
5 7463 5658 8220 2609
5 1752 1732 1753 2610
5 866 818 5659 2611
5 3506 2903 3507 2612
5 2532 2531 2533 2613
5 3260 3158 3880 2614
5 1173 1183 5745 2615
5 3517 3516 3986 2616
5 3987 3986 4870 2617
5 3472 3187 3822 2618
5 2510 2888 6091 2619
5 2609 3837 7011 2620
5 4502 5677 7537 2621
5 2649 1666 3769 2622
5 4977 4978 4982 2623
5 1687 5814 8425 2624
5 3472 4689 5754 2625
5 2504 1325 2505 2626
5 4847 3072 8414 2627
5 2331 2333 5223 2628
5 3208 6943 7977 2629
5 2851 2680 2852 2630
5 897 5734 8231 2631
5 4471 5825 8537 2632
5 3670 3669 4468 2633
5 3864 3866 3867 2634
5 3039 4547 4548 2635
5 4554 4555 7140 2636
5 1978 5445 5447 2637
5 3193 3369 4400 2638
5 5107 1655 5108 2639
5 5168 5167 5169 2640
5 5462 6253 7782 2641
5 1255 1265 4767 2642
5 2114 2111 4974 2643
5 5817 5816 6076 2644
5 5865 856 8353 2645
5 5108 1655 5435 2646
5 4927 5255 6422 2647
5 4086 4088 8449 2648
5 1773 1725 1774 2649
5 3445 3440 3669 2650
5 5574 3894 5628 2651
5 4181 3932 5771 2652
5 3883 1345 6209 2653
5 5143 5141 5572 2654
5 4628 4626 5352 2655
5 906 904 5562 2656
5 1402 1400 5532 2657
5 3538 4257 4258 2658
5 1531 2596 5837 2659
5 2283 2179 6106 2660
5 3111 3113 3115 2661
5 6549 6411 7706 2662
5 5318 5481 8216 2663
5 923 924 926 2664
5 1493 1501 5438 2665
5 3801 4930 8108 2666
5 3655 4832 5192 2667
5 2604 5436 6893 2668
5 2273 2874 4295 2669
5 4548 4550 4551 2670
5 1898 1859 2084 2671
5 1736 1857 1859 2672
5 1255 1264 1265 2673
5 1870 1741 5790 2674
5 2691 2689 5119 2675
5 2095 5732 8467 2676
5 1894 4800 4802 2677
5 3697 3374 3698 2678
5 5071 2074 5369 2679
5 6622 6621 8325 2680
5 4521 6664 7034 2681
5 5369 3414 8322 2682
5 3402 3404 4289 2683
5 5696 5691 8258 2684
5 4361 3145 7206 2685
5 1641 1639 3602 2686
5 4386 4388 5285 2687
5 5041 5042 5065 2688
5 2510 2164 2888 2689
5 3666 5205 5206 2690
5 1700 1734 1736 2691
5 1641 3602 3603 2692
5 4188 3532 4189 2693
5 2177 2006 2178 2694
5 3291 3290 3292 2695
5 5350 1690 5847 2696
5 3591 1250 4931 2697
5 1598 6632 7798 2698
5 2026 1900 2571 2699
5 4480 3709 5402 2700
5 4468 3669 5348 2701
5 2981 2978 7446 2702
5 3380 3878 5128 2703
5 2014 2160 7303 2704
5 5427 5258 7983 2705
5 2602 5234 6466 2706
5 1951 1952 1953 2707
5 4201 2711 7273 2708
5 926 924 927 2709
5 4680 6075 6339 2710
5 4866 4865 4867 2711
5 2057 2059 2074 2712
5 4572 4574 5561 2713
5 3957 6138 7055 2714
5 3507 3509 3955 2715
5 2869 6212 7388 2716
5 3400 3402 4908 2717
5 4826 5821 8499 2718
5 5664 1261 6511 2719
5 3240 3241 3242 2720
5 3765 3293 4198 2721
5 1327 5727 6122 2722
5 943 937 947 2723
5 3633 3529 4476 2724
5 4921 5314 7811 2725
5 5461 4421 5462 2726
5 3310 3943 3944 2727
5 5249 1661 7243 2728
5 3087 3088 3107 2729
5 1617 5142 8341 2730
5 559 1258 5770 2731
5 822 823 6034 2732
5 854 5556 5557 2733
5 2050 2051 5806 2734
5 2480 5561 6362 2735
5 3511 3512 3959 2736
5 5603 5602 6645 2737
5 1454 5499 8212 2738
5 2634 2879 2880 2739
5 5357 5355 7654 2740
5 5563 6460 6477 2741
5 4451 6595 7992 2742
5 3591 5755 7371 2743
5 1898 2084 4957 2744
5 3366 3849 5162 2745
5 3084 3087 6604 2746
5 3416 5566 7667 2747
5 2681 2680 2851 2748
5 2833 2834 3214 2749
5 3378 3379 3380 2750
5 3300 3377 3378 2751
5 1463 1462 5263 2752
5 3569 3568 3570 2753
5 5149 3806 5150 2754
5 1729 1252 6647 2755
5 2979 3194 6015 2756
5 6530 5854 7095 2757
5 3583 2514 4907 2758
5 2271 2272 2273 2759
5 3322 3324 5261 2760
5 1632 1630 1698 2761
5 1250 1251 1522 2762
5 4926 4917 8062 2763
5 1731 6073 7224 2764
5 886 820 903 2765
5 3247 6780 7120 2766
5 5923 5169 7896 2767
5 3054 3459 3662 2768
5 3952 3645 4912 2769
5 5831 2130 8167 2770
5 3106 3105 5568 2771
5 947 937 5724 2772
5 948 947 949 2773
5 3094 3097 6754 2774
5 3230 3232 3234 2775
5 1586 1584 5126 2776
5 923 921 924 2777
5 1524 5657 6118 2778
5 1126 5547 6819 2779
5 4172 3633 5349 2780
5 4796 4797 4798 2781
5 5317 4969 5318 2782
5 6887 4634 8180 2783
5 2696 2691 5119 2784
5 4558 5092 7882 2785
5 3279 3285 3575 2786
5 3595 3574 3596 2787
5 5251 5252 5410 2788
5 2057 2074 5071 2789
5 2127 2125 5098 2790
5 2902 2533 3248 2791
5 3577 4054 4055 2792
5 2954 2955 2956 2793
5 4299 4304 4305 2794
5 4671 7290 7966 2795
5 5308 2504 8462 2796
5 3688 3687 3689 2797
5 1582 1580 5101 2798
5 6080 5846 6760 2799
5 3265 3660 3810 2800
5 1224 3591 5322 2801
5 3208 3206 6943 2802
5 3393 3938 4219 2803
5 1184 5391 8293 2804
5 5293 5292 7742 2805
5 2507 2508 2541 2806
5 5397 4710 6049 2807
5 5122 2598 8513 2808
5 1762 5242 8209 2809
5 1253 1730 6403 2810
5 5156 5154 5157 2811
5 3195 3305 3306 2812
5 4291 4489 6255 2813
5 5091 5082 5437 2814
5 3579 3580 4290 2815
5 4981 4979 5116 2816
5 3832 3822 5387 2817
5 2083 2383 5542 2818
5 7274 5718 7354 2819
5 4423 5382 7976 2820
5 6320 4161 7386 2821
5 1632 1698 1700 2822
5 5566 4424 7667 2823
5 3145 1412 4865 2824
5 1977 2336 2337 2825
5 5594 3337 5595 2826
5 4075 5517 7481 2827
5 5162 3849 5420 2828
5 1953 1954 1955 2829
5 4611 4612 8260 2830
5 2064 2062 6542 2831
5 985 987 1896 2832
5 2181 2179 2283 2833
5 5292 3599 6084 2834
5 5810 6179 6379 2835
5 1684 1682 1691 2836
5 6255 4489 6256 2837
5 1056 1054 6153 2838
5 2843 3392 3393 2839
5 3614 1535 5646 2840
5 2729 2730 2915 2841
5 2727 2964 5366 2842
5 6117 4653 7707 2843
5 3126 4805 8412 2844
5 3437 3757 3957 2845
5 1295 1296 6122 2846
5 6403 4218 7353 2847
5 4997 5138 8504 2848
5 1574 1572 5107 2849
5 2888 6090 6091 2850
5 6243 2855 8235 2851
5 3324 3326 4251 2852
5 5139 3824 6364 2853
5 5035 5037 5171 2854
5 4508 4907 5249 2855
5 1466 1463 7548 2856
5 4879 6381 7509 2857
5 5478 7013 8489 2858
5 3398 3400 3985 2859
5 4539 3274 5441 2860
5 5729 4656 8015 2861
5 2876 7222 8499 2862
5 3890 6878 8074 2863
5 5310 5215 7281 2864
5 4411 3311 5806 2865
5 3363 4626 4628 2866
5 5042 5044 5284 2867
5 4976 4977 4979 2868
5 4708 4716 6049 2869
5 3920 4450 4451 2870
5 2780 3213 3366 2871
5 5390 4765 6896 2872
5 2541 2542 2897 2873
5 1670 5376 6861 2874
5 1183 1189 1190 2875
5 1381 4448 8487 2876
5 1420 5533 5539 2877
5 2107 2105 2335 2878
5 3974 4066 4676 2879
5 2648 5475 5578 2880
5 4502 4500 5677 2881
5 1621 1619 1689 2882
5 5142 5141 5143 2883
5 4483 4325 6939 2884
5 3878 3879 4594 2885
5 3735 3412 5432 2886
5 5481 1440 8216 2887
5 3039 4548 5950 2888
5 3946 5523 8554 2889
5 5997 4518 6267 2890
5 5052 5054 5063 2891
5 2051 2054 2066 2892
5 4264 5262 5558 2893
5 4362 3662 5233 2894
5 5088 5087 5089 2895
5 1857 1981 5326 2896
5 5218 2277 5411 2897
5 5499 6483 8540 2898
5 3237 3707 4404 2899
5 1333 1341 1544 2900
5 2460 6408 6452 2901
5 5486 5003 8249 2902
5 5612 4876 6999 2903
5 5828 3584 8019 2904
5 4159 3616 4946 2905
5 5505 2149 6305 2906
5 5385 5261 5386 2907
5 1551 1552 5849 2908
5 3054 2870 3459 2909
5 5612 1189 6679 2910
5 2970 2511 6510 2911
5 3822 3823 4445 2912
5 5905 4005 7157 2913
5 2727 2725 2964 2914
5 2795 3458 5675 2915
5 3679 3678 3680 2916
5 1981 2225 3300 2917
5 5148 883 7869 2918
5 5434 1611 8546 2919
5 4936 3946 8554 2920
5 928 929 930 2921
5 4109 4138 8111 2922
5 1857 1858 1981 2923
5 2780 2717 3213 2924
5 3396 3398 5136 2925
5 2683 2681 5419 2926
5 5013 5014 5015 2927
5 5238 5239 5240 2928
5 7201 5897 8082 2929
5 2111 2109 2653 2930
5 1689 5144 5145 2931
5 4759 5068 5069 2932
5 5378 3706 5379 2933
5 1560 1558 1657 2934
5 1681 1680 1682 2935
5 4830 1777 8437 2936
5 3144 3309 3310 2937
5 5037 5041 5171 2938
5 2549 2550 2842 2939
5 2331 5223 8125 2940
5 5044 5047 5284 2941
5 5014 2896 5785 2942
5 6779 2544 7963 2943
5 2956 3185 3186 2944
5 1451 1445 1452 2945
5 1476 1474 1478 2946
5 4895 2199 4896 2947
5 1305 1306 1325 2948
5 4083 4086 5346 2949
5 4581 5772 8440 2950
5 5658 5703 8220 2951
5 4999 4997 5375 2952
5 2713 2709 3436 2953
5 3733 3734 4934 2954
5 5282 3840 6687 2955
5 3186 3551 3552 2956
5 2705 2703 3163 2957
5 2187 2186 5752 2958
5 3552 3917 3918 2959
5 3739 5329 5330 2960
5 3985 4953 6284 2961
5 2200 2199 2201 2962
5 5075 3415 7366 2963
5 5040 5066 8418 2964
5 4276 7324 8027 2965
5 3384 3749 4077 2966
5 2088 2089 2091 2967
5 3390 3453 5251 2968
5 5628 4056 8201 2969
5 3904 3906 4410 2970
5 3164 3820 3978 2971
5 4897 4743 7586 2972
5 5344 3877 7320 2973
5 2879 3217 3265 2974
5 3059 3061 3062 2975
5 3961 5762 7474 2976
5 1981 1982 2225 2977
5 2116 2760 8396 2978
5 3655 3644 4832 2979
5 2713 3436 3437 2980
5 8506 6848 8602 2981
5 3880 3881 4261 2982
5 5702 4994 7060 2983
5 3369 3358 3370 2984
5 1145 1146 1173 2985
5 3923 3667 5219 2986
5 4265 7435 7436 2987
5 1233 6134 7888 2988
5 4498 4496 5340 2989
5 4876 5612 6679 2990
5 4995 4991 6170 2991
5 7331 1715 7412 2992
5 1183 2755 5745 2993
5 1544 1545 1546 2994
5 863 707 5692 2995
5 3265 3513 3660 2996
5 2116 2114 2760 2997
5 2576 2574 3000 2998
5 2634 2830 2879 2999
5 1472 1466 1473 3000
5 5203 5204 6954 3001
5 4634 4635 4636 3002
5 5648 5647 5649 3003
5 1070 1072 4317 3004
5 4068 5442 5444 3005
5 4823 4821 4829 3006
5 3946 4267 5523 3007
5 3534 5194 5195 3008
5 3496 4773 5797 3009
5 5083 5086 5437 3010
5 6867 4702 7623 3011
5 3274 2636 5441 3012
5 993 1976 1977 3013
5 5303 7610 7681 3014
5 6169 2543 7117 3015
5 4774 3581 4892 3016
5 3260 3880 3922 3017
5 934 932 935 3018
5 3782 5817 6076 3019
5 3354 3511 3534 3020
5 3331 4855 4856 3021
5 3660 3661 4240 3022
5 2699 2580 3158 3023
5 905 904 906 3024
5 2898 3390 3412 3025
5 2428 6065 6067 3026
5 1605 1603 1694 3027
5 6878 3890 7524 3028
5 3100 3102 3103 3029
5 3406 4939 4940 3030
5 1720 1710 1722 3031
5 5383 4809 7932 3032
5 1274 1276 1277 3033
5 2121 2118 2785 3034
5 1447 5688 6444 3035
5 2549 2842 2843 3036
5 5534 5532 5535 3037
5 3210 5164 6029 3038
5 4794 4792 7498 3039
5 2506 2507 2509 3040
5 5219 3667 8579 3041
5 2705 3163 3164 3042
5 1827 3057 4756 3043
5 5589 1240 5590 3044
5 5286 3632 8442 3045
5 2348 2346 3187 3046
5 5225 1330 5226 3047
5 3444 2904 7033 3048
5 4634 4636 8180 3049
5 793 861 5548 3050
5 3922 3880 6207 3051
5 5663 3865 7072 3052
5 6208 4261 7325 3053
5 1054 3723 6153 3054
5 2528 2201 2529 3055
5 2263 2261 2966 3056
5 1233 1235 6134 3057
5 5367 3643 8372 3058
5 1106 1108 1139 3059
5 1480 1478 5887 3060
5 4813 3508 4814 3061
5 4637 4635 7549 3062
5 5838 4900 6692 3063
5 1689 5145 5146 3064
5 1596 1594 1665 3065
5 5512 2358 6282 3066
5 3453 5358 7471 3067
5 1601 1596 5268 3068
5 1566 1564 1656 3069
5 7206 3145 7457 3070
5 3130 3132 5118 3071
5 4865 1408 8420 3072
5 2205 947 5724 3073
5 5637 3045 6752 3074
5 3562 3651 7684 3075
5 2259 2257 2848 3076
5 5469 5466 5470 3077
5 3175 3594 5153 3078
5 985 986 987 3079
5 2283 6106 7863 3080
5 4928 4239 6899 3081
5 7531 4326 7770 3082
5 2693 2691 2696 3083
5 2537 2010 7047 3084
5 5255 5256 8380 3085
5 3710 5948 7320 3086
5 3820 4458 4459 3087
5 1808 1809 1837 3088
5 4136 5604 5606 3089
5 2150 2147 2876 3090
5 1224 1250 3591 3091
5 2145 2143 2781 3092
5 5147 3967 6898 3093
5 3321 5798 7988 3094
5 2125 2123 2811 3095
5 3205 3230 5282 3096
5 2976 2979 6015 3097
5 4654 4653 5726 3098
5 5156 5157 5165 3099
5 5018 5017 5020 3100
5 3326 3353 5331 3101
5 1546 1547 1548 3102
5 2865 5885 5936 3103
5 5634 6512 7996 3104
5 5012 5011 5017 3105
5 5643 4321 7722 3106
5 2886 2887 2989 3107
5 2130 2127 2850 3108
5 4102 4954 7957 3109
5 5054 5059 5063 3110
5 3978 6298 7333 3111
5 1445 1443 5477 3112
5 2155 2153 2988 3113
5 3857 3846 3858 3114
5 5127 4533 7731 3115
5 1584 1582 1928 3116
5 2141 2138 2756 3117
5 2689 2687 2849 3118
5 2917 4869 8574 3119
5 7813 5500 8160 3120
5 6263 3899 7490 3121
5 4903 4904 4948 3122
5 4494 4322 4966 3123
5 1588 1586 1666 3124
5 3673 3672 3674 3125
5 1955 1956 1957 3126
5 3837 6648 8156 3127
5 5909 4618 8359 3128
5 3152 3275 8401 3129
5 4736 4726 4737 3130
5 1871 1517 1872 3131
5 1178 1078 6811 3132
5 3472 3822 3832 3133
5 854 720 5556 3134
5 5233 4462 7929 3135
5 5027 5030 5664 3136
5 3867 3941 4294 3137
5 3790 5984 5985 3138
5 1580 1578 1660 3139
5 1576 1574 1930 3140
5 2768 2695 2769 3141
5 3730 5861 7244 3142
5 3171 5155 8551 3143
5 2079 3220 7945 3144
5 1205 1191 1207 3145
5 1965 1966 1971 3146
5 5499 3943 8212 3147
5 1704 1693 4787 3148
5 1572 1570 1655 3149
5 4981 5116 5138 3150
5 2134 2132 2903 3151
5 5218 5411 8072 3152
5 6734 3912 6735 3153
5 1808 2018 4535 3154
5 1962 1963 1965 3155
5 7048 5934 7114 3156
5 6269 3960 7311 3157
5 3600 5227 5257 3158
5 3094 3096 3097 3159
5 2091 2092 2093 3160
5 950 949 951 3161
5 4558 4559 5092 3162
5 3645 4264 4912 3163
5 3932 5129 7660 3164
5 6547 4759 7515 3165
5 3062 3105 3106 3166
5 5024 5014 5785 3167
5 1959 1960 1962 3168
5 1283 1286 1287 3169
5 3659 4480 4481 3170
5 1558 1556 4944 3171
5 2729 2915 3354 3172
5 3944 3943 5499 3173
5 1548 1549 1550 3174
5 3138 3139 3140 3175
5 2541 2897 2898 3176
5 5087 5085 5988 3177
5 2699 3158 3260 3178
5 2504 2505 2506 3179
5 1538 5715 7415 3180
5 4473 4471 4703 3181
5 1522 1523 1748 3182
5 1957 1958 1959 3183
5 993 994 1976 3184
5 4616 4133 8385 3185
5 5342 3801 8108 3186
5 2093 2094 2277 3187
5 4013 4015 6013 3188
5 2563 3322 5385 3189
5 4977 4982 5135 3190
5 910 911 912 3191
5 1948 1961 1967 3192
5 3460 4421 5461 3193
5 5175 1997 7823 3194
5 3671 5639 7242 3195
5 4989 4995 6690 3196
5 1173 1174 1181 3197
5 5761 5502 6780 3198
5 2043 2045 3600 3199
5 5511 5028 5979 3200
5 5015 5016 5635 3201
5 3062 3137 6017 3202
5 1020 1023 5722 3203
5 5430 1975 5431 3204
5 1436 1430 8379 3205
5 4496 4046 5341 3206
5 1841 6687 7738 3207
5 4989 4991 4995 3208
5 2118 2116 5384 3209
5 2742 2744 4881 3210
5 2410 5349 8098 3211
5 1971 1972 2014 3212
5 5048 5050 5288 3213
5 1550 1551 1553 3214
5 1837 1838 1844 3215
5 1535 1541 5646 3216
5 4180 4971 6457 3217
5 2097 2090 5066 3218
5 1717 1923 5974 3219
5 2107 2335 8182 3220
5 6468 6399 8350 3221
5 4038 5630 5631 3222
5 3360 3383 3384 3223
5 2433 6473 6885 3224
5 5182 4317 5183 3225
5 2989 2990 3151 3226
5 2686 2683 5419 3227
5 3642 3641 3643 3228
5 5925 2150 8195 3229
5 2273 2274 2438 3230
5 3716 5610 6802 3231
5 5080 5081 5082 3232
5 3648 4059 4443 3233
5 2191 2190 5450 3234
5 1553 1554 1556 3235
5 2663 2662 2924 3236
5 3234 3235 3236 3237
5 5632 3973 7387 3238
5 1317 5360 5361 3239
5 2452 1818 5781 3240
5 4597 1970 5604 3241
5 5621 1555 6365 3242
5 2014 2015 2160 3243
5 2014 7303 7851 3244
5 5185 2695 8224 3245
5 2445 7362 7735 3246
5 5047 5048 6369 3247
5 2068 2104 2105 3248
5 5289 4147 7227 3249
5 6375 6377 7924 3250
5 3122 4650 4651 3251
5 1797 3205 4873 3252
5 2438 2439 2594 3253
5 3496 3579 3581 3254
5 4708 4706 4716 3255
5 4527 3631 4528 3256
5 4468 5348 5482 3257
5 4715 4713 4717 3258
5 2030 5407 7418 3259
5 1896 3416 4838 3260
5 2980 3010 3011 3261
5 903 871 5328 3262
5 3849 4401 4557 3263
5 7186 4333 7396 3264
5 4796 4798 5286 3265
5 5627 3708 6129 3266
5 1844 1845 1851 3267
5 2052 2067 2068 3268
5 1041 1171 5401 3269
5 1797 1798 1803 3270
5 1619 1617 5144 3271
5 1765 1762 8209 3272
5 5341 4045 7692 3273
5 3309 3142 4355 3274
5 4911 4228 5788 3275
5 3216 3666 3667 3276
5 2542 2783 5358 3277
5 5440 7038 8045 3278
5 930 931 932 3279
5 2104 3312 5403 3280
5 5978 2208 8604 3281
5 6635 5241 7497 3282
5 2047 2050 2052 3283
5 6132 2466 6493 3284
5 2348 3187 3472 3285
5 5306 4219 7265 3286
5 3693 4613 8252 3287
5 5313 900 7494 3288
5 1578 1576 4905 3289
5 1830 1875 1876 3290
5 2492 6541 7790 3291
5 3233 3243 4604 3292
5 4772 4771 7978 3293
5 5054 5058 5059 3294
5 3312 3314 3316 3295
5 4425 3858 8448 3296
5 4858 4859 7018 3297
5 3395 4156 4157 3298
5 2433 5810 6379 3299
5 2043 1554 2044 3300
5 1333 1334 1341 3301
5 5352 4626 5354 3302
5 5410 6143 6795 3303
5 3121 7216 7784 3304
5 2111 2653 4974 3305
5 4751 1743 4752 3306
5 1564 1562 4938 3307
5 5044 5046 5047 3308
5 1322 5225 5315 3309
5 2160 2162 2206 3310
5 5282 3234 7422 3311
5 2259 2848 5096 3312
5 2685 2683 2686 3313
5 5094 3810 5834 3314
5 1255 4767 8286 3315
5 3940 2044 5849 3316
5 3190 3189 3191 3317
5 5368 998 6288 3318
5 2838 2839 5813 3319
5 2750 2752 2833 3320
5 975 978 2338 3321
5 3270 2917 8574 3322
5 3302 3130 5118 3323
5 3506 4812 5818 3324
5 5221 5222 7733 3325
5 5128 3878 5512 3326
5 4038 5631 5835 3327
5 6495 3872 6588 3328
5 2649 3769 3771 3329
5 4303 4334 4335 3330
5 4774 4892 4893 3331
5 1570 1568 4763 3332
5 1330 1331 1333 3333
5 1296 1298 1327 3334
5 867 6633 7951 3335
5 1639 1635 5259 3336
5 3955 5965 8030 3337
5 2194 2191 2203 3338
5 3293 3292 3294 3339
5 1353 4749 8354 3340
5 6120 1457 7991 3341
5 1605 1694 4795 3342
5 919 5189 5577 3343
5 4349 4188 6569 3344
5 4177 4174 5758 3345
5 2050 2048 2051 3346
5 3314 3313 3315 3347
5 936 935 937 3348
5 3312 3311 3313 3349
5 3395 3315 3396 3350
5 6032 4211 6462 3351
5 2630 2629 2662 3352
5 2164 2026 8242 3353
5 3579 4290 5134 3354
5 4959 2103 7143 3355
5 6315 2400 6469 3356
5 1428 1429 1430 3357
5 1943 1945 1946 3358
5 5442 3718 5443 3359
5 1305 1325 2504 3360
5 2814 2815 2881 3361
5 2047 2046 2048 3362
5 2206 2207 2558 3363
5 4849 5747 6513 3364
5 3506 3507 3508 3365
5 3238 3237 8447 3366
5 3175 3177 3594 3367
5 3666 5206 5321 3368
5 2104 2067 3311 3369
5 3236 3237 3238 3370
5 1762 1756 5242 3371
5 1292 1294 1295 3372
5 2833 3214 3216 3373
5 5872 4260 7608 3374
5 4304 4766 6096 3375
5 1324 1330 5225 3376
5 3206 2285 6758 3377
5 2656 2657 2814 3378
5 1005 5420 8205 3379
5 1551 1549 1552 3380
5 3090 3092 3093 3381
5 5081 1388 8021 3382
5 3788 5509 5915 3383
5 5583 4245 5584 3384
5 5995 1179 6749 3385
5 2045 2044 2046 3386
5 5420 1005 6235 3387
5 1768 1769 1789 3388
5 3177 3179 5149 3389
5 5640 2561 5781 3390
5 1029 1031 1058 3391
5 4651 4655 6021 3392
5 2558 2559 2656 3393
5 1047 1070 5182 3394
5 1074 6714 7231 3395
5 3210 3208 5164 3396
5 4341 4540 5391 3397
5 2348 3472 5754 3398
5 1703 1693 1704 3399
5 2732 2734 2878 3400
5 5037 5039 5041 3401
5 5033 5035 5057 3402
5 2020 2227 2228 3403
5 4701 1418 8270 3404
5 1766 1827 1828 3405
5 4105 4140 8569 3406
5 4651 4653 4654 3407
5 5810 5809 7614 3408
5 4656 5079 5567 3409
5 4954 4105 8569 3410
5 1300 1302 5308 3411
5 799 873 5673 3412
5 3171 3173 3174 3413
5 1024 1027 7346 3414
5 5066 2090 5067 3415
5 1318 1320 1326 3416
5 1716 1861 5853 3417
5 1474 1473 7175 3418
5 7264 4843 7987 3419
5 1969 2019 2020 3420
5 2736 2738 2805 3421
5 732 856 5865 3422
5 5209 6839 7626 3423
5 4803 5376 8456 3424
5 3507 3955 5130 3425
5 4031 4013 6013 3426
5 1098 1162 8265 3427
5 982 985 5197 3428
5 1435 1436 1437 3429
5 5433 3702 5434 3430
5 5349 4476 8098 3431
5 4138 4111 7984 3432
5 2155 2988 3496 3433
5 2740 2742 2748 3434
5 4934 5412 7602 3435
5 4362 5233 7765 3436
5 4846 4851 5688 3437
5 4181 6808 8509 3438
5 4813 4814 4815 3439
5 2185 2183 2186 3440
5 3402 4289 4908 3441
5 2744 2746 2749 3442
5 6400 5557 6401 3443
5 1314 1316 1317 3444
5 3181 3479 5180 3445
5 7279 4259 8078 3446
5 2723 2720 5565 3447
5 3785 4698 4699 3448
5 4821 4818 5530 3449
5 3994 5819 7270 3450
5 1967 1968 1969 3451
5 3179 3181 3806 3452
5 6457 4971 7288 3453
5 1252 3780 6647 3454
5 2482 1253 6403 3455
5 2201 4895 8300 3456
5 2130 2850 8167 3457
5 998 5573 6226 3458
5 886 904 905 3459
5 3906 3908 5188 3460
5 6708 5552 7140 3461
5 4124 4115 7881 3462
5 2338 978 6706 3463
5 3704 3705 4341 3464
5 1789 1790 1841 3465
5 2125 2811 5098 3466
5 928 927 929 3467
5 4453 3509 5831 3468
5 3998 5600 6558 3469
5 1630 1628 5644 3470
5 4930 3763 5390 3471
5 982 984 985 3472
5 5093 6972 7917 3473
5 5011 5010 5374 3474
5 1588 1666 2649 3475
5 5853 5854 6530 3476
5 5845 5236 6792 3477
5 4444 5653 7861 3478
5 3415 6039 6040 3479
5 4314 5456 7866 3480
5 2099 2476 5511 3481
5 2679 2677 2680 3482
5 1584 1928 5126 3483
5 4640 4638 7408 3484
5 2783 3169 3170 3485
5 6795 6143 7454 3486
5 1756 1826 5242 3487
5 2744 2749 4881 3488
5 3737 5360 6670 3489
5 1940 6230 7205 3490
5 7318 1824 7383 3491
5 2552 2554 2729 3492
5 5677 5513 6234 3493
5 2096 2090 2097 3494
5 4856 5173 5174 3495
5 861 5852 8507 3496
5 4098 4137 5105 3497
5 1580 1660 5101 3498
5 4921 4920 7346 3499
5 2320 2322 2323 3500
5 1502 1505 1506 3501
5 1713 1714 1727 3502
5 3311 2067 5806 3503
5 912 913 914 3504
5 5117 5490 8511 3505
5 7363 4704 8251 3506
5 4764 3586 8509 3507
5 6129 2539 6577 3508
5 4754 4753 5796 3509
5 3817 3904 5258 3510
5 1322 1324 5225 3511
5 2134 2903 3506 3512
5 4957 6064 6384 3513
5 1310 1312 1313 3514
5 1302 1304 1305 3515
5 4410 3906 5188 3516
5 1317 1318 5360 3517
5 1572 1655 5107 3518
5 3398 3985 5136 3519
5 1206 1205 5322 3520
5 6140 4933 7326 3521
5 3003 2987 4347 3522
5 3011 3012 3013 3523
5 1520 1521 1713 3524
5 1727 1728 1745 3525
5 2081 2083 5542 3526
5 4581 4375 5772 3527
5 5553 4788 6992 3528
5 952 951 953 3529
5 5397 4711 8342 3530
5 1493 1500 1501 3531
5 4241 4923 4924 3532
5 4799 1878 8441 3533
5 4169 5862 8159 3534
5 4572 4573 4574 3535
5 2325 2583 2584 3536
5 4713 4710 5397 3537
5 3479 3481 4068 3538
5 5872 7164 8117 3539
5 1508 1509 1520 3540
5 2100 2099 2462 3541
5 3157 3417 3704 3542
5 4042 3923 6211 3543
5 1506 1507 1508 3544
5 2783 3170 5358 3545
5 6298 5325 7333 3546
5 2226 2444 2549 3547
5 3246 3648 3649 3548
5 5261 4251 7464 3549
5 4535 2018 8090 3550
5 5027 5029 5030 3551
5 4932 2641 7375 3552
5 5852 795 7102 3553
5 2918 3270 3271 3554
5 4404 4405 7925 3555
5 2725 2723 5457 3556
5 3486 4167 4168 3557
5 994 996 5440 3558
5 3434 3631 4527 3559
5 4356 5614 6971 3560
5 6518 990 7289 3561
5 5750 5431 8535 3562
5 805 864 5679 3563
5 908 909 910 3564
5 1738 2008 5972 3565
5 6793 3877 7695 3566
5 3000 2574 8521 3567
5 5397 6049 8417 3568
5 1474 7175 7850 3569
5 4627 6416 7527 3570
5 5435 1655 8287 3571
5 3294 3297 8413 3572
5 914 915 916 3573
5 2098 2097 2099 3574
5 2145 2781 7222 3575
5 3063 3064 3065 3576
5 3084 6604 7898 3577
5 3527 3526 3528 3578
5 1482 1491 2962 3579
5 4977 4975 4978 3580
5 4038 4022 5630 3581
5 1338 1344 8143 3582
5 5948 5541 7294 3583
5 4772 6250 7979 3584
5 5071 5369 8322 3585
5 2109 2107 5702 3586
5 5515 1384 6639 3587
5 3930 4733 5708 3588
5 2327 2328 2329 3589
5 1964 4591 5718 3590
5 4401 4910 8013 3591
5 1794 4873 8305 3592
5 2584 2917 2918 3593
5 3084 3086 3087 3594
5 6457 1645 7690 3595
5 709 870 5691 3596
5 3297 3296 3298 3597
5 5700 878 5701 3598
5 2629 2463 5785 3599
5 4764 4765 7725 3600
5 1302 1305 5308 3601
5 4912 5962 6844 3602
5 1547 1862 5398 3603
5 4066 4067 4561 3604
5 5485 1341 7225 3605
5 1854 1902 1903 3606
5 988 992 993 3607
5 1994 1876 7465 3608
5 6747 5357 7654 3609
5 5020 5017 8236 3610
5 2671 2669 2779 3611
5 2497 2499 2634 3612
5 5814 1675 6123 3613
5 3941 4587 5343 3614
5 6369 5048 8339 3615
5 2189 2187 2190 3616
5 4538 3274 4539 3617
5 1764 1765 1766 3618
5 4409 4220 7704 3619
5 7051 5764 8588 3620
5 5366 2964 8170 3621
5 2066 5072 7065 3622
5 6475 4936 8554 3623
5 2313 5656 7681 3624
5 4251 3326 5331 3625
5 6232 941 7890 3626
5 1076 1078 1178 3627
5 1997 5175 6360 3628
5 996 1001 5440 3629
5 2044 1554 5849 3630
5 5980 2263 8218 3631
5 4574 4578 4620 3632
5 980 982 5197 3633
5 3123 3118 3124 3634
5 2140 6255 6256 3635
5 6037 6036 7912 3636
5 3757 4423 5325 3637
5 3059 3062 6017 3638
5 3276 3278 3279 3639
5 4680 6339 6441 3640
5 5061 5021 5208 3641
5 5330 6534 6587 3642
5 6377 6767 6768 3643
5 1722 1710 7368 3644
5 3584 3583 4507 3645
5 1552 5398 6925 3646
5 3908 3910 5117 3647
5 1452 1445 5477 3648
5 7451 4469 8071 3649
5 5678 3774 6052 3650
5 3781 4377 4695 3651
5 4153 5115 7785 3652
5 5298 3876 6509 3653
5 4749 4751 8113 3654
5 2677 2676 5554 3655
5 3271 3781 4307 3656
5 1971 2546 5289 3657
5 2675 2673 2676 3658
5 954 952 5273 3659
5 8365 4803 8456 3660
5 4190 3921 6914 3661
5 938 937 943 3662
5 3065 3066 3067 3663
5 6882 5554 7770 3664
5 904 903 5328 3665
5 1773 1774 1775 3666
5 5864 731 5865 3667
5 1502 1726 4899 3668
5 1314 1317 5362 3669
5 5655 4703 6812 3670
5 4835 3984 6696 3671
5 4561 4562 5137 3672
5 6230 3620 7204 3673
5 6473 6643 6885 3674
5 3978 3820 5529 3675
5 1560 1657 8146 3676
5 2530 2201 8300 3677
5 5569 1841 7738 3678
5 8170 2964 8548 3679
5 3013 3014 3015 3680
5 4480 5540 7706 3681
5 5302 3950 6728 3682
5 3069 3070 3071 3683
5 6058 5545 7877 3684
5 5687 3885 6700 3685
5 5619 3617 8109 3686
5 3067 3068 3069 3687
5 1096 1097 1098 3688
5 1110 1119 5459 3689
5 5348 4973 7981 3690
5 4267 4393 5653 3691
5 2960 3245 3246 3692
5 1416 4361 8376 3693
5 2802 2331 8125 3694
5 5016 5025 5026 3695
5 6246 4946 7338 3696
5 5649 5647 6651 3697
5 3886 5385 8544 3698
5 7866 5456 8094 3699
5 1614 1613 5142 3700
5 4806 6454 7842 3701
5 2155 3496 5797 3702
5 3961 5761 5762 3703
5 2220 2217 5776 3704
5 2912 1340 4596 3705
5 2405 5488 6295 3706
5 4577 4576 5563 3707
5 5682 5680 5751 3708
5 5133 5943 8022 3709
5 3666 3214 5205 3710
5 6724 2471 8108 3711
5 1270 6294 8196 3712
5 1654 1653 1658 3713
5 2278 2280 2496 3714
5 6996 4872 7133 3715
5 5375 4997 8504 3716
5 870 5697 7456 3717
5 2796 2889 2960 3718
5 5692 5691 5694 3719
5 946 49 6349 3720
5 2723 5565 7936 3721
5 3283 1757 6931 3722
5 2850 5099 6083 3723
5 4592 5260 8253 3724
5 1324 1329 1330 3725
5 3222 3224 3494 3726
5 4500 4498 5513 3727
5 2329 2330 2331 3728
5 1752 1753 1754 3729
5 3479 4068 5180 3730
5 4982 4978 4983 3731
5 4633 4634 5767 3732
5 1679 1677 1680 3733
5 3122 4651 6021 3734
5 5774 7502 7547 3735
5 6616 7820 8134 3736
5 2497 2634 5588 3737
5 1349 1350 1351 3738
5 791 888 5598 3739
5 1318 1326 5360 3740
5 3507 2903 3509 3741
5 2069 6286 7342 3742
5 5503 5711 5712 3743
5 3514 3515 3786 3744
5 4569 4571 4575 3745
5 4725 4736 5601 3746
5 3179 3806 5149 3747
5 930 932 934 3748
5 5834 2486 6494 3749
5 2963 7131 7450 3750
5 5100 1281 5359 3751
5 1673 1671 1690 3752
5 5607 5459 6759 3753
5 5974 6756 7199 3754
5 1190 1191 1192 3755
5 5969 1140 7796 3756
5 996 1000 1001 3757
5 4553 4551 5491 3758
5 7330 1665 8328 3759
5 987 988 5566 3760
5 5512 4594 8352 3761
5 5206 5205 5524 3762
5 5010 5013 8313 3763
5 1831 5399 7780 3764
5 5817 6223 6312 3765
5 2769 2695 5185 3766
5 2487 7486 7621 3767
5 2141 2756 8332 3768
5 4403 5568 5729 3769
5 5337 5336 8398 3770
5 3214 2834 3215 3771
5 3347 3510 7922 3772
5 4488 3580 5925 3773
5 5491 4551 5493 3774
5 4367 7553 7587 3775
5 2331 2332 2333 3776
5 2876 2147 7222 3777
5 5450 2190 8321 3778
5 1002 1010 1011 3779
5 2468 6520 7845 3780
5 3769 1666 3770 3781
5 4258 6183 6184 3782
5 4608 6613 7714 3783
5 1652 1651 1653 3784
5 5690 4851 7958 3785
5 4936 6475 7621 3786
5 2216 1996 5525 3787
5 1119 1121 1141 3788
5 3786 3787 3973 3789
5 714 5191 7348 3790
5 5031 5033 5769 3791
5 4775 5313 7840 3792
5 5563 4576 7094 3793
5 2924 5012 5476 3794
5 4587 4558 7882 3795
5 3015 3016 3017 3796
5 1869 5610 6353 3797
5 1750 2011 7634 3798
5 5133 4797 5943 3799
5 4620 4621 4622 3800
5 3080 3082 3083 3801
5 4154 4687 5613 3802
5 3955 3509 3956 3803
5 2322 2325 5448 3804
5 4407 4408 8175 3805
5 4868 4867 5539 3806
5 4515 5709 7566 3807
5 3509 2903 5831 3808
5 1501 1539 1540 3809
5 5115 4153 8246 3810
5 5680 807 5751 3811
5 2973 7549 7781 3812
5 2667 2665 2668 3813
5 5363 5362 5967 3814
5 4525 3794 5990 3815
5 3709 3710 3877 3816
5 4350 7960 7967 3817
5 2762 5900 6424 3818
5 3706 3704 5483 3819
5 1035 1037 1126 3820
5 7078 4564 7594 3821
5 1308 1310 5642 3822
5 2216 5525 7423 3823
5 1237 1245 5819 3824
5 4241 4924 6132 3825
5 2974 5910 8359 3826
5 3663 3662 4362 3827
5 1826 5502 5761 3828
5 4511 5303 7681 3829
5 6809 4477 7155 3830
5 5067 8047 8418 3831
5 5623 2793 5624 3832
5 850 7073 7997 3833
5 5580 5593 5798 3834
5 2016 7010 7268 3835
5 1020 1022 1023 3836
5 3152 3162 3275 3837
5 5420 4557 8205 3838
5 4051 4900 5838 3839
5 6007 5520 6048 3840
5 2065 2071 2075 3841
5 7573 5701 7619 3842
5 7910 4407 8175 3843
5 5741 3955 8030 3844
5 1886 7177 7322 3845
5 2198 2196 2199 3846
5 5819 1245 8014 3847
5 1804 1806 1808 3848
5 2785 2118 5384 3849
5 3741 3504 6666 3850
5 1540 1731 1732 3851
5 4895 4896 5637 3852
5 5416 3728 7457 3853
5 2018 4545 6391 3854
5 3625 6045 8515 3855
5 4302 4303 5299 3856
5 4259 4260 5327 3857
5 4604 3243 7895 3858
5 1377 5788 7247 3859
5 4810 5750 8535 3860
5 5542 2383 6816 3861
5 4842 4843 7264 3862
5 873 5574 5628 3863
5 4294 5343 7930 3864
5 1254 1248 1255 3865
5 2500 2501 2598 3866
5 3511 2915 3512 3867
5 4583 3569 8434 3868
5 5169 5167 7896 3869
5 6064 2084 7539 3870
5 2900 5507 7013 3871
5 6145 4007 8498 3872
5 3579 2988 3580 3873
5 2305 2307 5377 3874
5 3701 5213 7336 3875
5 5398 5088 6925 3876
5 1516 4702 8270 3877
5 4363 4362 5177 3878
5 4796 1694 4797 3879
5 3079 5316 7516 3880
5 5862 4169 7629 3881
5 1279 5825 6402 3882
5 3287 3355 3874 3883
5 907 906 908 3884
5 5484 3615 8189 3885
5 3342 2997 3626 3886
5 4480 5402 5540 3887
5 850 6187 7073 3888
5 1224 1207 1225 3889
5 4367 5880 7553 3890
5 5422 2495 8041 3891
5 6540 5114 6743 3892
5 3017 3018 3019 3893
5 3435 3119 4153 3894
5 1611 5410 6795 3895
5 1205 1224 5322 3896
5 4135 4409 8348 3897
5 1098 1099 1100 3898
5 4993 5621 6170 3899
5 5417 4868 5418 3900
5 2598 2599 2795 3901
5 1265 1264 1266 3902
5 3317 3946 3947 3903
5 4704 4703 5655 3904
5 6714 1076 8240 3905
5 2507 2505 2508 3906
5 2833 2752 2834 3907
5 3136 5739 5934 3908
5 2134 3506 5818 3909
5 3322 5261 5385 3910
5 5125 5765 8496 3911
5 4575 4576 4577 3912
5 2333 2334 2500 3913
5 2075 2076 2077 3914
5 6131 1274 8112 3915
5 2011 7092 7634 3916
5 5561 4623 6362 3917
5 2403 5725 8017 3918
5 2773 2771 6028 3919
5 1537 1531 5837 3920
5 2150 2876 8195 3921
5 3898 5345 6877 3922
5 1491 1493 5438 3923
5 3644 4524 4832 3924
5 2882 2885 2886 3925
5 5783 1930 7686 3926
5 4727 5603 7216 3927
5 6170 5621 8596 3928
5 1188 2037 6099 3929
5 6223 2290 6312 3930
5 3390 2897 3453 3931
5 3480 6670 7158 3932
5 5013 2896 5014 3933
5 4782 3512 5976 3934
5 1660 1578 4905 3935
5 943 948 7376 3936
5 3702 3390 5251 3937
5 3603 4560 5686 3938
5 1669 1664 1670 3939
5 4167 4746 8482 3940
5 889 722 5616 3941
5 1657 1558 4944 3942
5 5769 5057 5770 3943
5 3329 4352 5730 3944
5 1712 3644 3655 3945
5 5810 2433 6885 3946
5 1655 1570 4763 3947
5 4373 4853 7859 3948
5 5097 5409 5723 3949
5 3019 3020 3021 3950
5 3108 3104 3109 3951
5 3100 5115 8246 3952
5 6535 4880 7943 3953
5 4798 4797 5132 3954
5 5627 6129 6577 3955
5 3947 4936 4937 3956
5 1283 1287 8585 3957
5 2333 2958 5223 3958
5 5369 2074 5474 3959
5 3023 3024 3025 3960
5 3934 3935 6113 3961
5 6087 4659 6716 3962
5 1108 1110 5607 3963
5 1603 1601 5943 3964
5 5844 5845 6373 3965
5 5748 2167 5749 3966
5 4582 4581 4916 3967
5 2132 2130 5831 3968
5 904 5328 5562 3969
5 3959 3512 3960 3970
5 3115 3113 3116 3971
5 5539 4867 7585 3972
5 4595 5681 7468 3973
5 2225 2226 5620 3974
5 4469 4468 8071 3975
5 7960 5389 8307 3976
5 5243 3451 6136 3977
5 3775 4190 5458 3978
5 3029 3030 3031 3979
5 3365 6080 6760 3980
5 4290 3580 4291 3981
5 2768 2769 2796 3982
5 1219 1188 6099 3983
5 6701 7343 7742 3984
5 4473 4703 4704 3985
5 1024 1026 1027 3986
5 2886 3461 4657 3987
5 2329 2802 4568 3988
5 1298 1300 8488 3989
5 2676 2673 7531 3990
5 3021 3022 3023 3991
5 1656 1564 4938 3992
5 4402 4403 4960 3993
5 3174 3173 3175 3994
5 4806 3490 8412 3995
5 2374 5812 6518 3996
5 6274 2415 8504 3997
5 3481 3718 5442 3998
5 1317 1316 1318 3999
5 4076 3741 5981 4000
5 4375 4374 5772 4001
5 2628 2463 2629 4002
5 4555 4549 4556 4003
5 2307 2893 3157 4004
5 1942 1943 5237 4005
5 5584 4245 8248 4006
5 5996 4968 7230 4007
5 5083 5085 5086 4008
5 7865 4340 8104 4009
5 2153 2150 5925 4010
5 1824 1775 7383 4011
5 1996 1835 5525 4012
5 4919 4921 5497 4013
5 5812 6517 8593 4014
5 2851 3440 3445 4015
5 1677 1675 5814 4016
5 5303 4513 5304 4017
5 3938 3392 3939 4018
5 3822 3187 3823 4019
5 6016 3853 8334 4020
5 918 916 919 4021
5 3485 3366 3616 4022
5 5960 5449 5961 4023
5 2875 2870 3054 4024
5 3076 3078 3079 4025
5 3248 5575 5576 4026
5 2346 2263 5980 4027
5 4460 3289 8290 4028
5 4657 7429 8421 4029
5 3670 4468 4469 4030
5 4834 7510 8325 4031
5 5274 5273 5278 4032
5 916 917 5189 4033
5 6008 2576 8232 4034
5 1807 4567 5889 4035
5 5210 6800 8192 4036
5 1106 1139 7961 4037
5 6879 5151 7499 4038
5 4715 4717 4718 4039
5 2728 2727 2870 4040
5 2726 2725 2727 4041
5 3031 3032 3034 4042
5 5402 3877 6793 4043
5 1287 1286 1288 4044
5 4968 5316 7230 4045
5 4325 5518 6939 4046
5 1039 1041 5401 4047
5 6391 4545 6704 4048
5 1984 3774 5678 4049
5 1277 1276 1281 4050
5 910 909 911 4051
5 3139 3106 5568 4052
5 4076 5981 5982 4053
5 922 921 923 4054
5 4878 4879 8584 4055
5 4679 6595 8560 4056
5 4456 3733 4934 4057
5 1609 1610 6109 4058
5 5028 5511 6973 4059
5 2749 2746 2750 4060
5 5688 5690 6444 4061
5 1823 1821 2101 4062
5 1476 1478 1479 4063
5 5401 1171 8101 4064
5 6946 6720 7088 4065
5 5454 7817 8094 4066
5 2580 2576 6008 4067
5 3580 2988 5925 4068
5 2541 2508 2542 4069
5 827 878 5700 4070
5 2808 7214 7753 4071
5 4445 3823 4446 4072
5 5519 3308 6048 4073
5 4942 5921 6201 4074
5 5616 852 6031 4075
5 4530 7679 7835 4076
5 5196 3959 6269 4077
5 5059 5058 5060 4078
5 1794 1796 1797 4079
5 5529 4459 7821 4080
5 2816 2644 5780 4081
5 5387 4445 8129 4082
5 1824 4831 8437 4083
5 5317 5318 5319 4084
5 6308 4736 6643 4085
5 4969 4967 5481 4086
5 5887 1478 7850 4087
5 935 5307 5724 4088
5 1274 1277 8112 4089
5 4797 1694 5943 4090
5 3034 3035 3038 4091
5 920 919 921 4092
5 3735 5432 5545 4093
5 3764 7059 7065 4094
5 3445 3669 3670 4095
5 2646 3604 6729 4096
5 5340 4496 5341 4097
5 5155 5154 5156 4098
5 4656 5729 7669 4099
5 3738 3370 8436 4100
5 6177 5736 8347 4101
5 4690 3832 6469 4102
5 3170 3169 3171 4103
5 4435 4439 5636 4104
5 4158 3616 4159 4105
5 5649 4492 6965 4106
5 4517 3823 5980 4107
5 5596 5595 6577 4108
5 5152 6879 7798 4109
5 4941 4159 4942 4110
5 2724 2723 2725 4111
5 2680 2677 5554 4112
5 1967 4265 6245 4113
5 1214 1231 8375 4114
5 4381 4386 7191 4115
5 5359 1283 8585 4116
5 3521 3298 3522 4117
5 921 919 5577 4118
5 6154 3723 6155 4119
5 1295 1294 1296 4120
5 1313 1312 1314 4121
5 1720 1722 1723 4122
5 2025 4579 8312 4123
5 4045 4042 7249 4124
5 3878 3379 3879 4125
5 4416 4417 5986 4126
5 1479 1480 1481 4127
5 2266 5794 6385 4128
5 1041 1043 1171 4129
5 4433 4435 5636 4130
5 3886 6203 7795 4131
5 971 975 5800 4132
5 2495 5422 8478 4133
5 2781 2143 8332 4134
5 5017 6987 8236 4135
5 4020 4038 5652 4136
5 2217 2216 5776 4137
5 3413 3380 3529 4138
5 3460 3893 4420 4139
5 3880 3158 3881 4140
5 2880 5093 7917 4141
5 4845 3071 4847 4142
5 1931 1940 6320 4143
5 3521 3732 8378 4144
5 5138 6274 8504 4145
5 908 906 909 4146
5 4270 6889 7980 4147
5 1392 6623 8134 4148
5 5272 5735 7409 4149
5 4369 6627 7484 4150
5 4068 3481 5442 4151
5 3927 4959 7143 4152
5 1305 1304 1306 4153
5 1621 1689 5147 4154
5 2001 2209 2210 4155
5 1746 1760 1768 4156
5 2391 5461 5463 4157
5 1653 1651 7521 4158
5 4687 4688 5615 4159
5 1897 1859 1898 4160
5 4178 4177 4374 4161
5 2450 5615 6597 4162
5 4785 3786 5632 4163
5 1451 1452 1456 4164
5 3512 2915 5976 4165
5 4259 5327 8078 4166
5 5457 2723 7936 4167
5 1538 7415 8472 4168
5 5501 1753 5711 4169
5 4293 4292 5315 4170
5 2729 2554 2730 4171
5 1857 1734 1858 4172
5 1662 1659 1663 4173
5 5536 5535 7051 4174
5 1472 1473 1474 4175
5 4261 3881 4487 4176
5 5862 5861 8159 4177
5 3321 2647 5798 4178
5 5554 2676 7770 4179
5 4154 4153 4364 4180
5 5047 5046 5048 4181
5 1525 6967 8469 4182
5 1481 1484 1485 4183
5 2336 3724 6144 4184
5 5833 4985 6023 4185
5 5614 3762 6971 4186
5 3460 4420 4421 4187
5 2685 2686 2687 4188
5 7408 4638 7789 4189
5 1689 1619 5144 4190
5 5157 6632 7710 4191
5 2165 2164 2510 4192
5 4833 4834 6621 4193
5 5255 3951 5256 4194
5 5374 5010 8313 4195
5 3434 3606 3631 4196
5 3151 3152 5068 4197
5 3763 3252 7725 4198
5 2303 2305 3554 4199
5 4189 6010 8177 4200
5 1349 5080 5090 4201
5 4560 3602 4592 4202
5 6209 3886 7795 4203
5 2535 2510 2655 4204
5 3634 3633 4172 4205
5 4628 5352 5353 4206
5 1308 5642 8127 4207
5 5693 5694 5695 4208
5 4945 5257 5617 4209
5 4749 8113 8354 4210
5 6278 6756 7571 4211
5 3530 3529 3633 4212
5 3612 7248 8210 4213
5 7144 5728 8357 4214
5 4276 5783 7686 4215
5 5019 6037 6987 4216
5 3904 4410 5258 4217
5 2574 5754 8521 4218
5 7325 4261 7913 4219
5 1398 1396 1423 4220
5 1948 1967 6245 4221
5 3254 3851 3852 4222
5 5298 2970 6510 4223
5 4350 4349 5388 4224
5 1932 2167 5748 4225
5 2027 2026 2164 4226
5 5553 4789 7956 4227
5 1935 1936 1942 4228
5 5876 5877 5878 4229
5 3820 3163 4458 4230
5 5525 1835 8382 4231
5 5309 5308 5676 4232
5 2337 6726 7666 4233
5 6890 4071 7313 4234
5 4702 4701 8270 4235
5 7036 5460 8404 4236
5 4739 5809 5810 4237
5 5910 2974 7655 4238
5 2734 2736 6079 4239
5 2088 2091 8047 4240
5 968 971 5666 4241
5 2718 2717 2780 4242
5 3974 4065 4066 4243
5 5244 3626 5654 4244
5 5462 4421 6253 4245
5 3002 8323 8580 4246
5 5665 5664 6511 4247
5 1901 1900 2026 4248
5 4341 3705 4540 4249
5 5456 1246 8094 4250
5 919 916 5189 4251
5 2848 2257 8582 4252
5 4687 4364 4688 4253
5 3955 3956 5965 4254
5 1456 1462 1463 4255
5 1931 1839 1940 4256
5 5041 5039 5042 4257
5 4594 3879 5306 4258
5 5117 3910 5490 4259
5 3769 3770 5629 4260
5 5221 6199 6341 4261
5 874 5876 5878 4262
5 1899 1898 1900 4263
5 3103 3102 3104 4264
5 6086 1461 6088 4265
5 3467 4919 7037 4266
5 4295 4296 5777 4267
5 1640 1639 1641 4268
5 3072 3074 3075 4269
5 1027 1029 5314 4270
5 6375 1361 6377 4271
5 1100 1101 1102 4272
5 5537 5536 6050 4273
5 2336 1976 3724 4274
5 5082 5083 5437 4275
5 1847 2029 4965 4276
5 5030 5031 5634 4277
5 3293 3294 8413 4278
5 4507 5399 7847 4279
5 1547 1545 1862 4280
5 3704 3417 3705 4281
5 3488 3107 3489 4282
5 3823 3187 5980 4283
5 932 933 5307 4284
5 5217 6135 8184 4285
5 6833 3870 7083 4286
5 5427 1053 8459 4287
5 4753 4752 5516 4288
5 3536 925 5594 4289
5 3094 6754 8069 4290
5 6058 7877 8363 4291
5 4461 6495 6588 4292
5 5432 5433 6109 4293
5 5787 4189 7829 4294
5 2986 2987 3001 4295
5 4646 4679 6020 4296
5 5990 3794 7501 4297
5 2549 2444 2550 4298
5 1950 5553 6992 4299
5 4618 5909 6991 4300
5 4885 4887 7209 4301
5 5646 2916 5647 4302
5 8021 1388 8354 4303
5 5474 3556 8527 4304
5 5026 5664 5665 4305
5 3276 4878 8584 4306
5 3910 3913 5490 4307
5 1981 1858 1982 4308
5 6017 6671 8264 4309
5 2602 2227 5871 4310
5 1917 1919 2916 4311
5 4660 3757 5325 4312
5 5131 1162 7180 4313
5 2839 2836 5522 4314
5 1076 1178 8240 4315
5 6458 6006 7858 4316
5 3279 3930 4878 4317
5 7008 5077 8453 4318
5 3582 2514 3583 4319
5 2647 3047 5798 4320
5 2798 2028 7032 4321
5 5411 2277 7801 4322
5 2225 1982 2226 4323
5 4733 3575 4734 4324
5 5216 1731 7224 4325
5 5885 5935 6340 4326
5 4840 4842 7630 4327
5 5193 2617 8302 4328
5 1145 953 1146 4329
5 4697 4696 8161 4330
5 4924 4923 4925 4331
5 6388 4464 7839 4332
5 3757 3436 4423 4333
5 1359 1363 1715 4334
5 3055 4354 6485 4335
5 4494 4966 4967 4336
5 3873 3495 4682 4337
5 3704 4341 5483 4338
5 6448 1458 8482 4339
5 4083 5346 5422 4340
5 3076 3079 7087 4341
5 5226 7050 8480 4342
5 1882 1894 6157 4343
5 2263 2966 8218 4344
5 1631 1630 1632 4345
5 6277 5969 7796 4346
5 4417 4415 8138 4347
5 5146 5145 5739 4348
5 1659 1658 5220 4349
5 2966 5097 6082 4350
5 2483 5789 6292 4351
5 1011 1012 7374 4352
5 4003 6163 7756 4353
5 1844 2270 7788 4354
5 3632 5286 7560 4355
5 930 929 931 4356
5 912 911 913 4357
5 3265 3217 3513 4358
5 4536 3881 6008 4359
5 6416 4627 6417 4360
5 1027 1028 1029 4361
5 3554 2305 5377 4362
5 950 952 954 4363
5 4240 3661 4241 4364
5 2679 2680 2681 4365
5 2088 2086 2089 4366
5 2710 2709 2713 4367
5 1743 1357 4962 4368
5 1231 1233 5619 4369
5 3157 3704 3706 4370
5 5089 5095 5802 4371
5 6119 3790 6280 4372
5 3245 2889 7260 4373
5 2879 2830 3217 4374
5 4508 3583 4907 4375
5 6206 4306 7061 4376
5 5182 5183 5184 4377
5 2215 1996 2216 4378
5 1524 1767 5657 4379
5 2824 3043 8464 4380
5 3047 5578 5579 4381
5 1070 4317 5182 4382
5 1035 1126 6819 4383
5 993 992 994 4384
5 1001 5224 7038 4385
5 4192 2587 5765 4386
5 3864 3867 8503 4387
5 933 960 3593 4388
5 5639 3671 5820 4389
5 2819 3460 5461 4390
5 3660 3513 3661 4391
5 4694 4418 8155 4392
5 1385 5452 8277 4393
5 2221 2220 2315 4394
5 865 5698 5699 4395
5 5063 5059 7631 4396
5 1703 1704 1705 4397
5 4276 6705 7324 4398
5 6045 3625 7848 4399
5 1629 1628 1630 4400
5 1946 6245 7965 4401
5 4251 5331 6990 4402
5 366 367 2056 4403
5 1781 1842 7696 4404
5 7483 5681 8393 4405
5 5137 6857 7955 4406
5 2619 2561 5640 4407
5 3835 5426 7727 4408
5 5791 2464 6552 4409
5 794 795 5852 4410
5 3898 6877 7651 4411
5 2335 5479 7049 4412
5 4553 5491 5492 4413
5 821 871 903 4414
5 4953 6283 6284 4415
5 5109 5110 6705 4416
5 4028 4034 5750 4417
5 3157 2893 3417 4418
5 4833 3553 4834 4419
5 1650 1648 1651 4420
5 5030 5029 5031 4421
5 3813 3815 3816 4422
5 5693 5692 5694 4423
5 5709 3308 7566 4424
5 985 984 986 4425
5 6714 4338 7231 4426
5 4873 5282 6687 4427
5 2534 5771 7660 4428
5 5803 1552 6925 4429
5 6056 1715 7331 4430
5 1001 1000 1002 4431
5 5756 7644 7645 4432
5 2177 2178 2179 4433
5 7312 880 7373 4434
5 3120 3516 3517 4435
5 3849 3213 4401 4436
5 2658 4061 8222 4437
5 2623 1870 5790 4438
5 5726 4653 6117 4439
5 6796 1889 8357 4440
5 5771 3932 7660 4441
5 1123 1201 2103 4442
5 5972 5753 7086 4443
5 3881 3158 6008 4444
5 5648 5649 7202 4445
5 5595 3337 5627 4446
5 3075 7087 8164 4447
5 2505 1325 7029 4448
5 4641 5738 6033 4449
5 3097 3096 3098 4450
5 888 5548 5549 4451
5 5296 5295 7563 4452
5 3415 2834 6039 4453
5 4884 3025 4886 4454
5 7059 4411 7065 4455
5 3814 5776 7944 4456
5 7671 5332 8531 4457
5 1944 4789 5553 4458
5 4011 4010 6740 4459
5 8207 7429 8510 4460
5 2578 3520 5657 4461
5 5063 7631 8105 4462
5 4322 4321 5643 4463
5 863 5693 7135 4464
5 2390 5997 7513 4465
5 1192 1205 1206 4466
5 4580 4375 4581 4467
5 2202 7670 8150 4468
5 4421 4420 5715 4469
5 2754 7048 7114 4470
5 5652 5836 6013 4471
5 3852 4321 4322 4472
5 2634 2499 2830 4473
5 1541 1917 5646 4474
5 2763 910 5392 4475
5 1110 5459 5607 4476
5 5513 2366 6234 4477
5 3228 5458 7246 4478
5 1011 1010 1012 4479
5 4573 5223 8095 4480
5 6774 4694 8155 4481
5 1871 1872 1935 4482
5 5757 4173 6335 4483
5 2316 2315 4544 4484
5 935 932 5307 4485
5 2704 2703 2705 4486
5 934 935 936 4487
5 3174 5154 5155 4488
5 5610 5611 6353 4489
5 6787 5955 7142 4490
5 4219 5721 7919 4491
5 3936 5648 7479 4492
5 5938 4693 7186 4493
5 2038 6763 7447 4494
5 4689 3832 4690 4495
5 5439 1015 6258 4496
5 2391 2819 5461 4497
5 1141 1121 4959 4498
5 2503 3775 6426 4499
5 4066 4563 4676 4500
5 3498 3412 3735 4501
5 1681 1682 1684 4502
5 2894 4933 5645 4503
5 5456 4314 7897 4504
5 5667 4011 5668 4505
5 5405 4002 5406 4506
5 864 5680 5681 4507
5 5520 5519 6048 4508
5 3026 3028 3029 4509
5 2924 5011 5012 4510
5 5537 7517 7908 4511
5 6387 4464 6388 4512
5 6293 3748 7260 4513
5 1281 1283 5359 4514
5 4646 4644 4647 4515
5 4463 5366 8170 4516
5 5248 1080 7911 4517
5 4305 5336 5337 4518
5 1258 5769 5770 4519
5 2734 6079 8428 4520
5 1404 1402 1420 4521
5 3613 3801 3802 4522
5 1396 1206 5737 4523
5 5889 4567 5890 4524
5 4829 4821 5530 4525
5 3733 3489 3734 4526
5 5560 1295 6122 4527
5 870 710 5697 4528
5 917 3148 3434 4529
5 2820 2509 3750 4530
5 1023 1022 1024 4531
5 1986 1984 5678 4532
5 5380 5378 5995 4533
5 5656 4511 7681 4534
5 1622 1621 1624 4535
5 5403 3316 7831 4536
5 2383 2385 6816 4537
5 905 906 907 4538
5 4539 5441 5917 4539
5 1651 1648 7288 4540
5 3383 3238 8447 4541
5 2842 2550 5543 4542
5 4310 6116 6555 4543
5 4462 4463 6314 4544
5 5144 1617 8341 4545
5 3601 7091 8465 4546
5 5844 5236 5845 4547
5 6842 6715 7023 4548
5 1388 1353 8354 4549
5 1644 1642 1645 4550
5 4036 4058 5199 4551
5 5306 7265 7605 4552
5 7013 5478 7014 4553
5 3807 5650 5651 4554
5 3901 2623 5790 4555
5 1620 1619 1621 4556
5 4257 4402 6156 4557
5 5327 5872 8117 4558
5 5130 3955 5741 4559
5 4544 2315 6750 4560
5 4980 4979 4981 4561
5 5273 5745 8318 4562
5 2925 5516 5786 4563
5 3714 4911 5404 4564
5 2429 5708 6498 4565
5 1557 1556 1558 4566
5 7196 5843 7862 4567
5 3619 3620 6230 4568
5 2219 2217 2220 4569
5 3528 4611 8260 4570
5 5677 6234 7459 4571
5 708 5691 5692 4572
5 2819 3442 3460 4573
5 3206 6758 6943 4574
5 3956 4454 5608 4575
5 1944 1936 4789 4576
5 2380 6020 6602 4577
5 864 5681 7483 4578
5 4831 4830 8437 4579
5 2675 2676 2677 4580
5 1618 1617 1619 4581
5 2581 2580 2699 4582
5 2722 2720 2723 4583
5 5792 7312 7373 4584
5 3140 3538 7906 4585
5 4024 4810 5630 4586
5 1074 1076 6714 4587
5 4462 3459 4463 4588
5 2226 2549 5620 4589
5 5689 6486 7751 4590
5 1231 1232 1233 4591
5 3944 5499 5500 4592
5 2881 2882 8421 4593
5 2577 2576 2580 4594
5 3470 5243 6136 4595
5 5086 5087 5088 4596
5 3631 4002 5405 4597
5 1344 1348 1349 4598
5 5079 4654 5726 4599
5 2209 5161 8334 4600
5 2072 2064 6542 4601
5 4332 4309 7182 4602
5 4658 4659 6086 4603
5 5890 4567 7633 4604
5 3182 5478 5683 4605
5 1934 1932 5748 4606
5 1949 1947 1950 4607
5 4706 4704 7363 4608
5 890 788 5685 4609
5 2476 2097 5066 4610
5 888 792 5548 4611
5 5153 5152 5160 4612
5 5026 5025 5027 4613
5 914 916 918 4614
5 3257 3968 4741 4615
5 4176 4174 4177 4616
5 5889 3713 8578 4617
5 4993 5006 5621 4618
5 4162 4163 7483 4619
5 2091 2089 2092 4620
5 5064 6351 8196 4621
5 4822 4821 4823 4622
5 3647 7172 8392 4623
5 6126 4258 6184 4624
5 2575 2574 2576 4625
5 4034 4036 5430 4626
5 2756 2138 8616 4627
5 4824 4823 4825 4628
5 2230 2228 5784 4629
5 3202 3109 5527 4630
5 5321 5206 5742 4631
5 4208 5640 5641 4632
5 1145 1173 5745 4633
5 4127 4128 4129 4634
5 1351 1352 1353 4635
5 3134 6203 7752 4636
5 2496 2280 2497 4637
5 1767 2578 5657 4638
5 5497 4921 5498 4639
5 2434 5601 6308 4640
5 3146 5257 8492 4641
5 5419 3445 6390 4642
5 1929 5387 8129 4643
5 873 800 5574 4644
5 4809 4460 8203 4645
5 1315 6119 6280 4646
5 5391 1184 8331 4647
5 5393 5392 5395 4648
5 2964 2725 5457 4649
5 721 889 5556 4650
5 7664 4718 7927 4651
5 4378 7388 7496 4652
5 852 724 5716 4653
5 3037 7133 7663 4654
5 5018 5020 5021 4655
5 2696 5119 7638 4656
5 1835 6693 8382 4657
5 5015 5014 5016 4658
5 875 5559 6027 4659
5 4826 4825 5305 4660
5 2063 2065 7773 4661
5 2592 2209 7118 4662
5 4693 4334 7186 4663
5 3532 3191 7829 4664
5 2716 2714 2717 4665
5 3904 3905 3906 4666
5 5271 3368 8512 4667
5 4738 5527 7685 4668
5 3001 3002 3004 4669
5 7058 5023 7790 4670
5 4645 4740 5872 4671
5 1559 1558 1560 4672
5 5002 5001 5003 4673
5 1084 1095 1096 4674
5 1250 1225 1251 4675
5 2738 7601 8173 4676
5 987 986 988 4677
5 4773 3581 4774 4678
5 4769 4768 4771 4679
5 2477 5354 7527 4680
5 4816 4815 4817 4681
5 1015 5741 6216 4682
5 3250 3252 3612 4683
5 5012 5017 5018 4684
5 3055 3350 4354 4685
5 2576 3000 8232 4686
5 5602 2434 7529 4687
5 3894 5574 7328 4688
5 4503 4502 4768 4689
5 4369 3895 6526 4690
5 4538 4539 5077 4691
5 1917 2916 5646 4692
5 2550 2552 5543 4693
5 914 913 915 4694
5 5412 4935 7073 4695
5 1310 1313 5642 4696
5 4135 4141 4142 4697
5 5000 4999 5001 4698
5 1886 7322 7633 4699
5 4996 4981 4997 4700
5 5305 6256 7391 4701
5 2093 2092 2094 4702
5 937 935 5724 4703
5 3776 3244 3777 4704
5 2358 5512 8352 4705
5 4133 4134 4135 4706
5 4998 4997 4999 4707
5 2834 2752 6039 4708
5 799 800 873 4709
5 802 803 872 4710
5 2277 2094 2278 4711
5 4348 5877 7900 4712
5 6687 3840 7738 4713
5 5487 5486 5488 4714
5 3223 365 5172 4715
5 1240 5563 6477 4716
5 4079 4080 4081 4717
5 4193 5699 7535 4718
5 4467 4465 7838 4719
5 930 934 6128 4720
5 4131 4132 4133 4721
5 4574 4623 5561 4722
5 4501 4500 4502 4723
5 5221 4850 5222 4724
5 2829 2623 3901 4725
5 4129 4130 4131 4726
5 1679 1680 1681 4727
5 5099 5098 6095 4728
5 7248 5938 8210 4729
5 1994 6961 8441 4730
5 2347 2346 2348 4731
5 5536 7051 8588 4732
5 2249 4778 6722 4733
5 7940 1238 7963 4734
5 4499 4498 4500 4735
5 6994 7270 8286 4736
5 6075 1460 6339 4737
5 7327 4965 8458 4738
5 4924 8032 8168 4739
5 7613 2748 8009 4740
5 5156 5159 8523 4741
5 1635 1633 5259 4742
5 5482 5348 7561 4743
5 3233 3231 3239 4744
5 1803 1804 8206 4745
5 805 806 864 4746
5 5023 5015 7790 4747
5 3772 3771 4060 4748
5 3668 3667 3923 4749
5 2671 2779 7531 4750
5 6046 4359 6047 4751
5 5396 6100 6905 4752
5 6164 4003 6985 4753
5 2264 2263 2346 4754
5 2262 2261 2263 4755
5 4497 4496 4498 4756
5 2507 2541 6870 4757
5 2260 2259 2261 4758
5 4312 5855 6152 4759
5 4022 4024 5630 4760
5 1638 1635 1639 4761
5 3185 2955 8612 4762
5 909 5562 6054 4763
5 6518 5492 8245 4764
5 3093 3092 3094 4765
5 821 822 871 4766
5 4201 7273 8261 4767
5 6999 4876 8002 4768
5 709 710 870 4769
5 824 825 865 4770
5 819 820 886 4771
5 1652 5994 7233 4772
5 3922 6207 7620 4773
5 5985 7345 8311 4774
5 5524 5178 7079 4775
5 817 818 866 4776
5 3416 987 5566 4777
5 706 707 863 4778
5 1438 5643 6629 4779
5 715 716 867 4780
5 6759 5459 8036 4781
5 5004 5003 5486 4782
5 4036 5199 5430 4783
5 793 794 861 4784
5 796 797 868 4785
5 1670 1664 8456 4786
5 3493 2816 5780 4787
5 717 718 887 4788
5 712 713 869 4789
5 1029 1030 1031 4790
5 3408 3409 3431 4791
5 5448 2584 8250 4792
5 4500 5513 5677 4793
5 719 720 854 4794
5 3951 3862 7628 4795
5 3017 3363 8130 4796
5 1610 1615 6109 4797
5 5026 5027 5664 4798
5 2258 2257 2259 4799
5 5223 4573 8125 4800
5 2249 6722 7661 4801
5 5871 4148 7332 4802
5 5687 1873 6831 4803
5 6670 1326 7158 4804
5 2578 3266 3520 4805
5 3938 3939 5719 4806
5 956 925 3536 4807
5 2708 2706 2709 4808
5 4655 4656 7669 4809
5 4374 4177 5757 4810
5 2695 2693 8224 4811
5 2251 3790 6119 4812
5 3318 4846 6618 4813
5 5644 1628 8037 4814
5 4055 4054 6375 4815
5 1418 1516 8270 4816
5 865 825 5698 4817
5 1561 1560 1562 4818
5 4855 4854 6689 4819
5 4975 4974 7081 4820
5 2630 2662 2663 4821
5 5557 4452 8169 4822
5 864 806 5680 4823
5 4912 4264 5962 4824
5 6757 8193 8545 4825
5 1413 1412 1414 4826
5 7404 3902 7423 4827
5 4105 4106 4107 4828
5 4142 4143 4144 4829
5 4812 3508 4813 4830
5 5700 5701 7573 4831
5 1924 2965 5923 4832
5 5615 1431 6597 4833
5 2932 2516 5703 4834
5 2257 5797 8582 4835
5 2667 2668 2669 4836
5 5955 4383 7194 4837
5 3848 5650 5829 4838
5 4107 4108 4109 4839
5 5816 2991 6076 4840
5 5772 4374 8501 4841
5 7649 6118 8077 4842
5 4102 4103 4105 4843
5 2663 2924 5476 4844
5 3817 3903 3904 4845
5 4059 3748 5789 4846
5 1070 1071 1072 4847
5 4244 4060 4245 4848
5 3469 5172 7512 4849
5 1595 1594 1596 4850
5 3924 3923 4042 4851
5 2464 5791 6551 4852
5 4508 5249 7170 4853
5 2957 5777 6746 4854
5 5493 4550 8211 4855
5 2106 2105 2107 4856
5 4100 4101 4102 4857
5 1606 1605 1607 4858
5 1628 1625 5888 4859
5 5608 4454 5609 4860
5 1254 1255 8286 4861
5 1604 1603 1605 4862
5 3870 6833 7046 4863
5 5910 5909 8359 4864
5 2034 2036 3886 4865
5 3384 4542 6564 4866
5 5111 5435 5436 4867
5 1476 1479 5674 4868
5 7692 4044 8133 4869
5 2780 3485 5565 4870
5 908 910 2763 4871
5 2083 2382 2383 4872
5 5676 5308 8462 4873
5 1563 1562 1564 4874
5 5496 1750 7634 4875
5 3250 3612 5575 4876
5 798 799 5673 4877
5 5475 3968 5578 4878
5 2839 5522 7030 4879
5 4518 5723 6267 4880
5 1698 1630 5644 4881
5 1597 1596 1601 4882
5 5641 5781 7019 4883
5 1593 1592 1594 4884
5 1627 1625 1628 4885
5 5116 6105 7901 4886
5 3103 3121 5115 4887
5 1602 1601 1603 4888
5 5549 5550 5551 4889
5 5621 5006 5844 4890
5 2278 2496 7801 4891
5 5668 4011 6740 4892
5 4043 4042 4045 4893
5 2087 2090 2096 4894
5 3517 3986 3987 4895
5 4081 4082 4083 4896
5 1029 1058 5314 4897
5 1233 1234 1235 4898
5 1359 1715 8058 4899
5 6067 4167 8482 4900
5 3040 1526 6761 4901
5 4634 4632 4635 4902
5 4083 4084 4086 4903
5 5342 6725 6776 4904
5 2151 2150 2153 4905
5 1861 2638 5853 4906
5 1102 1105 1106 4907
5 1951 1950 1952 4908
5 2738 2740 7601 4909
5 2142 2141 2143 4910
5 3489 3107 6413 4911
5 4759 3151 5068 4912
5 4597 5604 5605 4913
5 1565 1564 1566 4914
5 5626 6605 7852 4915
5 2574 2349 5754 4916
5 5529 6194 7234 4917
5 2148 2147 2150 4918
5 2877 5799 6940 4919
5 916 915 917 4920
5 8115 5985 8311 4921
5 4032 5699 7573 4922
5 4098 4099 4100 4923
5 1206 5322 5737 4924
5 3490 3126 8412 4925
5 4436 5636 7547 4926
5 2154 2153 2155 4927
5 8090 7009 8206 4928
5 4185 6046 6047 4929
5 2981 4700 8481 4930
5 4300 4297 4301 4931
5 3713 3998 8578 4932
5 4381 7191 8388 4933
5 2878 6848 8506 4934
5 2702 2700 2703 4935
5 1811 1198 2519 4936
5 3834 3995 8151 4937
5 2144 2143 2145 4938
5 2519 6153 6154 4939
5 3135 2619 5640 4940
5 1477 5674 6813 4941
5 7739 1182 8075 4942
5 1924 944 2965 4943
5 2515 1942 5237 4944
5 5715 4420 7415 4945
5 2139 2138 2141 4946
5 5033 5057 5769 4947
5 1214 1230 1231 4948
5 2146 2145 2147 4949
5 6686 5552 6708 4950
5 6023 4987 6690 4951
5 2051 2053 2054 4952
5 4056 6140 7326 4953
5 4109 4110 4111 4954
5 4431 4433 4436 4955
5 1567 1566 1568 4956
5 1965 5289 8057 4957
5 853 790 5598 4958
5 5784 2602 6466 4959
5 1658 2085 5220 4960
5 3166 5670 7734 4961
5 4492 5780 6965 4962
5 4527 4528 7105 4963
5 7257 1365 7972 4964
5 1265 3535 4767 4965
5 869 5592 5593 4966
5 5410 5252 6143 4967
5 4929 5198 8411 4968
5 2750 2833 6924 4969
5 2113 2111 2114 4970
5 2204 6701 7742 4971
5 926 928 3337 4972
5 2110 2109 2111 4973
5 4248 7041 7084 4974
5 1642 1641 5300 4975
5 4146 4238 4239 4976
5 3420 2526 7282 4977
5 4509 2957 7511 4978
5 932 931 933 4979
5 1306 1308 5779 4980
5 5489 5609 8565 4981
5 2115 2114 2116 4982
5 4556 5670 7492 4983
5 4420 3893 4422 4984
5 3968 3969 5578 4985
5 6211 3923 8605 4986
5 804 805 5679 4987
5 2108 2107 2109 4988
5 1313 5363 8498 4989
5 3982 5931 5936 4990
5 3341 5654 7198 4991
5 7368 1710 8316 4992
5 1173 1146 1174 4993
5 4144 4145 4146 4994
5 4208 3135 5640 4995
5 3087 3086 3088 4996
5 2487 6382 7486 4997
5 3867 3866 3868 4998
5 2117 2116 2118 4999
5 4272 5253 5629 5000
5 2653 2109 5702 5001
5 3279 3278 3285 5002
5 5549 5548 5550 5003
5 1569 1568 1570 5004
5 7376 5280 7941 5005
5 708 709 5691 5006
5 2119 2118 2121 5007
5 5203 6664 8239 5008
5 4288 5763 8617 5009
5 1669 1670 1671 5010
5 1928 5510 6979 5011
5 3816 5427 5428 5012
5 4249 7000 7041 5013
5 6003 4367 7587 5014
5 5065 5707 6727 5015
5 5401 3658 7819 5016
5 3249 2533 6251 5017
5 6084 6465 6599 5018
5 4018 4020 5652 5019
5 4631 4633 6899 5020
5 4111 4112 4113 5021
5 1446 7707 8100 5022
5 1737 5917 6272 5023
5 3460 3442 3893 5024
5 1587 1586 1588 5025
5 5746 5319 5747 5026
5 3554 5380 5381 5027
5 2491 6669 6773 5028
5 6377 6768 7924 5029
5 2122 2121 2123 5030
5 5779 1308 8127 5031
5 5019 5011 5374 5032
5 5041 5065 8610 5033
5 1585 1584 1586 5034
5 4528 3631 5405 5035
5 4020 4022 4038 5036
5 4435 4438 4439 5037
5 2628 2629 2630 5038
5 1330 1329 1331 5039
5 3454 3135 4208 5040
5 2128 2127 2130 5041
5 5963 2899 7589 5042
5 5446 1978 8040 5043
5 5242 3961 8209 5044
5 4525 5942 6789 5045
5 2237 2239 7062 5046
5 4512 5656 6464 5047
5 2131 2130 2132 5048
5 1031 1033 6873 5049
5 3425 4073 4218 5050
5 2730 2732 5976 5051
5 1583 1582 1584 5052
5 2126 2125 2127 5053
5 4408 4928 7879 5054
5 2124 2123 2125 5055
5 6720 3212 7088 5056
5 3802 4418 4692 5057
5 4532 5852 7102 5058
5 4862 5864 5865 5059
5 4348 5875 7160 5060
5 1777 1824 8437 5061
5 4086 4087 4088 5062
5 1581 1580 1582 5063
5 3029 3331 8079 5064
5 6151 5838 6692 5065
5 1923 2484 5974 5066
5 4243 7624 8019 5067
5 1616 1614 1617 5068
5 3364 5170 6181 5069
5 1144 958 1249 5070
5 1579 1578 1580 5071
5 2312 4786 7200 5072
5 5983 3283 5984 5073
5 791 792 888 5074
5 1953 1952 1954 5075
5 1262 7351 7559 5076
5 1820 1819 1821 5077
5 1366 1362 6900 5078
5 1429 4701 7323 5079
5 4720 4718 7664 5080
5 2133 2132 2134 5081
5 5452 6445 8144 5082
5 1577 1576 1578 5083
5 5703 2516 5744 5084
5 4113 4114 4115 5085
5 1571 1570 1572 5086
5 6142 4593 6583 5087
5 7089 887 8289 5088
5 5412 6187 6358 5089
5 5788 1377 7428 5090
5 1575 1574 1576 5091
5 723 852 5616 5092
5 1573 1572 1574 5093
5 3109 3111 5527 5094
5 1333 1331 1334 5095
5 3351 6933 7665 5096
5 5746 5747 7797 5097
5 3034 3659 8296 5098
5 2100 2462 2463 5099
5 1242 5402 6793 5100
5 2714 2713 4910 5101
5 6632 5160 7798 5102
5 5048 5288 8339 5103
5 4448 1512 7211 5104
5 2315 2220 6289 5105
5 2573 2349 2574 5106
5 4820 4818 4821 5107
5 3396 3397 3398 5108
5 2489 2793 5623 5109
5 3402 3403 3404 5110
5 2991 5822 6580 5111
5 2796 2960 5827 5112
5 6253 2344 7782 5113
5 4781 4780 7824 5114
5 4250 4248 7084 5115
5 5181 4372 7746 5116
5 1680 1677 5814 5117
5 1410 1408 1412 5118
5 7973 7865 8104 5119
5 4245 7273 8248 5120
5 5752 2186 7712 5121
5 3079 3080 7230 5122
5 4680 3945 6075 5123
5 4115 4117 4118 5124
5 4549 4546 7734 5125
5 4248 4249 7041 5126
5 4386 4387 4388 5127
5 3054 3662 3663 5128
5 5733 5734 7157 5129
5 2509 5400 7935 5130
5 3280 3716 5624 5131
5 4074 3641 7866 5132
5 2442 1704 4787 5133
5 5284 5047 7283 5134
5 721 722 889 5135
5 6610 2475 7606 5136
5 1699 6345 7098 5137
5 3406 3407 3408 5138
5 971 974 975 5139
5 4267 3367 4393 5140
5 4492 3493 5780 5141
5 5268 5269 8022 5142
5 1415 1414 1416 5143
5 5981 3741 6666 5144
5 7695 5344 7963 5145
5 5596 6577 6578 5146
5 3280 3715 3716 5147
5 3510 2515 8583 5148
5 4120 4121 4122 5149
5 4771 4768 8407 5150
5 6995 5906 7000 5151
5 5788 6159 8466 5152
5 2008 2759 5972 5153
5 4372 4373 7746 5154
5 2820 5480 6937 5155
5 2732 2878 8506 5156
5 3742 7508 7566 5157
5 5541 5204 7294 5158
5 4118 4119 4120 5159
5 874 5878 5879 5160
5 2098 2099 2100 5161
5 1667 6207 6208 5162
5 6183 4257 8614 5163
5 2648 2587 4192 5164
5 5170 6955 8553 5165
5 964 966 5484 5166
5 1997 1789 7823 5167
5 1878 1994 8441 5168
5 1340 1288 5531 5169
5 2271 1851 2272 5170
5 975 2338 5800 5171
5 3337 928 6128 5172
5 2303 2304 2305 5173
5 3322 3323 3324 5174
5 2793 3280 5624 5175
5 2033 4226 5744 5176
5 7100 2438 7396 5177
5 4061 2079 7945 5178
5 819 886 5659 5179
5 5976 2732 8506 5180
5 2257 2156 5797 5181
5 5695 3259 6771 5182
5 5675 3458 8023 5183
5 2033 1989 2823 5184
5 4226 2823 4565 5185
5 2096 2097 2098 5186
5 2478 6682 8211 5187
5 3360 3384 6564 5188
5 1610 1608 1613 5189
5 5843 5576 7862 5190
5 3123 5466 5469 5191
5 4796 5286 8442 5192
5 5171 5041 6044 5193
5 1845 1847 5415 5194
5 1742 1237 5819 5195
5 936 937 938 5196
5 6201 1003 6202 5197
5 4572 4570 4573 5198
5 3673 4011 4611 5199
5 5571 4245 5583 5200
5 4858 7018 7720 5201
5 6086 4659 6087 5202
5 2529 2531 2532 5203
5 3598 3963 7171 5204
5 3534 5195 7076 5205
5 5652 4038 5835 5206
5 5747 4849 6198 5207
5 5813 2839 7434 5208
5 3643 4074 8372 5209
5 4088 4089 4090 5210
5 1129 1131 5731 5211
5 2297 1893 2992 5212
5 5517 2939 7481 5213
5 6933 3351 7761 5214
5 3083 3082 3084 5215
5 5287 3799 8063 5216
5 4090 4091 4092 5217
5 4228 3521 8378 5218
5 5688 4851 5690 5219
5 3400 3401 3402 5220
5 4491 3493 4492 5221
5 4161 4160 7386 5222
5 3762 1155 6071 5223
5 887 6514 8289 5224
5 4544 5125 8496 5225
5 3854 4336 6033 5226
5 3404 3405 3406 5227
5 2006 1934 7918 5228
5 3853 6016 7564 5229
5 2321 2319 3701 5230
5 2228 2602 5784 5231
5 4259 3777 4260 5232
5 5708 2429 7943 5233
5 925 923 5594 5234
5 3569 3888 8434 5235
5 4741 3968 5475 5236
5 1072 1074 7231 5237
5 4495 4046 4496 5238
5 3906 3907 3908 5239
5 1417 1416 1418 5240
5 3431 3432 3450 5241
5 4270 5510 6952 5242
5 4942 4159 5920 5243
5 6603 6154 7763 5244
5 1872 1517 6942 5245
5 4374 7659 8501 5246
5 3343 5291 5294 5247
5 1126 1037 5582 5248
5 4349 7607 8343 5249
5 3004 3005 3619 5250
5 5220 2085 6684 5251
5 6707 5409 7825 5252
5 2327 2324 2328 5253
5 1886 1727 8326 5254
5 5955 3362 7142 5255
5 3291 3577 6956 5256
5 789 853 5685 5257
5 4558 3869 4559 5258
5 2256 2156 2257 5259
5 1492 1483 5424 5260
5 1955 1954 1956 5261
5 5274 5278 6212 5262
5 2975 1902 4777 5263
5 6946 1249 8542 5264
5 2159 1965 8057 5265
5 1235 1236 1237 5266
5 6294 5288 8196 5267
5 3398 3399 3400 5268
5 4957 2084 6064 5269
5 5324 3701 7368 5270
5 1612 6143 8223 5271
5 6050 2184 6492 5272
5 4912 6844 8451 5273
5 3514 2852 3515 5274
5 3271 4307 5948 5275
5 4964 3489 6413 5276
5 1483 3182 5424 5277
5 6421 2447 7520 5278
5 1121 1123 4959 5279
5 3275 3162 3276 5280
5 4247 7266 8321 5281
5 1024 7346 8497 5282
5 4699 4700 7007 5283
5 1662 1663 1664 5284
5 1027 1026 1028 5285
5 4092 4093 4094 5286
5 5438 1501 6674 5287
5 4479 3751 5658 5288
5 4424 2337 7666 5289
5 5653 4393 7861 5290
5 4739 5810 6885 5291
5 1500 4899 8303 5292
5 5388 4349 8343 5293
5 4721 6293 7260 5294
5 4612 3527 8260 5295
5 2638 3800 5853 5296
5 3695 3915 3916 5297
5 1031 1032 1033 5298
5 1483 1464 3182 5299
5 5534 5537 5538 5300
5 2772 3835 6450 5301
5 4229 4889 6626 5302
5 1329 1328 6662 5303
5 5717 4750 8113 5304
5 4895 5637 6752 5305
5 2706 2705 5382 5306
5 4890 5814 6123 5307
5 5134 4290 7438 5308
5 3254 3852 6604 5309
5 1106 1107 1108 5310
5 820 821 903 5311
5 4552 4551 4553 5312
5 2780 3366 3485 5313
5 4024 4026 4810 5314
5 1502 1494 1505 5315
5 4805 4807 8431 5316
5 5030 5634 7996 5317
5 4636 4635 4637 5318
5 5409 5505 7825 5319
5 4388 4961 5166 5320
5 1539 1500 8303 5321
5 5698 826 5700 5322
5 789 790 853 5323
5 2033 2823 4226 5324
5 2138 5818 8616 5325
5 2067 2050 5806 5326
5 3693 3694 3695 5327
5 3960 4782 7979 5328
5 1654 1658 1659 5329
5 5208 5021 6723 5330
5 2687 2686 6224 5331
5 6132 6493 7416 5332
5 4956 2343 7006 5333
5 5404 4911 6429 5334
5 4542 4077 6501 5335
5 4327 6837 8189 5336
5 6537 1504 7656 5337
5 3047 5579 5580 5338
5 1591 1589 1592 5339
5 5106 5084 5717 5340
5 4363 5177 5178 5341
5 2138 2135 5818 5342
5 3434 3148 3606 5343
5 2965 7376 7941 5344
5 1665 1594 8328 5345
5 3141 3140 3142 5346
5 707 708 5692 5347
5 1047 1051 1070 5348
5 3663 4362 4363 5349
5 975 977 978 5350
5 1353 1354 1355 5351
5 2989 2887 2990 5352
5 3631 3606 4002 5353
5 5359 3342 7949 5354
5 6153 3723 6154 5355
5 7385 5715 7546 5356
5 3240 3239 3241 5357
5 4377 3825 6146 5358
5 4746 7429 8207 5359
5 792 793 5548 5360
5 4532 7102 7731 5361
5 3689 3690 3691 5362
5 1162 5229 6139 5363
5 3540 6156 7533 5364
5 5651 5709 8046 5365
5 2563 3184 3322 5366
5 6253 5715 7385 5367
5 1090 1093 5846 5368
5 7868 3553 8612 5369
5 4565 2823 6052 5370
5 6397 6398 6399 5371
5 5443 5445 5446 5372
5 720 721 5556 5373
5 5510 4270 6979 5374
5 4983 4984 4985 5375
5 2089 2086 6423 5376
5 1142 6962 8163 5377
5 1087 2489 6334 5378
5 869 713 7348 5379
5 6116 4370 6556 5380
5 1607 4795 7028 5381
5 5857 6043 7278 5382
5 3956 4453 4454 5383
5 5652 5835 5836 5384
5 1989 1986 5678 5385
5 3207 3206 3208 5386
5 5710 3942 7433 5387
5 1421 1418 1422 5388
5 2215 2216 2217 5389
5 3751 2932 5703 5390
5 2631 2821 6022 5391
5 1278 5348 7981 5392
5 6889 4270 6952 5393
5 2137 2135 2138 5394
5 6247 5353 6248 5395
5 3242 3241 6077 5396
5 3533 4349 4350 5397
5 1641 3603 5300 5398
5 5373 3750 7935 5399
5 5498 4921 7811 5400
5 5587 3319 6665 5401
5 3175 3176 3177 5402
5 4611 4011 5667 5403
5 1652 1653 1654 5404
5 2634 2880 5588 5405
5 3370 3371 3372 5406
5 4015 4018 6013 5407
5 5451 6671 8532 5408
5 4737 4739 6885 5409
5 4900 5076 7379 5410
5 3593 960 5287 5411
5 2841 2838 5813 5412
5 5292 6600 7742 5413
5 4561 4067 4562 5414
5 6507 5613 7791 5415
5 8106 5628 8201 5416
5 3344 3345 3346 5417
5 826 827 5700 5418
5 3562 3563 3564 5419
5 1092 1089 5804 5420
5 5723 5409 6707 5421
5 1098 1097 1099 5422
5 1705 1712 5323 5423
5 4860 4755 7403 5424
5 2886 2885 2887 5425
5 4233 5270 6405 5426
5 1877 1876 1878 5427
5 4983 4985 5833 5428
5 2759 2911 3929 5429
5 1096 1095 1097 5430
5 6074 4302 6668 5431
5 5104 5102 8134 5432
5 3750 5373 8301 5433
5 2638 2847 3800 5434
5 2980 2977 3010 5435
5 8149 7237 8293 5436
5 1971 1966 1972 5437
5 3938 5719 5721 5438
5 4215 5498 7113 5439
5 4970 4179 6471 5440
5 3691 3692 3693 5441
5 1318 1319 1320 5442
5 3209 3208 3210 5443
5 6090 4926 6091 5444
5 1965 1963 1966 5445
5 3586 4181 8509 5446
5 2759 3929 5972 5447
5 723 724 852 5448
5 890 5494 8279 5449
5 5379 5483 8163 5450
5 5453 5092 5454 5451
5 710 711 5697 5452
5 4872 6996 6997 5453
5 867 716 7089 5454
5 1962 1960 1963 5455
5 5445 3719 5447 5456
5 5995 6749 7101 5457
5 4788 4666 6821 5458
5 717 887 7089 5459
5 6625 5379 8163 5460
5 1959 1958 1960 5461
5 1542 2034 6209 5462
5 5653 4444 7745 5463
5 1957 1956 1958 5464
5 2624 2997 3342 5465
5 3211 3210 5302 5466
5 1191 1189 5612 5467
5 3716 3715 5610 5468
5 2305 2306 2307 5469
5 5967 3426 6817 5470
5 6070 3762 6071 5471
5 4066 4065 4067 5472
5 4302 4301 4303 5473
5 5730 4352 6784 5474
5 3712 4674 5618 5475
5 2160 2015 2162 5476
5 3724 5440 8045 5477
5 2713 3437 4910 5478
5 3151 2990 3152 5479
5 5441 7392 8445 5480
5 3063 3060 3064 5481
5 5658 3751 5703 5482
5 1442 1437 1443 5483
5 3535 3578 6939 5484
5 2612 2169 3303 5485
5 5737 4288 8617 5486
5 1235 1742 6134 5487
5 2777 2773 6028 5488
5 2014 1972 2015 5489
5 6442 5767 6887 5490
5 3257 4741 7455 5491
5 4985 4986 4987 5492
5 5473 5471 7466 5493
5 1554 1551 5849 5494
5 6033 4336 7903 5495
5 1865 1832 3836 5496
5 3143 3142 3144 5497
5 7222 4828 8499 5498
5 1434 1430 1435 5499
5 5503 5712 7335 5500
5 1745 1746 7865 5501
5 6155 3723 6352 5502
5 1181 1182 6679 5503
5 5497 5498 6098 5504
5 2726 2727 2728 5505
5 1788 3283 5983 5506
5 3680 3682 3683 5507
5 4456 6359 6474 5508
5 1906 1908 4526 5509
5 3177 3178 3179 5510
5 2728 2870 2875 5511
5 2442 4787 7501 5512
5 1129 5731 5846 5513
5 5329 6006 8067 5514
5 725 891 5716 5515
5 6072 6487 7647 5516
5 1736 1859 1897 5517
5 5546 872 7281 5518
5 5817 3782 6223 5519
5 2814 3486 8215 5520
5 5556 889 6753 5521
5 3058 3056 3961 5522
5 5709 5651 8371 5523
5 368 2073 5778 5524
5 2700 2699 5414 5525
5 1522 1251 1523 5526
5 4524 4525 6789 5527
5 2566 6631 7381 5528
5 978 979 980 5529
5 3457 1155 3762 5530
5 4291 4488 4489 5531
5 4582 4916 4917 5532
5 4993 5005 5006 5533
5 5019 6036 6037 5534
5 4168 4167 6065 5535
5 1817 1815 1819 5536
5 5919 5614 7843 5537
5 2724 2725 2726 5538
5 872 5310 7281 5539
5 5641 5640 5781 5540
5 2484 3972 5974 5541
5 1198 1056 6153 5542
5 5391 4540 8293 5543
5 3378 3380 3413 5544
5 6621 4834 8325 5545
5 2206 2162 2207 5546
5 5076 5209 7626 5547
5 790 791 5598 5548
5 4687 5615 7791 5549
5 3079 3078 3080 5550
5 3171 3172 3173 5551
5 5517 4076 8004 5552
5 2750 2751 2752 5553
5 5169 5586 7599 5554
5 2342 3333 6035 5555
5 800 801 5574 5556
5 1373 1378 1379 5557
5 3283 6931 7345 5558
5 4072 6073 8303 5559
5 2881 2815 2882 5560
5 7098 6345 8098 5561
5 4230 2934 6836 5562
5 3709 3038 3710 5563
5 4991 4992 4993 5564
5 4574 4573 4578 5565
5 3179 3180 3181 5566
5 4034 4035 4036 5567
5 5295 5297 6348 5568
5 6178 4073 6393 5569
5 1325 1306 5779 5570
5 1718 3592 7309 5571
5 3072 3075 8414 5572
5 1314 1315 1316 5573
5 7415 6277 8472 5574
5 5868 6824 6876 5575
5 3973 3787 3974 5576
5 1226 1169 5848 5577
5 7266 5450 8321 5578
5 1427 1422 1428 5579
5 1788 1757 3283 5580
5 2558 2207 2559 5581
5 2814 2657 2815 5582
5 4028 4033 4034 5583
5 7268 7010 7502 5584
5 4825 4823 7004 5585
5 3786 3515 3787 5586
5 3582 3583 3584 5587
5 4987 4988 4989 5588
5 1977 2337 4424 5589
5 1734 1698 5526 5590
5 3485 3616 4158 5591
5 934 3708 6128 5592
5 2656 2559 2657 5593
5 918 919 920 5594
5 7575 6479 7719 5595
5 5599 3382 5600 5596
5 1915 1992 2877 5597
5 5630 4810 7914 5598
5 4941 4942 4943 5599
5 4312 4475 5855 5600
5 722 723 5616 5601
5 4400 3739 5787 5602
5 2383 2384 2385 5603
5 4381 4385 4386 5604
5 1998 1801 6078 5605
5 4158 4159 4941 5606
5 5931 2865 5936 5607
5 5239 1946 7965 5608
5 3297 3714 7253 5609
5 4095 4097 4098 5610
5 2790 2009 7399 5611
5 4989 4990 4991 5612
5 1879 1878 1880 5613
5 5332 5333 5334 5614
5 2007 2976 6015 5615
5 1237 1244 1245 5616
5 2838 2836 2839 5617
5 5504 5503 7335 5618
5 4506 4616 7085 5619
5 3181 3478 3479 5620
5 2878 2734 8428 5621
5 914 918 6188 5622
5 3137 3106 3138 5623
5 4607 7461 7845 5624
5 6039 3665 6040 5625
5 5240 6730 6731 5626
5 2032 1989 2033 5627
5 1296 1297 1298 5628
5 2975 4777 7080 5629
5 4208 5641 7193 5630
5 1691 1682 6214 5631
5 1217 1092 5804 5632
5 954 5273 5274 5633
5 5442 5443 6912 5634
5 980 981 982 5635
5 6421 7520 8216 5636
5 4599 4600 4601 5637
5 5328 871 7526 5638
5 2302 2102 3133 5639
5 3952 4912 8451 5640
5 2329 2328 2330 5641
5 4828 7222 7299 5642
5 1650 1651 1652 5643
5 4894 5408 6290 5644
5 2705 3164 5382 5645
5 1131 1906 5731 5646
5 6143 1612 7454 5647
5 5141 4207 5572 5648
5 3061 6021 8024 5649
5 5681 5680 5682 5650
5 1320 1321 1322 5651
5 968 970 971 5652
5 2755 7240 7496 5653
5 5424 3182 5683 5654
5 5469 5470 5472 5655
5 4942 5920 5921 5656
5 4307 5344 7320 5657
5 4601 4602 4728 5658
5 4580 4581 4582 5659
5 1108 1109 1110 5660
5 3957 4660 6138 5661
5 3816 3815 3817 5662
5 2367 2089 6423 5663
5 6894 6895 7178 5664
5 1881 1880 1882 5665
5 3043 3044 8137 5666
5 1835 1823 6693 5667
5 1266 1274 6131 5668
5 1288 1289 1290 5669
5 5503 5501 5711 5670
5 7133 4872 7663 5671
5 6452 6408 6453 5672
5 3674 3675 3676 5673
5 3160 3159 3645 5674
5 4620 4578 4621 5675
5 4730 4731 5193 5676
5 5875 4348 7900 5677
5 3852 4493 6604 5678
5 2902 3248 5576 5679
5 3774 1217 5804 5680
5 2980 3039 5950 5681
5 1545 1341 5485 5682
5 2331 2330 2332 5683
5 4728 4729 4730 5684
5 1100 1099 1101 5685
5 1953 1964 8136 5686
5 4930 5390 7732 5687
5 2542 2782 2783 5688
5 4737 4738 4739 5689
5 4908 4289 6371 5690
5 5740 2747 7212 5691
5 2633 2631 6022 5692
5 787 788 890 5693
5 3372 3373 3374 5694
5 3057 3059 6017 5695
5 2140 6256 6303 5696
5 2722 2723 2724 5697
5 4446 4517 4518 5698
5 3899 3754 7490 5699
5 2397 6266 6707 5700
5 4577 5563 5589 5701
5 4199 3982 5936 5702
5 3327 3329 5730 5703
5 2054 2055 2057 5704
5 2965 944 7376 5705
5 2843 3393 4212 5706
5 2189 2190 2191 5707
5 1306 1307 1308 5708
5 4429 4431 7010 5709
5 4471 4469 5825 5710
5 6062 6092 7360 5711
5 5342 6776 7542 5712
5 3785 3305 4698 5713
5 3646 3645 3952 5714
5 3479 3480 3481 5715
5 3346 3557 3558 5716
5 3191 3192 3193 5717
5 4919 4920 4921 5718
5 1730 3425 6403 5719
5 6763 2038 8188 5720
5 6964 6236 8023 5721
5 2484 3473 3972 5722
5 5488 2405 7475 5723
5 2763 5392 5393 5724
5 6351 1270 8196 5725
5 2823 1989 5678 5726
5 4705 4704 4706 5727
5 1829 1828 1830 5728
5 1298 1299 1300 5729
5 2730 2731 2732 5730
5 887 718 7239 5731
5 4846 5688 5689 5732
5 719 854 7239 5733
5 6187 5412 7073 5734
5 3136 5934 7048 5735
5 4465 4466 7611 5736
5 7575 5304 7684 5737
5 4719 4718 4720 5738
5 5070 3605 7922 5739
5 3369 3739 4400 5740
5 5413 3962 7117 5741
5 1906 4526 5731 5742
5 5518 3535 6939 5743
5 6367 4639 7689 5744
5 1272 6467 8032 5745
5 6658 5463 7970 5746
5 3828 3827 3829 5747
5 5263 5264 5266 5748
5 1802 2021 2303 5749
5 2903 2132 5831 5750
5 5823 1226 5848 5751
5 2718 2780 5565 5752
5 938 943 944 5753
5 3788 2777 5509 5754
5 4178 4374 4375 5755
5 3885 3884 6699 5756
5 5807 2605 6916 5757
5 6377 6650 6767 5758
5 5827 6236 6964 5759
5 3203 2769 5185 5760
5 3324 3325 3326 5761
5 5911 5901 5912 5762
5 2333 2332 2334 5763
5 1808 1806 1809 5764
5 2532 2533 2902 5765
5 1883 1882 1884 5766
5 1893 1729 6647 5767
5 2598 2501 2599 5768
5 5638 881 6592 5769
5 3717 2170 7406 5770
5 3338 3306 3339 5771
5 5481 4967 8494 5772
5 2321 3701 6897 5773
5 3884 4897 6699 5774
5 807 808 5751 5775
5 2185 2186 2187 5776
5 1841 5569 7823 5777
5 3736 3735 6058 5778
5 825 826 5698 5779
5 6923 2877 6940 5780
5 5146 5739 5740 5781
5 4036 4057 4058 5782
5 3923 5219 8605 5783
5 5129 3933 5960 5784
5 2288 6007 6048 5785
5 1300 1301 1302 5786
5 2699 3260 5414 5787
5 4224 5990 7501 5788
5 5393 5395 5396 5789
5 5719 3939 5720 5790
5 1281 1282 1283 5791
5 4727 5602 5603 5792
5 2500 2334 2501 5793
5 7006 4253 7390 5794
5 1533 1535 3614 5795
5 1689 5146 5147 5796
5 1290 1291 1292 5797
5 2795 2599 3458 5798
5 4290 4291 6980 5799
5 1135 1133 5830 5800
5 2307 2308 2893 5801
5 3044 3045 3046 5802
5 5486 1013 8543 5803
5 818 819 5659 5804
5 1072 1073 1074 5805
5 806 807 5680 5806
5 868 5127 7731 5807
5 4655 4654 4656 5808
5 5625 3887 7092 5809
5 6105 2353 7653 5810
5 2571 6384 6818 5811
5 2832 2285 3206 5812
5 6240 2524 7301 5813
5 4446 4518 5997 5814
5 1822 1821 1823 5815
5 2783 3168 3169 5816
5 3718 3719 5445 5817
5 1310 1311 1312 5818
5 5690 1449 7639 5819
5 991 986 6346 5820
5 5841 5906 5949 5821
5 1302 1303 1304 5822
5 6138 2369 6859 5823
5 3011 3010 3012 5824
5 724 725 5716 5825
5 1322 1323 1324 5826
5 1644 1645 1646 5827
5 3683 3684 3685 5828
5 4583 4584 7762 5829
5 3908 3909 3910 5830
5 4575 4577 6993 5831
5 1308 1309 1310 5832
5 1367 1371 1373 5833
5 2219 2220 2221 5834
5 2736 2737 2738 5835
5 5856 5857 5858 5836
5 725 726 891 5837
5 5059 5060 6398 5838
5 1444 1443 1445 5839
5 1984 1217 3774 5840
5 6007 1216 6221 5841
5 5294 5295 5296 5842
5 1487 1485 7173 5843
5 2738 2739 2740 5844
5 2734 2735 2736 5845
5 4802 4800 6655 5846
5 4584 4583 8434 5847
5 4721 4720 6293 5848
5 7388 4378 7460 5849
5 2732 2733 2734 5850
5 3953 3952 4661 5851
5 3594 5152 5153 5852
5 3439 5618 6906 5853
5 2438 2594 7396 5854
5 2186 2183 8500 5855
5 3467 4918 4919 5856
5 1245 1247 1248 5857
5 4060 3771 8261 5858
5 3047 2648 5578 5859
5 2740 2741 2742 5860
5 1292 1293 1294 5861
5 3685 3686 3687 5862
5 779 780 5863 5863
5 2742 2743 2744 5864
5 3624 2841 5813 5865
5 3413 3529 3530 5866
5 2744 2745 2746 5867
5 1169 1167 5848 5868
5 1655 4763 8287 5869
5 808 882 5751 5870
5 920 921 922 5871
5 3558 3559 3560 5872
5 2165 2510 2535 5873
5 4487 4536 4537 5874
5 4568 4569 7600 5875
5 1093 1129 5846 5876
5 2535 2655 4211 5877
5 4451 6594 6595 5878
5 4540 4686 5008 5879
5 2528 7329 7832 5880
5 5125 4544 8039 5881
5 2520 2291 3308 5882
5 5001 4999 6786 5883
5 2167 1931 6320 5884
5 908 2763 6356 5885
5 5433 5434 6108 5886
5 2198 2199 2200 5887
5 3282 4185 7128 5888
5 3564 3565 3566 5889
5 5404 6429 6430 5890
5 3527 3528 8260 5891
5 2451 4356 6755 5892
5 3570 3571 3572 5893
5 5906 1424 5949 5894
5 2788 5497 8003 5895
5 1492 5424 7026 5896
5 2027 2164 2165 5897
5 788 789 5685 5898
5 994 995 996 5899
5 3054 3663 6432 5900
5 5069 5068 7509 5901
5 2779 2669 7400 5902
5 5800 2338 8152 5903
5 2716 2717 2718 5904
5 927 924 2697 5905
5 2598 3317 8513 5906
5 4707 4706 4708 5907
5 1443 1437 7014 5908
5 3044 5294 8137 5909
5 2665 2663 5476 5910
5 4736 4737 6643 5911
5 5955 7194 8282 5912
5 6347 1706 8554 5913
5 1283 1285 1286 5914
5 5212 2249 7661 5915
5 922 923 925 5916
5 3120 3517 6754 5917
5 3634 4172 4174 5918
5 2520 3308 5709 5919
5 3423 5870 5937 5920
5 1181 1174 1182 5921
5 3790 5985 6280 5922
5 5897 5900 8082 5923
5 4555 4556 6002 5924
5 1266 1273 1274 5925
5 5913 5912 5957 5926
5 3368 5271 5272 5927
5 3530 3633 3634 5928
5 4655 7669 8024 5929
5 6647 3780 7489 5930
5 1988 1986 1989 5931
5 890 5685 6127 5932
5 3075 3074 3076 5933
5 4176 4177 4178 5934
5 2489 2490 2793 5935
5 6132 4924 8168 5936
5 6608 2495 8478 5937
5 5641 7019 7203 5938
5 3472 3832 4689 5939
5 1776 1775 1777 5940
5 1527 1226 5823 5941
5 2550 2551 2552 5942
5 4606 4607 7845 5943
5 3193 3357 3358 5944
5 5820 3525 6722 5945
5 986 984 6346 5946
5 1640 1641 1642 5947
5 1508 1507 1509 5948
5 4310 6555 7355 5949
5 1901 2026 2027 5950
5 5509 2777 6028 5951
5 1607 7028 8076 5952
5 5332 5334 8531 5953
5 2799 2991 5816 5954
5 3596 3845 3846 5955
5 752 874 6060 5956
5 2516 2033 5744 5957
5 1520 1509 1521 5958
5 1933 1932 1934 5959
5 5174 5173 8226 5960
5 1713 1521 1714 5961
5 1832 1219 6099 5962
5 3065 3064 3066 5963
5 2988 2153 5925 5964
5 1755 1754 1756 5965
5 1897 1898 1899 5966
5 3919 3918 3920 5967
5 1396 5737 8617 5968
5 1506 1505 1507 5969
5 2710 2713 2714 5970
5 2877 1992 5799 5971
5 4808 5464 8361 5972
5 3326 3327 3353 5973
5 6096 4766 7852 5974
5 2898 3412 3498 5975
5 3248 3250 5575 5976
5 1215 1135 5830 5977
5 1899 1900 1901 5978
5 5048 5049 5050 5979
5 5559 875 7440 5980
5 3703 5494 5495 5981
5 1837 1809 1838 5982
5 3481 3482 3718 5983
5 1797 1796 1798 5984
5 2753 2907 3665 5985
5 4663 6928 7172 5986
5 4400 5787 7829 5987
5 3124 3125 3126 5988
5 1497 1212 2102 5989
5 3354 3534 4234 5990
5 1694 1603 5943 5991
5 7678 4347 8475 5992
5 1727 1714 1728 5993
5 3075 4848 8414 5994
5 2587 2318 5765 5995
5 5437 5086 6781 5996
5 3067 3066 3068 5997
5 7237 1184 8293 5998
5 5704 2997 7624 5999
5 5912 5901 5957 6000
5 859 5861 5862 6001
5 3898 5207 5345 6002
5 5829 4427 7654 6003
5 1134 1136 5966 6004
5 3013 3012 3014 6005
5 3971 5886 8165 6006
5 3145 4866 7457 6007
5 6320 1940 7205 6008
5 2813 3055 6485 6009
5 2779 5429 6838 6010
5 3194 2982 3195 6011
5 3149 4031 6582 6012
5 2896 2629 5785 6013
5 1541 1916 1917 6014
5 7311 3960 7979 6015
5 2273 2272 2274 6016
5 2641 2640 6854 6017
5 3115 5472 7685 6018
5 1651 7288 7491 6019
5 7510 4834 7868 6020
5 2957 6746 7511 6021
5 996 999 1000 6022
5 4985 4987 6023 6023
5 4470 4469 4471 6024
5 3742 1215 4316 6025
5 1768 1760 1769 6026
5 873 5628 8106 6027
5 4316 1215 5830 6028
5 7158 1326 8122 6029
5 1110 1118 1119 6030
5 2310 2859 5842 6031
5 895 779 5863 6032
5 1029 1028 1030 6033
5 4976 4979 4980 6034
5 1012 1019 1020 6035
5 5343 1210 7721 6036
5 5522 4961 7030 6037
5 3767 3339 3768 6038
5 5113 5112 6785 6039
5 3830 3829 3831 6040
5 1274 1275 1276 6041
5 4875 4874 4876 6042
5 1789 1769 1790 6043
5 3910 3911 3913 6044
5 5740 5739 6920 6045
5 5186 3842 6796 6046
5 3342 3626 5244 6047
5 6114 4069 6115 6048
5 859 5860 5861 6049
5 5517 8004 8080 6050
5 2506 2509 2820 6051
5 4709 4708 4710 6052
5 4947 7362 8387 6053
5 1568 1566 7975 6054
5 2552 2553 2554 6055
5 5433 6108 8367 6056
5 960 962 5287 6057
5 6021 4655 8024 6058
5 5846 5731 6760 6059
5 5868 5867 5869 6060
5 2688 2687 2689 6061
5 3069 3068 3070 6062
5 2200 2201 2528 6063
5 3566 3567 3568 6064
5 5546 3894 7328 6065
5 894 5856 5858 6066
5 874 5879 6060 6067
5 5300 3603 6914 6068
5 1803 1798 1804 6069
5 3739 5330 5787 6070
5 4613 4864 7728 6071
5 3457 3762 5614 6072
5 4514 3585 6251 6073
5 7502 4436 7547 6074
5 2040 2310 5842 6075
5 4733 4735 8294 6076
5 2413 3876 6431 6077
5 5944 5841 5949 6078
5 1875 5451 5735 6079
5 3730 7244 7587 6080
5 5381 6149 8533 6081
5 3306 3784 8474 6082
5 1037 1039 5582 6083
5 2915 2730 5976 6084
5 4774 4893 4894 6085
5 4350 5389 7960 6086
5 829 899 5826 6087
5 2524 6845 7301 6088
5 2425 6023 6270 6089
5 5283 7477 8045 6090
5 1255 1263 1264 6091
5 4402 3539 4403 6092
5 1379 1380 1381 6093
5 5338 5337 5339 6094
5 5054 5055 5058 6095
5 5856 855 5857 6096
5 5520 6007 6221 6097
5 3676 3677 3678 6098
5 3870 3872 7083 6099
5 3604 5070 5672 6100
5 3722 5840 5841 6101
5 2937 2939 6204 6102
5 1745 1728 1746 6103
5 1349 1348 1350 6104
5 5417 5418 8008 6105
5 5021 5020 6723 6106
5 7135 5693 8381 6107
5 2543 2556 7117 6108
5 6329 5609 7475 6109
5 3722 5839 5840 6110
5 3392 2842 7441 6111
5 1671 1670 6233 6112
5 1778 1777 1779 6113
5 7509 6381 7990 6114
5 5514 5180 5807 6115
5 2391 2818 2819 6116
5 5111 5108 5435 6117
5 1844 1838 1845 6118
5 1002 1009 1010 6119
5 4075 3741 4076 6120
5 5842 5841 5944 6121
5 2037 1154 5969 6122
5 2708 2709 2710 6123
5 2786 4001 6141 6124
5 2229 2228 2230 6125
5 5077 4539 7382 6126
5 5904 857 5905 6127
5 6812 4703 8537 6128
5 5231 4320 7606 6129
5 5723 4518 6082 6130
5 5050 5051 5052 6131
5 4183 6106 8266 6132
5 1926 1527 5823 6133
5 3063 3122 6021 6134
5 3071 3070 3072 6135
5 1631 1632 1633 6136
5 3904 3903 3905 6137
5 4669 3914 8016 6138
5 6375 4054 6376 6139
5 5052 5053 5054 6140
5 5866 5867 5868 6141
5 1917 1918 1919 6142
5 988 991 992 6143
5 3858 3859 3860 6144
5 1834 1823 1835 6145
5 3740 3504 3741 6146
5 4690 6469 7947 6147
5 1629 1630 1631 6148
5 5123 5607 6759 6149
5 5042 5043 5044 6150
5 5977 4913 8228 6151
5 3819 5816 5817 6152
5 4983 5833 7342 6153
5 3945 3309 4355 6154
5 5088 5089 6925 6155
5 1638 1639 1640 6156
5 2223 2224 6094 6157
5 4281 4598 4599 6158
5 8207 6448 8482 6159
5 859 781 5860 6160
5 2292 2291 2520 6161
5 6623 6616 8134 6162
5 982 983 984 6163
5 3015 3014 3016 6164
5 3308 2291 6048 6165
5 1819 7545 8271 6166
5 4714 4713 4715 6167
5 2226 2443 2444 6168
5 5550 861 8507 6169
5 4412 2824 8464 6170
5 4638 4639 6953 6171
5 1087 1091 2489 6172
5 2289 2288 2291 6173
5 1063 1069 2391 6174
5 1546 1548 1978 6175
5 4810 4026 5750 6176
5 3945 4355 6126 6177
5 2949 3729 5956 6178
5 3719 4293 5447 6179
5 1761 1756 1762 6180
5 1317 5361 5362 6181
5 5747 5319 8570 6182
5 3411 2841 3624 6183
5 3722 2861 5839 6184
5 894 5858 5859 6185
5 6240 5669 6846 6186
5 1020 1021 1022 6187
5 8040 5959 8269 6188
5 814 815 880 6189
5 3126 3127 3128 6190
5 4222 6894 7178 6191
5 4478 3751 4479 6192
5 5869 5867 5870 6193
5 5822 5823 5824 6194
5 827 828 878 6195
5 7087 3079 7516 6196
5 4533 4532 7731 6197
5 4967 7308 8494 6198
5 4712 4710 4713 6199
5 3388 4747 5999 6200
5 5152 5151 6879 6201
5 2221 2315 2316 6202
5 2385 2386 3286 6203
5 5822 1926 5823 6204
5 2799 2013 2991 6205
5 3187 2346 5980 6206
5 2900 1436 7012 6207
5 5657 3520 6100 6208
5 4953 4908 8572 6209
5 2704 2705 2706 6210
5 5369 5474 6218 6211
5 3342 5359 8585 6212
5 2959 2799 5816 6213
5 878 828 5826 6214
5 6118 6100 8077 6215
5 896 5891 5902 6216
5 4045 7249 8280 6217
5 1595 1597 6795 6218
5 7399 2009 8618 6219
5 3428 3618 6063 6220
5 7108 6053 8409 6221
5 3572 3573 3574 6222
5 1906 1907 1908 6223
5 780 859 5863 6224
5 1196 6151 6692 6225
5 4472 4471 4473 6226
5 3988 6814 7876 6227
5 2753 3665 6039 6228
5 2251 3456 3790 6229
5 3622 3641 3642 6230
5 2013 1926 5822 6231
5 2767 2695 2768 6232
5 5870 5867 5937 6233
5 3359 3238 3360 6234
5 3819 2959 5816 6235
5 3731 6570 6836 6236
5 3379 3377 7350 6237
5 3201 2959 3819 6238
5 5824 5848 6030 6239
5 5866 2950 5867 6240
5 2183 2181 6089 6241
5 3031 3030 3032 6242
5 3496 3581 4773 6243
5 5129 7588 7660 6244
5 4864 4078 7183 6245
5 2467 6568 7125 6246
5 3699 2932 3751 6247
5 2946 2944 5937 6248
5 2694 2693 2695 6249
5 1651 7491 7521 6250
5 3128 3129 3130 6251
5 2894 3385 4933 6252
5 6348 946 6349 6253
5 2793 2794 3280 6254
5 2991 2013 5822 6255
5 3515 5554 6882 6256
5 1726 4609 7530 6257
5 2692 2691 2693 6258
5 808 809 882 6259
5 5461 5462 5463 6260
5 6058 4674 7534 6261
5 2944 3423 5937 6262
5 1465 1463 1466 6263
5 5624 6011 7161 6264
5 703 704 883 6265
5 5143 5572 7114 6266
5 5302 3210 6029 6267
5 5670 6247 6248 6268
5 7169 6881 7857 6269
5 4645 5872 7608 6270
5 1533 3614 6775 6271
5 2859 3722 5842 6272
5 1154 1140 5969 6273
5 781 782 5860 6274
5 2690 2689 2691 6275
5 1024 1025 1026 6276
5 2179 2178 6106 6277
5 6130 2588 6791 6278
5 2861 2863 5839 6279
5 3963 7180 7679 6280
5 1150 1152 5928 6281
5 5624 3716 6011 6282
5 3034 3032 3035 6283
5 5360 1326 6670 6284
5 2736 2805 6079 6285
5 6044 2409 6279 6286
5 4309 4310 7355 6287
5 3017 3016 3018 6288
5 3280 3281 3715 6289
5 5892 5893 5894 6290
5 3083 3084 7898 6291
5 2810 1974 3159 6292
5 5399 4508 7170 6293
5 1789 1841 7823 6294
5 1475 1474 1476 6295
5 1355 1356 1357 6296
5 2973 4901 7549 6297
5 1074 1075 1076 6298
5 2411 6281 7919 6299
5 5609 5489 7475 6300
5 5892 5894 5899 6301
5 1553 1556 1557 6302
5 1842 4872 6997 6303
5 3740 3741 4075 6304
5 3364 3466 5170 6305
5 1995 1835 1996 6306
5 4813 4815 4816 6307
5 3201 3819 4368 6308
5 3463 3875 5851 6309
5 3130 3131 3132 6310
5 3875 5866 5868 6311
5 3984 3693 8252 6312
5 2951 2950 5866 6313
5 5095 5087 5988 6314
5 4888 4884 8455 6315
5 2287 2268 2288 6316
5 2360 5845 6792 6317
5 892 730 5864 6318
5 3888 5506 5794 6319
5 3029 3028 3030 6320
5 877 5882 5883 6321
5 4241 4922 4923 6322
5 727 728 858 6323
5 5894 5895 5896 6324
5 3880 4261 6207 6325
5 7240 4378 7496 6326
5 3528 3671 3672 6327
5 2655 2510 6091 6328
5 3132 3188 3189 6329
5 5903 898 5939 6330
5 5431 1771 8535 6331
5 5883 5884 5885 6332
5 824 865 5970 6333
5 5572 2754 7114 6334
5 2923 2984 3352 6335
5 3226 2764 3227 6336
5 5824 5823 5848 6337
5 1381 1386 1387 6338
5 5908 5911 5912 6339
5 1780 1779 1781 6340
5 3006 2951 5866 6341
5 2949 3430 3729 6342
5 1992 2633 5799 6343
5 5389 5388 5791 6344
5 2682 2681 2683 6345
5 1763 1762 1764 6346
5 2939 5517 8080 6347
5 1751 1732 1752 6348
5 5892 860 5893 6349
5 2819 3330 3442 6350
5 1131 1172 1906 6351
5 5883 5882 5884 6352
5 3423 5992 6001 6353
5 6410 4855 6689 6354
5 2649 3771 3772 6355
5 5891 860 5892 6356
5 3463 3006 3875 6357
5 3875 3006 5866 6358
5 7232 5710 8315 6359
5 894 783 5856 6360
5 5484 966 5666 6361
5 5757 4177 5758 6362
5 5634 1258 7557 6363
5 1277 5100 7091 6364
5 5839 3352 5840 6365
5 2702 2703 2704 6366
5 812 813 902 6367
5 4220 4407 7122 6368
5 5031 5032 5033 6369
5 3847 3227 3848 6370
5 829 830 899 6371
5 4075 4076 5517 6372
5 882 809 5998 6373
5 1988 1989 2032 6374
5 730 731 5864 6375
5 4693 5938 7248 6376
5 5874 862 5875 6377
5 2438 2274 2439 6378
5 5882 5881 5884 6379
5 1136 1147 5966 6380
5 3722 5841 5842 6381
5 5894 5893 5895 6382
5 828 829 5826 6383
5 729 730 892 6384
5 5876 893 5877 6385
5 2923 2983 2984 6386
5 3791 2968 3792 6387
5 2863 2923 5839 6388
5 2859 2861 3722 6389
5 5044 5045 5046 6390
5 5128 5512 8153 6391
5 3307 3135 3454 6392
5 4249 3463 5851 6393
5 3019 3018 3020 6394
5 2103 1201 5832 6395
5 4608 4606 7518 6396
5 762 879 5881 6397
5 877 760 5882 6398
5 2594 2439 3882 6399
5 1627 1628 1629 6400
5 898 5913 5957 6401
5 3726 4532 4533 6402
5 4689 4690 5347 6403
5 2012 1926 2013 6404
5 738 898 5903 6405
5 5908 5910 5911 6406
5 1200 1177 5922 6407
5 3216 3667 3668 6408
5 1908 1909 1910 6409
5 5891 5892 5902 6410
5 784 855 5856 6411
5 784 785 855 6412
5 1915 2877 6852 6413
5 5320 5319 5746 6414
5 876 5908 5912 6415
5 764 765 900 6416
5 4215 3299 7127 6417
5 747 748 901 6418
5 5896 5895 5897 6419
5 1945 1948 6245 6420
5 5860 5859 5861 6421
5 2863 2922 2923 6422
5 4240 4241 6132 6423
5 5841 5840 5906 6424
5 2557 2013 2799 6425
5 823 824 5970 6426
5 2923 3352 5839 6427
5 3792 2968 5929 6428
5 2581 2699 2700 6429
5 761 762 5881 6430
5 3418 4457 5733 6431
5 881 750 5886 6432
5 761 5881 5882 6433
5 4258 6126 7906 6434
5 4798 5132 6461 6435
5 5365 7089 8289 6436
5 3025 3024 3026 6437
5 5990 3447 6496 6438
5 5908 5909 5910 6439
5 893 755 5874 6440
5 874 753 5876 6441
5 6093 5397 8417 6442
5 4980 5384 8396 6443
5 4617 3796 4618 6444
5 4018 5652 6013 6445
5 737 738 5903 6446
5 3700 3042 4874 6447
5 3200 2959 3201 6448
5 7489 4686 7848 6449
5 2577 2580 2581 6450
5 2895 2799 2959 6451
5 782 783 894 6452
5 764 900 5926 6453
5 2996 2619 3135 6454
5 750 751 5886 6455
5 1176 5918 5964 6456
5 762 763 879 6457
5 1426 3394 5929 6458
5 749 750 881 6459
5 1070 1051 1071 6460
5 3791 3792 4246 6461
5 2935 2936 2937 6462
5 4455 4456 7544 6463
5 836 5529 7821 6464
5 783 784 5856 6465
5 5578 3969 5579 6466
5 1911 1913 1915 6467
5 1622 1624 1625 6468
5 759 760 877 6469
5 4940 4939 7448 6470
5 3544 3545 4490 6471
5 756 862 5874 6472
5 754 893 5876 6473
5 5908 5907 5909 6474
5 876 5907 5908 6475
5 3023 3022 3024 6476
5 2310 2858 2859 6477
5 5085 5106 8227 6478
5 5929 3394 5930 6479
5 760 761 5882 6480
5 5205 3215 7833 6481
5 756 757 862 6482
5 752 753 874 6483
5 754 755 893 6484
5 2575 2576 2577 6485
5 2999 3791 5941 6486
5 2984 2983 3418 6487
5 2923 2922 2983 6488
5 2772 2774 3835 6489
5 4618 3796 5924 6490
5 755 756 5874 6491
5 753 754 5876 6492
5 3792 5929 5930 6493
5 3333 3726 6035 6494
5 1919 2281 2282 6495
5 1223 1200 5922 6496
5 4071 4072 7313 6497
5 859 5862 5863 6498
5 780 781 859 6499
5 1848 1527 1926 6500
5 778 779 895 6501
5 3158 2580 6008 6502
5 2349 2348 5754 6503
5 912 914 6188 6504
5 879 763 5926 6505
5 3050 3896 3898 6506
5 736 860 5891 6507
5 735 736 5891 6508
5 732 733 856 6509
5 896 735 5891 6510
5 734 735 896 6511
5 736 737 860 6512
5 775 776 857 6513
5 4775 5312 5313 6514
5 1152 1158 5928 6515
5 3098 3100 8246 6516
5 4664 4662 4665 6517
5 775 857 5904 6518
5 774 775 5904 6519
5 2821 3703 6022 6520
5 5682 6589 7468 6521
5 5872 4740 7164 6522
5 3506 3508 4812 6523
5 5892 5899 5902 6524
5 5733 4457 5734 6525
5 3740 4075 5880 6526
5 773 774 897 6527
5 3797 3796 4617 6528
5 1620 1621 1622 6529
5 738 739 898 6530
5 741 742 5907 6531
5 876 5912 5913 6532
5 739 740 5913 6533
5 897 774 5904 6534
5 3729 3430 3730 6535
5 2859 2860 2861 6536
5 5145 5144 7950 6537
5 771 772 875 6538
5 3637 5555 7632 6539
5 898 739 5913 6540
5 3795 2967 3796 6541
5 2540 2974 5924 6542
5 2950 2946 5937 6543
5 5897 5898 5900 6544
5 740 741 876 6545
5 4633 5767 5768 6546
5 6079 2805 6909 6547
5 4965 2029 5801 6548
5 3021 3020 3022 6549
5 742 743 5914 6550
5 2445 2230 8387 6551
5 1618 1619 1620 6552
5 6230 7204 7205 6553
5 3196 3980 4266 6554
5 5303 5304 7610 6555
5 2861 2862 2863 6556
5 1785 1426 5929 6557
5 1158 2269 2935 6558
5 4668 4666 4788 6559
5 3498 3735 3736 6560
5 4248 3463 4249 6561
5 1102 1101 1105 6562
5 2967 2540 5924 6563
5 6076 2991 6580 6564
5 3449 3006 3463 6565
5 876 741 5907 6566
5 2948 2946 2950 6567
5 1426 1223 3394 6568
5 2041 1785 2968 6569
5 744 745 5916 6570
5 5907 742 5914 6571
5 2057 2058 2059 6572
5 3332 1998 6078 6573
5 7586 3605 7807 6574
5 1724 1723 1725 6575
5 768 769 884 6576
5 743 744 885 6577
5 2863 2864 2922 6578
5 5298 6509 6988 6579
5 3747 3745 3804 6580
5 4815 4814 6733 6581
5 5893 860 5903 6582
5 4359 3381 7011 6583
5 1941 2457 2801 6584
5 2600 2826 5714 6585
5 2040 5842 5944 6586
5 6256 4489 7391 6587
5 5909 5907 5914 6588
5 2953 2951 3006 6589
5 740 876 5913 6590
5 1176 1199 5918 6591
5 2786 3607 4001 6592
5 1850 1856 2868 6593
5 2999 2968 3791 6594
5 3797 4617 4619 6595
5 860 737 5903 6596
5 2859 2858 2860 6597
5 3981 3197 3982 6598
5 4266 3980 4614 6599
5 5590 631 7472 6600
5 1865 3836 5808 6601
5 2763 5394 6356 6602
5 7508 4515 7566 6603
5 3795 3796 3797 6604
5 1860 7547 7830 6605
5 6045 5645 8515 6606
5 1199 1221 5918 6607
5 2937 2938 2939 6608
5 4752 4963 5516 6609
5 2861 2860 2862 6610
5 4822 4823 4824 6611
5 3745 2999 5941 6612
5 3642 3643 4160 6613
5 2863 2862 2864 6614
5 3418 4047 4457 6615
5 2289 2291 2292 6616
5 2873 3268 3269 6617
5 1199 1220 1221 6618
5 2922 2864 3196 6619
5 782 894 5860 6620
5 5033 5034 5035 6621
5 5992 3755 6001 6622
5 2287 2288 2289 6623
5 2540 2163 2974 6624
5 3477 3332 4365 6625
5 743 885 5914 6626
5 1471 1466 1472 6627
5 2983 2922 5927 6628
5 1850 2868 5954 6629
5 5897 5895 5898 6630
5 5035 5036 5037 6631
5 3981 3983 4775 6632
5 4249 6995 7000 6633
5 4153 3119 8246 6634
5 3983 3982 4199 6635
5 5037 5038 5039 6636
5 5867 2950 5937 6637
5 1748 1523 1750 6638
5 1817 1819 1820 6639
5 5900 5898 5901 6640
5 1147 1180 3544 6641
5 4419 3649 7861 6642
5 928 930 6128 6643
5 3796 2967 5924 6644
5 885 744 5916 6645
5 3388 3976 4747 6646
5 4775 3983 5312 6647
5 1628 5888 8037 6648
5 3196 3197 3980 6649
5 2012 2013 2557 6650
5 3979 6319 7193 6651
5 3418 2983 4047 6652
5 1557 1558 1559 6653
5 2940 2942 2943 6654
5 3980 3197 3981 6655
5 4753 5516 7458 6656
5 4047 2983 5927 6657
5 2178 5663 7072 6658
5 3826 5228 6659 6659
5 3116 3117 3118 6660
5 2288 2268 6007 6661
5 3196 4266 5927 6662
5 2310 2857 2858 6663
5 6200 4800 7413 6664
5 3981 3982 3983 6665
5 2087 2096 6684 6666
5 3264 3899 3964 6667
5 2040 2309 2310 6668
5 3196 2864 3197 6669
5 1158 2935 5928 6670
5 1450 1445 1451 6671
5 3797 4619 5638 6672
5 2944 2941 3423 6673
5 2684 2683 2685 6674
5 1848 1926 2012 6675
5 5939 898 5957 6676
5 3747 3804 3889 6677
5 3505 3504 3740 6678
5 4457 4047 5559 6679
5 2862 2860 2865 6680
5 5739 3136 6920 6681
5 1784 2039 2040 6682
5 763 764 5926 6683
5 3449 3463 4248 6684
5 1919 2282 7197 6685
5 3736 6058 7534 6686
5 3268 2967 3795 6687
5 3394 1223 5922 6688
5 1782 1781 1783 6689
5 5384 4980 8089 6690
5 6304 1938 6374 6691
5 3585 3249 6251 6692
5 2968 1785 5929 6693
5 3982 3197 5931 6694
5 7707 5521 8100 6695
5 2075 2071 2076 6696
5 2873 2540 2967 6697
5 1939 1937 2762 6698
5 2801 2457 5932 6699
5 3268 3795 3971 6700
5 2953 3006 3449 6701
5 7643 5103 7714 6702
5 2922 3196 5927 6703
5 2041 2968 2999 6704
5 2948 2950 2951 6705
5 2557 2799 2895 6706
5 1222 1200 1223 6707
5 2457 2163 2540 6708
5 2895 2959 3200 6709
5 2873 2967 3268 6710
5 3501 2822 3502 6711
5 1941 2163 2457 6712
5 4824 4825 4826 6713
5 1941 1939 2163 6714
5 2873 3269 5932 6715
5 2457 2540 2873 6716
5 3042 2537 7047 6717
5 2032 2033 2516 6718
5 1425 1223 1426 6719
5 5880 2943 7553 6720
5 4262 4127 8424 6721
5 3503 3502 3504 6722
5 3964 3899 4742 6723
5 1938 1939 1941 6724
5 6824 1221 6876 6725
5 3804 3745 5941 6726
5 4641 907 5738 6727
5 1168 1170 1176 6728
5 1528 1849 1850 6729
5 2857 2309 2927 6730
5 1425 1784 5944 6731
5 1784 1426 1785 6732
5 2039 1785 2041 6733
5 2310 2309 2857 6734
5 2040 2039 2309 6735
5 2864 2862 5931 6736
5 1855 1849 2311 6737
5 2489 1091 2490 6738
5 4909 4888 8446 6739
5 5893 5903 5939 6740
5 5505 4894 8064 6741
5 894 5859 5860 6742
5 3449 4248 4250 6743
5 3264 2927 3754 6744
5 3746 3745 3747 6745
5 1938 1937 1939 6746
5 2974 2163 5940 6747
5 1784 2040 5944 6748
5 1856 1937 1938 6749
5 6360 4339 7849 6750
5 4004 3441 4005 6751
5 4710 4708 6049 6752
5 1161 1164 1165 6753
5 2860 2858 5935 6754
5 3264 3754 3899 6755
5 3746 3747 4348 6756
5 4034 4033 4035 6757
5 1819 1815 7545 6758
5 2952 3441 3743 6759
5 4377 6561 7940 6760
5 2041 2999 3744 6761
5 1222 1223 1425 6762
5 3744 2999 3745 6763
5 1175 1169 1226 6764
5 1227 1226 1527 6765
5 1528 1848 1849 6766
5 1478 1474 7850 6767
5 2857 2927 3264 6768
5 1528 1527 1848 6769
5 918 3334 6188 6770
5 3779 4862 4863 6771
5 1425 1426 1784 6772
5 3329 4351 4352 6773
5 1227 1527 1528 6774
5 1850 1855 1856 6775
5 1784 1785 2039 6776
5 7467 4804 7672 6777
5 5019 5374 6036 6778
5 3744 3745 3746 6779
5 3200 3201 3824 6780
5 2952 2951 2953 6781
5 3197 2864 5931 6782
5 1220 1222 1424 6783
5 2457 2873 5932 6784
5 3355 4461 6588 6785
5 4869 3253 6993 6786
5 1633 1632 7921 6787
5 1616 1617 1618 6788
5 2862 2865 5931 6789
5 4482 3454 6319 6790
5 5895 5893 5939 6791
5 1856 1855 1937 6792
5 2573 2574 2575 6793
5 2948 2951 2952 6794
5 1175 1227 3753 6795
5 6213 2158 7804 6796
5 2935 2269 2936 6797
5 5648 7202 7479 6798
5 5137 4562 6857 6799
5 1176 1177 1199 6800
5 3853 7118 8334 6801
5 5898 5895 5939 6802
5 3743 4004 4318 6803
5 2163 1939 5940 6804
5 1175 1226 1227 6805
5 1939 2762 5940 6806
5 1220 1200 1222 6807
5 1199 1200 1220 6808
5 4621 6969 7723 6809
5 2865 2860 5935 6810
5 1850 1849 1855 6811
5 2068 2105 2106 6812
5 2292 2520 2764 6813
5 5901 5898 5957 6814
5 2167 6320 7386 6815
5 2945 2947 2949 6816
5 2231 2230 2232 6817
5 6121 6120 7991 6818
5 3890 2336 6144 6819
5 4820 4821 4822 6820
5 2952 2953 3441 6821
5 7409 5735 8532 6822
5 1387 1390 1391 6823
5 3264 3964 5951 6824
5 1168 1169 1170 6825
5 5002 5003 5004 6826
5 3336 6878 7524 6827
5 1111 6096 6481 6828
5 1199 1177 1200 6829
5 1176 1170 1177 6830
5 4318 4004 4671 6831
5 2858 2857 5951 6832
5 4491 6651 7197 6833
5 1170 1169 1175 6834
5 5794 2266 7067 6835
5 5613 1433 7551 6836
5 3743 3441 4004 6837
5 2949 3386 3430 6838
5 5870 3423 6001 6839
5 5935 2858 5951 6840
5 3775 3921 4190 6841
5 2947 2946 2948 6842
5 2405 6329 7475 6843
5 2557 2895 2899 6844
5 1165 1166 2926 6845
5 1152 1157 1158 6846
5 1012 5722 7374 6847
5 1915 1991 1992 6848
5 2943 2942 5956 6849
5 3712 4673 4674 6850
5 1161 1163 1164 6851
5 1166 1164 1167 6852
5 5000 5001 5002 6853
5 2953 3449 5946 6854
5 1772 1725 1773 6855
5 4928 5768 8012 6856
5 1156 1151 1216 6857
5 1165 1164 1166 6858
5 1168 1167 1169 6859
5 1489 1480 5887 6860
5 4980 4981 4996 6861
5 5790 1741 7116 6862
5 4367 3740 5880 6863
5 2947 2948 5968 6864
5 2762 1937 5953 6865
5 1166 1167 1168 6866
5 1425 5944 5949 6867
5 5487 5488 5489 6868
5 3663 5075 6432 6869
5 2347 2348 2349 6870
5 2311 1849 5945 6871
5 5898 5939 5957 6872
5 3423 2941 5992 6873
5 2937 2936 2938 6874
5 2039 2041 5952 6875
5 1222 1425 5949 6876
5 2041 3744 5952 6877
5 1849 1848 5945 6878
5 4085 6608 8478 6879
5 1031 1030 1032 6880
5 1424 1222 5949 6881
5 3439 3712 5618 6882
5 6044 5041 8610 6883
5 4816 4817 4818 6884
5 1848 2012 5945 6885
5 3449 4250 5946 6886
5 4005 3441 5946 6887
5 6351 5064 8083 6888
5 2927 2309 5952 6889
5 4503 4768 4769 6890
5 4699 4698 4700 6891
5 3756 3782 3783 6892
5 2497 2498 2499 6893
5 2857 3264 5951 6894
5 2297 2992 3625 6895
5 4998 4999 5000 6896
5 2005 1934 2006 6897
5 3226 3227 3847 6898
5 2982 2981 8481 6899
5 2077 2078 2079 6900
5 1855 2311 5953 6901
5 1159 1157 1160 6902
5 1119 1120 1121 6903
5 3430 3386 4169 6904
5 5330 5329 8067 6905
5 2267 1216 2268 6906
5 6115 1525 8028 6907
5 2949 2947 3386 6908
5 5027 5028 5029 6909
5 1813 6038 7545 6910
5 1430 1429 8379 6911
5 2945 2944 2946 6912
5 5845 2360 7701 6913
5 2309 2039 5952 6914
5 3441 2953 5946 6915
5 1937 1855 5953 6916
5 5681 4595 8393 6917
5 962 964 6837 6918
5 3200 3824 4171 6919
5 1161 1160 1163 6920
5 5246 4759 6547 6921
5 1159 1160 1161 6922
5 4996 4997 4998 6923
5 1227 1528 5954 6924
5 3374 3375 6944 6925
5 4769 4771 4772 6926
5 1613 1608 8076 6927
5 2264 2346 2347 6928
5 1158 1157 1159 6929
5 2239 2238 2240 6930
5 1906 1172 1907 6931
5 4829 6195 7004 6932
5 2942 2941 2944 6933
5 4193 6500 6970 6934
5 4388 5166 7592 6935
5 5922 1177 5958 6936
5 1559 1560 1561 6937
5 2260 2261 2262 6938
5 4050 3831 4051 6939
5 1528 1850 5954 6940
5 2262 2263 2264 6941
5 2945 2946 2947 6942
5 1147 3544 5966 6943
5 2303 2021 2304 6944
5 2243 6730 7062 6945
5 4501 4502 4503 6946
5 2939 2938 2940 6947
5 703 883 6142 6948
5 2267 2286 3756 6949
5 4171 3824 5139 6950
5 3517 4566 6754 6951
5 1707 1705 1708 6952
5 2942 2944 2945 6953
5 2952 3743 5968 6954
5 7239 854 8169 6955
5 3505 3740 4367 6956
5 2237 2236 2238 6957
5 2948 2952 5968 6958
5 2258 2259 2260 6959
5 3386 2947 5968 6960
5 1168 1176 5964 6961
5 2678 2677 2679 6962
5 948 950 7042 6963
5 2936 2269 3755 6964
5 1158 1159 2269 6965
5 5981 2929 5982 6966
5 1170 1175 5958 6967
5 3753 1227 5954 6968
5 1177 1170 5958 6969
5 2765 3335 3778 6970
5 801 802 7328 6971
5 3544 1180 3545 6972
5 1156 1216 2267 6973
5 3575 3285 7210 6974
5 5305 4825 8389 6975
5 2451 2453 4356 6976
5 4314 5947 7897 6977
5 1351 1350 1352 6978
5 3503 3504 3505 6979
5 5952 3744 5991 6980
5 4499 4500 4501 6981
5 2940 2941 2942 6982
5 2945 2949 5956 6983
5 5552 4554 7140 6984
5 3608 1215 3742 6985
5 2012 2557 5963 6986
5 4497 4498 4499 6987
5 2935 2937 6097 6988
5 1175 3753 5958 6989
5 2282 2812 3257 6990
5 2927 5952 5991 6991
5 4800 4799 8191 6992
5 5004 5486 5487 6993
5 6066 6065 8586 6994
5 4870 6186 7997 6995
5 2546 2014 7851 6996
5 5102 5103 7567 6997
5 4370 4369 7484 6998
5 5371 2659 5372 6999
5 1853 1783 1854 7000
5 5930 3394 6014 7001
5 917 1228 3148 7002
5 1152 1156 1157 7003
5 5564 1824 7318 7004
5 1166 1168 5964 7005
5 3756 2286 3782 7006
5 4608 7714 8569 7007
5 2034 3886 6209 7008
5 1423 1396 8617 7009
5 1992 2631 2633 7010
5 3906 3905 3907 7011
5 1161 1165 5973 7012
5 4831 5564 7583 7013
5 2940 2938 2941 7014
5 2241 2240 2242 7015
5 2286 2268 2287 7016
5 2981 7446 7478 7017
5 4312 4313 4475 7018
5 7958 4851 8559 7019
5 2557 2899 5963 7020
5 5476 5012 6673 7021
5 5201 5203 8239 7022
5 2926 1166 5964 7023
5 3847 3848 5355 7024
5 5945 2012 5963 7025
5 7670 5417 8150 7026
5 3778 3335 3779 7027
5 5958 3753 6014 7028
5 3477 4365 6018 7029
5 2267 2268 2286 7030
5 1357 1358 1359 7031
5 5760 5183 6963 7032
5 6041 6565 7167 7033
5 3109 3110 3111 7034
5 2051 2048 2053 7035
5 4761 3636 5766 7036
5 6100 3520 6905 7037
5 2791 2790 2792 7038
5 3754 2927 5991 7039
5 5775 3836 7872 7040
5 3703 3850 5494 7041
5 7713 2343 7772 7042
5 3743 4318 6004 7043
5 3501 3502 3503 7044
5 368 369 2073 7045
5 2942 2945 5956 7046
5 7362 2445 8387 7047
5 6266 6267 6707 7048
5 1159 1161 5973 7049
5 1610 1613 1614 7050
5 4856 5174 7250 7051
5 5941 6438 6591 7052
5 751 752 6060 7053
5 3779 3335 4861 7054
5 7648 3005 8580 7055
5 5804 1089 6383 7056
5 1124 1122 6850 7057
5 3610 4197 5993 7058
5 3457 5614 5919 7059
5 5718 4139 7805 7060
5 4968 4967 4969 7061
5 4026 4028 5750 7062
5 4991 4993 6170 7063
5 2411 5721 6930 7064
5 2287 2289 2290 7065
5 1839 1748 5496 7066
5 3772 4060 4244 7067
5 2235 2234 2236 7068
5 4001 3607 4515 7069
5 5922 5958 6014 7070
5 3779 4861 4862 7071
5 1160 1157 5971 7072
5 7047 2800 8002 7073
5 5986 2372 7757 7074
5 4015 4017 4018 7075
5 3726 4533 6035 7076
5 4137 5104 5105 7077
5 2821 3500 3703 7078
5 367 368 5778 7079
5 5830 1133 6000 7080
5 6594 4450 8202 7081
5 2149 5505 8064 7082
5 3047 5580 5798 7083
5 1137 1135 1215 7084
5 3793 3454 4482 7085
5 2737 2735 6920 7086
5 1561 1562 1563 7087
5 5241 4858 7497 7088
5 3504 3502 6666 7089
5 3819 5817 6312 7090
5 3744 3746 5991 7091
5 2233 2232 2234 7092
5 1914 1912 2928 7093
5 5869 5870 6521 7094
5 4244 4245 5571 7095
5 5559 4047 6027 7096
5 3313 3311 4411 7097
5 971 970 974 7098
5 1593 1594 1595 7099
5 1869 1865 5808 7100
5 3699 3751 4478 7101
5 823 5970 6034 7102
5 2621 4217 6072 7103
5 2608 2610 2659 7104
5 1768 1997 6505 7105
5 5927 4266 6027 7106
5 1157 1156 5971 7107
5 2269 1159 5973 7108
5 817 866 7903 7109
5 2256 2257 2258 7110
5 5960 5961 7588 7111
5 3545 4170 4398 7112
5 5671 3874 7577 7113
5 4495 4496 4497 7114
5 2017 2645 3731 7115
5 7064 5072 8322 7116
5 1147 1148 1180 7117
5 4444 4443 7256 7118
5 2765 2764 3226 7119
5 3519 6417 7954 7120
5 711 712 7298 7121
5 2267 3756 5971 7122
5 2920 2223 6094 7123
5 4354 3350 5811 7124
5 3257 3258 3968 7125
5 2305 2304 2306 7126
5 3717 7347 7647 7127
5 3636 3428 6063 7128
5 3668 3923 3924 7129
5 3090 3093 8534 7130
5 3755 2269 5973 7131
5 2156 2155 5797 7132
5 1595 1596 1597 7133
5 2519 1198 6153 7134
5 1148 1138 1149 7135
5 1563 1564 1565 7136
5 5916 4619 7885 7137
5 1709 1708 1710 7138
5 1152 1151 1156 7139
5 2413 2933 3876 7140
5 6015 3194 6016 7141
5 5853 3800 5854 7142
5 1156 2267 5971 7143
5 4350 5388 5389 7144
5 4576 4648 7094 7145
5 5720 3939 7076 7146
5 3703 5495 6022 7147
5 2596 1529 5713 7148
5 3545 1180 4170 7149
5 1604 1605 1606 7150
5 3428 2920 3618 7151
5 3503 3505 3805 7152
5 3924 4042 4043 7153
5 2793 2490 2794 7154
5 4777 1783 8327 7155
5 1606 1607 1608 7156
5 1160 5971 6026 7157
5 5538 5537 7908 7158
5 4036 4035 4057 7159
5 2214 1996 2215 7160
5 2578 2579 3266 7161
5 2765 3226 3335 7162
5 2148 2150 2151 7163
5 4636 4637 6120 7164
5 2302 3133 6178 7165
5 1136 1138 1147 7166
5 2151 2153 2154 7167
5 2139 2141 2142 7168
5 1602 1603 1604 7169
5 2278 2279 2280 7170
5 1150 1151 1152 7171
5 2142 2143 2144 7172
5 1565 1566 1567 7173
5 5848 1167 6030 7174
5 1150 5928 5989 7175
5 3832 5387 6469 7176
5 3829 3827 8208 7177
5 4461 5383 6495 7178
5 1178 6811 7154 7179
5 6137 4254 7772 7180
5 1597 1601 1602 7181
5 1167 1164 6030 7182
5 3844 3842 5186 7183
5 1148 1149 1150 7184
5 3386 5968 6004 7185
5 2154 2155 2156 7186
5 2059 2060 2061 7187
5 5676 2820 6937 7188
5 6319 3979 7052 7189
5 7295 4242 7847 7190
5 3993 7057 7398 7191
5 4246 3792 6222 7192
5 3275 3276 8584 7193
5 2626 4286 5755 7194
5 6532 3341 7198 7195
5 2146 2147 2148 7196
5 3655 5213 5323 7197
5 5423 5422 8041 7198
5 1188 1154 2037 7199
5 5323 5213 5324 7200
5 1908 1907 1909 7201
5 2253 1942 2515 7202
5 3608 3742 5519 7203
5 1150 1149 1151 7204
5 3050 3898 7187 7205
5 2144 2145 2146 7206
5 6271 5177 7765 7207
5 5968 3743 6004 7208
5 3396 3315 3397 7209
5 1915 1913 1991 7210
5 770 771 6125 7211
5 2174 6189 8522 7212
5 1127 1092 1217 7213
5 2482 6114 6115 7214
5 2936 3755 5992 7215
5 3608 5519 5520 7216
5 4170 5989 6097 7217
5 4043 4045 4046 7218
5 809 810 5998 7219
5 2292 2764 2765 7220
5 7006 7390 7453 7221
5 5610 3715 5611 7222
5 6555 6116 6556 7223
5 3500 2822 3501 7224
5 1623 5618 8363 7225
5 5093 5094 6972 7226
5 4169 3386 6004 7227
5 5642 1313 8498 7228
5 5159 5158 8523 7229
5 1869 5808 6802 7230
5 4755 4090 8054 7231
5 1147 1138 1148 7232
5 1165 2926 6081 7233
5 3610 4195 4197 7234
5 3009 3610 5993 7235
5 2223 1891 2224 7236
5 4482 6319 7052 7237
5 1567 1568 1569 7238
5 7068 7575 7762 7239
5 5814 4890 8425 7240
5 6651 2916 7197 7241
5 5971 3756 6026 7242
5 5016 5024 5025 7243
5 5988 5085 8227 7244
5 3284 1266 6131 7245
5 1391 1526 3040 7246
5 5316 4969 5317 7247
5 3847 5355 5356 7248
5 1591 1592 1593 7249
5 1121 1122 1123 7250
5 949 947 2205 7251
5 2938 2936 5992 7252
5 1132 1130 1133 7253
5 6398 5060 6399 7254
5 2941 2938 5992 7255
5 6053 3949 8409 7256
5 3771 7261 8261 7257
5 1490 5421 7172 7258
5 6108 5434 8546 7259
5 3598 3891 3963 7260
5 3807 2787 3808 7261
5 5989 5928 6097 7262
5 3799 3274 4538 7263
5 3576 4358 5480 7264
5 1983 1217 1984 7265
5 2823 5678 6052 7266
5 5074 6571 7123 7267
5 1767 2024 2578 7268
5 1874 4804 7467 7269
5 4009 4426 4427 7270
5 1137 1215 3608 7271
5 1625 1624 5888 7272
5 3219 2792 3484 7273
5 1131 1130 1132 7274
5 3280 2794 3281 7275
5 2391 1069 2818 7276
5 975 974 977 7277
5 4811 5449 5960 7278
5 2224 1891 6354 7279
5 2291 2288 6048 7280
5 4352 4353 5759 7281
5 5573 5136 7771 7282
5 5353 5352 8042 7283
5 1245 1254 8014 7284
5 5436 4283 8147 7285
5 7028 4795 8442 7286
5 1180 1148 5989 7287
5 5017 5019 6987 7288
5 3394 5922 6014 7289
5 1324 1328 1329 7290
5 3417 2893 5645 7291
5 3111 3112 3113 7292
5 3098 3099 3100 7293
5 5919 7843 8221 7294
5 5443 3718 5445 7295
5 2113 2114 2115 7296
5 3703 3500 3850 7297
5 4231 2929 5981 7298
5 1587 1588 1589 7299
5 1131 1132 1172 7300
5 1148 1150 5989 7301
5 1910 1909 1911 7302
5 7140 4555 8035 7303
5 4068 5444 8142 7304
5 2758 2009 2790 7305
5 4047 5927 6027 7306
5 1987 1990 2786 7307
5 3756 3783 6026 7308
5 2137 2138 2139 7309
5 2821 2632 2822 7310
5 2786 2787 3607 7311
5 2503 3167 3775 7312
5 1201 1525 5832 7313
5 5022 5021 5061 7314
5 3294 3295 3296 7315
5 3105 3061 8024 7316
5 5824 6030 6148 7317
5 4780 5254 7693 7318
5 1585 1586 1587 7319
5 2765 3778 6012 7320
5 2110 2111 2113 7321
5 1231 1230 1232 7322
5 2115 2116 2117 7323
5 2117 2118 2119 7324
5 6462 4211 8272 7325
5 5733 4250 7084 7326
5 2268 1216 6007 7327
5 2128 2130 2131 7328
5 3382 5599 8194 7329
5 6570 4230 6836 7330
5 1914 2929 4231 7331
5 1164 1163 6030 7332
5 5954 2868 6061 7333
5 2119 2121 2122 7334
5 5763 5764 7051 7335
5 2524 6240 6846 7336
5 1583 1584 1585 7337
5 5510 5101 6387 7338
5 3544 4490 6550 7339
5 1569 1570 1571 7340
5 2670 2669 2671 7341
5 5186 6796 8357 7342
5 5765 2318 8496 7343
5 3009 5993 6470 7344
5 5494 3850 5662 7345
5 4371 3470 6136 7346
5 2126 2127 2128 7347
5 5506 5978 8604 7348
5 1497 2102 2302 7349
5 7170 5249 7243 7350
5 3155 4008 4009 7351
5 2122 2123 2124 7352
5 2131 2132 2133 7353
5 4540 3705 4686 7354
5 1719 1710 1720 7355
5 4817 4815 7578 7356
5 3282 4184 4185 7357
5 757 758 6263 7358
5 2124 2125 2126 7359
5 1581 1582 1583 7360
5 4316 5830 6901 7361
5 4832 4524 7550 7362
5 1514 1219 1832 7363
5 4584 7068 7762 7364
5 5325 4423 7333 7365
5 1129 1130 1131 7366
5 6192 4044 7692 7367
5 2106 2107 2108 7368
5 2108 2109 2110 7369
5 3522 3523 3524 7370
5 3273 2636 3274 7371
5 1579 1580 1581 7372
5 2821 2822 3500 7373
5 1914 2928 2929 7374
5 777 778 6300 7375
5 3170 3171 8551 7376
5 1577 1578 1579 7377
5 5901 5911 6424 7378
5 2133 2134 2135 7379
5 3752 3484 4155 7380
5 1987 1986 1988 7381
5 1106 1105 1107 7382
5 2289 2292 6012 7383
5 3505 4367 6003 7384
5 1820 1821 1822 7385
5 881 5638 7565 7386
5 1163 1160 6026 7387
5 1575 1576 1577 7388
5 5686 4560 6631 7389
5 3088 3090 6413 7390
5 3226 3847 6025 7391
5 3997 2588 6130 7392
5 3950 3949 6053 7393
5 1571 1572 1573 7394
5 1486 1485 1487 7395
5 1573 1574 1575 7396
5 1833 1832 1865 7397
5 3353 3327 5730 7398
5 5725 2403 7017 7399
5 4861 3335 6025 7400
5 6544 5228 8007 7401
5 3524 3525 3526 7402
5 4894 4893 8064 7403
5 3000 5347 8232 7404
5 3147 1155 3457 7405
5 2985 5583 8490 7406
5 1130 1128 6000 7407
5 1985 1984 1986 7408
5 4230 6570 6571 7409
5 2820 5676 8462 7410
5 3525 4691 6722 7411
5 4170 1180 5989 7412
5 4127 4122 4128 7413
5 5322 3591 8329 7414
5 797 798 6681 7415
5 856 733 6363 7416
5 734 896 6363 7417
5 4665 4662 7397 7418
5 4214 3299 4215 7419
5 5199 4058 6104 7420
5 2479 6414 7209 7421
5 6386 7923 8342 7422
5 1318 1316 1319 7423
5 6026 3783 6148 7424
5 4747 3976 4748 7425
5 3215 2834 3415 7426
5 3836 1832 6099 7427
5 2971 3812 3813 7428
5 3239 3231 7009 7429
5 2135 2134 5818 7430
5 2290 2289 6012 7431
5 6500 4678 6970 7432
5 5886 751 6060 7433
5 5664 5030 7996 7434
5 1904 1903 1905 7435
5 4698 2982 8481 7436
5 1136 1137 1138 7437
5 1992 1991 2631 7438
5 3175 3173 3176 7439
5 3266 3267 3839 7440
5 5610 1869 6802 7441
5 2517 3155 6009 7442
5 3368 3144 6405 7443
5 4018 4019 4020 7444
5 3713 5889 7637 7445
5 3335 3226 6025 7446
5 2244 2242 2245 7447
5 3807 3808 5650 7448
5 4246 6304 6374 7449
5 4427 6747 7654 7450
5 1423 5763 7051 7451
5 1718 1920 3592 7452
5 4323 4495 8009 7453
5 366 2056 5172 7454
5 3956 3509 4453 7455
5 1132 1133 1134 7456
5 2594 3882 5938 7457
5 2754 5572 7039 7458
5 1685 1684 1686 7459
5 1134 1135 1136 7460
5 4675 7149 7735 7461
5 858 728 6601 7462
5 2176 2006 2177 7463
5 5917 1737 7382 7464
5 7715 7082 7983 7465
5 3607 2787 3807 7466
5 1529 1498 5713 7467
5 2631 2632 2821 7468
5 4020 4021 4022 7469
5 2996 3135 3307 7470
5 2674 2673 2675 7471
5 4466 8044 8096 7472
5 4439 4438 4440 7473
5 978 977 979 7474
5 5725 4785 8017 7475
5 3956 5608 5965 7476
5 2017 3731 6346 7477
5 1941 2801 6374 7478
5 5822 5824 6580 7479
5 2210 2592 7646 7480
5 1136 1135 1137 7481
5 6510 2511 6984 7482
5 1093 1128 1129 7483
5 2011 2538 5625 7484
5 4365 3332 6078 7485
5 1856 1938 6304 7486
5 1913 1912 1914 7487
5 6061 2868 6222 7488
5 2672 2671 2673 7489
5 1134 1133 1135 7490
5 1076 1077 1078 7491
5 1866 1865 1869 7492
5 7172 3647 7287 7493
5 1589 1588 6902 7494
5 1911 1912 1913 7495
5 3805 3505 6003 7496
5 3847 5356 6025 7497
5 2786 1990 2787 7498
5 4801 6961 8010 7499
5 5547 1126 7398 7500
5 5869 6521 6649 7501
5 5930 6014 6061 7502
5 3635 4760 4762 7503
5 2190 5752 7410 7504
5 7091 3601 7744 7505
5 3427 7169 7857 7506
5 3884 3347 4743 7507
5 4601 4728 7802 7508
5 729 892 6601 7509
5 2292 2765 6012 7510
5 3975 3387 3977 7511
5 7076 3939 7441 7512
5 1067 1065 3696 7513
5 1706 6475 8554 7514
5 4022 4023 4024 7515
5 1072 1071 1073 7516
5 5699 4032 7535 7517
5 3149 4013 4031 7518
5 5344 4695 7963 7519
5 4263 3619 6230 7520
5 1339 1345 3883 7521
5 1702 1693 1703 7522
5 2770 2961 3048 7523
5 1907 1172 3821 7524
5 4848 5746 7797 7525
5 1067 3696 6071 7526
5 2664 2663 2665 7527
5 3735 5545 6058 7528
5 5319 7520 8570 7529
5 1081 1067 6071 7530
5 5023 7058 8313 7531
5 4983 4978 4984 7532
5 2631 1991 2632 7533
5 3155 2932 3699 7534
5 2399 5530 8087 7535
5 2046 2044 3940 7536
5 2096 3531 6684 7537
5 4443 4059 7854 7538
5 4493 4322 4494 7539
5 3753 5954 6061 7540
5 1033 1034 1035 7541
5 1328 1339 6662 7542
5 5669 1374 7426 7543
5 1216 1151 6221 7544
5 1129 1128 1130 7545
5 3155 4009 6009 7546
5 1531 1529 2596 7547
5 5699 5698 7573 7548
5 4354 7126 7832 7549
5 2893 2894 5645 7550
5 4069 3624 6967 7551
5 5158 3170 8551 7552
5 4917 4916 6167 7553
5 5600 4609 6558 7554
5 5545 1615 7877 7555
5 4009 4008 4426 7556
5 2928 1912 6124 7557
5 3715 3281 5999 7558
5 3783 3782 6076 7559
5 929 927 5684 7560
5 5827 2960 6236 7561
5 980 979 981 7562
5 5178 5524 7833 7563
5 1127 1217 1983 7564
5 2428 6067 7523 7565
5 4893 6306 8064 7566
5 4419 5675 8023 7567
5 2612 3303 5522 7568
5 5567 5079 7506 7569
5 958 956 8542 7570
5 4823 4829 7004 7571
5 1133 1130 6000 7572
5 2899 2895 6321 7573
5 2061 2062 2063 7574
5 5662 786 8279 7575
5 4850 4847 8186 7576
5 3425 4218 6403 7577
5 700 0 5455 7578
5 1987 1988 1990 7579
5 5178 5177 7079 7580
5 2720 2718 5565 7581
5 5661 3003 7678 7582
5 1811 2519 6038 7583
5 1692 1686 1693 7584
5 1526 1863 6761 7585
5 1716 5853 6530 7586
5 4024 4025 4026 7587
5 1867 1890 6059 7588
5 2181 2283 6089 7589
5 3200 4171 6321 7590
5 1134 5966 6024 7591
5 4373 7859 7916 7592
5 2517 2516 2932 7593
5 6099 2037 7872 7594
5 5930 6061 6222 7595
5 1314 1312 1315 7596
5 4190 5686 7254 7597
5 7131 2963 7627 7598
5 1153 1187 3156 7599
5 6254 2355 6980 7600
5 1983 1985 3438 7601
5 7210 4233 7813 7602
5 2086 1696 6423 7603
5 3502 2822 6490 7604
5 4291 3580 4488 7605
5 6581 2313 7681 7606
5 3171 3169 3172 7607
5 5941 3791 6438 7608
5 5537 6050 6492 7609
5 6682 5493 8211 7610
5 905 907 4641 7611
5 1672 1671 1673 7612
5 3782 2286 6223 7613
5 3547 7232 8315 7614
5 5003 5001 7344 7615
5 4561 5137 8601 7616
5 4765 4764 8509 7617
5 5089 5802 5803 7618
5 1149 1138 6042 7619
5 5766 3636 6063 7620
5 1911 1909 1912 7621
5 5767 1459 8073 7622
5 3893 3442 5775 7623
5 2307 2306 2308 7624
5 2696 7638 7931 7625
5 7975 1566 8594 7626
5 6014 3753 6061 7627
5 1985 1986 1987 7628
5 4972 6423 7521 7629
5 3608 5520 6042 7630
5 4010 6636 6740 7631
5 2955 4509 8612 7632
5 3536 5596 5597 7633
5 1516 1416 8376 7634
5 1927 1924 5923 7635
5 5132 4797 5133 7636
5 3100 3101 3102 7637
5 3080 3083 7230 7638
5 1163 6026 6148 7639
5 3367 2795 5675 7640
5 2515 5237 8583 7641
5 4939 5181 8049 7642
5 2287 2290 6223 7643
5 1890 2222 2639 7644
5 1149 6042 6221 7645
5 5724 5307 7008 7646
5 1711 5587 7421 7647
5 3860 3861 3862 7648
5 3281 3388 5999 7649
5 3155 3699 4008 7650
5 1108 1107 1109 7651
5 1542 1921 2034 7652
5 913 911 2375 7653
5 4079 3916 4080 7654
5 3800 2847 5915 7655
5 1059 1056 1198 7656
5 5449 4529 8171 7657
5 2750 2746 2751 7658
5 7075 4063 7683 7659
5 3154 1477 6813 7660
5 810 811 6576 7661
5 5040 7181 8505 7662
5 701 702 6583 7663
5 7329 4516 7832 7664
5 5833 2425 6357 7665
5 6057 2582 7893 7666
5 6042 5520 6221 7667
5 1155 1081 6071 7668
5 4158 5457 7936 7669
5 1054 1049 3723 7670
5 3093 3094 8069 7671
5 1810 1198 1811 7672
5 1735 5719 8516 7673
5 5889 5890 7637 7674
5 5533 5538 8333 7675
5 2827 2515 3347 7676
5 4398 4170 6204 7677
5 3936 1499 6775 7678
5 4919 4918 4920 7679
5 1983 1984 1985 7680
5 3500 3501 6043 7681
5 2819 2818 3330 7682
5 5334 6828 6900 7683
5 7227 7223 7803 7684
5 5332 3353 5333 7685
5 2666 2665 2667 7686
5 5951 3964 6340 7687
5 4752 4962 4963 7688
5 6189 3334 7195 7689
5 4661 3952 6715 7690
5 1218 1513 1515 7691
5 3821 6024 6550 7692
5 1840 1932 1933 7693
5 1087 1088 1091 7694
5 4402 4960 7533 7695
5 1410 1412 1413 7696
5 5217 4210 6135 7697
5 3971 3795 6592 7698
5 3797 5638 6592 7699
5 933 959 960 7700
5 7407 4039 7661 7701
5 1085 1081 1155 7702
5 1917 1916 1918 7703
5 6730 5240 7816 7704
5 5632 6368 8017 7705
5 7164 4740 8432 7706
5 5008 4686 7489 7707
5 4026 4027 4028 7708
5 3207 3208 3209 7709
5 745 746 6652 7710
5 1172 1132 6024 7711
5 5507 2900 8518 7712
5 2300 1922 2301 7713
5 4267 5653 7493 7714
5 771 875 6125 7715
5 4041 3457 5919 7716
5 6808 4181 7794 7717
5 3140 7906 8581 7718
5 5973 1165 6081 7719
5 5598 4762 8219 7720
5 1178 7154 7155 7721
5 2490 1091 3365 7722
5 3310 3944 4233 7723
5 1090 5846 6080 7724
5 1238 6779 7963 7725
5 2328 2324 6897 7726
5 1676 1675 1677 7727
5 4346 3997 6130 7728
5 5454 5092 7817 7729
5 3411 3624 4069 7730
5 3908 3907 3909 7731
5 5334 6900 8531 7732
5 1137 3608 6042 7733
5 3774 5804 7153 7734
5 2832 3206 3207 7735
5 6438 2801 6591 7736
5 3376 7467 7672 7737
5 3612 3613 7248 7738
5 6202 2395 8471 7739
5 2621 2995 4217 7740
5 2592 7118 7579 7741
5 1802 2303 8533 7742
5 3281 3387 3388 7743
5 1717 5974 7229 7744
5 1408 1406 8420 7745
5 3914 6764 8016 7746
5 3094 3095 3096 7747
5 4446 3823 4517 7748
5 1296 1294 1297 7749
5 4172 5349 7982 7750
5 4032 7573 7619 7751
5 3388 3975 3976 7752
5 1306 1304 1307 7753
5 4866 5416 7457 7754
5 1674 1673 1675 7755
5 5609 4454 8565 7756
5 3618 2920 6094 7757
5 3417 5645 6045 7758
5 4760 3636 4761 7759
5 880 815 7709 7760
5 6268 5196 6269 7761
5 1132 1134 6024 7762
5 927 2697 5684 7763
5 2747 5740 7476 7764
5 4168 6065 6066 7765
5 1888 1381 8487 7766
5 2542 2508 2782 7767
5 6274 5138 7901 7768
5 1597 1611 6795 7769
5 4386 4385 4387 7770
5 5379 6625 8256 7771
5 3960 3512 4782 7772
5 4421 5715 6253 7773
5 4246 6222 6304 7774
5 2517 2932 3155 7775
5 3425 3546 4073 7776
5 1730 2004 3425 7777
5 7737 5826 8011 7778
5 5190 4346 5592 7779
5 1553 1557 5959 7780
5 1138 1137 6042 7781
5 2301 1922 6828 7782
5 1678 1677 1679 7783
5 5920 2377 6975 7784
5 4544 6750 6988 7785
5 2627 2463 2628 7786
5 4761 5766 8337 7787
5 5292 6084 6599 7788
5 5883 5885 6340 7789
5 5444 5442 6912 7790
5 2218 2217 2219 7791
5 4431 4436 7010 7792
5 1123 1124 1201 7793
5 1233 1232 1234 7794
5 1914 4231 6103 7795
5 2032 2516 2517 7796
5 4189 5787 6010 7797
5 6563 6002 7492 7798
5 1062 1060 6068 7799
5 5928 2935 6097 7800
5 5406 6922 8241 7801
5 5583 2985 8174 7802
5 7545 5073 8271 7803
5 5670 4610 6247 7804
5 3755 5973 6081 7805
5 5738 907 6356 7806
5 6662 6663 6778 7807
5 4250 5733 7157 7808
5 2893 2308 2894 7809
5 3378 3413 6806 7810
5 5220 6684 6685 7811
5 6649 5918 6824 7812
5 6001 3755 6081 7813
5 4943 4942 6201 7814
5 1204 1253 2482 7815
5 4301 4297 7100 7816
5 6097 2937 6204 7817
5 3454 4208 6319 7818
5 4028 4029 4033 7819
5 3322 3184 3323 7820
5 4691 7407 7661 7821
5 6518 5812 7007 7822
5 4194 3609 4643 7823
5 3798 3154 3988 7824
5 3402 3401 3403 7825
5 4148 5871 7365 7826
5 3302 5118 7960 7827
5 4464 4277 7839 7828
5 5792 902 7312 7829
5 3177 3176 3178 7830
5 3442 3330 4504 7831
5 1890 2639 6059 7832
5 1088 1086 1089 7833
5 6040 3665 6041 7834
5 1093 1127 1128 7835
5 4999 5375 8599 7836
5 5900 5901 6424 7837
5 2589 2921 3979 7838
5 4136 5606 7272 7839
5 907 908 6356 7840
5 795 796 7102 7841
5 2560 2452 2561 7842
5 4173 5757 8366 7843
5 3850 3500 6043 7844
5 4813 4816 6718 7845
5 3209 3210 3211 7846
5 1235 1234 1236 7847
5 1863 2621 6072 7848
5 4948 6866 7032 7849
5 1477 1476 5674 7850
5 6126 4355 7906 7851
5 4317 7231 7569 7852
5 3147 3457 4041 7853
5 2958 5122 7724 7854
5 3244 3235 7443 7855
5 5213 5192 7336 7856
5 888 5549 7134 7857
5 3179 3178 3180 7858
5 6868 5444 6912 7859
5 1736 1897 6829 7860
5 3320 4242 7295 7861
5 4454 4453 6083 7862
5 1261 5664 7996 7863
5 3398 3397 3399 7864
5 3734 4964 5805 7865
5 4195 4196 5792 7866
5 2730 2554 2731 7867
5 1334 1337 1338 7868
5 702 703 6142 7869
5 2992 1893 6647 7870
5 6230 1940 8060 7871
5 1320 1319 1321 7872
5 6552 2464 6553 7873
5 3699 4478 6031 7874
5 7477 3724 8045 7875
5 5064 5063 8083 7876
5 4916 4581 6777 7877
5 5727 4359 6046 7878
5 698 699 5815 7879
5 3875 5868 6876 7880
5 6041 3665 7560 7881
5 3556 5474 7453 7882
5 1082 1086 1087 7883
5 3307 3454 3793 7884
5 6508 3242 6832 7885
5 1110 1109 1118 7886
5 1189 1181 6679 7887
5 1668 1664 1669 7888
5 4899 1726 8427 7889
5 2301 6784 7828 7890
5 1212 1186 7310 7891
5 3181 3180 3478 7892
5 6167 1269 6394 7893
5 6292 1683 7697 7894
5 3316 5235 6751 7895
5 6024 5966 6550 7896
5 4212 3393 7043 7897
5 4467 7838 8102 7898
5 5674 1479 7349 7899
5 1183 1190 2755 7900
5 3281 2794 3387 7901
5 3241 4252 6077 7902
5 6281 7265 7919 7903
5 4129 4128 4130 7904
5 1913 1914 6103 7905
5 994 992 995 7906
5 4487 3881 4536 7907
5 4388 4387 4961 7908
5 5187 5186 5728 7909
5 1288 1286 1289 7910
5 5619 1233 7888 7911
5 3696 6068 6069 7912
5 4135 4134 4141 7913
5 599 600 840 7914
5 5102 7567 8134 7915
5 1066 1068 3928 7916
5 5964 5918 6649 7917
5 1182 1194 8075 7918
5 4874 3042 7047 7919
5 4951 4952 7689 7920
5 5422 5346 8478 7921
5 4133 4132 4134 7922
5 1037 1038 1039 7923
5 2618 2620 3623 7924
5 4131 4130 4132 7925
5 1991 1913 6103 7926
5 1395 1206 1396 7927
5 4987 4989 6690 7928
5 3925 3262 5555 7929
5 7540 5800 8152 7930
5 3400 3399 3401 7931
5 3976 3975 4790 7932
5 1280 5632 7387 7933
5 1012 1010 1019 7934
5 3087 3254 6604 7935
5 3984 6698 7747 7936
5 6203 5386 7752 7937
5 3727 3477 6018 7938
5 3388 3387 3975 7939
5 1024 1022 1025 7940
5 4142 4141 4143 7941
5 1035 1036 1037 7942
5 1093 1092 1127 7943
5 3553 3185 8612 7944
5 4368 7184 7255 7945
5 4170 6097 6204 7946
5 1514 1832 1833 7947
5 5135 4982 7097 7948
5 3655 5192 5213 7949
5 3285 3468 5270 7950
5 6004 4318 6273 7951
5 5780 2644 6810 7952
5 6081 2926 6521 7953
5 3821 1172 6024 7954
5 3635 3428 3636 7955
5 1673 1690 8204 7956
5 803 804 7280 7957
5 1039 1040 1041 7958
5 1058 1031 6873 7959
5 5983 4209 6758 7960
5 5470 5736 5809 7961
5 6990 5331 8391 7962
5 4734 7210 7813 7963
5 3442 4504 5775 7964
5 1084 1096 7911 7965
5 5611 3715 5999 7966
5 3590 2643 3914 7967
5 1987 2786 6141 7968
5 4008 3699 6031 7969
5 5429 2779 8566 7970
5 960 961 962 7971
5 4055 6375 7924 7972
5 982 981 983 7973
5 6151 1196 6220 7974
5 1002 1000 1009 7975
5 3242 6077 6832 7976
5 1910 1911 6852 7977
5 3635 3636 4760 7978
5 1822 1823 1834 7979
5 1322 1321 1323 7980
5 3813 3814 3815 7981
5 4489 4488 5821 7982
5 3049 6641 7115 7983
5 3479 3478 3480 7984
5 4639 6367 7743 7985
5 2180 2179 2181 7986
5 1435 1442 5753 7987
5 3807 5651 8046 7988
5 866 6033 7903 7989
5 6636 1376 6739 7990
5 2173 2641 6175 7991
5 2063 2064 2065 7992
5 1088 1089 1090 7993
5 1833 1865 1866 7994
5 6020 2380 7974 7995
5 4985 4984 4986 7996
5 5457 4158 8539 7997
5 610 611 841 7998
5 1298 1297 1299 7999
5 2317 2316 2318 8000
5 1087 1086 1088 8001
5 1919 1918 2281 8002
5 1518 1517 1871 8003
5 4612 5669 6240 8004
5 3792 5930 6222 8005
5 3246 3649 4419 8006
5 1515 1801 1802 8007
5 4575 6993 7600 8008
5 6030 1163 6148 8009
5 2547 2002 2548 8010
5 2961 2920 3428 8011
5 1090 1092 1093 8012
5 1488 1487 1517 8013
5 862 757 6263 8014
5 3088 3089 3090 8015
5 2449 8071 8591 8016
5 1041 1042 1043 8017
5 4410 5188 7715 8018
5 2961 3428 3635 8019
5 6866 2798 7032 8020
5 1980 1788 5983 8021
5 3895 3383 7925 8022
5 4715 4718 4719 8023
5 4614 3980 6863 8024
5 4345 3997 4346 8025
5 5557 5556 6753 8026
5 4368 3819 6312 8027
5 2550 2444 2551 8028
5 996 995 999 8029
5 1892 1729 1893 8030
5 3008 2548 3261 8031
5 4225 4135 8348 8032
5 2022 1873 5687 8033
5 1090 1089 1092 8034
5 7113 1058 8416 8035
5 5739 5145 5934 8036
5 3981 4775 6863 8037
5 1890 1868 1891 8038
5 2632 1991 6103 8039
5 2752 2751 2753 8040
5 1834 1835 1995 8041
5 1300 1299 1301 8042
5 858 5357 7952 8043
5 917 915 1228 8044
5 2286 2287 6223 8045
5 1813 1811 6038 8046
5 3910 3909 3911 8047
5 6927 6632 7764 8048
5 6944 3375 7691 8049
5 4637 7549 8299 8050
5 3266 3839 7394 8051
5 2000 1905 2001 8052
5 4993 4992 5005 8053
5 5443 5446 8269 8054
5 1435 1437 1442 8055
5 778 895 6300 8056
5 6040 6041 7167 8057
5 2647 2587 2648 8058
5 4987 4986 4988 8059
5 1646 1645 6457 8060
5 484 5742 7810 8061
5 2453 2560 3542 8062
5 451 6208 7325 8063
5 1353 1352 1354 8064
5 7057 5547 7398 8065
5 5766 2633 8337 8066
5 1315 6280 7015 8067
5 2037 6276 7872 8068
5 1078 1079 1080 8069
5 5418 4868 5539 8070
5 1302 1301 1303 8071
5 5879 5878 7074 8072
5 4200 4232 4593 8073
5 2868 1856 6304 8074
5 5278 5273 8318 8075
5 3817 3902 3903 8076
5 1550 1553 5959 8077
5 2586 2318 2587 8078
5 5623 5624 7161 8079
5 5352 5354 8520 8080
5 3404 3403 3405 8081
5 5962 2654 7675 8082
5 3038 3035 5541 8083
5 4991 4990 4992 8084
5 1201 1202 1525 8085
5 1290 1289 1291 8086
5 4144 4143 4145 8087
5 1063 1062 1064 8088
5 2797 2796 5827 8089
5 1091 1088 6080 8090
5 3483 3319 5587 8091
5 4601 4600 4602 8092
5 4473 4704 4705 8093
5 1281 1276 1282 8094
5 1428 1430 1434 8095
5 6148 3783 6580 8096
5 2618 2561 2619 8097
5 1990 1988 6112 8098
5 1119 1118 1120 8099
5 4105 4103 4106 8100
5 1085 1155 3147 8101
5 6207 4261 6208 8102
5 5346 7597 8478 8103
5 4596 1340 5531 8104
5 3348 4162 4595 8105
5 2342 6035 6641 8106
5 4107 4106 4108 8107
5 1995 1996 2214 8108
5 1063 1064 1069 8109
5 1633 7921 8461 8110
5 6000 1128 6085 8111
5 2768 2796 2797 8112
5 4102 4101 4103 8113
5 4537 5347 8262 8114
5 2895 3200 6321 8115
5 6083 5099 8565 8116
5 1990 6112 6609 8117
5 1831 7295 7847 8118
5 7047 2010 7291 8119
5 3138 3140 3141 8120
5 5492 5491 8245 8121
5 1284 8251 8335 8122
5 2034 2035 2036 8123
5 6103 4231 6490 8124
5 5906 5840 7000 8125
5 4952 4950 7617 8126
5 4278 6822 7108 8127
5 2406 6074 6667 8128
5 4442 7252 7851 8129
5 6353 5611 6354 8130
5 1830 1876 1877 8131
5 984 983 2017 8132
5 4632 4630 7781 8133
5 4989 4988 4990 8134
5 4418 5342 7542 8135
5 4100 4099 4101 8136
5 1252 1203 3780 8137
5 1074 1073 1075 8138
5 3191 3193 8344 8139
5 3725 3477 3727 8140
5 4599 4598 4600 8141
5 5228 4722 8007 8142
5 2239 2243 7062 8143
5 2282 2281 2812 8144
5 1237 1236 1244 8145
5 2620 2619 2996 8146
5 4057 5148 5660 8147
5 4528 5405 6933 8148
5 1988 2032 6112 8149
5 4770 6079 6909 8150
5 7554 2432 7818 8151
5 4967 4966 7308 8152
5 2770 2920 2961 8153
5 1308 1307 1309 8154
5 3972 3473 4757 8155
5 3635 4762 6107 8156
5 2783 2782 3168 8157
5 6307 5340 8133 8158
5 1151 1149 6221 8159
5 1292 1291 1293 8160
5 7888 4915 7999 8161
5 2222 1891 2223 8162
5 2172 2170 3717 8163
5 5736 851 7614 8164
5 7818 2432 8406 8165
5 5935 5951 6340 8166
5 1738 5972 7086 8167
5 5647 2916 6651 8168
5 4696 3689 8550 8169
5 1661 1659 1662 8170
5 1413 1414 1415 8171
5 6195 4829 6241 8172
5 1505 1494 7026 8173
5 3107 3088 6413 8174
5 2211 2210 2212 8175
5 1372 1366 6900 8176
5 4728 4602 4729 8177
5 6161 6160 6433 8178
5 1310 1309 1311 8179
5 1851 1845 5415 8180
5 4279 4281 7519 8181
5 1812 1811 1813 8182
5 4146 4145 4238 8183
5 733 734 6363 8184
5 4479 6401 6753 8185
5 1 365 3221 8186
5 4109 4108 4110 8187
5 1858 1734 5526 8188
5 1437 2900 7014 8189
5 4681 3471 5544 8190
5 1890 1891 2222 8191
5 6641 6035 7115 8192
5 2517 6009 6112 8193
5 5601 4736 6308 8194
5 5216 4210 5217 8195
5 3481 3480 3482 8196
5 7581 1271 8350 8197
5 3090 3091 3092 8198
5 5193 4731 5705 8199
5 4730 4729 4731 8200
5 5336 4304 8374 8201
5 7011 3837 8156 8202
5 1185 1144 1186 8203
5 4925 4923 4926 8204
5 6523 4466 8096 8205
5 3048 2961 6107 8206
5 2770 2223 2920 8207
5 3913 6603 7763 8208
5 7334 5504 7335 8209
5 4213 4062 5127 8210
5 955 925 956 8211
5 1338 1343 1344 8212
5 3808 2787 6609 8213
5 6149 1515 8533 8214
5 1978 1548 8040 8215
5 6019 4682 8613 8216
5 4773 4774 6290 8217
5 7477 5283 7650 8218
5 2451 2452 2453 8219
5 4804 2023 6814 8220
5 3333 3725 3726 8221
5 1064 1062 1065 8222
5 2196 2194 7884 8223
5 3333 3332 3477 8224
5 1530 1532 1533 8225
5 6813 5674 7672 8226
5 2056 367 5778 8227
5 2578 2024 2579 8228
5 6568 6569 7125 8229
5 6692 4900 8400 8230
5 1143 958 1144 8231
5 2226 1982 2443 8232
5 4960 5567 7377 8233
5 2719 2718 2720 8234
5 1938 1941 6374 8235
5 3791 4246 6438 8236
5 1983 3438 6085 8237
5 8193 4585 8545 8238
5 1962 2159 8255 8239
5 1283 1282 1285 8240
5 3954 2157 6853 8241
5 5909 5914 6991 8242
5 1896 4838 6113 8243
5 1442 1443 1444 8244
5 596 597 1284 8245
5 2918 3271 3272 8246
5 5593 5580 8556 8247
5 5048 5046 5049 8248
5 1909 1907 6124 8249
5 1061 1062 1063 8250
5 5069 7509 7990 8251
5 4182 3493 4491 8252
5 5854 1519 7095 8253
5 1833 1866 1867 8254
5 1127 1983 6085 8255
5 2453 2452 2560 8256
5 4169 6004 6273 8257
5 1218 1515 6149 8258
5 978 980 6706 8259
5 3701 2319 7368 8260
5 5713 1498 6560 8261
5 7487 5418 7488 8262
5 4518 4517 6082 8263
5 4623 4620 8563 8264
5 7914 4810 8535 8265
5 1088 1090 6080 8266
5 5589 5590 5591 8267
5 1020 1019 1021 8268
5 4195 4194 4196 8269
5 2296 1893 2297 8270
5 1907 3821 6124 8271
5 4948 4904 6866 8272
5 4418 7542 8155 8273
5 3977 3387 6196 8274
5 4944 4945 8384 8275
5 2738 2737 2739 8276
5 2732 2731 2733 8277
5 1417 1418 1421 8278
5 3418 5733 7084 8279
5 1415 1416 1417 8280
5 3257 2812 3258 8281
5 2736 2735 2737 8282
5 1128 1127 6085 8283
5 4111 4110 4112 8284
5 1867 1866 1868 8285
5 2365 5677 7459 8286
5 2620 2996 3053 8287
5 3670 4469 4470 8288
5 2744 2743 2745 8289
5 7051 5535 8217 8290
5 2740 2739 2741 8291
5 2742 2741 2743 8292
5 1295 5560 6911 8293
5 2734 2733 2735 8294
5 4389 4383 5955 8295
5 3084 3085 3086 8296
5 4081 4080 4082 8297
5 988 986 991 8298
5 3408 3407 3409 8299
5 3438 1985 6141 8300
5 5970 4678 6034 8301
5 6113 3935 8055 8302
5 1211 1186 1212 8303
5 4617 4618 6991 8304
5 3266 2579 3267 8305
5 1245 1244 1247 8306
5 4022 4021 4023 8307
5 3491 2816 3493 8308
5 3901 5790 6278 8309
5 3276 3277 3278 8310
5 6374 2801 6438 8311
5 3968 3258 3969 8312
5 3062 3106 3137 8313
5 6397 6399 6468 8314
5 2342 1998 3332 8315
5 4113 4112 4114 8316
5 1533 1534 1535 8317
5 1867 1868 1890 8318
5 4018 4017 4019 8319
5 3913 3911 6603 8320
5 6006 4837 7858 8321
5 4376 4375 4580 8322
5 1912 1909 6124 8323
5 5685 853 7245 8324
5 4595 7468 8324 8325
5 2875 3054 6432 8326
5 1647 1646 1648 8327
5 5940 2762 6424 8328
5 7979 4782 8602 8329
5 3718 3482 3719 8330
5 2171 2173 6175 8331
5 4548 4551 4552 8332
5 1802 1998 2021 8333
5 4761 6127 7245 8334
5 814 880 7312 8335
5 1434 1435 5753 8336
5 5042 5039 5043 8337
5 2003 6933 8241 8338
5 3974 4064 4065 8339
5 2721 2720 2722 8340
5 2173 2640 2641 8341
5 3720 2902 5576 8342
5 2889 3203 8154 8343
5 5127 4062 7926 8344
5 1816 1818 2451 8345
5 4115 4114 4117 8346
5 5834 6494 7581 8347
5 2415 6343 8504 8348
5 2054 2053 2055 8349
5 895 5863 7629 8350
5 4320 6430 7606 8351
5 2685 2687 2688 8352
5 3696 1065 6068 8353
5 5523 6347 8554 8354
5 3431 3409 3432 8355
5 5164 3208 7977 8356
5 1496 1212 1497 8357
5 4241 3661 4922 8358
5 3308 5519 7566 8359
5 4098 4097 4099 8360
5 1499 1530 6775 8361
5 2898 3498 6870 8362
5 1373 1371 1378 8363
5 1985 1987 6141 8364
5 1421 1422 1427 8365
5 1266 1264 1273 8366
5 4024 4023 4025 8367
5 5787 5330 7405 8368
5 4083 4082 4084 8369
5 1080 1083 1084 8370
5 4009 4427 6936 8371
5 2352 6487 7726 8372
5 3010 2977 7080 8373
5 1816 1815 1817 8374
5 7759 7340 8444 8375
5 2560 2561 2618 8376
5 4118 4117 4119 8377
5 6250 7311 7979 8378
5 6218 5474 8527 8379
5 3365 1091 6080 8380
5 3869 3868 5367 8381
5 966 968 5666 8382
5 1867 6059 6309 8383
5 3307 3793 4452 8384
5 3199 4000 4071 8385
5 4120 4119 4121 8386
5 3320 3948 4242 8387
5 2222 2223 2770 8388
5 3696 6069 6070 8389
5 2715 2714 2716 8390
5 2632 6103 6490 8391
5 714 715 7951 8392
5 3370 3358 3371 8393
5 4033 4029 4200 8394
5 4200 4029 4232 8395
5 6144 3724 7477 8396
5 6844 1973 8451 8397
5 3513 3217 6032 8398
5 1874 2023 4804 8399
5 868 797 6681 8400
5 2085 2087 6684 8401
5 2998 3759 3760 8402
5 3925 5555 5847 8403
5 1274 1273 1275 8404
5 3406 3405 3407 8405
5 5459 5460 8036 8406
5 5279 5276 6213 8407
5 3217 2830 3228 8408
5 1535 1536 1541 8409
5 5276 5274 6212 8410
5 6363 896 7618 8411
5 2032 2517 6112 8412
5 4020 4019 4021 8413
5 3726 4531 4532 8414
5 4026 4025 4027 8415
5 5649 6965 7202 8416
5 2794 2490 6196 8417
5 4028 4027 4029 8418
5 4086 4084 4087 8419
5 2618 2619 2620 8420
5 7112 4940 7448 8421
5 4719 4720 4721 8422
5 5614 4356 7843 8423
5 2528 2529 7329 8424
5 4224 3447 5990 8425
5 2770 3048 6350 8426
5 3349 2807 6947 8427
5 2454 2806 4541 8428
5 5824 6148 6580 8429
5 3914 2643 7717 8430
5 6903 5550 8507 8431
5 3839 3267 3854 8432
5 3835 2774 6206 8433
5 6001 6081 6521 8434
5 3689 3687 3690 8435
5 1515 1513 1801 8436
5 2763 5393 5394 8437
5 1823 2101 6693 8438
5 621 622 831 8439
5 2454 2302 2455 8440
5 3324 3323 3325 8441
5 3148 1228 3149 8442
5 1082 1085 1086 8443
5 2184 6050 7419 8444
5 3272 3271 5948 8445
5 5555 3262 6858 8446
5 2182 2181 2183 8447
5 2552 2551 2553 8448
5 1766 1828 1829 8449
5 4133 4225 8385 8450
5 1050 1055 3992 8451
5 3898 3896 5207 8452
5 3462 6111 7152 8453
5 6112 6009 6609 8454
5 579 580 832 8455
5 600 601 6093 8456
5 4887 4909 8419 8457
5 3097 3120 6754 8458
5 1814 1813 1815 8459
5 1541 1770 1916 8460
5 4628 5353 6247 8461
5 456 457 836 8462
5 5460 1141 7424 8463
5 4938 1562 8524 8464
5 423 424 837 8465
5 390 391 838 8466
5 878 5826 7737 8467
5 649 650 839 8468
5 489 490 835 8469
5 4651 4654 4655 8470
5 4422 3893 6276 8471
5 4057 4035 5148 8472
5 6495 5383 7427 8473
5 902 813 7312 8474
5 521 522 834 8475
5 3433 2901 4062 8476
5 3429 2919 4056 8477
5 551 552 833 8478
5 1082 1081 1085 8479
5 6302 2393 8052 8480
5 7082 1053 7983 8481
5 1334 1338 7225 8482
5 3333 3477 3725 8483
5 4737 4726 4738 8484
5 5691 870 8258 8485
5 5651 3227 8371 8486
5 5988 2072 6542 8487
5 5618 1623 7680 8488
5 1068 1081 1082 8489
5 4157 5368 6792 8490
5 1057 1060 1061 8491
5 4696 7971 8161 8492
5 347 348 842 8493
5 4175 4174 4176 8494
5 3999 3198 4210 8495
5 6222 2868 6304 8496
5 6796 3588 7163 8497
5 2752 2753 6039 8498
5 4452 3793 4744 8499
5 5129 5960 7588 8500
5 6571 3492 7123 8501
5 1084 1094 1095 8502
5 3928 5623 8609 8503
5 325 326 843 8504
5 3864 3865 3866 8505
5 5031 5029 5032 8506
5 488 489 6210 8507
5 3630 2934 4230 8508
5 1068 1067 1081 8509
5 4481 4480 7706 8510
5 3723 1049 6352 8511
5 3193 4400 8344 8512
5 1513 1219 1514 8513
5 3156 1187 6149 8514
5 487 488 2363 8515
5 4445 4446 7894 8516
5 5562 5328 6642 8517
5 6849 2534 7660 8518
5 4715 4719 5793 8519
5 2246 2245 2247 8520
5 2961 3635 6107 8521
5 1059 1198 1810 8522
5 2547 3008 3009 8523
5 4763 1568 7975 8524
5 259 260 846 8525
5 2451 1818 2452 8526
5 1775 1774 7383 8527
5 2640 2998 6854 8528
5 4316 6901 7107 8529
5 578 579 6238 8530
5 431 432 1018 8531
5 6047 4359 7011 8532
5 4620 4622 8162 8533
5 414 415 1015 8534
5 281 282 845 8535
5 398 399 1014 8536
5 447 448 1017 8537
5 1121 1120 1122 8538
5 1203 1124 6850 8539
5 2801 5932 6591 8540
5 550 551 6231 8541
5 7647 6487 8541 8542
5 1643 1642 1644 8543
5 2490 3365 6196 8544
5 303 304 844 8545
5 424 425 6239 8546
5 2707 2706 2708 8547
5 2818 1069 3424 8548
5 2642 3341 6532 8549
5 2266 6301 7067 8550
5 6010 6585 8177 8551
5 455 456 6244 8552
5 6255 6254 6980 8553
5 6201 6202 6425 8554
5 2888 5245 8267 8555
5 4049 3239 7009 8556
5 5869 6649 6824 8557
5 962 963 964 8558
5 216 217 848 8559
5 2679 2681 2682 8560
5 486 487 6227 8561
5 611 612 6101 8562
5 4504 3330 4505 8563
5 4563 4561 8091 8564
5 237 238 847 8565
5 3053 5658 7463 8566
5 1830 1877 5773 8567
5 3080 3081 3082 8568
5 4386 5285 7191 8569
5 520 521 6261 8570
5 460 461 2370 8571
5 1891 1868 6354 8572
5 5065 6727 8610 8573
5 4612 6240 6785 8574
5 3696 6070 6071 8575
5 5168 5169 7599 8576
5 154 155 851 8577
5 485 486 2362 8578
5 3313 4411 7059 8579
5 380 381 998 8580
5 3746 4348 7160 8581
5 2029 2813 5801 8582
5 480 481 1004 8583
5 174 175 850 8584
5 1472 1474 1475 8585
5 391 392 6270 8586
5 4340 6505 7849 8587
5 195 196 849 8588
5 1123 1122 1124 8589
5 957 956 958 8590
5 1514 1833 6309 8591
5 513 514 1007 8592
5 4002 3606 4329 8593
5 465 466 1005 8594
5 2230 5784 8387 8595
5 493 494 2366 8596
5 448 449 6217 8597
5 4542 6501 6944 8598
5 425 426 2396 8599
5 498 499 1008 8600
5 430 431 6215 8601
5 432 433 6257 8602
5 7501 4787 8476 8603
5 593 594 1279 8604
5 3795 3797 6592 8605
5 1046 1044 6352 8606
5 415 416 6258 8607
5 648 649 6296 8608
5 3610 4194 4195 8609
5 976 3936 6769 8610
5 1033 1032 1034 8611
5 446 447 6259 8612
5 3502 6490 6666 8613
5 5155 8523 8551 8614
5 454 455 2401 8615
5 457 458 6194 8616
5 1866 1869 6353 8617
5 6814 6175 7876 8618
5 4705 4706 4707 8619
5 549 550 2387 8620
5 3136 2737 6920 8621
5 3760 7729 7995 8622
5 6591 5932 6644 8623
5 413 414 6216 8624
5 3680 3678 3682 8625
5 2822 2632 6490 8626
5 422 423 6195 8627
5 490 491 6192 8628
5 4368 6312 7184 8629
5 3731 2645 6570 8630
5 3152 3161 3162 8631
5 1649 1648 1650 8632
5 449 450 2357 8633
5 6425 4463 8170 8634
5 5714 4514 6251 8635
5 4088 4087 4089 8636
5 1802 1801 1998 8637
5 466 467 6235 8638
5 3348 2807 3349 8639
5 607 608 2483 8640
5 4162 3349 4163 8641
5 399 400 6274 8642
5 3141 3142 3143 8643
5 3983 4199 7219 8644
5 467 468 2368 8645
5 1066 1067 1068 8646
5 4473 4705 5795 8647
5 5620 4212 8068 8648
5 499 500 6237 8649
5 2337 3890 8457 8650
5 7255 4863 7319 8651
5 421 422 6241 8652
5 420 421 2399 8653
5 1684 1691 7111 8654
5 429 430 2355 8655
5 609 610 6102 8656
5 433 434 2356 8657
5 5155 5156 8523 8658
5 1255 1248 1263 8659
5 5538 7488 8333 8660
5 3036 4521 7034 8661
5 500 501 2364 8662
5 5657 6100 6118 8663
5 3854 3267 3855 8664
5 3009 3609 3610 8665
5 5789 3748 6293 8666
5 481 482 6228 8667
5 1816 1817 1818 8668
5 416 417 2398 8669
5 2298 2042 2514 8670
5 4636 6120 6121 8671
5 577 578 2389 8672
5 479 480 6271 8673
5 464 465 6265 8674
5 1752 1754 1755 8675
5 522 523 6190 8676
5 445 446 2400 8677
5 3350 3728 5811 8678
5 4005 5905 7290 8679
5 1721 6532 7411 8680
5 4090 4089 4091 8681
5 3415 6040 7366 8682
5 4216 7198 7938 8683
5 5050 5049 5051 8684
5 4030 4016 4037 8685
5 2547 2548 3008 8686
5 2589 3979 6783 8687
5 603 604 2485 8688
5 2652 6053 7108 8689
5 412 413 2354 8690
5 379 380 6226 8691
5 5054 5053 5055 8692
5 1076 1075 1077 8693
5 497 498 6275 8694
5 4911 5788 8466 8695
5 519 520 2410 8696
5 381 382 6288 8697
5 512 513 6281 8698
5 514 515 6229 8699
5 6967 4392 8469 8700
5 468 469 6246 8701
5 1061 1060 1062 8702
5 459 460 6297 8703
5 3726 3725 4531 8704
5 1877 1878 1879 8705
5 608 609 6291 8706
5 1511 6006 7673 8707
5 406 407 1013 8708
5 463 464 2369 8709
5 5061 5208 6857 8710
5 6448 6088 7676 8711
5 5591 5590 7674 8712
5 833 8330 8346 8713
5 501 502 6249 8714
5 4092 4091 4093 8715
5 439 440 1016 8716
5 3143 3144 3368 8717
5 469 470 2377 8718
5 6167 6394 6395 8719
5 728 729 6601 8720
5 1712 3655 5323 8721
5 2639 2222 6350 8722
5 3622 3642 7204 8723
5 482 483 2361 8724
5 5617 2625 7636 8725
5 5579 3969 5581 8726
5 2969 2514 3582 8727
5 2806 2455 2807 8728
5 3191 3189 3192 8729
5 392 393 2425 8730
5 2455 2302 6178 8731
5 302 303 6336 8732
5 5666 971 8358 8733
5 2342 3332 3333 8734
5 3989 6840 7187 8735
5 2778 7556 8187 8736
5 478 479 2402 8737
5 6072 4217 6487 8738
5 502 503 2373 8739
5 548 549 6294 8740
5 492 493 6307 8741
5 426 427 6303 8742
5 3804 5941 6591 8743
5 461 462 6225 8744
5 5052 5051 5053 8745
5 1043 1044 1045 8746
5 400 401 2415 8747
5 7077 5181 7746 8748
5 4707 4708 4709 8749
5 1686 1684 7111 8750
5 4180 4179 4970 8751
5 6028 2771 7099 8752
5 597 598 6147 8753
5 6847 1487 7173 8754
5 2497 2280 2498 8755
5 496 497 2365 8756
5 453 454 6316 8757
5 428 429 6254 8758
5 7178 2102 7310 8759
5 766 767 7494 8760
5 438 439 6266 8761
5 437 438 2397 8762
5 434 435 6306 8763
5 1810 1811 1812 8764
5 5629 3770 7642 8765
5 855 785 8059 8766
5 1999 1733 2042 8767
5 6376 7257 7972 8768
5 419 420 6252 8769
5 7380 5625 8397 8770
5 407 408 6295 8771
5 6248 5353 7596 8772
5 1221 1220 6949 8773
5 7119 4172 7982 8774
5 417 418 6310 8775
5 1047 1048 1051 8776
5 441 442 2390 8777
5 3779 4863 7255 8778
5 1510 6010 7405 8779
5 396 397 2353 8780
5 282 283 6327 8781
5 378 379 2359 8782
5 4094 4093 4095 8783
5 4336 3855 4784 8784
5 4838 3416 7005 8785
5 444 445 6315 8786
5 382 383 2360 8787
5 494 495 6234 8788
5 3804 6591 6644 8789
5 511 512 2411 8790
5 1457 6120 7188 8791
5 1773 1775 1776 8792
5 515 516 2358 8793
5 2701 2700 2702 8794
5 976 1499 3936 8795
5 1634 1633 1635 8796
5 3176 3173 6817 8797
5 576 577 6325 8798
5 5279 6213 7804 8799
5 3893 5775 6276 8800
5 405 406 6264 8801
5 408 409 2405 8802
5 458 459 3165 8803
5 3793 4482 6514 8804
5 2316 4544 8496 8805
5 2021 1998 2342 8806
5 5331 5335 8391 8807
5 436 437 6305 8808
5 427 428 2140 8809
5 554 555 2409 8810
5 2649 3772 6902 8811
5 411 412 6262 8812
5 2297 3625 6140 8813
5 3889 3804 6644 8814
5 2036 2562 2563 8815
5 435 436 2149 8816
5 3413 4745 6806 8817
5 5516 2925 7458 8818
5 3854 3855 4336 8819
5 777 6300 7966 8820
5 477 478 6324 8821
5 472 473 1003 8822
5 5339 5337 7293 8823
5 5490 3913 7104 8824
5 1207 1191 5612 8825
5 3562 3560 3563 8826
5 505 506 1006 8827
5 491 492 4044 8828
5 5027 5025 5028 8829
5 389 390 6193 8830
5 4971 4970 4972 8831
5 547 548 1270 8832
5 418 419 2129 8833
5 442 443 6287 8834
5 4935 3734 5805 8835
5 3695 3694 3915 8836
5 6521 2926 6649 8837
5 1379 1378 1380 8838
5 404 405 2388 8839
5 1047 1046 1048 8840
5 371 372 997 8841
5 6423 1696 7521 8842
5 1879 1880 1881 8843
5 503 504 6268 8844
5 3876 2933 6509 8845
5 5916 745 6652 8846
5 6065 4167 6067 8847
5 6630 6946 7088 8848
5 1456 1463 1465 8849
5 443 444 1929 8850
5 474 475 2395 8851
5 452 453 1667 8852
5 5870 6001 6521 8853
5 2652 2854 6053 8854
5 582 583 2404 8855
5 5854 5509 8029 8856
5 2606 2328 6897 8857
5 4491 4492 6651 8858
5 1444 1445 1450 8859
5 518 519 6345 8860
5 4025 4023 4032 8861
5 2215 2217 2218 8862
5 409 410 6329 8863
5 2811 6834 7699 8864
5 4594 5306 7605 8865
5 911 909 6054 8866
5 647 648 2436 8867
5 614 615 2488 8868
5 1143 1144 1185 8869
5 581 582 6322 8870
5 6676 4416 7757 8871
5 1065 1062 6068 8872
5 4599 7063 7519 8873
5 2882 2883 2885 8874
5 964 965 966 8875
5 6915 5873 6919 8876
5 476 477 1695 8877
5 1045 1046 1047 8878
5 401 402 6343 8879
5 2203 5450 7269 8880
5 3387 2794 6196 8881
5 2646 3419 3604 8882
5 506 507 6302 8883
5 3761 2913 4913 8884
5 475 476 6313 8885
5 2747 6869 7212 8886
5 4271 2892 6851 8887
5 854 5557 8169 8888
5 3348 3349 4162 8889
5 5684 7105 7761 8890
5 3610 3609 4194 8891
5 5932 3269 6644 8892
5 410 411 2120 8893
5 1497 2302 2454 8894
5 4094 4095 8044 8895
5 3160 3645 3646 8896
5 7438 4290 7748 8897
5 4185 5560 6046 8898
5 5250 7331 7412 8899
5 2894 2901 3385 8900
5 3824 3201 7319 8901
5 4714 4715 5793 8902
5 516 517 6282 8903
5 507 508 2393 8904
5 2811 2123 7031 8905
5 393 394 6357 8906
5 3705 3417 6045 8907
5 3384 4077 4542 8908
5 1066 1065 1067 8909
5 580 581 6166 8910
5 372 373 6342 8911
5 523 524 4173 8912
5 4002 4329 7168 8913
5 5653 7745 8508 8914
5 403 404 6311 8915
5 1473 1466 7548 8916
5 4825 7874 8389 8917
5 1767 2002 2024 8918
5 4336 4784 6323 8919
5 3693 3692 3694 8920
5 6263 758 8081 8921
5 7099 1519 8029 8922
5 395 396 6286 8923
5 1185 1186 1211 8924
5 546 547 6351 8925
5 5763 4287 5764 8926
5 1770 1536 1771 8927
5 3947 4937 6969 8928
5 555 556 6279 8929
5 5998 810 6576 8930
5 971 5800 8358 8931
5 4712 4713 4714 8932
5 6550 4490 6948 8933
5 4553 5492 8377 8934
5 5220 6685 8365 8935
5 4709 4710 4712 8936
5 575 576 1259 8937
5 5946 4250 7157 8938
5 388 389 6299 8939
5 5283 3256 7650 8940
5 4470 4471 4472 8941
5 1627 1629 6168 8942
5 5803 5802 6732 8943
5 508 509 6330 8944
5 3344 3046 3345 8945
5 3009 3008 3609 8946
5 373 374 2431 8947
5 524 525 6335 8948
5 592 593 6402 8949
5 4885 6415 6417 8950
5 3497 2545 4179 8951
5 1211 1212 1496 8952
5 602 603 6386 8953
5 2996 3307 6400 8954
5 402 403 2112 8955
5 2414 2412 5176 8956
5 583 584 6285 8957
5 6116 4310 6501 8958
5 624 625 2480 8959
5 1897 2931 6829 8960
5 4021 4019 4193 8961
5 1465 1466 1471 8962
5 5044 5043 5045 8963
5 6069 6068 6579 8964
5 4643 3609 6589 8965
5 5238 5240 6731 8966
5 2642 3340 3341 8967
5 995 992 6741 8968
5 509 510 1735 8969
5 5740 6920 7476 8970
5 2810 3159 3160 8971
5 4982 4983 7342 8972
5 879 5926 7219 8973
5 1218 1219 1513 8974
5 517 518 1699 8975
5 3216 3668 6924 8976
5 525 526 1701 8977
5 3060 3058 7474 8978
5 5407 4425 7418 8979
5 377 378 6283 8980
5 891 726 7952 8981
5 1863 6072 6761 8982
5 3124 3118 3125 8983
5 1111 6482 8374 8984
5 1814 1815 1816 8985
5 1048 1046 1049 8986
5 2675 2677 2678 8987
5 5945 5963 7201 8988
5 601 602 4711 8989
5 5926 5312 7219 8990
5 1637 1635 1638 8991
5 3674 3672 3675 8992
5 1812 1814 2972 8993
5 1064 1065 1066 8994
5 1894 4802 6157 8995
5 1449 5690 7958 8996
5 1881 1882 1883 8997
5 5319 5318 7520 8998
5 5500 5499 8540 8999
5 966 967 968 9000
5 1383 6678 6694 9001
5 3243 4645 7608 9002
5 5966 3544 6550 9003
5 4004 4005 7290 9004
5 953 951 1737 9005
5 2688 2689 2690 9006
5 7007 4700 8377 9007
5 4889 4890 4902 9008
5 7209 4887 8419 9009
5 5918 1221 6824 9010
5 591 592 2449 9011
5 5715 1538 7546 9012
5 618 619 2487 9013
5 283 284 2469 9014
5 4015 4016 4017 9015
5 4472 4473 5795 9016
5 2024 2002 2547 9017
5 545 546 2437 9018
5 5781 1818 7019 9019
5 883 704 7869 9020
5 1339 3883 6662 9021
5 374 375 6370 9022
5 2572 2349 2573 9023
5 1187 1188 1218 9024
5 394 395 2069 9025
5 384 385 6373 9026
5 969 967 6560 9027
5 301 302 2474 9028
5 262 263 1470 9029
5 3646 3952 3953 9030
5 2926 5964 6649 9031
5 1626 1625 1627 9032
5 2278 2094 2279 9033
5 5679 864 7483 9034
5 3425 2004 3546 9035
5 526 527 6344 9036
5 2213 2212 2986 9037
5 3596 3574 3845 9038
5 387 388 2435 9039
5 1082 1087 6334 9040
5 7068 6479 7575 9041
5 7285 3868 8479 9042
5 4819 4818 4820 9043
5 918 920 3334 9044
5 3862 3863 3864 9045
5 3587 3585 4514 9046
5 1297 1294 6822 9047
5 3142 3140 8581 9048
5 6193 4995 6299 9049
5 3258 2812 3259 9050
5 556 557 1262 9051
5 2806 2807 3348 9052
5 620 621 6205 9053
5 2077 2076 2078 9054
5 2979 2982 3194 9055
5 1324 1323 1328 9056
5 773 897 7440 9057
5 1540 1732 1751 9058
5 646 647 6407 9059
5 219 220 1460 9060
5 1862 1545 5485 9061
5 3691 3690 3692 9062
5 2092 2089 2367 9063
5 375 376 2049 9064
5 4718 4717 7923 9065
5 7197 2282 8549 9066
5 2690 2691 2692 9067
5 875 772 7440 9068
5 5576 5575 7862 9069
5 619 620 6382 9070
5 1535 1534 1536 9071
5 6156 3540 7016 9072
5 7130 4366 7131 9073
5 386 387 6365 9074
5 385 386 1555 9075
5 240 241 1461 9076
5 1615 1614 1616 9077
5 1541 1536 1770 9078
5 4768 4502 7537 9079
5 4352 4351 4353 9080
5 527 528 2408 9081
5 4550 5552 8211 9082
5 1355 1354 1356 9083
5 7252 2546 7851 9084
5 2692 2693 2694 9085
5 3076 3077 3078 9086
5 968 969 970 9087
5 4229 4589 4889 9088
5 5016 5014 5024 9089
5 2647 2648 3047 9090
5 5163 4808 8361 9091
5 4030 4677 4678 9092
5 604 605 6318 9093
5 198 199 1449 9094
5 2694 2695 2767 9095
5 1781 7696 8327 9096
5 1895 6151 6220 9097
5 770 6125 7836 9098
5 574 575 6326 9099
5 4296 4299 5777 9100
5 1916 1770 1975 9101
5 1342 1332 4221 9102
5 4070 4069 6114 9103
5 1312 1311 6119 9104
5 1744 944 1924 9105
5 4211 6032 7246 9106
5 7507 6367 7689 9107
5 6686 2478 8211 9108
5 544 545 6396 9109
5 1211 1496 1524 9110
5 613 614 6427 9111
5 934 936 3708 9112
5 584 585 1280 9113
5 2751 2746 6843 9114
5 1475 1476 1477 9115
5 3887 3619 4263 9116
5 5731 4526 6760 9117
5 1096 1098 8265 9118
5 4831 7583 7663 9119
5 2930 3833 3834 9120
5 1218 1188 1219 9121
5 2728 2875 6565 9122
5 3053 2996 6400 9123
5 155 156 6179 9124
5 2281 1918 2891 9125
5 4609 5600 7530 9126
5 5033 5032 5034 9127
5 3604 3605 5070 9128
5 3300 3378 6806 9129
5 1387 1386 1390 9130
5 4816 4819 6718 9131
5 528 529 6372 9132
5 1829 1830 5773 9133
5 5899 5894 7589 9134
5 1311 2251 6119 9135
5 530 531 6394 9136
5 2787 1990 6609 9137
5 3783 6076 6580 9138
5 2306 2304 3049 9139
5 4246 6374 6438 9140
5 4345 4346 5190 9141
5 7168 4329 8135 9142
5 3385 3433 4428 9143
5 3978 5529 7234 9144
5 2618 3623 6389 9145
5 6391 4252 7317 9146
5 7729 4891 7995 9147
5 1381 1380 1386 9148
5 3190 3533 7967 9149
5 6067 1458 7523 9150
5 1767 1758 2002 9151
5 1533 1532 1534 9152
5 957 1143 2174 9153
5 2956 3186 3487 9154
5 1883 1884 1974 9155
5 5035 5034 5036 9156
5 5492 7007 8377 9157
5 5037 5036 5038 9158
5 4074 7817 8372 9159
5 277 278 2421 9160
5 5100 5359 7949 9161
5 3326 3325 3327 9162
5 4317 1072 7231 9163
5 573 574 6412 9164
5 1089 1086 6383 9165
5 3988 3154 6813 9166
5 1700 1736 6829 9167
5 542 543 6397 9168
5 5502 5504 6780 9169
5 2184 2183 2185 9170
5 529 530 1269 9171
5 6129 3708 6957 9172
5 300 301 6440 9173
5 2939 2940 7481 9174
5 612 613 3650 9175
5 261 262 6332 9176
5 2454 2455 2806 9177
5 1524 1758 1767 9178
5 197 198 6341 9179
5 177 178 1441 9180
5 678 679 6392 9181
5 175 176 6187 9182
5 1721 2642 6532 9183
5 5097 5723 6082 9184
5 623 624 6362 9185
5 543 544 1268 9186
5 598 599 6872 9187
5 1304 1303 6181 9188
5 3053 6400 6401 9189
5 236 237 6191 9190
5 196 197 6199 9191
5 3241 4049 4252 9192
5 5018 5021 5022 9193
5 2555 2157 3954 9194
5 6662 3883 6663 9195
5 3754 5991 7160 9196
5 4128 4122 7021 9197
5 625 626 6361 9198
5 4231 5981 6666 9199
5 369 370 7077 9200
5 3169 3168 6145 9201
5 2454 4541 6683 9202
5 4856 7250 8079 9203
5 933 931 959 9204
5 5695 6104 8381 9205
5 5259 1633 8461 9206
5 1720 1723 1724 9207
5 585 586 6368 9208
5 1003 5921 8600 9209
5 3658 3328 4337 9210
5 7309 3592 8086 9211
5 901 748 7565 9212
5 615 616 6347 9213
5 6539 2477 7527 9214
5 5948 4307 7320 9215
5 3953 4661 4662 9216
5 3885 5687 7485 9217
5 553 554 6727 9218
5 284 285 6435 9219
5 218 219 6338 9220
5 2758 2790 2791 9221
5 3811 2970 5298 9222
5 176 177 6358 9223
5 2160 2808 7303 9224
5 2609 2607 3837 9225
5 194 195 6197 9226
5 233 234 2430 9227
5 2159 7227 7803 9228
5 3928 1068 6334 9229
5 212 213 2427 9230
5 1543 1346 1757 9231
5 4930 7732 8108 9232
5 5878 3889 7074 9233
5 1703 1705 1707 9234
5 173 174 6185 9235
5 3890 6144 7524 9236
5 2471 6725 8108 9237
5 156 157 6379 9238
5 4269 2892 4271 9239
5 749 881 7565 9240
5 2682 2683 2684 9241
5 5139 6363 7618 9242
5 2791 2792 3219 9243
5 3775 3167 3921 9244
5 5275 5274 5276 9245
5 2221 2316 2317 9246
5 6962 6625 8163 9247
5 6805 3156 7101 9248
5 645 646 1241 9249
5 6089 4331 8500 9250
5 1544 1546 7050 9251
5 605 606 1683 9252
5 1566 1656 8594 9253
5 2218 2219 2588 9254
5 3199 4071 7070 9255
5 7450 7131 7864 9256
5 7378 6317 7826 9257
5 280 281 6176 9258
5 4752 1743 4962 9259
5 679 680 989 9260
5 0 1246 5455 9261
5 2586 2587 2647 9262
5 5687 6831 7485 9263
5 157 158 2433 9264
5 6141 4001 7107 9265
5 2255 2156 2256 9266
5 1187 1154 1188 9267
5 1609 1608 1610 9268
5 260 261 6174 9269
5 2589 2214 2914 9270
5 5317 5319 5320 9271
5 4932 7375 7760 9272
5 3711 1636 3962 9273
5 153 154 6177 9274
5 2020 2228 2229 9275
5 572 573 1257 9276
5 6969 4621 7724 9277
5 2667 2669 2670 9278
5 957 958 1143 9279
5 1868 1866 6353 9280
5 5483 4341 7808 9281
5 617 618 6475 9282
5 4291 6255 6980 9283
5 6758 4209 6943 9284
5 3537 4449 5547 9285
5 5709 4515 8046 9286
5 3657 5364 5365 9287
5 16 17 942 9288
5 4487 4537 7615 9289
5 7107 4001 7508 9290
5 3963 3891 5131 9291
5 2317 2318 2586 9292
5 2633 6022 8337 9293
5 1058 7113 7811 9294
5 1397 1396 1398 9295
5 6786 4999 8599 9296
5 1822 1834 1836 9297
5 276 277 6366 9298
5 2499 2498 2503 9299
5 2482 6115 8028 9300
5 6599 2371 6600 9301
5 2240 2250 8528 9302
5 3168 4007 6145 9303
5 1995 2214 2589 9304
5 304 305 6180 9305
5 2921 3656 3657 9306
5 922 925 955 9307
5 541 542 6468 9308
5 217 218 6182 9309
5 1043 1042 1044 9310
5 3542 2560 6389 9311
5 1812 1813 1814 9312
5 3195 3306 3338 9313
5 2147 2145 7222 9314
5 4622 6205 8162 9315
5 3410 2841 3411 9316
5 5179 5200 7307 9317
5 626 627 1243 9318
5 510 511 6930 9319
5 4532 4531 5852 9320
5 977 974 2591 9321
5 984 2017 6346 9322
5 7549 6908 8299 9323
5 1787 1757 1788 9324
5 6577 2539 6578 9325
5 2894 2308 2901 9326
5 652 653 2479 9327
5 3834 3994 3995 9328
5 6002 2448 8268 9329
5 3817 3815 3902 9330
5 1344 1347 1348 9331
5 1000 999 6431 9332
5 350 351 2475 9333
5 4203 4202 4204 9334
5 6161 4793 7389 9335
5 4357 3381 4359 9336
5 6414 6415 7209 9337
5 3464 4396 5214 9338
5 3700 4874 4875 9339
5 4323 4046 4495 9340
5 6181 5170 7071 9341
5 976 969 1498 9342
5 867 7089 8410 9343
5 2586 2647 3321 9344
5 1657 4944 8384 9345
5 586 587 2403 9346
5 4185 4184 5560 9347
5 1057 1059 1060 9348
5 8186 4847 8414 9349
5 2630 2663 2664 9350
5 3204 4164 4229 9351
5 1892 1893 2296 9352
5 1201 1124 1202 9353
5 3813 3812 3814 9354
5 1153 3156 6805 9355
5 258 259 6173 9356
5 3372 3371 3373 9357
5 2034 1921 2035 9358
5 1078 1077 1079 9359
5 1755 1756 1761 9360
5 6601 892 7702 9361
5 7313 4072 8427 9362
5 4790 3975 6799 9363
5 6078 1801 6745 9364
5 3433 4062 4213 9365
5 2828 2623 2829 9366
5 4319 4277 4464 9367
5 232 233 6380 9368
5 2589 2914 2921 9369
5 211 212 6378 9370
5 559 560 1258 9371
5 1045 1044 1046 9372
5 2847 3970 5915 9373
5 1979 1788 1980 9374
5 3467 4191 4918 9375
5 1085 3147 6383 9376
5 2749 5585 8259 9377
5 220 221 6339 9378
5 191 192 2447 9379
5 1967 1969 4265 9380
5 2324 2321 6897 9381
5 6117 1446 6497 9382
5 7171 3963 7679 9383
5 1925 1924 1927 9384
5 1833 1867 6309 9385
5 981 979 1125 9386
5 6430 6610 7606 9387
5 8505 5633 8564 9388
5 6273 895 7629 9389
5 7260 2889 8154 9390
5 702 6142 6583 9391
5 6387 6388 6952 9392
5 3236 3238 3359 9393
5 3850 6043 7002 9394
5 1391 1390 1526 9395
5 3219 3484 3752 9396
5 5095 5988 6542 9397
5 1282 1276 6840 9398
5 7746 4373 7916 9399
5 5257 5227 8492 9400
5 970 969 976 9401
5 4526 1908 7968 9402
5 616 617 1706 9403
5 4013 4014 4015 9404
5 1022 1021 6449 9405
5 1286 1285 6242 9406
5 4664 4665 4666 9407
5 6212 5278 7388 9408
5 3552 3918 3919 9409
5 6527 4405 7356 9410
5 4333 4301 7100 9411
5 1532 1531 1537 9412
5 4771 6237 7978 9413
5 3976 4790 6923 9414
5 2296 2919 2993 9415
5 3966 2905 4202 9416
5 5066 5067 8418 9417
5 1590 1589 1591 9418
5 285 286 2468 9419
5 1084 1083 1094 9420
5 275 276 1469 9421
5 3942 3892 7433 9422
5 265 266 1468 9423
5 3604 5672 6729 9424
5 4277 2890 6874 9425
5 2731 2554 6869 9426
5 2222 2770 6350 9427
5 6115 4069 6967 9428
5 7960 5118 7967 9429
5 2921 2914 3656 9430
5 1041 1040 1042 9431
5 1524 1496 1758 9432
5 4245 4060 7273 9433
5 3570 3568 3571 9434
5 5625 2538 5977 9435
5 5326 6806 7539 9436
5 6730 5672 7989 9437
5 5452 4697 8277 9438
5 3663 4363 5075 9439
5 299 300 2473 9440
5 4800 6200 6655 9441
5 532 533 1272 9442
5 3503 3805 7278 9443
5 1428 1434 6915 9444
5 4331 7800 8500 9445
5 5999 4747 7129 9446
5 2079 2080 2081 9447
5 3013 3166 7985 9448
5 170 171 2456 9449
5 253 254 1459 9450
5 326 327 6162 9451
5 4275 2890 4277 9452
5 3273 3274 3799 9453
5 2136 2135 2137 9454
5 222 223 1454 9455
5 540 541 1271 9456
5 2831 3452 3467 9457
5 221 222 6441 9458
5 1192 1206 1395 9459
5 3307 4452 6400 9460
5 322 323 1385 9461
5 1273 1264 6841 9462
5 4937 4936 7621 9463
5 263 264 6333 9464
5 5997 1016 7513 9465
5 158 159 6473 9466
5 3911 3912 4223 9467
5 4270 4269 6979 9468
5 6789 2803 7550 9469
5 5292 6599 6600 9470
5 3858 3846 3859 9471
5 178 179 6359 9472
5 2563 3183 3184 9473
5 4931 5743 5755 9474
5 2943 5956 7553 9475
5 201 202 1447 9476
5 243 244 1458 9477
5 264 265 6434 9478
5 5986 4417 5987 9479
5 3116 3113 3117 9480
5 2836 2612 5522 9481
5 4724 4727 7216 9482
5 2068 2106 6986 9483
5 3109 3104 3110 9484
5 561 562 6512 9485
5 6407 5173 8043 9486
5 4695 4377 7940 9487
5 4560 4592 7381 9488
5 1681 1684 1685 9489
5 2026 2571 8242 9490
5 213 214 6499 9491
5 1099 1097 1179 9492
5 5982 2929 7473 9493
5 5367 3868 7285 9494
5 644 645 6409 9495
5 231 232 1455 9496
5 234 235 6503 9497
5 1182 1193 1194 9498
5 1066 3928 6451 9499
5 210 211 1448 9500
5 3231 3229 7009 9501
5 2792 7078 7594 9502
5 1043 1045 8183 9503
5 3592 1920 6648 9504
5 3255 3991 4360 9505
5 3657 3656 5364 9506
5 1153 1154 1187 9507
5 2193 2191 2194 9508
5 242 243 6448 9509
5 1303 3364 6181 9510
5 2993 3429 3766 9511
5 6490 4231 6666 9512
5 4033 4200 6529 9513
5 3597 2829 3654 9514
5 3072 3073 3074 9515
5 1039 1038 1040 9516
5 1069 1064 6451 9517
5 200 201 6444 9518
5 8 9 1209 9519
5 5868 5869 6824 9520
5 3446 3809 4366 9521
5 150 151 2460 9522
5 1071 1051 2344 9523
5 6189 2174 8124 9524
5 7356 4405 7698 9525
5 627 628 6460 9526
5 3268 3971 7609 9527
5 533 534 6467 9528
5 5370 4506 8438 9529
5 351 352 6406 9530
5 968 967 969 9531
5 3897 3051 4306 9532
5 5727 6046 6122 9533
5 3044 2825 3045 9534
5 594 595 6812 9535
5 539 540 6494 9536
5 6822 2650 7108 9537
5 3998 3114 5599 9538
5 4566 3987 5805 9539
5 2840 3410 3838 9540
5 4152 4474 5215 9541
5 727 858 7952 9542
5 274 275 6436 9543
5 266 267 6480 9544
5 19 20 6160 9545
5 1080 1079 1083 9546
5 190 191 6421 9547
5 4427 4426 6747 9548
5 278 279 6559 9549
5 2284 1980 2285 9550
5 5049 8072 8238 9551
5 4884 4886 7250 9552
5 1761 1762 1763 9553
5 5884 5881 7822 9554
5 2520 5709 8371 9555
5 4345 5190 5191 9556
5 2807 2455 6393 9557
5 346 347 6159 9558
5 653 654 6414 9559
5 3683 3682 3684 9560
5 4846 5689 6618 9561
5 2626 5755 7812 9562
5 223 224 6483 9563
5 323 324 6445 9564
5 2906 2502 4588 9565
5 6256 5305 8590 9566
5 913 2375 6782 9567
5 6589 3261 7468 9568
5 680 681 6172 9569
5 2840 2838 2841 9570
5 2726 2728 2766 9571
5 252 253 6442 9572
5 3374 3373 3375 9573
5 2236 2312 8408 9574
5 6631 4560 7381 9575
5 1033 1035 6819 9576
5 4282 4280 4283 9577
5 1057 1056 1059 9578
5 786 787 8279 9579
5 588 589 1278 9580
5 3193 3192 3357 9581
5 1187 1218 6149 9582
5 202 203 6486 9583
5 5673 873 8106 9584
5 2218 2588 3996 9585
5 5166 5168 7592 9586
5 1786 6278 7208 9587
5 563 564 6511 9588
5 1530 1529 1531 9589
5 4494 4967 4968 9590
5 1646 6457 7288 9591
5 569 570 1260 9592
5 6565 6041 6566 9593
5 1086 1085 6383 9594
5 2375 6054 6055 9595
5 5095 6542 7855 9596
5 192 193 6513 9597
5 2057 2055 2058 9598
5 179 180 6474 9599
5 5183 4317 7569 9600
5 632 633 2326 9601
5 4843 4841 8136 9602
5 3443 1336 3949 9603
5 1660 4905 8114 9604
5 1957 2025 8273 9605
5 2100 2463 2627 9606
5 3537 3299 4214 9607
5 3752 4155 4891 9608
5 215 216 7016 9609
5 6300 4671 7966 9610
5 1530 1531 1532 9611
5 6857 4562 7774 9612
5 534 535 2466 9613
5 3838 4222 4958 9614
5 5516 4963 5786 9615
5 4303 4333 4334 9616
5 5825 1279 8537 9617
5 286 287 6520 9618
5 1508 1807 8288 9619
5 1669 1671 1672 9620
5 2541 2898 6870 9621
5 5195 5194 7892 9622
5 1068 1082 6334 9623
5 538 539 2486 9624
5 3996 3997 4344 9625
5 2296 2297 2919 9626
5 230 231 6456 9627
5 3766 3894 5546 9628
5 2065 2070 2071 9629
5 2423 2394 5426 9630
5 4210 3198 7156 9631
5 298 299 6439 9632
5 169 170 6428 9633
5 209 210 6455 9634
5 3768 3827 3828 9635
5 3762 6070 6971 9636
5 1911 1915 6852 9637
5 159 160 1432 9638
5 1494 1492 7026 9639
5 3348 4595 6661 9640
5 3304 2902 3720 9641
5 171 172 6515 9642
5 1400 1398 8217 9643
5 1334 1331 1337 9644
5 257 258 6420 9645
5 2558 2973 8405 9646
5 6652 901 8243 9647
5 180 181 1439 9648
5 4812 4813 6718 9649
5 2214 2215 6677 9650
5 5306 3879 7043 9651
5 1868 6353 6354 9652
5 4753 7458 8187 9653
5 643 644 6549 9654
5 5162 5420 8119 9655
5 273 274 2420 9656
5 267 268 2419 9657
5 3685 3684 3686 9658
5 1763 1764 1860 9659
5 4035 4033 6529 9660
5 3491 3493 4182 9661
5 5074 4230 6571 9662
5 3653 4783 5009 9663
5 3483 5587 6860 9664
5 4742 6263 8081 9665
5 5 812 8000 9666
5 7728 6698 8252 9667
5 830 2 8001 9668
5 2383 2382 2384 9669
5 5138 5116 7901 9670
5 5277 5276 5279 9671
5 224 225 2418 9672
5 462 463 6977 9673
5 955 956 957 9674
5 2171 6175 6814 9675
5 5970 865 6970 9676
5 3905 3903 4187 9677
5 3 747 8006 9678
5 5416 5417 7670 9679
5 811 5 8000 9680
5 349 350 6610 9681
5 882 5998 7806 9682
5 2 701 8001 9683
5 4795 4796 8442 9684
5 568 569 6541 9685
5 1804 1805 1806 9686
5 4206 4205 4207 9687
5 251 252 2424 9688
5 203 204 2416 9689
5 562 563 1261 9690
5 2853 2651 2855 9691
5 4056 2919 6140 9692
5 1730 1892 2004 9693
5 2837 2840 6630 9694
5 254 255 6443 9695
5 2560 2618 6389 9696
5 746 3 8006 9697
5 1220 1424 6949 9698
5 6204 2939 8080 9699
5 1923 2314 2484 9700
5 1776 1777 1778 9701
5 3008 3261 6589 9702
5 245 246 2428 9703
5 3126 3125 3127 9704
5 5140 4207 5141 9705
5 3026 3027 3028 9706
5 189 190 1440 9707
5 960 959 961 9708
5 535 536 6493 9709
5 537 538 6548 9710
5 5169 5923 8065 9711
5 587 588 7017 9712
5 5998 4196 7806 9713
5 2831 2285 2832 9714
5 5877 893 7900 9715
5 1096 6932 7911 9716
5 2096 2098 3531 9717
5 1094 1083 1140 9718
5 151 152 6531 9719
5 5874 5875 7900 9720
5 2900 7013 7014 9721
5 3589 2866 4205 9722
5 149 150 6452 9723
5 2779 7400 8566 9724
5 225 226 6484 9725
5 1285 3990 6242 9726
5 6043 3501 7278 9727
5 6125 4614 7836 9728
5 4521 4522 4523 9729
5 628 629 6477 9730
5 1101 1099 6625 9731
5 5606 5604 7630 9732
5 5276 6212 6213 9733
5 966 965 967 9734
5 2168 1927 2169 9735
5 5654 3626 7938 9736
5 109 110 1114 9737
5 2248 7759 8444 9738
5 4030 4037 4677 9739
5 1253 1729 1730 9740
5 1481 1485 1486 9741
5 5786 6057 7893 9742
5 4344 4345 6633 9743
5 229 230 2429 9744
5 2046 3940 7185 9745
5 3528 3526 3671 9746
5 3385 2901 3433 9747
5 3411 4069 4070 9748
5 1485 1490 7173 9749
5 214 215 3540 9750
5 676 677 6517 9751
5 208 209 2426 9752
5 5165 5157 7710 9753
5 4191 3452 4447 9754
5 1790 1793 1794 9755
5 4573 4570 8125 9756
5 4389 5955 6787 9757
5 130 131 6458 9758
5 1861 2637 2638 9759
5 5570 5265 6827 9760
5 6143 5159 8223 9761
5 129 130 1103 9762
5 307 308 2495 9763
5 1028 1026 1053 9764
5 3962 6168 6169 9765
5 2551 2444 6891 9766
5 235 236 3153 9767
5 246 247 6491 9768
5 3227 2764 8371 9769
5 3975 3977 6799 9770
5 7182 4309 7355 9771
5 4346 6130 7988 9772
5 5670 6248 7492 9773
5 5446 8040 8269 9774
5 3546 2004 4151 9775
5 3545 4398 7543 9776
5 5786 6056 6057 9777
5 324 325 6165 9778
5 1248 1247 6450 9779
5 3720 5576 5843 9780
5 2008 2757 2759 9781
5 5147 5146 7867 9782
5 181 182 6545 9783
5 4341 5391 7808 9784
5 6731 6730 7989 9785
5 1357 1356 1358 9786
5 4456 4934 7602 9787
5 3498 5400 6870 9788
5 3128 3127 3129 9789
5 536 537 1267 9790
5 2017 2644 2645 9791
5 2188 2187 2189 9792
5 4217 2995 4530 9793
5 567 568 2492 9794
5 1514 6309 6745 9795
5 3255 3211 3256 9796
5 5851 3875 6876 9797
5 4017 4016 4030 9798
5 1746 1759 1760 9799
5 168 169 1433 9800
5 193 194 4849 9801
5 287 288 1393 9802
5 3225 3223 3469 9803
5 31 32 939 9804
5 1055 1056 1057 9805
5 2716 2718 2719 9806
5 642 643 1239 9807
5 1204 1252 1253 9808
5 1037 1036 1038 9809
5 5888 4203 8037 9810
5 4974 2653 8536 9811
5 767 768 7840 9812
5 3564 3563 3565 9813
5 297 298 1394 9814
5 4582 4917 6090 9815
5 4422 6277 7415 9816
5 5776 2216 7423 9817
5 6949 1424 6995 9818
5 884 769 7836 9819
5 633 634 6502 9820
5 172 173 3518 9821
5 352 353 1365 9822
5 3098 3096 3099 9823
5 1979 2284 2788 9824
5 2635 1505 7026 9825
5 2017 983 2644 9826
5 3414 7064 8322 9827
5 4828 4826 8499 9828
5 255 256 6557 9829
5 11 12 1210 9830
5 6292 5789 6293 9831
5 5223 2958 8095 9832
5 1503 6453 6454 9833
5 228 229 6498 9834
5 188 189 6488 9835
5 3980 3981 6863 9836
5 1316 1315 7015 9837
5 4750 5717 8021 9838
5 677 678 2276 9839
5 207 208 6497 9840
5 3130 3129 3131 9841
5 6716 4659 7946 9842
5 5281 5279 5586 9843
5 3183 2562 3299 9844
5 3996 2588 3997 9845
5 654 655 1825 9846
5 796 868 7102 9847
5 4904 3653 5009 9848
5 3149 1228 4012 9849
5 1933 1934 2005 9850
5 344 345 1377 9851
5 5519 3742 7566 9852
5 226 227 6567 9853
5 271 272 6573 9854
5 1513 1514 6745 9855
5 3676 3675 3677 9856
5 183 184 6546 9857
5 306 307 6608 9858
5 4015 4014 4016 9859
5 629 630 1240 9860
5 3148 3149 6582 9861
5 2670 2671 2672 9862
5 5022 5061 5062 9863
5 5721 2411 7919 9864
5 1662 1664 1668 9865
5 2844 4325 4483 9866
5 3844 5186 5187 9867
5 4168 6066 6908 9868
5 5571 1665 7330 9869
5 4869 6993 7136 9870
5 4814 5439 8608 9871
5 1778 1779 1780 9872
5 152 153 5467 9873
5 128 129 6459 9874
5 962 961 963 9875
5 857 776 7966 9876
5 2005 2006 2176 9877
5 6773 4335 8349 9878
5 3546 4151 4152 9879
5 655 656 6539 9880
5 5330 6587 7405 9881
5 4305 5337 5338 9882
5 4686 3705 6045 9883
5 2710 2714 2715 9884
5 1588 2649 6902 9885
5 2622 1870 2623 9886
5 2543 6169 8276 9887
5 4152 4151 4474 9888
5 1854 1903 1904 9889
5 182 183 2441 9890
5 148 149 1503 9891
5 3132 3131 3188 9892
5 97 98 1113 9893
5 247 248 6586 9894
5 3346 3345 3557 9895
5 110 111 6516 9896
5 1095 1094 6805 9897
5 269 270 6572 9898
5 141 142 1104 9899
5 279 280 4125 9900
5 256 257 2161 9901
5 840 600 6093 9902
5 4913 2913 7220 9903
5 4344 3997 4345 9904
5 2672 2673 2674 9905
5 4062 2901 6788 9906
5 1542 1543 1921 9907
5 3933 3587 6615 9908
5 108 109 6447 9909
5 3920 4451 6508 9910
5 5759 4353 5760 9911
5 1035 1034 1036 9912
5 6290 2848 8582 9913
5 3937 3010 7080 9914
5 6482 5336 8374 9915
5 3149 4012 4013 9916
5 992 991 6741 9917
5 3036 4520 4521 9918
5 142 143 6551 9919
5 2669 2668 7400 9920
5 759 877 8081 9921
5 227 228 1453 9922
5 167 168 6507 9923
5 4933 6140 8515 9924
5 270 271 1467 9925
5 206 207 1446 9926
5 6136 4254 6137 9927
5 1713 1886 8132 9928
5 949 2205 6472 9929
5 133 134 6534 9930
5 161 162 2434 9931
5 2195 2194 2196 9932
5 143 144 2464 9933
5 1928 6979 8085 9934
5 4678 5970 6970 9935
5 4233 3944 7813 9936
5 85 86 1111 9937
5 145 146 1504 9938
5 140 141 6538 9939
5 2638 2846 2847 9940
5 25 26 941 9941
5 308 309 6506 9942
5 144 145 6553 9943
5 4521 4523 6664 9944
5 2993 2919 3429 9945
5 1027 5314 7346 9946
5 288 289 6612 9947
5 1783 1781 8327 9948
5 8251 5655 8335 9949
5 1399 1398 1400 9950
5 951 949 6472 9951
5 450 451 7325 9952
5 2837 2836 2838 9953
5 3852 4322 4493 9954
5 296 297 6522 9955
5 2847 3391 3970 9956
5 132 133 1511 9957
5 4178 4375 4376 9958
5 1055 1054 1056 9959
5 6242 3990 6243 9960
5 1499 1529 1530 9961
5 6512 5634 7557 9962
5 4297 2874 7100 9963
5 187 188 2446 9964
5 565 566 1256 9965
5 3991 3256 5283 9966
5 661 662 6596 9967
5 1730 1729 1892 9968
5 2375 911 6054 9969
5 3288 3286 3721 9970
5 6672 5986 8406 9971
5 3217 3228 6032 9972
5 1345 1346 1542 9973
5 2833 3216 6924 9974
5 147 148 6536 9975
5 248 249 1457 9976
5 6479 7068 7574 9977
5 17 18 6133 9978
5 7017 1278 7981 9979
5 4057 5660 7135 9980
5 4366 7110 7367 9981
5 4716 4706 7363 9982
5 3474 4338 4477 9983
5 5266 5264 7994 9984
5 139 140 2458 9985
5 127 128 2345 9986
5 4527 7105 8005 9987
5 3075 3076 7087 9988
5 1311 1389 2251 9989
5 4678 4677 6034 9990
5 964 963 965 9991
5 1787 1979 6738 9992
5 321 322 6446 9993
5 2499 2503 6426 9994
5 5494 5662 8279 9995
5 1794 1795 1796 9996
5 30 31 6301 9997
5 4542 6944 7691 9998
5 3630 4230 5074 9999
5 1153 1140 1154 10000
5 3413 3530 4745 10001
5 6140 3625 8515 10002
5 7073 4935 8429 10003
5 2538 3150 5977 10004
5 662 663 1843 10005
5 7226 2546 7252 10006
5 4579 7022 7228 10007
5 3719 4292 4293 10008
5 4475 5838 8433 10009
5 138 139 6568 10010
5 7097 4982 7342 10011
5 1050 1054 1055 10012
5 6340 3964 7500 10013
5 3911 3909 3912 10014
5 5687 6700 7406 10015
5 558 5770 7351 10016
5 1654 1659 1661 10017
5 656 657 2477 10018
5 2844 4483 7430 10019
5 5864 4862 8450 10020
5 3456 3958 4209 10021
5 4514 5714 8336 10022
5 6948 4490 7473 10023
5 2304 2021 6641 10024
5 3592 6648 8179 10025
5 3397 3315 7059 10026
5 1887 4948 6171 10027
5 1064 1066 6451 10028
5 657 658 6590 10029
5 137 138 2467 10030
5 1107 1105 1142 10031
5 2704 2706 2707 10032
5 4881 2749 8259 10033
5 4744 3793 6514 10034
5 6068 1060 6579 10035
5 5924 2974 8359 10036
5 1146 953 6272 10037
5 3566 3565 3567 10038
5 135 136 1510 10039
5 136 137 6585 10040
5 2930 3834 8247 10041
5 7498 4792 7640 10042
5 348 349 6158 10043
5 6749 6805 7101 10044
5 111 112 2340 10045
5 2911 3361 3362 10046
5 6178 3133 7711 10047
5 2775 2773 2777 10048
5 2251 2252 3456 10049
5 112 113 6519 10050
5 3654 2829 8430 10051
5 1707 1708 1709 10052
5 7677 4526 7968 10053
5 1260 6036 7058 10054
5 1048 1049 1050 10055
5 5006 5005 6751 10056
5 134 135 6587 10057
5 2527 3421 3448 10058
5 1780 1781 1782 10059
5 1978 5447 7050 10060
5 2664 2665 2666 10061
5 659 660 6617 10062
5 2011 5625 7092 10063
5 2960 3246 6236 10064
5 1935 1942 2253 10065
5 5583 5584 8490 10066
5 320 321 6637 10067
5 1120 1118 1184 10068
5 2767 2768 6496 10069
5 4774 4894 6290 10070
5 1339 1342 1345 10071
5 96 97 6476 10072
5 4223 3912 5073 10073
5 5764 4287 7907 10074
5 4283 5435 8287 10075
5 126 127 6504 10076
5 2611 2169 2612 10077
5 1530 1533 6775 10078
5 7633 4567 8132 10079
5 2817 3491 3492 10080
5 184 185 6629 10081
5 107 108 2339 10082
5 3222 3870 7046 10083
5 6743 5114 7341 10084
5 5921 5920 6975 10085
5 166 167 2450 10086
5 4384 4390 4391 10087
5 1644 1646 1647 10088
5 305 306 4085 10089
5 290 291 6614 10090
5 3424 1069 6451 10091
5 2165 2535 2536 10092
5 3558 3557 3559 10093
5 7518 4606 7845 10094
5 1253 1252 1729 10095
5 3935 3789 6331 10096
5 2753 2866 2907 10097
5 186 187 6575 10098
5 2215 2218 6677 10099
5 2908 3789 3934 10100
5 6245 4265 7965 10101
5 2835 2612 2836 10102
5 2722 2724 6533 10103
5 1042 1040 2613 10104
5 40 41 940 10105
5 2998 3760 6854 10106
5 4363 5178 6825 10107
5 1724 1725 1772 10108
5 4061 7504 8222 10109
5 2611 2835 3212 10110
5 1010 1009 6984 10111
5 1204 2482 8028 10112
5 4316 7107 7508 10113
5 1897 1899 2931 10114
5 660 661 2481 10115
5 1338 1337 1343 10116
5 163 164 6645 10117
5 862 6263 7490 10118
5 6064 4745 7736 10119
5 2712 6862 7641 10120
5 4562 4067 5429 10121
5 5749 2167 7386 10122
5 289 290 2470 10123
5 3780 1203 6850 10124
5 6031 852 7420 10125
5 32 33 6478 10126
5 86 87 6482 10127
5 3168 4006 4007 10128
5 1901 2027 2566 10129
5 295 296 2472 10130
5 5734 4457 8231 10131
5 3732 5114 8378 10132
5 5126 1928 8085 10133
5 2290 6012 7184 10134
5 6000 6085 6901 10135
5 7799 5443 8269 10136
5 6700 6699 7347 10137
5 2645 2816 2817 10138
5 1202 1203 1204 10139
5 3634 4174 4175 10140
5 1801 1513 6745 10141
5 1499 1498 1529 10142
5 3359 3360 3627 10143
5 125 126 2376 10144
5 3766 3429 3894 10145
5 3874 5671 6816 10146
5 1303 1336 3364 10147
5 2036 2035 2562 10148
5 2759 2910 2911 10149
5 29 30 2266 10150
5 663 664 6562 10151
5 2581 2700 2701 10152
5 5595 5627 6577 10153
5 2575 2577 2712 10154
5 841 611 6101 10155
5 1202 1124 1203 10156
5 6135 3085 8120 10157
5 4393 3367 5675 10158
5 7129 4747 7815 10159
5 2547 3009 6470 10160
5 3734 3489 4964 10161
5 2535 4211 6719 10162
5 2919 2297 6140 10163
5 4825 7004 7874 10164
5 294 295 6616 10165
5 5043 5039 6958 10166
5 5693 5695 8381 10167
5 658 659 973 10168
5 1401 1400 1402 10169
5 6840 2422 7187 10170
5 3606 3148 6582 10171
5 2977 2975 7080 10172
5 2136 2585 4279 10173
5 3872 6495 7083 10174
5 2197 2196 2198 10175
5 1204 1203 1252 10176
5 6633 5191 7951 10177
5 3451 4254 6136 10178
5 3133 2102 7178 10179
5 5335 5332 7671 10180
5 84 85 6481 10181
5 4381 4382 4385 10182
5 3760 3759 4543 10183
5 1790 1794 8305 10184
5 2395 6314 8471 10185
5 5414 3260 7986 10186
5 124 125 6554 10187
5 3860 3859 3861 10188
5 2907 3589 3632 10189
5 3974 3787 4064 10190
5 6011 4505 7145 10191
5 4776 5370 8426 10192
5 6897 3701 7336 10193
5 6869 3965 7212 10194
5 1845 1846 1847 10195
5 5089 5803 6925 10196
5 1094 1140 1153 10197
5 5879 7074 7609 10198
5 4965 5801 7928 10199
5 5284 7283 8346 10200
5 2285 1980 6758 10201
5 123 124 1747 10202
5 1782 1783 1853 10203
5 3462 3841 6111 10204
5 1640 1642 1643 10205
5 2579 2024 6470 10206
5 27 28 2208 10207
5 3173 3172 6817 10208
5 4447 8197 8198 10209
5 4379 4380 4381 10210
5 2021 2342 6641 10211
5 185 186 1438 10212
5 28 29 6385 10213
5 165 166 6597 10214
5 965 963 2003 10215
5 106 107 6525 10216
5 95 96 2351 10217
5 4824 4826 4828 10218
5 1821 1819 8271 10219
5 1050 1049 1054 10220
5 34 35 6489 10221
5 329 330 2523 10222
5 3582 3584 5828 10223
5 3642 4161 7204 10224
5 3537 4214 4449 10225
5 610 841 6102 10226
5 8071 5482 8591 10227
5 6450 3835 7727 10228
5 6684 3531 6685 10229
5 675 676 2374 10230
5 4310 3698 6501 10231
5 2059 2058 2060 10232
5 5561 2480 7503 10233
5 2229 2230 2231 10234
5 319 320 1383 10235
5 2594 5938 7186 10236
5 5148 4035 6529 10237
5 5320 7087 7516 10238
5 3450 3432 3451 10239
5 4006 5779 8127 10240
5 4811 5960 8571 10241
5 101 102 6593 10242
5 2255 2890 4274 10243
5 2908 2777 3788 10244
5 2369 6138 6977 10245
5 309 310 1384 10246
5 3364 3443 3466 10247
5 6401 5557 6753 10248
5 2784 3549 4379 10249
5 2840 2841 3410 10250
5 3094 3092 3095 10251
5 7128 4185 8439 10252
5 2627 2628 4227 10253
5 328 329 6657 10254
5 1294 1293 6822 10255
5 1194 1213 1214 10256
5 3572 3571 3573 10257
5 4816 4818 4819 10258
5 1860 1764 7306 10259
5 1293 1335 2650 10260
5 2347 2349 2572 10261
5 4968 4969 5316 10262
5 938 944 1744 10263
5 5285 4388 8360 10264
5 1208 5455 7897 10265
5 4279 4280 4281 10266
5 2262 2264 2590 10267
5 1816 2451 6755 10268
5 2719 2720 2721 10269
5 2809 3543 4429 10270
5 2854 3336 4236 10271
5 15 16 5933 10272
5 6757 4779 7551 10273
5 3498 3736 5400 10274
5 1631 1633 1634 10275
5 4019 4017 6500 10276
5 4676 4563 8603 10277
5 5523 4267 8473 10278
5 3873 4682 6019 10279
5 89 90 6607 10280
5 1674 1675 1676 10281
5 3808 6609 6936 10282
5 2258 2260 2593 10283
5 4269 4603 6979 10284
5 1672 1673 1674 10285
5 705 5660 7869 10286
5 4281 4282 4598 10287
5 852 5716 7420 10288
5 7177 7321 7322 10289
5 3911 4223 6603 10290
5 2685 2688 6981 10291
5 3430 4169 8159 10292
5 1982 1858 6404 10293
5 12 13 5850 10294
5 100 101 1792 10295
5 1858 5526 6404 10296
5 1057 1061 6658 10297
5 2721 2722 2856 10298
5 5025 5024 5979 10299
5 1344 1343 1347 10300
5 5382 3164 7976 10301
5 4013 4012 4014 10302
5 639 640 1242 10303
5 1328 1332 1339 10304
5 4185 6047 8439 10305
5 3772 5782 6902 10306
5 1359 1362 1363 10307
5 915 913 6782 10308
5 2548 2002 7393 10309
5 5717 5084 8021 10310
5 5735 5272 7465 10311
5 1676 1677 1678 10312
5 6049 840 8417 10313
5 3261 2548 7758 10314
5 4274 4275 4276 10315
5 6534 5330 8067 10316
5 7829 3191 8344 10317
5 105 106 2380 10318
5 122 123 6584 10319
5 1049 1046 6352 10320
5 999 2412 2413 10321
5 3361 2910 3926 10322
5 5208 6325 7955 10323
5 8121 5712 8184 10324
5 355 356 1361 10325
5 4265 1969 7435 10326
5 4627 4625 7954 10327
5 1709 1710 1719 10328
5 94 95 6574 10329
5 954 5274 5275 10330
5 6126 6184 8066 10331
5 3448 3652 3653 10332
5 164 165 1431 10333
5 1887 4903 4948 10334
5 2024 2547 6470 10335
5 6085 3438 6901 10336
5 1559 1561 1697 10337
5 999 995 2412 10338
5 5206 5524 8295 10339
5 4998 5000 5007 10340
5 4249 5851 6995 10341
5 3474 2867 3475 10342
5 113 114 6624 10343
5 6424 5911 7655 10344
5 39 40 6463 10345
5 291 292 6675 10346
5 2645 2644 2816 10347
5 6413 3090 8534 10348
5 4746 3541 7429 10349
5 999 2413 6431 10350
5 2817 2816 3491 10351
5 4429 4430 4431 10352
5 3609 3008 6589 10353
5 3838 3410 4222 10354
5 2652 2853 2854 10355
5 4382 4380 4383 10356
5 3285 3278 3468 10357
5 1610 1614 1615 10358
5 24 25 6232 10359
5 5287 962 6837 10360
5 2052 2068 6986 10361
5 3111 3110 3112 10362
5 293 294 6623 10363
5 1021 2512 6449 10364
5 3885 6699 6700 10365
5 2572 2892 4268 10366
5 3772 4244 5782 10367
5 88 89 1800 10368
5 3629 3630 5125 10369
5 41 42 6598 10370
5 87 88 6606 10371
5 5851 6949 6995 10372
5 3962 1636 6168 10373
5 3445 3670 6390 10374
5 4845 4852 8559 10375
5 1077 1075 1538 10376
5 33 34 2275 10377
5 2928 6124 6948 10378
5 83 84 2350 10379
5 5160 5152 7798 10380
5 1818 1817 7019 10381
5 672 673 6660 10382
5 976 1498 1499 10383
5 1285 3989 3990 10384
5 5395 6189 8124 10385
5 2650 2651 2652 10386
5 4497 4499 4839 10387
5 1692 1693 1702 10388
5 1403 1402 1404 10389
5 2148 2151 2603 10390
5 5188 5425 8319 10391
5 4384 4383 4389 10392
5 2785 5384 8089 10393
5 1685 1686 1692 10394
5 4503 4769 4770 10395
5 1622 1625 1626 10396
5 2154 2156 2255 10397
5 3788 5915 7603 10398
5 2177 2179 2180 10399
5 1569 1571 1600 10400
5 327 328 3681 10401
5 2139 2142 2604 10402
5 1247 2772 6450 10403
5 6663 3134 7880 10404
5 2144 2146 2569 10405
5 1424 5906 6995 10406
5 13 14 1885 10407
5 1050 3992 6710 10408
5 343 344 6540 10409
5 1327 1298 8488 10410
5 6906 5618 7680 10411
5 1472 1475 6978 10412
5 5840 3352 7000 10413
5 4728 4730 8116 10414
5 5177 4362 7765 10415
5 3950 6053 6728 10416
5 4431 4432 4433 10417
5 3338 3339 3767 10418
5 2774 3052 6206 10419
5 104 105 6602 10420
5 114 115 2341 10421
5 318 319 6694 10422
5 2774 2775 3052 10423
5 2797 5827 5942 10424
5 1575 1577 1599 10425
5 5713 5406 7168 10426
5 634 635 6561 10427
5 1616 1618 1623 10428
5 4541 2806 6661 10429
5 4617 6991 7885 10430
5 6283 4953 7286 10431
5 1581 1583 1598 10432
5 120 121 6627 10433
5 121 122 2407 10434
5 310 311 6639 10435
5 2053 2048 7185 10436
5 93 94 2392 10437
5 2916 1919 7197 10438
5 2624 3342 8585 10439
5 4356 2453 7843 10440
5 4433 4434 4435 10441
5 4195 5792 7373 10442
5 3882 7862 8210 10443
5 5636 4439 7830 10444
5 6075 3945 6126 10445
5 1591 1593 1612 10446
5 5356 6601 7702 10447
5 1597 1602 1611 10448
5 1678 1679 3319 10449
5 3088 3086 3089 10450
5 5950 4552 7446 10451
5 7000 3352 7041 10452
5 3426 3176 6817 10453
5 3661 3513 6462 10454
5 2746 2745 6843 10455
5 3003 5661 8323 10456
5 4435 4437 4438 10457
5 1606 1608 1609 10458
5 1656 4938 7969 10459
5 1496 1497 6683 10460
5 2073 369 7077 10461
5 4748 3976 6923 10462
5 2158 6213 7395 10463
5 18 19 2030 10464
5 470 471 6975 10465
5 4217 4530 7726 10466
5 2553 2905 3965 10467
5 4588 2502 8463 10468
5 4196 5998 8310 10469
5 4312 3640 4313 10470
5 5073 3912 6734 10471
5 1787 1788 1979 10472
5 5393 5396 6905 10473
5 3925 5847 6233 10474
5 5914 885 6991 10475
5 4234 3534 7076 10476
5 7080 4777 8486 10477
5 1565 1567 2605 10478
5 3668 3924 5585 10479
5 14 15 6005 10480
5 3209 3211 3255 10481
5 2061 2060 2062 10482
5 2374 6518 7289 10483
5 2666 2667 6858 10484
5 2133 2135 2136 10485
5 4043 4046 4323 10486
5 4268 4269 4270 10487
5 673 674 990 10488
5 4599 4601 7063 10489
5 3497 7690 8368 10490
5 599 840 6872 10491
5 2830 2499 6426 10492
5 102 103 6634 10493
5 103 104 1791 10494
5 1543 1757 1787 10495
5 5645 4933 8515 10496
5 3940 5849 7552 10497
5 5032 5029 6973 10498
5 1021 2511 2512 10499
5 4236 4237 7650 10500
5 1276 1275 6840 10501
5 2701 3007 4272 10502
5 664 665 2448 10503
5 1979 1980 2284 10504
5 1587 1589 1590 10505
5 3668 5585 6924 10506
5 2001 2210 2211 10507
5 2422 2423 3050 10508
5 1315 1312 6119 10509
5 6377 1361 6650 10510
5 3517 3987 4566 10511
5 1847 2028 2029 10512
5 115 116 6646 10513
5 312 313 6702 10514
5 4272 5629 7641 10515
5 2128 2131 2615 10516
5 92 93 6620 10517
5 4376 4580 5245 10518
5 638 639 6711 10519
5 8330 5707 8346 10520
5 3290 3288 6062 10521
5 316 317 6695 10522
5 2599 2501 2803 10523
5 5829 5650 8225 10524
5 699 700 1208 10525
5 55 56 945 10526
5 1275 2394 2422 10527
5 694 695 6220 10528
5 2124 2126 2616 10529
5 3768 3828 5756 10530
5 7103 4236 7650 10531
5 2508 2505 7029 10532
5 2832 3207 6528 10533
5 1916 1975 6737 10534
5 2641 6854 7375 10535
5 1264 1263 6841 10536
5 2707 2708 2711 10537
5 1025 1022 6449 10538
5 3050 3051 3896 10539
5 2119 2122 2152 10540
5 5086 5088 6781 10541
5 119 120 6628 10542
5 1497 2454 6683 10543
5 3246 4419 6236 10544
5 6348 6349 7818 10545
5 90 91 6640 10546
5 3965 3966 3967 10547
5 4984 4978 7081 10548
5 91 92 1799 10549
5 2412 995 6741 10550
5 4802 6051 8166 10551
5 2772 2773 2774 10552
5 2484 2867 3473 10553
5 3590 3914 4669 10554
5 38 39 2313 10555
5 2740 2748 7601 10556
5 330 331 6635 10557
5 3352 2984 7041 10558
5 4008 6031 7420 10559
5 5804 6383 7153 10560
5 853 5598 8219 10561
5 116 117 2461 10562
5 4744 7239 8169 10563
5 7570 4027 7619 10564
5 292 293 1392 10565
5 7802 4728 8199 10566
5 6312 2290 7184 10567
5 2563 2562 3183 10568
5 6106 4183 7863 10569
5 668 669 6686 10570
5 1009 1000 6431 10571
5 3958 2252 6955 10572
5 6415 4885 7209 10573
5 3172 3169 6145 10574
5 5990 6496 7779 10575
5 1284 597 6147 10576
5 2707 2711 4201 10577
5 3478 3180 3737 10578
5 4531 3725 6903 10579
5 665 666 6654 10580
5 1339 1332 1342 10581
5 7486 4937 7621 10582
5 2035 1921 2564 10583
5 3178 3176 3426 10584
5 3838 4958 6945 10585
5 2334 2332 2804 10586
5 3690 3687 7149 10587
5 3183 3299 3537 10588
5 3100 3099 3101 10589
5 42 43 2371 10590
5 3719 3482 4292 10591
5 5394 5393 6905 10592
5 2498 2280 6950 10593
5 1542 1346 1543 10594
5 1347 1343 3134 10595
5 1918 1916 6737 10596
5 2840 3838 6630 10597
5 117 118 6653 10598
5 1014 6105 7653 10599
5 667 668 6708 10600
5 4557 4401 7055 10601
5 2486 5834 7998 10602
5 2803 6789 6815 10603
5 6876 1221 6949 10604
5 2330 2328 2606 10605
5 7041 2984 7084 10606
5 3839 5738 8070 10607
5 3315 3313 7059 10608
5 6088 1461 7676 10609
5 670 671 6682 10610
5 3144 3310 6405 10611
5 118 119 1116 10612
5 1307 1304 6181 10613
5 2231 2232 2233 10614
5 2115 2117 2617 10615
5 3961 3056 8209 10616
5 3329 3658 4351 10617
5 2237 2238 2239 10618
5 3458 2599 6815 10619
5 4403 5729 8015 10620
5 82 83 6605 10621
5 4918 4191 5722 10622
5 3513 6032 6462 10623
5 2554 2553 6869 10624
5 4175 4176 6384 10625
5 5754 4689 8521 10626
5 1345 1342 1346 10627
5 3350 3465 3728 10628
5 2837 2838 2840 10629
5 7098 5128 8153 10630
5 3084 3082 3085 10631
5 4242 3948 4243 10632
5 3323 3184 3993 10633
5 4416 5986 7757 10634
5 6343 5375 8504 10635
5 2121 2785 8140 10636
5 3467 3452 4191 10637
5 5488 5486 8543 10638
5 1311 1309 1389 10639
5 5547 4449 6819 10640
5 489 835 6210 10641
5 5830 6000 6901 10642
5 4493 4494 5996 10643
5 4535 8090 8206 10644
5 2239 2240 2241 10645
5 1303 1301 1336 10646
5 2701 2702 3007 10647
5 1214 1229 1230 10648
5 1290 1292 7793 10649
5 1329 6662 6778 10650
5 579 832 6238 10651
5 2110 2113 2625 10652
5 2971 3811 3812 10653
5 1059 1810 6579 10654
5 1341 1334 7225 10655
5 342 343 6743 10656
5 2512 2970 2971 10657
5 1021 1019 2511 10658
5 56 57 6656 10659
5 637 638 2544 10660
5 2413 2414 2933 10661
5 4242 4243 7846 10662
5 1446 6117 7707 10663
5 6096 1111 8374 10664
5 2679 2682 7003 10665
5 3327 3328 3329 10666
5 5586 2660 7599 10667
5 6159 5788 7428 10668
5 3391 2846 3615 10669
5 5272 5271 6961 10670
5 2235 2236 2237 10671
5 4673 5371 5373 10672
5 5697 711 7298 10673
5 23 24 2175 10674
5 837 424 6239 10675
5 2476 5066 8505 10676
5 5828 4596 7054 10677
5 3837 2607 7024 10678
5 456 836 6244 10679
5 6198 7733 7797 10680
5 551 833 6231 10681
5 4221 1332 6982 10682
5 2063 2062 2064 10683
5 2933 2934 3629 10684
5 1269 6167 8552 10685
5 929 5684 6766 10686
5 3276 3162 3277 10687
5 681 682 2265 10688
5 2715 2716 6875 10689
5 3992 1055 6658 10690
5 7270 5819 8014 10691
5 4030 4678 6500 10692
5 3522 3298 3523 10693
5 2363 488 6210 10694
5 1051 1048 6710 10695
5 2241 2242 2244 10696
5 2284 2285 2831 10697
5 3294 3292 3295 10698
5 1299 1297 4278 10699
5 37 38 6581 10700
5 2827 3347 3884 10701
5 1668 1669 7001 10702
5 2994 2352 7726 10703
5 317 318 2493 10704
5 4288 5737 8329 10705
5 6643 4737 6885 10706
5 3548 6915 6919 10707
5 4345 5191 6633 10708
5 1409 1408 1410 10709
5 521 834 6261 10710
5 311 312 2494 10711
5 2719 2721 2985 10712
5 3725 3727 6903 10713
5 2029 2567 2813 10714
5 5662 3850 7002 10715
5 5175 3931 6360 10716
5 838 391 6270 10717
5 671 672 2417 10718
5 6787 7142 7143 10719
5 2233 2234 2235 10720
5 1247 2771 2772 10721
5 1321 1319 2761 10722
5 3712 4672 4673 10723
5 2444 2443 6891 10724
5 961 959 3351 10725
5 2023 2171 6814 10726
5 1626 1636 3439 10727
5 1498 969 6560 10728
5 5650 3808 8225 10729
5 5883 6340 7500 10730
5 3549 3548 5121 10731
5 6526 3895 6527 10732
5 5819 3994 7315 10733
5 4360 3991 5224 10734
5 4459 4458 7378 10735
5 2572 2573 2892 10736
5 649 839 6296 10737
5 2588 2219 6791 10738
5 4819 4820 4827 10739
5 54 55 6611 10740
5 682 683 6543 10741
5 4456 6474 7544 10742
5 3049 2304 6641 10743
5 2831 2832 3452 10744
5 2784 1427 3548 10745
5 836 457 6194 10746
5 1060 1059 6579 10747
5 2106 2108 3146 10748
5 3168 2782 4006 10749
5 4355 3142 8581 10750
5 423 837 6195 10751
5 4515 3607 8046 10752
5 2828 3597 3598 10753
5 1289 1286 6242 10754
5 835 490 6192 10755
5 487 2363 6227 10756
5 1228 915 6782 10757
5 4278 1297 6822 10758
5 5428 5427 8460 10759
5 1954 1952 1993 10760
5 4065 4064 4326 10761
5 57 58 2378 10762
5 35 36 6619 10763
5 6010 5787 7405 10764
5 3439 3711 3712 10765
5 4269 4271 4603 10766
5 7091 5100 8465 10767
5 2984 3418 7084 10768
5 5714 2826 8336 10769
5 6760 4526 7677 10770
5 3767 3768 5756 10771
5 4923 4922 7218 10772
5 6437 7528 7617 10773
5 1407 1409 2660 10774
5 6317 3922 7620 10775
5 3710 3038 5541 10776
5 2806 3348 6661 10777
5 3055 3263 3350 10778
5 5590 7472 7674 10779
5 3447 2767 6496 10780
5 1293 1291 1335 10781
5 36 37 2192 10782
5 4261 4487 7913 10783
5 834 522 6190 10784
5 5974 3972 6756 10785
5 6918 6879 7959 10786
5 3620 3622 7204 10787
5 4876 4874 8002 10788
5 1006 6302 7892 10789
5 2697 5577 8005 10790
5 80 81 6667 10791
5 9 10 6823 10792
5 2753 2751 2866 10793
5 81 82 2406 10794
5 1017 448 6217 10795
5 6705 5110 7766 10796
5 3750 2509 7935 10797
5 1038 1036 1052 10798
5 431 1018 6215 10799
5 1407 1406 1408 10800
5 804 5679 7280 10801
5 1018 432 6257 10802
5 1647 1648 1649 10803
5 1643 1644 6219 10804
5 3497 4179 4180 10805
5 3629 2934 3630 10806
5 1015 415 6258 10807
5 2362 486 6227 10808
5 6156 4402 7533 10809
5 425 2396 6239 10810
5 4337 3328 7106 10811
5 447 1017 6259 10812
5 4978 4975 7081 10813
5 2866 2751 6843 10814
5 1395 1396 1397 10815
5 2813 2904 3055 10816
5 2253 2515 2827 10817
5 414 1015 6216 10818
5 4578 4573 8095 10819
5 2828 2829 3597 10820
5 2387 550 6231 10821
5 3259 5696 8093 10822
5 1186 1144 7612 10823
5 5597 5596 6720 10824
5 1328 1323 1332 10825
5 1751 1752 7166 10826
5 4175 6064 7736 10827
5 2401 455 6244 10828
5 6009 4009 6936 10829
5 5340 5341 8133 10830
5 4840 7630 8538 10831
5 1702 1703 6855 10832
5 6981 2963 7450 10833
5 1014 399 6274 10834
5 6169 6168 6883 10835
5 2255 2256 2890 10836
5 5258 4410 7983 10837
5 1518 1871 1873 10838
5 974 970 6769 10839
5 3255 3256 3991 10840
5 669 670 2478 10841
5 2928 6948 7473 10842
5 4180 4970 4971 10843
5 4390 5832 8469 10844
5 6768 4809 7924 10845
5 71 72 6725 10846
5 636 637 6779 10847
5 2389 578 6238 10848
5 1634 1635 1637 10849
5 3698 3374 6944 10850
5 1637 2157 2543 10851
5 7040 2849 7555 10852
5 970 976 6769 10853
5 8031 997 8049 10854
5 2645 2817 6570 10855
5 2887 2885 6051 10856
5 674 675 7289 10857
5 1348 1347 2295 10858
5 22 23 6418 10859
5 4529 7741 8171 10860
5 5574 801 7328 10861
5 44 45 2204 10862
5 696 697 6150 10863
5 6252 2399 8087 10864
5 4275 4277 4319 10865
5 5453 5454 7541 10866
5 6933 5405 8241 10867
5 1925 2168 2539 10868
5 4306 6206 6826 10869
5 6678 1383 7971 10870
5 4694 6773 8349 10871
5 4585 3516 8545 10872
5 3221 365 3223 10873
5 3752 4891 5123 10874
5 2169 1927 7896 10875
5 2743 2741 2754 10876
5 3358 3357 6638 10877
5 2483 6292 7697 10878
5 3870 3871 3872 10879
5 1094 1153 6805 10880
5 4494 4968 5996 10881
5 2610 3381 3576 10882
5 390 838 6193 10883
5 1738 1450 1739 10884
5 979 977 6744 10885
5 4329 3606 6582 10886
5 313 314 6703 10887
5 1005 466 6235 10888
5 1972 1966 1973 10889
5 20 21 6433 10890
5 3576 4357 4358 10891
5 1999 2042 2298 10892
5 1925 1927 2168 10893
5 2218 3996 6677 10894
5 449 2357 6217 10895
5 666 667 972 10896
5 303 844 6336 10897
5 2608 2609 2610 10898
5 4591 7276 7354 10899
5 2739 2737 3136 10900
5 6355 5448 8250 10901
5 1285 1282 3989 10902
5 1004 481 6228 10903
5 5425 5117 8511 10904
5 7 8 5453 10905
5 845 282 6327 10906
5 6716 847 7217 10907
5 2733 2731 2747 10908
5 480 1004 6271 10909
5 4017 4030 6500 10910
5 3524 3523 3525 10911
5 3799 4538 8063 10912
5 1960 1958 2254 10913
5 7950 5144 8341 10914
5 1008 499 6237 10915
5 2136 2137 2585 10916
5 3385 4428 7326 10917
5 3897 4306 4399 10918
5 4731 4729 4732 10919
5 2443 1982 6404 10920
5 5580 5579 7456 10921
5 2455 6178 6393 10922
5 6470 5993 7189 10923
5 465 1005 6265 10924
5 2410 520 6261 10925
5 2355 430 6215 10926
5 2251 1389 2252 10927
5 2556 2607 2608 10928
5 433 2356 6257 10929
5 1963 1960 6842 10930
5 2921 3657 7052 10931
5 6411 4481 7706 10932
5 460 2370 6297 10933
5 380 998 6226 10934
5 315 316 6697 10935
5 53 54 2372 10936
5 5826 899 8011 10937
5 422 6195 6241 10938
5 4179 2545 6950 10939
5 7002 855 8059 10940
5 998 381 6288 10941
5 4209 3958 6943 10942
5 68 69 2440 10943
5 416 2398 6258 10944
5 3152 2990 3161 10945
5 4058 4057 7135 10946
5 6124 3821 6948 10947
5 1352 1350 1368 10948
5 2319 1722 7368 10949
5 5940 6424 7655 10950
5 2065 2064 2070 10951
5 2597 2182 7419 10952
5 513 1007 6281 10953
5 467 2368 6235 10954
5 1007 514 6229 10955
5 2400 446 6259 10956
5 6267 5723 6707 10957
5 832 580 6166 10958
5 1 3222 7046 10959
5 3080 3078 3081 10960
5 2914 2214 6677 10961
5 2370 461 6225 10962
5 1637 1638 2157 10963
5 498 1008 6275 10964
5 3966 4202 4203 10965
5 392 2425 6270 10966
5 4505 3330 7145 10967
5 2399 421 6241 10968
5 1626 1627 1636 10969
5 1486 1487 1488 10970
5 609 6102 6291 10971
5 2015 1972 6844 10972
5 500 2364 6237 10973
5 5618 4674 8363 10974
5 21 22 2031 10975
5 3456 2252 3958 10976
5 1427 1428 6915 10977
5 2354 413 6216 10978
5 357 358 6767 10979
5 2553 2551 2905 10980
5 3587 4514 6615 10981
5 358 359 1364 10982
5 493 2366 6307 10983
5 2543 2555 2556 10984
5 5270 3468 5271 10985
5 331 332 1376 10986
5 2396 426 6303 10987
5 3828 3829 3830 10988
5 1758 1496 6683 10989
5 7025 4843 8136 10990
5 1744 1924 1925 10991
5 1956 1954 6820 10992
5 1772 1773 6762 10993
5 5759 2789 7828 10994
5 549 2387 6294 10995
5 1405 1404 1406 10996
5 2368 468 6246 10997
5 2483 608 6291 10998
5 3884 4743 4897 10999
5 3670 4470 6390 11000
5 3399 3397 3764 11001
5 341 342 1375 11002
5 4193 4019 6500 11003
5 4986 4984 5975 11004
5 6609 6009 6936 11005
5 901 7565 8243 11006
5 2102 1212 7310 11007
5 2757 2009 2758 11008
5 2364 501 6249 11009
5 1649 1650 1688 11010
5 5994 5120 7233 11011
5 5005 4992 5479 11012
5 1750 2010 2011 11013
5 454 2401 6316 11014
5 5757 5758 8366 11015
5 2369 464 6265 11016
5 3443 3949 3950 11017
5 2366 494 6234 11018
5 2008 1739 2009 11019
5 635 636 1238 11020
5 356 357 6650 11021
5 6171 4948 7032 11022
5 482 2361 6228 11023
5 400 2415 6274 11024
5 2882 2815 2883 11025
5 3892 4684 7433 11026
5 2637 2636 3273 11027
5 2207 2162 2654 11028
5 3814 3812 6289 11029
5 601 4711 6093 11030
5 2503 2545 3167 11031
5 2402 479 6271 11032
5 4071 4000 4072 11033
5 2224 7129 7815 11034
5 3855 7189 7705 11035
5 1406 1404 7585 11036
5 2657 2559 2884 11037
5 3963 5131 7180 11038
5 4924 4925 8032 11039
5 4990 4988 4994 11040
5 2143 2141 8332 11041
5 1488 1517 1518 11042
5 4357 4359 5727 11043
5 4265 7436 7965 11044
5 7180 6139 7835 11045
5 4730 5193 8302 11046
5 429 2355 6254 11047
5 458 3165 6194 11048
5 469 2377 6246 11049
5 8 1209 5453 11050
5 3422 3942 8038 11051
5 2356 434 6306 11052
5 6376 4054 7257 11053
5 420 2399 6252 11054
5 1817 1820 7019 11055
5 5510 6387 6952 11056
5 6157 4485 7860 11057
5 1275 1273 2394 11058
5 5038 5040 5351 11059
5 2964 5457 8539 11060
5 45 46 6701 11061
5 4861 6025 7702 11062
5 502 2373 6249 11063
5 6862 4272 7641 11064
5 931 929 6766 11065
5 1594 1592 8328 11066
5 6928 1490 7172 11067
5 3589 4205 4206 11068
5 4910 3437 8013 11069
5 2835 2836 2837 11070
5 1182 1174 1193 11071
5 2398 417 6310 11072
5 2298 2514 2969 11073
5 2854 4236 6728 11074
5 5587 6665 7421 11075
5 2308 2306 6788 11076
5 1359 1358 1362 11077
5 621 831 6205 11078
5 4206 4207 5140 11079
5 2365 497 6275 11080
5 1423 7051 8217 11081
5 5923 2965 8065 11082
5 445 2400 6315 11083
5 491 4044 6192 11084
5 1716 1229 1852 11085
5 577 2389 6325 11086
5 4387 4385 4394 11087
5 1979 2788 6738 11088
5 6631 2566 6856 11089
5 1964 5718 7025 11090
5 1861 1852 2636 11091
5 7590 3592 8179 11092
5 3090 3089 3091 11093
5 439 1016 6266 11094
5 5524 5205 7833 11095
5 2359 379 6226 11096
5 4281 4599 7519 11097
5 3603 5686 6914 11098
5 359 360 6736 11099
5 2385 2384 2386 11100
5 1013 407 6295 11101
5 52 53 6672 11102
5 2106 3146 6986 11103
5 2436 648 6296 11104
5 3830 3831 4050 11105
5 1363 1366 1367 11106
5 382 2360 6288 11107
5 5524 7079 8555 11108
5 1249 958 8542 11109
5 2411 512 6281 11110
5 515 2358 6229 11111
5 2280 2279 6950 11112
5 3192 3189 7176 11113
5 69 70 6724 11114
5 7772 2343 7773 11115
5 3228 2830 6426 11116
5 406 1013 6264 11117
5 3165 459 6297 11118
5 2992 7489 7848 11119
5 4922 3661 6462 11120
5 4902 4890 6123 11121
5 3892 2872 4683 11122
5 412 2354 6262 11123
5 2038 7430 8188 11124
5 2856 2722 6533 11125
5 3464 5214 7093 11126
5 1367 1370 1371 11127
5 6383 3147 7153 11128
5 2397 438 6266 11129
5 5000 5002 6834 11130
5 1757 1346 6931 11131
5 2224 6354 7129 11132
5 2933 3629 6509 11133
5 7819 4337 8399 11134
5 2791 3219 3476 11135
5 2933 2414 2934 11136
5 7440 897 8231 11137
5 3989 1282 6840 11138
5 3866 3865 4342 11139
5 4405 6968 7698 11140
5 5768 5767 8073 11141
5 5275 5277 5280 11142
5 1251 1225 2800 11143
5 427 2140 6303 11144
5 478 2402 6324 11145
5 716 717 7089 11146
5 4889 4589 4890 11147
5 5444 6868 6921 11148
5 2413 2412 2414 11149
5 6346 3731 7730 11150
5 4251 6990 7464 11151
5 5039 5038 6958 11152
5 519 2410 6345 11153
5 4044 492 6307 11154
5 1270 548 6294 11155
5 3364 1336 3443 11156
5 3259 2812 6771 11157
5 5216 5217 5622 11158
5 7013 5187 8489 11159
5 2373 503 6268 11160
5 3446 2767 3447 11161
5 408 2405 6295 11162
5 2140 428 6254 11163
5 593 1279 6402 11164
5 437 2397 6305 11165
5 3446 4366 7130 11166
5 5210 6659 8390 11167
5 5599 3114 7372 11168
5 3999 4210 5216 11169
5 435 2149 6306 11170
5 6834 2811 7031 11171
5 2747 2731 6869 11172
5 2812 2281 6771 11173
5 523 4173 6190 11174
5 2048 2046 7185 11175
5 5341 7692 8133 11176
5 6402 5825 7451 11177
5 2891 1918 6737 11178
5 2129 419 6252 11179
5 1526 1741 1863 11180
5 3032 3030 3033 11181
5 2395 6202 7953 11182
5 5176 2412 6741 11183
5 1667 453 6316 11184
5 418 2129 6310 11185
5 46 47 2459 11186
5 238 239 7217 11187
5 2390 442 6287 11188
5 2298 2969 3282 11189
5 75 76 6772 11190
5 531 532 7258 11191
5 2415 401 6343 11192
5 2011 2537 2538 11193
5 3682 3678 7221 11194
5 1649 1688 1718 11195
5 3282 3499 4184 11196
5 4450 5163 8202 11197
5 483 484 7810 11198
5 2425 393 6357 11199
5 1929 444 6315 11200
5 2388 405 6264 11201
5 2149 436 6305 11202
5 4274 2890 4275 11203
5 4420 4422 7415 11204
5 3624 5813 7259 11205
5 4279 2585 4280 11206
5 51 52 2432 11207
5 2620 3053 7463 11208
5 2792 2790 7078 11209
5 1471 1472 6978 11210
5 2394 1273 6841 11211
5 1562 1560 8146 11212
5 2817 3492 6571 11213
5 4388 7592 8360 11214
5 2972 1814 6755 11215
5 3842 3588 6796 11216
5 2168 2169 2611 11217
5 2343 2063 7773 11218
5 1247 1244 2771 11219
5 4268 2892 4269 11220
5 2405 409 6329 11221
5 2907 2866 3589 11222
5 1920 1999 2518 11223
5 4281 4280 4282 11224
5 6301 6830 7067 11225
5 3113 3112 6880 11226
5 603 2485 6386 11227
5 3598 3611 3891 11228
5 6028 7099 8029 11229
5 4236 3336 4237 11230
5 70 71 2471 11231
5 2506 2820 8462 11232
5 7556 5796 8187 11233
5 4229 4164 4589 11234
5 3972 4757 7571 11235
5 2182 2184 7419 11236
5 6796 7163 7886 11237
5 1814 1816 6755 11238
5 443 1929 6287 11239
5 1236 1234 1519 11240
5 5029 5028 6973 11241
5 6901 3438 7107 11242
5 4598 4282 4882 11243
5 4952 7507 7689 11244
5 4925 4926 8062 11245
5 3296 3295 4039 11246
5 4272 3007 5253 11247
5 3464 1471 4048 11248
5 1834 1995 6783 11249
5 4633 5768 6899 11250
5 2358 516 6282 11251
5 2538 3041 3150 11252
5 1696 1653 7521 11253
5 1444 1450 1738 11254
5 3403 3401 3414 11255
5 6569 4188 7125 11256
5 3076 3074 3077 11257
5 944 943 7376 11258
5 1695 477 6324 11259
5 1209 9 6823 11260
5 4769 4772 6848 11261
5 699 1208 5815 11262
5 2503 2498 2545 11263
5 2362 6227 8579 11264
5 2180 2181 2182 11265
5 2120 411 6262 11266
5 4935 5805 8429 11267
5 3204 2684 4053 11268
5 59 60 6794 11269
5 1006 506 6302 11270
5 78 79 1117 11271
5 3812 3811 6750 11272
5 5346 4086 8449 11273
5 3809 3447 4224 11274
5 396 2353 6286 11275
5 6243 3990 6877 11276
5 2611 2612 2835 11277
5 4273 5800 7540 11278
5 582 2404 6322 11279
5 1718 1733 1920 11280
5 47 48 6721 11281
5 332 333 6739 11282
5 2395 475 6313 11283
5 2818 3424 7145 11284
5 3855 3267 7189 11285
5 6409 6410 6411 11286
5 1904 1905 2000 11287
5 5982 7473 7543 11288
5 851 155 6179 11289
5 376 377 7286 11290
5 1259 576 6325 11291
5 1055 1057 6658 11292
5 2958 7724 8095 11293
5 72 73 6776 11294
5 2998 3758 3759 11295
5 7184 3778 7255 11296
5 340 341 6845 11297
5 7026 5424 7891 11298
5 410 2120 6329 11299
5 2854 2853 3336 11300
5 2847 2846 3391 11301
5 2409 555 6279 11302
5 997 372 6342 11303
5 476 1695 6313 11304
5 360 361 2521 11305
5 1263 1248 6450 11306
5 4447 3452 6528 11307
5 404 2388 6311 11308
5 2638 2637 2846 11309
5 6988 6509 8039 11310
5 547 1270 6351 11311
5 237 847 6191 11312
5 2474 302 6336 11313
5 2969 3582 7054 11314
5 389 6193 6299 11315
5 3563 3560 7266 11316
5 1232 1230 6530 11317
5 5028 5025 5979 11318
5 3272 6355 8250 11319
5 283 2469 6327 11320
5 2998 2994 3758 11321
5 378 2359 6283 11322
5 2650 1335 2651 11323
5 2652 2651 2853 11324
5 1434 5873 6915 11325
5 507 2393 6302 11326
5 6894 4070 6895 11327
5 48 49 946 11328
5 2774 2773 2775 11329
5 3821 6550 6948 11330
5 2971 2970 3811 11331
5 612 3650 6101 11332
5 4005 5946 7157 11333
5 2716 2719 6875 11334
5 4164 4053 4165 11335
5 6166 581 6322 11336
5 3896 3051 3897 11337
5 3485 4158 7936 11338
5 2640 2352 2994 11339
5 5742 5206 8295 11340
5 5053 5051 5056 11341
5 74 75 6774 11342
5 3125 3118 7169 11343
5 2622 2623 2828 11344
5 1503 6452 6453 11345
5 6046 5560 6122 11346
5 1532 1537 6713 11347
5 281 845 6176 11348
5 3949 1336 6983 11349
5 4395 5508 8607 11350
5 4396 4048 4564 11351
5 2908 3788 3789 11352
5 850 175 6187 11353
5 3341 3340 3601 11354
5 67 68 6680 11355
5 2512 2511 2970 11356
5 3862 3861 3863 11357
5 3979 2921 7052 11358
5 2684 2685 6981 11359
5 4477 4338 6714 11360
5 4965 7928 8458 11361
5 2485 604 6318 11362
5 4391 4390 4392 11363
5 4204 4202 7776 11364
5 2404 583 6285 11365
5 2219 2221 6791 11366
5 2281 2891 6771 11367
5 314 315 1382 11368
5 195 849 6197 11369
5 6147 598 6872 11370
5 174 850 6185 11371
5 5115 3121 7785 11372
5 849 196 6199 11373
5 7817 4074 8094 11374
5 846 260 6174 11375
5 1279 594 6812 11376
5 338 339 6846 11377
5 2591 974 6769 11378
5 1699 518 6345 11379
5 6582 4031 7267 11380
5 402 2112 6343 11381
5 2492 5706 7786 11382
5 1534 1532 6713 11383
5 3965 2905 3966 11384
5 5621 6365 8596 11385
5 5012 5018 6673 11386
5 4660 5325 8364 11387
5 154 851 6177 11388
5 1048 1050 6710 11389
5 2393 508 6330 11390
5 6002 4556 7492 11391
5 6373 5845 7701 11392
5 7281 4474 8292 11393
5 554 2409 6727 11394
5 3068 3066 3247 11395
5 4481 6411 6689 11396
5 7590 3954 7716 11397
5 2755 1190 7240 11398
5 1636 1627 6168 11399
5 1465 1471 3464 11400
5 373 2431 6342 11401
5 2422 2394 2423 11402
5 4173 524 6335 11403
5 3627 3360 6564 11404
5 7375 4155 7760 11405
5 361 362 6798 11406
5 7824 4780 8263 11407
5 5045 5043 5732 11408
5 10 11 7337 11409
5 517 1699 6282 11410
5 7345 4221 8311 11411
5 5960 3933 8571 11412
5 2112 403 6311 11413
5 5748 4342 7918 11414
5 2173 2172 2352 11415
5 1097 1095 6749 11416
5 5315 4292 8122 11417
5 844 304 6180 11418
5 2653 5975 8536 11419
5 1102 1106 7961 11420
5 2627 4227 4315 11421
5 5942 5827 6964 11422
5 1023 1024 8497 11423
5 1507 1505 2635 11424
5 259 846 6173 11425
5 5034 5032 5633 11426
5 5480 4358 6937 11427
5 76 77 2491 11428
5 2775 2777 2908 11429
5 2344 1051 6710 11430
5 3278 3277 6110 11431
5 2640 2994 2998 11432
5 5837 2596 8135 11433
5 5696 5581 8093 11434
5 5038 5036 5040 11435
5 5060 5058 7917 11436
5 5744 4226 7775 11437
5 4306 3051 7061 11438
5 3050 2423 3051 11439
5 3092 3091 7070 11440
5 2667 2670 6858 11441
5 1561 1563 6868 11442
5 2766 2728 6565 11443
5 4384 4389 4390 11444
5 6202 1003 7953 11445
5 2173 2352 2640 11446
5 848 217 6182 11447
5 5275 5276 5277 11448
5 3748 3245 7260 11449
5 73 74 1112 11450
5 511 2411 6930 11451
5 509 1735 6330 11452
5 5605 7340 7759 11453
5 6486 2416 7751 11454
5 8523 5158 8551 11455
5 647 2436 6407 11456
5 3877 3710 7320 11457
5 1661 1662 7243 11458
5 3919 3920 6832 11459
5 3934 3789 3935 11460
5 2911 2910 3361 11461
5 394 2069 6357 11462
5 525 1701 6335 11463
5 4226 4565 7562 11464
5 4368 7255 7319 11465
5 1995 2589 6783 11466
5 5991 3746 7160 11467
5 3357 4339 6638 11468
5 6715 1973 7023 11469
5 6088 8207 8510 11470
5 2437 546 6351 11471
5 4711 602 6386 11472
5 3637 2674 3638 11473
5 2678 2679 7003 11474
5 4563 6166 6322 11475
5 2069 395 6286 11476
5 5718 4591 7354 11477
5 4381 4380 4382 11478
5 463 2369 6977 11479
5 4673 4672 5371 11480
5 4875 4876 7739 11481
5 1600 7964 8598 11482
5 2277 2278 7801 11483
5 1434 5753 5873 11484
5 6183 6182 6184 11485
5 4382 4383 4384 11486
5 4925 6395 8032 11487
5 3162 3161 6200 11488
5 5873 3929 6919 11489
5 4150 4128 7021 11490
5 6225 462 6977 11491
5 2449 592 6402 11492
5 4525 5990 7779 11493
5 1940 1839 5496 11494
5 2907 3632 7560 11495
5 1194 1193 1213 11496
5 3153 6191 6547 11497
5 4161 6320 7205 11498
5 4794 7498 7890 11499
5 2431 374 6370 11500
5 843 326 6162 11501
5 5297 5291 7904 11502
5 4613 7728 8252 11503
5 6127 5685 7245 11504
5 4235 3218 6890 11505
5 3574 3573 6742 11506
5 1099 1179 6625 11507
5 3222 3495 3870 11508
5 556 1262 6279 11509
5 2435 388 6299 11510
5 3362 5955 8282 11511
5 1331 1329 6778 11512
5 614 2488 6427 11513
5 6829 5260 7921 11514
5 2905 2551 6891 11515
5 7172 5421 8392 11516
5 2768 2797 6496 11517
5 3329 3328 3658 11518
5 2311 5945 7201 11519
5 3273 3799 4327 11520
5 4904 5009 6867 11521
5 2759 2757 2910 11522
5 3577 4055 6956 11523
5 3712 3711 4672 11524
5 5266 6865 7548 11525
5 2664 2666 2776 11526
5 3319 1679 6665 11527
5 5009 4783 7323 11528
5 3072 3070 3073 11529
5 6149 5381 8033 11530
5 2008 2009 2757 11531
5 5539 5533 8333 11532
5 365 366 5172 11533
5 5312 3983 7219 11534
5 1701 526 6344 11535
5 1526 1390 1741 11536
5 2672 2674 3637 11537
5 4563 6322 8603 11538
5 977 2591 6744 11539
5 1738 1739 2008 11540
5 1836 1834 6783 11541
5 3012 3010 3937 11542
5 2171 2172 2173 11543
5 204 205 7235 11544
5 575 1259 6326 11545
5 5004 6095 7699 11546
5 5706 1256 7786 11547
5 5719 5720 8516 11548
5 5684 2697 7105 11549
5 6130 6791 7425 11550
5 4227 2628 7179 11551
5 4906 3798 4932 11552
5 4472 5795 6224 11553
5 3439 1636 3711 11554
5 5755 5743 7812 11555
5 3204 4229 7003 11556
5 347 842 6159 11557
5 5267 5570 8530 11558
5 3018 3016 3037 11559
5 2772 2771 2773 11560
5 1934 5748 7918 11561
5 4290 6980 7748 11562
5 3361 3926 3927 11563
5 3026 3024 3027 11564
5 1771 1536 7305 11565
5 3255 4360 6941 11566
5 4430 3543 4441 11567
5 883 6529 7871 11568
5 2957 2614 7236 11569
5 2513 1477 3154 11570
5 1679 1681 6665 11571
5 5797 4773 8582 11572
5 2171 2170 2172 11573
5 5861 5859 7244 11574
5 5809 5736 7614 11575
5 3675 3672 7242 11576
5 4459 7378 7826 11577
5 2693 2696 8224 11578
5 6205 831 8162 11579
5 2306 3049 6788 11580
5 5905 857 7290 11581
5 5661 4642 8323 11582
5 1669 1672 7001 11583
5 6415 1825 6416 11584
5 2688 2690 2963 11585
5 584 1280 6285 11586
5 1293 2650 6822 11587
5 1380 1378 1786 11588
5 3455 3154 3798 11589
5 1863 1870 2621 11590
5 2986 3001 3628 11591
5 2776 2666 3262 11592
5 2487 619 6382 11593
5 362 363 1360 11594
5 620 6205 6382 11595
5 6699 3040 7347 11596
5 375 2049 6370 11597
5 2484 2314 2867 11598
5 1421 1427 2784 11599
5 7390 3556 7453 11600
5 8192 5209 8208 11601
5 1735 510 6930 11602
5 5277 5279 5281 11603
5 3794 2442 7501 11604
5 684 685 6712 11605
5 2488 615 6347 11606
5 6526 6527 8284 11607
5 2831 3467 7037 11608
5 1720 1724 7165 11609
5 3973 6976 7387 11610
5 385 1555 6373 11611
5 1125 979 6744 11612
5 4239 4238 7214 11613
5 1604 6108 8546 11614
5 3391 3615 4273 11615
5 4122 4121 7021 11616
5 387 2435 6365 11617
5 527 2408 6344 11618
5 5531 4590 7814 11619
5 3345 3046 7316 11620
5 3022 3020 3356 11621
5 5654 3341 8484 11622
5 3256 3211 7103 11623
5 4839 7505 8173 11624
5 3537 5547 7057 11625
5 545 2437 6396 11626
5 2809 1974 2810 11627
5 3167 2545 3497 11628
5 2608 2607 2609 11629
5 2527 3448 8172 11630
5 983 981 6810 11631
5 6155 6352 7300 11632
5 4315 4227 4586 11633
5 2901 2308 6788 11634
5 2694 2767 3446 11635
5 5511 2476 8564 11636
5 692 693 6691 11637
5 4232 4029 7570 11638
5 3470 3469 5243 11639
5 4876 6679 7739 11640
5 2610 2609 3381 11641
5 3576 3381 4357 11642
5 2621 2622 2995 11643
5 3803 3262 3925 11644
5 1612 8223 8477 11645
5 2809 4429 7296 11646
5 1403 1405 2158 11647
5 2023 2170 2171 11648
5 1555 386 6365 11649
5 1861 2636 2637 11650
5 2079 2078 2080 11651
5 4707 4709 7040 11652
5 6360 3931 7449 11653
5 7227 4147 7635 11654
5 2682 2684 3204 11655
5 624 2480 6362 11656
5 337 338 7426 11657
5 1370 1366 1372 11658
5 6679 1182 7739 11659
5 60 61 2379 11660
5 2556 2555 2607 11661
5 1644 1647 6219 11662
5 7018 4859 7657 11663
5 2543 2157 2555 11664
5 1521 1509 1889 11665
5 2480 625 6361 11666
5 3764 3397 7059 11667
5 262 1470 6332 11668
5 4095 4096 4097 11669
5 4413 4811 8571 11670
5 7820 5104 8134 11671
5 3474 4477 6809 11672
5 2314 2300 2789 11673
5 5075 4363 6825 11674
5 3474 3475 4338 11675
5 333 334 2522 11676
5 216 848 7016 11677
5 6012 3778 7184 11678
5 6725 5342 8108 11679
5 6108 1604 8367 11680
5 7862 5575 8210 11681
5 2081 2082 2083 11682
5 4315 4586 4803 11683
5 4194 4643 7806 11684
5 1648 1646 7288 11685
5 339 340 2524 11686
5 5720 8052 8516 11687
5 301 2474 6440 11688
5 3330 2818 7145 11689
5 1710 1708 8316 11690
5 4803 4586 5376 11691
5 2469 284 6435 11692
5 2885 2883 3389 11693
5 2798 6866 7033 11694
5 3327 3325 3328 11695
5 2408 528 6372 11696
5 3487 3186 6717 11697
5 4379 3549 4380 11698
5 6689 4854 8296 11699
5 3571 3568 7251 11700
5 6016 3194 7564 11701
5 7657 4859 7756 11702
5 4481 6689 8296 11703
5 4663 4662 4664 11704
5 3409 3407 3556 11705
5 2182 2183 2184 11706
5 66 67 2465 11707
5 4037 4016 8320 11708
5 198 1449 6341 11709
5 1399 1401 2869 11710
5 3526 3525 5820 11711
5 2402 6271 7765 11712
5 1230 1229 1716 11713
5 1475 1477 2513 11714
5 219 1460 6338 11715
5 0 6 1246 11716
5 1415 1417 1419 11717
5 6848 2878 8428 11718
5 7430 4483 8188 11719
5 7528 4952 7617 11720
5 3078 3077 6337 11721
5 7062 6730 7816 11722
5 4440 4438 6865 11723
5 3889 6644 7074 11724
5 3241 3239 4049 11725
5 5333 3353 5730 11726
5 1501 1540 6674 11727
5 574 6326 6412 11728
5 7009 3229 8206 11729
5 4862 4861 8450 11730
5 2673 2671 7531 11731
5 2807 6393 6947 11732
5 1032 1030 2698 11733
5 3864 3863 3865 11734
5 1571 1573 6892 11735
5 1674 1676 1831 11736
5 325 843 6165 11737
5 2023 2022 2170 11738
5 2708 2710 6803 11739
5 3650 613 6427 11740
5 3916 3915 8097 11741
5 1268 544 6396 11742
5 618 2487 6475 11743
5 3035 3032 6954 11744
5 2435 6170 8596 11745
5 5812 4699 7007 11746
5 1920 1733 1999 11747
5 1746 1728 1759 11748
5 6644 3269 7074 11749
5 529 1269 6372 11750
5 1241 646 6407 11751
5 1269 530 6394 11752
5 2098 2100 6770 11753
5 4684 4683 4685 11754
5 1920 2518 6648 11755
5 3598 3597 3611 11756
5 622 623 7357 11757
5 2296 2993 6801 11758
5 1185 6118 7649 11759
5 4475 4313 4642 11760
5 1280 585 6368 11761
5 3282 2969 3499 11762
5 4735 6484 6567 11763
5 4671 4004 7290 11764
5 2776 3262 3803 11765
5 2628 2630 7179 11766
5 3803 3925 6861 11767
5 5230 3818 7177 11768
5 4202 2905 6891 11769
5 683 684 2293 11770
5 4976 4980 8396 11771
5 5207 3896 6726 11772
5 4184 3499 4590 11773
5 7594 4564 8606 11774
5 1790 1769 1793 11775
5 605 1683 6318 11776
5 2377 470 6975 11777
5 3834 3833 3994 11778
5 4050 4051 5661 11779
5 1718 1688 1733 11780
5 1467 6573 8345 11781
5 3637 3638 5350 11782
5 6179 156 6379 11783
5 543 1268 6397 11784
5 177 1441 6358 11785
5 5886 6060 8165 11786
5 1519 5854 8029 11787
5 6194 3165 7234 11788
5 1397 1398 1399 11789
5 3437 3957 8013 11790
5 2005 2176 2626 11791
5 6199 197 6341 11792
5 1874 2022 2023 11793
5 718 719 7239 11794
5 3484 2792 7594 11795
5 2244 2245 2246 11796
5 3147 4041 7153 11797
5 5210 8192 8208 11798
5 6556 4370 8529 11799
5 4151 2004 6801 11800
5 6195 837 7004 11801
5 5959 1557 6904 11802
5 5256 7721 8380 11803
5 7223 7227 7635 11804
5 7597 4860 8355 11805
5 3761 4913 4914 11806
5 1678 3319 3320 11807
5 1409 1410 1411 11808
5 3473 2867 3474 11809
5 6560 967 6922 11810
5 4411 5806 7993 11811
5 6506 5423 8041 11812
5 6636 4010 8291 11813
5 942 17 6133 11814
5 2211 2212 2213 11815
5 2805 2738 8173 11816
5 1190 1192 7240 11817
5 4994 5702 8182 11818
5 679 989 6392 11819
5 1708 5324 8316 11820
5 6187 176 6358 11821
5 3438 6141 7107 11822
5 61 62 6849 11823
5 1863 1741 1870 11824
5 5777 4299 6746 11825
5 3411 4070 6894 11826
5 1691 7110 7111 11827
5 4848 8186 8414 11828
5 4748 6923 6940 11829
5 5077 7382 8453 11830
5 6909 2805 7505 11831
5 1451 1456 7093 11832
5 277 2421 6366 11833
5 2363 6210 6211 11834
5 2221 2317 6791 11835
5 6352 1044 7300 11836
5 1460 220 6339 11837
5 4817 7578 8597 11838
5 3778 3779 7255 11839
5 1804 1798 1805 11840
5 3334 920 7195 11841
5 3452 2832 6528 11842
5 6174 261 6332 11843
5 1257 573 6412 11844
5 1716 1852 1861 11845
5 1923 2300 2314 11846
5 3288 3721 6062 11847
5 1874 1873 2022 11848
5 157 2433 6379 11849
5 1518 1873 1874 11850
5 981 1125 6810 11851
5 4757 3473 6809 11852
5 3617 3042 3700 11853
5 2702 2704 6835 11854
5 5791 6552 8307 11855
5 5745 2755 8318 11856
5 1210 12 5850 11857
5 6349 50 7554 11858
5 5314 1058 7811 11859
5 2596 7168 8135 11860
5 1213 1193 3550 11861
5 6698 3984 8252 11862
5 6259 1017 6260 11863
5 1664 1663 8456 11864
5 1809 1806 6171 11865
5 1275 2422 6840 11866
5 5998 6576 8310 11867
5 1470 263 6333 11868
5 345 346 7428 11869
5 5061 6857 7774 11870
5 4642 5661 7668 11871
5 4176 4178 6818 11872
5 5528 4534 8386 11873
5 542 6397 6468 11874
5 1873 1871 6831 11875
5 4943 6201 6425 11876
5 3320 3319 3483 11877
5 5247 4685 5250 11878
5 7187 3898 7651 11879
5 3036 3027 4519 11880
5 3211 5302 7103 11881
5 4396 4564 7078 11882
5 3464 4048 4396 11883
5 5316 5317 7516 11884
5 5396 5395 8124 11885
5 3099 3096 7146 11886
5 3591 7371 8329 11887
5 3410 3411 6894 11888
5 920 922 7195 11889
5 3296 4039 7407 11890
5 2784 3548 3549 11891
5 1922 1372 6828 11892
5 4743 3347 7922 11893
5 2101 6734 6735 11894
5 626 1243 6361 11895
5 7594 4906 7760 11896
5 4012 1228 6782 11897
5 6182 218 6338 11898
5 7432 5551 8340 11899
5 2573 2575 6851 11900
5 4234 7076 7441 11901
5 2553 3965 6869 11902
5 6749 1095 6805 11903
5 2826 4413 8336 11904
5 2004 1892 6801 11905
5 813 814 7312 11906
5 6316 2401 6317 11907
5 843 6163 6164 11908
5 586 2403 6368 11909
5 1692 1702 1711 11910
5 4032 4023 7535 11911
5 6306 2149 8064 11912
5 2198 2200 2202 11913
5 2185 2187 2188 11914
5 233 2430 6380 11915
5 4667 4666 4668 11916
5 212 2427 6378 11917
5 3501 3503 7278 11918
5 5385 5386 8544 11919
5 1923 1922 2300 11920
5 3201 4368 7319 11921
5 2189 2191 2193 11922
5 3859 3846 7271 11923
5 2577 2581 6862 11924
5 3891 3611 5248 11925
5 3455 3798 4906 11926
5 3802 4692 4693 11927
5 2409 6044 8610 11928
5 7069 1467 8345 11929
5 4973 5725 7981 11930
5 4232 7737 8011 11931
5 2369 6265 6859 11932
5 4053 6981 7450 11933
5 5743 1933 7812 11934
5 3446 3447 3809 11935
5 65 66 6807 11936
5 6248 6563 7492 11937
5 2626 2176 4285 11938
5 3041 2537 3042 11939
5 5505 6305 7825 11940
5 3165 6297 6298 11941
5 3520 3266 7394 11942
5 5681 5682 7468 11943
5 842 348 6158 11944
5 3040 6761 7347 11945
5 3204 4053 4164 11946
5 1711 1702 3856 11947
5 7001 5399 7170 11948
5 6155 7104 7763 11949
5 1747 6555 6556 11950
5 2473 300 6440 11951
5 5686 6631 7254 11952
5 285 2468 6435 11953
5 1717 1372 1922 11954
5 16 942 5933 11955
5 62 63 2534 11956
5 4766 5626 7852 11957
5 3014 3012 6996 11958
5 3948 3483 5704 11959
5 1214 1213 1229 11960
5 4211 2655 8272 11961
5 3320 3483 3948 11962
5 1822 1836 7203 11963
5 616 1706 6347 11964
5 6107 4762 7134 11965
5 5732 5043 6958 11966
5 6139 3758 7835 11967
5 4521 4520 4522 11968
5 5736 5473 8347 11969
5 1407 1408 1409 11970
5 5508 4262 8345 11971
5 4666 4665 6821 11972
5 1367 1366 1370 11973
5 5055 5588 7937 11974
5 2398 6310 6733 11975
5 6266 1016 6267 11976
5 1700 6829 7921 11977
5 1399 1400 1401 11978
5 2711 2708 6803 11979
5 1441 178 6359 11980
5 2256 2258 6874 11981
5 4773 6290 8582 11982
5 3263 2904 3444 11983
5 4158 4941 8539 11984
5 4714 5793 7066 11985
5 1179 1097 6749 11986
5 4741 5475 7616 11987
5 2837 6630 7088 11988
5 4181 5771 7794 11989
5 5197 6113 8055 11990
5 4520 4519 5564 11991
5 2433 158 6473 11992
5 4286 4287 4288 11993
5 2282 3257 7455 11994
5 1812 2972 7568 11995
5 6900 7414 8531 11996
5 3458 6815 6964 11997
5 2364 6249 6250 11998
5 4760 4761 7245 11999
5 3809 4224 4328 12000
5 2421 278 6559 12001
5 1706 617 6475 12002
5 1469 276 6366 12003
5 1703 1707 6855 12004
5 2427 213 6499 12005
5 7429 3541 8421 12006
5 5239 7436 7437 12007
5 2140 6254 6255 12008
5 3310 4233 6405 12009
5 4288 4287 5763 12010
5 2430 234 6503 12011
5 2027 2165 6856 12012
5 5549 5551 7432 12013
5 2264 2347 6886 12014
5 5552 6686 8211 12015
5 5426 2394 6841 12016
5 3119 3098 8246 12017
5 3405 6218 8527 12018
5 2272 1851 5415 12019
5 2954 2956 6704 12020
5 6416 6539 7527 12021
5 2260 2262 6888 12022
5 922 955 7195 12023
5 7810 5742 8295 12024
5 1845 1838 1846 12025
5 4874 7047 8002 12026
5 6384 4176 6818 12027
5 3028 3027 3036 12028
5 953 1737 6272 12029
5 3207 3209 6941 12030
5 1721 1719 2568 12031
5 5254 5812 8593 12032
5 2513 3154 3455 12033
5 2137 2139 6893 12034
5 6035 4533 7115 12035
5 1342 4221 6931 12036
5 1899 1901 6864 12037
5 1358 1356 1369 12038
5 4629 5452 6985 12039
5 4869 7136 8061 12040
5 1019 1010 6984 12041
5 645 1241 6409 12042
5 6330 1735 8516 12043
5 4286 4288 7371 12044
5 3964 4742 7500 12045
5 2373 6268 6269 12046
5 1004 6228 7079 12047
5 1271 541 6468 12048
5 5637 4896 7361 12049
5 686 687 6800 12050
5 5462 7782 7970 12051
5 2849 5795 7555 12052
5 1638 1640 6853 12053
5 2395 6313 6314 12054
5 1737 951 6472 12055
5 2071 2070 2299 12056
5 6683 4541 7393 12057
5 5604 1970 7630 12058
5 63 64 6884 12059
5 6764 6763 6765 12060
5 3604 3419 3605 12061
5 5248 3611 6811 12062
5 7245 853 8219 12063
5 2621 1870 2622 12064
5 5611 5999 7129 12065
5 2146 2148 6907 12066
5 6200 3161 6655 12067
5 3389 2883 4484 12068
5 6570 2817 6571 12069
5 4429 3543 4430 12070
5 989 680 6172 12071
5 4783 3652 4898 12072
5 3375 3931 4166 12073
5 5818 4812 8616 12074
5 1573 1575 6917 12075
5 1401 1402 1403 12076
5 1668 7001 7170 12077
5 5738 6356 8070 12078
5 5451 4756 8264 12079
5 3357 3555 4339 12080
5 1892 2296 6801 12081
5 2151 2154 6910 12082
5 1405 1406 1407 12083
5 2070 2064 2072 12084
5 5851 6876 6949 12085
5 2827 3884 3885 12086
5 2586 3321 7425 12087
5 1395 1397 4378 12088
5 4754 5796 7174 12089
5 2403 587 7017 12090
5 6339 221 6441 12091
5 1557 1559 6904 12092
5 5975 4984 7081 12093
5 2193 2194 2195 12094
5 1455 232 6380 12095
5 6594 6593 6595 12096
5 5106 5717 7445 12097
5 1579 1581 6918 12098
5 2176 2177 7159 12099
5 2387 6231 6369 12100
5 1448 211 6378 12101
5 7189 5993 7705 12102
5 1980 5983 6758 12103
5 3548 1427 6915 12104
5 6565 2875 7167 12105
5 2688 2963 6981 12106
5 4826 5305 7391 12107
5 4758 5246 7946 12108
5 4255 1772 4256 12109
5 1766 1829 7306 12110
5 5492 6518 7007 12111
5 1629 1631 6883 12112
5 1799 6621 6622 12113
5 4067 4065 6838 12114
5 3811 5298 6988 12115
5 5575 3612 8210 12116
5 1243 627 6460 12117
5 4286 4285 4287 12118
5 3160 3646 3647 12119
5 4384 4391 7138 12120
5 222 1454 6441 12121
5 4303 4301 4333 12122
5 4214 4215 7113 12123
5 265 1468 6434 12124
5 2475 351 6406 12125
5 3286 2386 6797 12126
5 5613 4687 7791 12127
5 1563 1565 6921 12128
5 3186 3552 6717 12129
5 1888 5710 7433 12130
5 7598 1171 8183 12131
5 3642 4160 4161 12132
5 1711 3856 4216 12133
5 3007 2702 6835 12134
5 6928 4667 7173 12135
5 1585 1587 6927 12136
5 4203 4204 8037 12137
5 6431 3876 8369 12138
5 1567 1569 6916 12139
5 847 238 7217 12140
5 1717 1922 1923 12141
5 1550 5959 8040 12142
5 1879 1881 2016 12143
5 4433 4432 4434 12144
5 7005 3416 7667 12145
5 4501 4503 6909 12146
5 1820 1822 7203 12147
5 4283 4280 8147 12148
5 7575 3651 7762 12149
5 191 2447 6421 12150
5 2479 653 6414 12151
5 4256 1772 6762 12152
5 786 5662 8059 12153
5 2131 2133 6926 12154
5 4848 7797 8186 12155
5 3789 3788 7603 12156
5 2112 6311 6786 12157
5 3573 4331 6742 12158
5 1750 1523 2010 12159
5 4205 2866 6843 12160
5 4065 4326 6838 12161
5 1495 5815 7582 12162
5 2784 4379 7162 12163
5 4215 7127 7962 12164
5 4391 7259 7434 12165
5 3117 6880 6881 12166
5 5018 5022 6673 12167
5 2126 2128 6929 12168
5 4435 4434 4437 12169
5 959 931 6766 12170
5 2532 2902 3304 12171
5 6847 4668 6942 12172
5 7206 3465 7207 12173
5 3468 3278 6110 12174
5 831 622 7357 12175
5 64 65 1115 12176
5 6088 6448 8207 12177
5 4584 6830 7068 12178
5 3153 236 6191 12179
5 6333 264 6434 12180
5 3137 3138 8234 12181
5 3590 4669 4670 12182
5 3990 3989 7651 12183
5 7734 4546 7985 12184
5 3188 3818 4186 12185
5 6214 4165 7864 12186
5 4431 4430 4432 12187
5 3922 6317 7378 12188
5 275 1469 6436 12189
5 2183 6089 8500 12190
5 7394 3839 8070 12191
5 1468 266 6480 12192
5 4130 4128 4150 12193
5 3953 4662 4663 12194
5 2447 192 6513 12195
5 2184 2185 6492 12196
5 1752 1755 7166 12197
5 6753 889 7754 12198
5 2555 3954 7024 12199
5 1691 6214 7367 12200
5 2122 2124 6935 12201
5 1620 1622 6906 12202
5 690 691 6804 12203
5 5788 4228 7247 12204
5 243 1458 6448 12205
5 3277 3162 6200 12206
5 4237 6144 7477 12207
5 201 1447 6444 12208
5 2060 2058 2570 12209
5 1806 1805 1887 12210
5 3096 3095 7146 12211
5 1272 533 6467 12212
5 5252 3453 7471 12213
5 4539 5917 7382 12214
5 4141 4134 4147 12215
5 1454 223 6483 12216
5 3180 3178 6960 12217
5 258 6173 6420 12218
5 4673 5373 7534 12219
5 1829 5773 5774 12220
5 4238 4145 4442 12221
5 5698 5700 7573 12222
5 6003 7244 8145 12223
5 253 1459 6442 12224
5 2213 2986 7220 12225
5 540 1271 6494 12226
5 3924 4043 6934 12227
5 5633 5032 6973 12228
5 3141 3143 3664 12229
5 1764 1766 7306 12230
5 3267 2579 7189 12231
5 6893 5436 8147 12232
5 4849 194 6197 12233
5 2536 2535 6719 12234
5 2545 2498 6950 12235
5 1883 1974 2809 12236
5 4166 5175 5569 12237
5 7244 5859 8145 12238
5 1403 1404 1405 12239
5 2117 2119 6938 12240
5 1363 1367 7412 12241
5 4001 4515 7508 12242
5 7219 4199 7822 12243
5 5241 6636 8291 12244
5 2468 286 6520 12245
5 2908 3934 7121 12246
5 2188 2189 6524 12247
5 350 2475 6610 12248
5 1385 323 6445 12249
5 4042 6211 7249 12250
5 1447 202 6486 12251
5 7077 370 8031 12252
5 2579 6470 7189 12253
5 2177 2180 7159 12254
5 2855 2651 8235 12255
5 1794 1793 1795 12256
5 4842 5606 7630 12257
5 2276 678 6392 12258
5 5660 5148 7869 12259
5 5755 4286 7371 12260
5 299 2473 6439 12261
5 2344 6253 7385 12262
5 170 2456 6428 12263
5 3518 173 6185 12264
5 2525 1795 2526 12265
5 3301 7327 8458 12266
5 5712 6337 7335 12267
5 3086 3085 7156 12268
5 3787 3515 6882 12269
5 3887 4263 7092 12270
5 1144 1249 7612 12271
5 6225 4660 8364 12272
5 4485 4484 4486 12273
5 11 1210 7337 12274
5 4061 5544 7504 12275
5 2456 171 6515 12276
5 3962 6169 7117 12277
5 6 7 7541 12278
5 159 1432 6473 12279
5 6006 6458 7673 12280
5 4785 5632 8017 12281
5 6963 5183 7569 12282
5 2892 2573 6851 12283
5 6227 5219 8579 12284
5 588 1278 7017 12285
5 6359 179 6474 12286
5 3883 6209 7795 12287
5 3101 3218 3382 12288
5 6075 6126 8066 12289
5 3448 3421 3652 12290
5 4072 4000 6073 12291
5 2626 4285 4286 12292
5 2193 2195 2565 12293
5 2644 983 6810 12294
5 5567 4960 8015 12295
5 6283 2359 6284 12296
5 688 689 6839 12297
5 4711 6386 8342 12298
5 3091 3089 3198 12299
5 3004 3619 3887 12300
5 1887 1805 4406 12301
5 2642 2568 2643 12302
5 3290 6062 7525 12303
5 5737 5322 8329 12304
5 231 1455 6456 12305
5 2055 2053 2909 12306
5 5565 3485 7936 12307
5 2113 2115 6951 12308
5 495 496 7459 12309
5 210 1448 6455 12310
5 4155 3484 7760 12311
5 2766 6565 6566 12312
5 1105 1101 6962 12313
5 2180 2182 2597 12314
5 3462 1759 3588 12315
5 3340 2643 3590 12316
5 377 6283 7286 12317
5 6861 5376 8514 12318
5 2326 6146 7674 12319
5 3843 3842 3844 12320
5 6696 3984 7747 12321
5 1709 1719 1721 12322
5 5406 4002 7168 12323
5 6319 4208 7193 12324
5 3876 6510 8369 12325
5 1787 6738 6974 12326
5 5825 4469 7451 12327
5 1319 1316 7015 12328
5 2136 4279 6926 12329
5 5329 3738 8422 12330
5 3687 3686 7149 12331
5 5467 153 6177 12332
5 1854 1904 7292 12333
5 2246 2247 2502 12334
5 4295 5777 7236 12335
5 4299 4305 6746 12336
5 4121 4119 5211 12337
5 6828 1372 6900 12338
5 6106 2178 7072 12339
5 3112 3114 3713 12340
5 1459 254 6443 12341
5 7628 3862 8503 12342
5 534 2466 6467 12343
5 5363 5967 7352 12344
5 6168 1629 6883 12345
5 950 954 7042 12346
5 644 6409 6549 12347
5 1540 1751 6674 12348
5 4027 4025 7619 12349
5 4125 280 6176 12350
5 1337 1331 6778 12351
5 1796 1795 2525 12352
5 3095 3092 7070 12353
5 4489 5821 7391 12354
5 2486 539 6494 12355
5 1760 1759 3462 12356
5 2567 2028 2798 12357
5 6444 5690 7639 12358
5 3101 3099 3218 12359
5 1475 2513 6978 12360
5 562 1261 6512 12361
5 4342 3865 5663 12362
5 2420 274 6436 12363
5 6395 6394 7258 12364
5 267 2419 6480 12365
5 4151 6801 7584 12366
5 7019 1820 7203 12367
5 4755 7213 8233 12368
5 3531 2098 6770 12369
5 2108 2110 6959 12370
5 5380 5995 7101 12371
5 4117 4114 4123 12372
5 1719 1720 7165 12373
5 5489 5488 7475 12374
5 2758 2791 7036 12375
5 3935 6706 8055 12376
5 4664 4666 4667 12377
5 1370 1372 1717 12378
5 4108 4106 4116 12379
5 2766 6461 8526 12380
5 4187 3903 7404 12381
5 3118 3117 7169 12382
5 3700 4875 4877 12383
5 4021 4193 7535 12384
5 2049 376 7286 12385
5 2195 2196 2197 12386
5 1761 1763 1864 12387
5 650 651 7431 12388
5 5704 3483 6860 12389
5 7052 3657 7495 12390
5 2782 2508 7029 12391
5 2460 151 6531 12392
5 6991 885 7885 12393
5 4864 6702 6703 12394
5 224 2418 6483 12395
5 4915 6134 7887 12396
5 5725 7017 7981 12397
5 150 2460 6452 12398
5 6542 2062 7855 12399
5 214 3540 6499 12400
5 180 1439 6474 12401
5 6411 6410 6689 12402
5 4112 4110 4139 12403
5 1440 190 6421 12404
5 3189 3188 7176 12405
5 3301 5843 7196 12406
5 6827 1751 7166 12407
5 4399 4306 6826 12408
5 2596 5713 7168 12409
5 2157 1638 6853 12410
5 4667 6847 7173 12411
5 4438 4437 7175 12412
5 2424 252 6442 12413
5 2527 2526 3420 12414
5 235 3153 6503 12415
5 936 938 6957 12416
5 2335 7049 8182 12417
5 3421 3420 4308 12418
5 203 2416 6486 12419
5 685 686 1197 12420
5 1486 1488 3376 12421
5 6460 628 6477 12422
5 3879 3379 7350 12423
5 3845 6742 7096 12424
5 2630 2664 7179 12425
5 6289 3812 6750 12426
5 1721 2568 2642 12427
5 2408 6372 6777 12428
5 1546 1978 7050 12429
5 1363 1362 1366 12430
5 6394 531 7258 12431
5 5405 5406 8241 12432
5 2255 4274 6910 12433
5 3901 7571 8430 12434
5 3582 5828 7054 12435
5 4103 4101 4104 12436
5 4822 4824 7299 12437
5 2890 2256 6874 12438
5 2439 2274 3301 12439
5 7324 6705 7766 12440
5 1323 1321 6982 12441
5 1773 1776 6762 12442
5 1479 1481 7349 12443
5 2083 2381 2382 12444
5 3089 3086 7156 12445
5 2386 3422 6797 12446
5 6408 2460 7834 12447
5 4695 7940 7963 12448
5 2678 6626 8468 12449
5 6286 2353 7097 12450
5 496 2365 7459 12451
5 6260 4690 7947 12452
5 1724 1772 4255 12453
5 3841 3588 3842 12454
5 1261 563 6511 12455
5 569 1260 6541 12456
5 336 337 1374 12457
5 6972 5060 7917 12458
5 1871 1935 6831 12459
5 3165 6298 7234 12460
5 2719 2985 6875 12461
5 6630 6945 6946 12462
5 6234 495 7459 12463
5 6314 4463 8471 12464
5 5978 941 7889 12465
5 2885 3389 6051 12466
5 3657 5365 7495 12467
5 6674 1751 6827 12468
5 2682 3204 7003 12469
5 2650 2652 7108 12470
5 8525 4882 8594 12471
5 5558 5262 8123 12472
5 2914 6677 7402 12473
5 3653 3652 4783 12474
5 1301 1299 6983 12475
5 13 1885 5850 12476
5 4597 5605 7759 12477
5 1458 6067 8482 12478
5 7074 3269 7609 12479
5 4933 3385 7326 12480
5 3540 215 7016 12481
5 5049 5046 8072 12482
5 557 558 7351 12483
5 7571 4757 8430 12484
5 2466 535 6493 12485
5 5333 5730 6784 12486
5 4207 4205 7718 12487
5 7118 3853 7579 12488
5 6895 4070 7353 12489
5 4204 5644 8037 12490
5 538 2486 6548 12491
5 2429 230 6456 12492
5 3299 2562 7127 12493
5 6370 2049 6371 12494
5 1126 5582 8399 12495
5 4399 6826 7005 12496
5 1681 1685 6665 12497
5 4099 4097 4136 12498
5 3091 3198 3199 12499
5 2426 209 6455 12500
5 4631 6899 7214 12501
5 6326 1259 6723 12502
5 3117 3113 6880 12503
5 324 6165 6445 12504
5 1208 700 5455 12505
5 3262 2666 6858 12506
5 4892 7439 8351 12507
5 193 4849 6513 12508
5 2642 2643 3340 12509
5 6134 4915 7888 12510
5 4791 4794 8285 12511
5 352 1365 6406 12512
5 967 965 6922 12513
5 6461 5132 6533 12514
5 3458 6964 8023 12515
5 3081 3078 6337 12516
5 2375 6055 7658 12517
5 3199 3999 4000 12518
5 6354 5611 7129 12519
5 1030 1028 7082 12520
5 5728 5186 8357 12521
5 1016 440 7513 12522
5 2809 2810 3543 12523
5 2501 2334 6913 12524
5 7553 3729 7587 12525
5 3304 3720 4284 12526
5 4256 6762 6763 12527
5 1433 169 6428 12528
5 4216 3856 7198 12529
5 839 650 7431 12530
5 287 1393 6520 12531
5 4339 4340 7849 12532
5 5805 3987 8429 12533
5 1439 181 6545 12534
5 4007 4006 8127 12535
5 2418 225 6484 12536
5 4222 3410 6894 12537
5 162 163 7529 12538
5 2585 2137 6893 12539
5 1394 298 6439 12540
5 772 773 7440 12541
5 244 245 7523 12542
5 2076 2071 6748 12543
5 6464 940 6465 12544
5 4792 6419 7640 12545
5 7043 3879 7350 12546
5 6727 2409 8610 12547
5 5728 2635 7891 12548
5 654 1825 6414 12549
5 3164 3978 7976 12550
5 305 4085 6180 12551
5 2326 633 6502 12552
5 3573 4330 4331 12553
5 441 2390 7513 12554
5 172 3518 6515 12555
5 2404 6285 6976 12556
5 3199 3198 3999 12557
5 6397 1268 6398 12558
5 2800 7047 7291 12559
5 1044 1042 7300 12560
5 6890 3218 7146 12561
5 279 4125 6559 12562
5 322 1385 6446 12563
5 4734 3575 7210 12564
5 4871 5521 7707 12565
5 3728 3465 7206 12566
5 4383 4380 7194 12567
5 1758 6683 7393 12568
5 3112 3110 3114 12569
5 6912 5443 7799 12570
5 2572 4268 6886 12571
5 6801 2993 7584 12572
5 1239 643 6549 12573
5 1179 5995 8256 12574
5 2428 246 6491 12575
5 3993 3184 7057 12576
5 3382 3218 4235 12577
5 6053 2854 6728 12578
5 4257 6156 8614 12579
5 2492 568 6541 12580
5 1230 1716 6530 12581
5 4510 4512 7593 12582
5 4683 2872 7688 12583
5 1225 1207 6999 12584
5 6677 3996 7402 12585
5 5171 6044 8395 12586
5 2825 2601 6752 12587
5 2466 6132 8168 12588
5 4364 4153 7785 12589
5 5967 6817 7352 12590
5 6471 2279 8403 12591
5 5753 1442 7086 12592
5 6224 2686 7241 12593
5 536 1267 6493 12594
5 3127 3125 3427 12595
5 1103 130 6458 12596
5 1267 537 6548 12597
5 1101 6625 6962 12598
5 3350 3263 3465 12599
5 4082 4080 5234 12600
5 31 939 6301 12601
5 1688 1650 7233 12602
5 5661 4051 7668 12603
5 3389 4484 4485 12604
5 3708 936 6957 12605
5 98 99 7482 12606
5 189 1440 6488 12607
5 5121 3548 6919 12608
5 2029 2028 2567 12609
5 2423 5426 7061 12610
5 3929 2911 7700 12611
5 1114 110 6516 12612
5 1847 1846 2028 12613
5 440 441 7513 12614
5 2001 2211 7262 12615
5 4379 4381 8388 12616
5 5002 5004 7699 12617
5 3371 3358 6638 12618
5 6443 255 6557 12619
5 129 1103 6459 12620
5 3194 3195 7564 12621
5 5038 5351 6958 12622
5 2100 2627 6770 12623
5 2161 257 6420 12624
5 6415 6416 6417 12625
5 6171 7032 7238 12626
5 109 1114 6447 12627
5 7102 868 7731 12628
5 1970 1961 8538 12629
5 2208 5978 7889 12630
5 3987 4870 8429 12631
5 4652 4649 7622 12632
5 2092 2367 8403 12633
5 3188 3131 3818 12634
5 6296 839 6998 12635
5 4679 4647 7992 12636
5 229 2429 6498 12637
5 532 1272 7258 12638
5 152 5467 6531 12639
5 4663 4664 6928 12640
5 1143 1185 7649 12641
5 208 2426 6497 12642
5 7733 5222 7797 12643
5 677 2276 6517 12644
5 2940 2943 7481 12645
5 2710 2715 6803 12646
5 4197 4195 7373 12647
5 2956 3487 6704 12648
5 6242 6243 7020 12649
5 5581 3969 8093 12650
5 3422 3892 3942 12651
5 1778 1780 2038 12652
5 5338 5339 7510 12653
5 1071 2344 7385 12654
5 693 694 1196 12655
5 1503 149 6452 12656
5 3856 1702 6855 12657
5 1350 1348 6989 12658
5 6484 226 6567 12659
5 3036 4519 4520 12660
5 4095 4093 4096 12661
5 5708 4733 8485 12662
5 398 1014 7653 12663
5 3104 3102 7372 12664
5 629 1240 6477 12665
5 6564 7691 7769 12666
5 4091 4089 4149 12667
5 623 6362 7357 12668
5 2844 1853 4324 12669
5 5455 1246 5456 12670
5 2418 8160 8540 12671
5 1291 1289 7020 12672
5 3915 3694 4947 12673
5 3896 3897 6726 12674
5 5875 862 7490 12675
5 1782 1853 2844 12676
5 3541 2881 8421 12677
5 7543 4398 8004 12678
5 3357 3192 3555 12679
5 4087 4084 4148 12680
5 307 2495 6608 12681
5 939 32 6478 12682
5 3229 1803 8206 12683
5 3451 4253 4254 12684
5 8091 4561 8601 12685
5 4366 3809 7110 12686
5 5956 3729 7553 12687
5 2200 2528 7126 12688
5 7198 5654 7938 12689
5 5986 5987 8406 12690
5 182 2441 6545 12691
5 5007 5000 6834 12692
5 7131 4366 7367 12693
5 3692 3690 4675 12694
5 5347 3000 8521 12695
5 3184 3183 7057 12696
5 3487 6717 7132 12697
5 5796 6748 7174 12698
5 1662 1668 7243 12699
5 6062 3721 6092 12700
5 8088 5007 8140 12701
5 7 5453 7541 12702
5 6491 247 6586 12703
5 5852 4531 8507 12704
5 1162 6139 7180 12705
5 2332 2330 6966 12706
5 5777 2957 7236 12707
5 4961 4387 7030 12708
5 6900 1362 7414 12709
5 2701 4272 6862 12710
5 5701 878 7737 12711
5 3253 2583 8244 12712
5 6408 5468 6453 12713
5 1503 6454 6536 12714
5 713 714 7348 12715
5 1885 14 6005 12716
5 2813 2567 2904 12717
5 2538 2537 3041 12718
5 3055 2904 3263 12719
5 877 5883 7500 12720
5 3427 7322 7740 12721
5 7167 6432 7366 12722
5 7590 7716 8086 12723
5 3926 2910 7148 12724
5 6785 6240 7301 12725
5 2081 2080 2082 12726
5 3742 4316 7508 12727
5 2788 2284 7037 12728
5 4058 7135 8381 12729
5 2312 7304 8408 12730
5 168 1433 6507 12731
5 6630 3838 6945 12732
5 15 5933 6005 12733
5 18 2030 6133 12734
5 6032 3228 7246 12735
5 3482 3480 7158 12736
5 1348 2295 6989 12737
5 3925 6233 6861 12738
5 2495 308 6506 12739
5 3678 3677 7221 12740
5 7177 3818 7321 12741
5 6823 10 7337 12742
5 1969 2020 7435 12743
5 2424 8180 8592 12744
5 256 2161 6557 12745
5 4667 4668 6847 12746
5 834 6190 7119 12747
5 6154 6155 7763 12748
5 5786 4963 6056 12749
5 1393 288 6612 12750
5 6184 6182 6338 12751
5 5349 6261 7982 12752
5 4252 4049 7317 12753
5 2613 1040 7044 12754
5 3995 3994 7270 12755
5 560 561 7557 12756
5 7583 5564 8519 12757
5 4308 7012 7370 12758
5 2599 2803 6815 12759
5 297 1394 6522 12760
5 3112 3713 6880 12761
5 2564 1921 6974 12762
5 1456 1465 7093 12763
5 1825 655 6539 12764
5 4770 4769 6848 12765
5 6645 5602 7529 12766
5 1453 228 6498 12767
5 1525 1202 8028 12768
5 1309 1307 7071 12769
5 5911 5910 7655 12770
5 4779 6757 8545 12771
5 505 1006 7595 12772
5 1446 207 6497 12773
5 6158 349 6610 12774
5 4992 4990 7049 12775
5 2345 128 6459 12776
5 6268 504 7595 12777
5 4178 4376 6818 12778
5 2704 2707 6835 12779
5 2441 183 6546 12780
5 1122 1120 7237 12781
5 3260 3922 7986 12782
5 1460 6075 8066 12783
5 5458 4190 8283 12784
5 1921 1543 6974 12785
5 6632 1598 7764 12786
5 227 1453 6567 12787
5 1262 557 7351 12788
5 4053 2684 6981 12789
5 2422 3050 7187 12790
5 4426 4008 7420 12791
5 3939 3392 7441 12792
5 3552 3919 6717 12793
5 3375 3373 3931 12794
5 2712 2577 6862 12795
5 2446 188 6488 12796
5 2011 2010 2537 12797
5 2909 2053 7185 12798
5 6429 6158 6430 12799
5 2707 4201 6835 12800
5 715 867 7951 12801
5 848 6182 6183 12802
5 3234 3236 7422 12803
5 965 2003 6922 12804
5 1042 2613 7300 12805
5 1104 142 6551 12806
5 3568 3567 7251 12807
5 1853 1854 7292 12808
5 3672 3671 7242 12809
5 846 6174 7122 12810
5 2353 397 7653 12811
5 4392 4390 8469 12812
5 6850 1122 7237 12813
5 2566 2027 6856 12814
5 2930 2913 3761 12815
5 1467 271 6573 12816
5 4675 3690 7149 12817
5 363 364 6833 12818
5 7288 4971 7491 12819
5 141 1104 6538 12820
5 2745 2743 7039 12821
5 2931 1899 6864 12822
5 7073 4870 7997 12823
5 4988 4986 7060 12824
5 5801 4284 7928 12825
5 3991 5283 7038 12826
5 1171 7598 8101 12827
5 3629 5125 8039 12828
5 6846 5669 7426 12829
5 270 1467 6572 12830
5 1697 1561 6868 12831
5 6811 3611 7154 12832
5 6233 1670 6861 12833
5 3713 3114 3998 12834
5 4325 4324 4534 12835
5 1467 7069 8426 12836
5 148 1503 6536 12837
5 111 2340 6516 12838
5 1536 1534 7305 12839
5 143 2464 6551 12840
5 3593 5287 8063 12841
5 2266 30 6301 12842
5 3401 3399 7064 12843
5 4048 1471 6978 12844
5 2741 2739 7048 12845
5 5304 7719 7777 12846
5 5735 5451 8532 12847
5 3451 3432 4253 12848
5 3475 2867 7141 12849
5 97 1113 6476 12850
5 6622 8325 8611 12851
5 248 1457 6586 12852
5 5706 2492 7790 12853
5 2464 144 6553 12854
5 5560 4184 6911 12855
5 145 1504 6553 12856
5 2424 6442 6887 12857
5 1116 6526 8284 12858
5 5588 2880 7937 12859
5 6769 3936 7479 12860
5 327 3681 6162 12861
5 1442 1444 7086 12862
5 7609 3971 8165 12863
5 3846 3845 7271 12864
5 2339 108 6447 12865
5 2575 2712 6851 12866
5 6895 3133 7178 12867
5 1346 1342 6931 12868
5 6888 2590 6889 12869
5 6866 6867 7033 12870
5 2458 140 6538 12871
5 1451 7093 7878 12872
5 3304 4284 4516 12873
5 25 941 6232 12874
5 6955 2252 8553 12875
5 5947 1208 7897 12876
5 656 2477 6539 12877
5 6536 6454 6537 12878
5 1511 133 6534 12879
5 3359 3627 3840 12880
5 5584 6875 8490 12881
5 3965 3967 7212 12882
5 1600 1571 6892 12883
5 2911 3362 7700 12884
5 843 6164 6165 12885
5 3041 3042 3617 12886
5 4540 5008 8293 12887
5 3220 6019 8613 12888
5 1390 1386 7116 12889
5 5767 4634 6887 12890
5 4256 6763 6764 12891
5 6546 184 6629 12892
5 2030 19 6160 12893
5 5131 3891 6932 12894
5 631 632 7472 12895
5 3083 5996 7230 12896
5 127 2345 6504 12897
5 2581 2701 6862 12898
5 4085 306 6608 12899
5 139 2458 6568 12900
5 2590 2264 6886 12901
5 4365 6078 7625 12902
5 1407 2660 7369 12903
5 2374 676 6517 12904
5 1207 5612 6999 12905
5 2211 2213 2595 12906
5 5749 7285 8479 12907
5 2593 2260 6888 12908
5 1904 2000 2661 12909
5 662 1843 6596 12910
5 2692 2694 7130 12911
5 2450 167 6507 12912
5 2929 2928 7473 12913
5 2000 2001 7262 12914
5 3843 3844 5507 12915
5 2360 383 7701 12916
5 3597 3654 7154 12917
5 6409 6411 6549 12918
5 687 688 2294 12919
5 2386 2872 3422 12920
5 2527 3420 3421 12921
5 85 1111 6481 12922
5 4240 6132 7416 12923
5 607 2483 7697 12924
5 2467 138 6568 12925
5 4476 7098 8098 12926
5 1534 6713 7305 12927
5 4186 3818 5230 12928
5 2930 3761 3833 12929
5 957 2174 8522 12930
5 4077 6116 6501 12931
5 1626 3439 6906 12932
5 3684 3682 4615 12933
5 5285 7190 7191 12934
5 3903 3902 7404 12935
5 3989 7187 7651 12936
5 6534 134 6587 12937
5 2258 2593 6874 12938
5 29 2266 6385 12939
5 137 2467 6585 12940
5 2661 2000 4343 12941
5 2194 2203 7884 12942
5 187 2446 6575 12943
5 596 1284 8335 12944
5 1697 6868 6912 12945
5 1510 136 6585 12946
5 2165 2536 6856 12947
5 2229 2231 2845 12948
5 6528 3207 6941 12949
5 896 5902 7618 12950
5 2525 2526 2527 12951
5 4441 3543 7215 12952
5 3671 3526 5820 12953
5 289 2470 6612 12954
5 2595 2213 2913 12955
5 2080 2078 2778 12956
5 3351 959 6766 12957
5 5013 5023 8313 12958
5 135 1510 6587 12959
5 2477 657 6590 12960
5 3714 5404 7253 12961
5 2472 296 6522 12962
5 2595 2913 2930 12963
5 2315 6289 6750 12964
5 1111 86 6482 12965
5 321 6446 6637 12966
5 3866 4342 8479 12967
5 2208 28 6385 12968
5 3209 3255 6941 12969
5 1142 1105 6962 12970
5 6993 4577 7136 12971
5 2481 661 6596 12972
5 1901 2566 6864 12973
5 2985 7150 8174 12974
5 2347 2572 6886 12975
5 4490 3545 7543 12976
5 3110 3104 7372 12977
5 2091 2095 8047 12978
5 4305 5338 6746 12979
5 2340 112 6519 12980
5 3560 3559 7266 12981
5 4070 6114 7353 12982
5 1243 6460 7094 12983
5 5832 4390 8278 12984
5 2262 2590 6888 12985
5 1040 1038 7044 12986
5 5965 2354 8030 12987
5 2376 126 6504 12988
5 1073 1071 7385 12989
5 4339 3555 4340 12990
5 5429 4067 6838 12991
5 1650 1652 7233 12992
5 6733 4814 8608 12993
5 1120 1184 7237 12994
5 1192 1395 7240 12995
5 3841 3842 3843 12996
5 3615 2846 7147 12997
5 2603 2151 6910 12998
5 2233 2235 2871 12999
5 2906 4588 7232 13000
5 1715 1363 7412 13001
5 6327 2469 6328 13002
5 748 749 7565 13003
5 2569 2146 6907 13004
5 1404 1420 7585 13005
5 2605 5807 8142 13006
5 334 335 7558 13007
5 3212 2835 7088 13008
5 2246 2502 2646 13009
5 2139 2604 6893 13010
5 1332 1323 6982 13011
5 1174 1146 7053 13012
5 7130 7131 7627 13013
5 2239 2241 2243 13014
5 1640 1643 6853 13015
5 3861 3859 4183 13016
5 1244 1236 7099 13017
5 3473 3474 6809 13018
5 4926 4923 7218 13019
5 2646 2906 3419 13020
5 1843 663 6562 13021
5 5191 5190 7348 13022
5 5003 7344 8249 13023
5 3525 3523 4691 13024
5 2351 96 6476 13025
5 660 2481 6617 13026
5 2311 7201 8082 13027
5 3048 7432 8340 13028
5 2616 6929 7063 13029
5 3845 3574 6742 13030
5 4692 4694 8349 13031
5 107 2339 6525 13032
5 3677 3675 4949 13033
5 5458 6719 7246 13034
5 2357 450 7325 13035
5 6745 6309 7625 13036
5 5838 6151 8433 13037
5 4191 4447 7374 13038
5 384 6373 7701 13039
5 1575 1599 6917 13040
5 7207 1516 8376 13041
5 1615 1616 7877 13042
5 6659 5228 7580 13043
5 1140 1083 7796 13044
5 658 973 6590 13045
5 3074 3073 7334 13046
5 2828 3598 7171 13047
5 5103 7643 8370 13048
5 4325 4534 5518 13049
5 2536 6719 8283 13050
5 3573 3571 4330 13051
5 309 1384 6506 13052
5 4166 3931 5175 13053
5 2470 290 6614 13054
5 5214 4396 7399 13055
5 2148 2603 6907 13056
5 4884 7250 8455 13057
5 5245 4580 8267 13058
5 7732 5390 7844 13059
5 5763 1423 8617 13060
5 125 2376 6554 13061
5 681 2265 6172 13062
5 2611 3212 8576 13063
5 33 2275 6478 13064
5 902 5792 8310 13065
5 1581 1598 6918 13066
5 3499 2969 7054 13067
5 354 355 7576 13068
5 1887 4406 4903 13069
5 3462 3588 3841 13070
5 4512 6084 7593 13071
5 5114 7247 8378 13072
5 6502 634 6561 13073
5 973 659 6617 13074
5 689 690 1195 13075
5 40 940 6463 13076
5 2154 2255 6910 13077
5 4374 5757 7659 13078
5 2416 204 7235 13079
5 1954 1993 6820 13080
5 344 1377 6540 13081
5 4180 6457 7690 13082
5 1569 1600 6916 13083
5 1538 1075 7546 13084
5 5757 6335 7659 13085
5 6206 3052 6826 13086
5 1559 1697 6904 13087
5 940 41 6598 13088
5 6091 4926 7218 13089
5 185 1438 6629 13090
5 4619 4617 7885 13091
5 2605 1567 6916 13092
5 166 2450 6597 13093
5 295 2472 6616 13094
5 5084 5081 8021 13095
5 6744 2591 7202 13096
5 2185 2188 6492 13097
5 2844 4324 4325 13098
5 6803 5584 8248 13099
5 4564 4048 7841 13100
5 1438 186 6575 13101
5 1631 1634 6883 13102
5 1960 2254 6842 13103
5 2548 7393 7758 13104
5 504 505 7595 13105
5 4559 3869 5367 13106
5 1747 124 6554 13107
5 3546 4152 8107 13108
5 2615 2131 6926 13109
5 6144 4237 7524 13110
5 4824 4828 7299 13111
5 6388 6889 6952 13112
5 6409 1241 6410 13113
5 3940 7552 8561 13114
5 6782 2375 7658 13115
5 3892 4683 4684 13116
5 2616 2126 6929 13117
5 841 6101 7256 13118
5 2002 1758 7393 13119
5 5512 6282 8153 13120
5 1258 560 7557 13121
5 5894 5896 7589 13122
5 7505 2805 8173 13123
5 5347 4690 8262 13124
5 1383 320 6637 13125
5 4503 4770 6909 13126
5 3555 3192 7176 13127
5 1972 1973 6844 13128
5 7322 3427 7857 13129
5 5585 3924 6934 13130
5 3584 4507 7846 13131
5 941 5978 7890 13132
5 1246 6 7541 13133
5 2133 2136 6926 13134
5 3623 2620 7463 13135
5 3729 3730 7587 13136
5 3902 3815 7944 13137
5 2152 2122 6935 13138
5 5794 5506 8604 13139
5 6380 2430 6381 13140
5 3737 3180 6960 13141
5 6715 3952 8451 13142
5 1587 1590 6927 13143
5 6572 1467 8426 13144
5 833 552 8330 13145
5 1952 1950 6992 13146
5 1234 1232 7095 13147
5 1935 2253 6831 13148
5 5631 5630 7914 13149
5 691 692 2166 13150
5 3665 2907 7560 13151
5 2128 2615 6929 13152
5 3362 3361 7142 13153
5 6207 1667 7620 13154
5 2103 5832 8278 13155
5 3046 3045 7316 13156
5 3178 3426 6960 13157
5 1565 2605 6921 13158
5 1449 199 7639 13159
5 4570 2802 8125 13160
5 4064 3787 6882 13161
5 4782 8506 8602 13162
5 1470 6333 7090 13163
5 3030 3028 7034 13164
5 5418 7487 8008 13165
5 2124 2616 6935 13166
5 1003 473 7953 13167
5 6519 113 6624 13168
5 4523 7307 8239 13169
5 4043 4323 6934 13170
5 2815 2657 7035 13171
5 3882 2439 7196 13172
5 4849 6197 6198 13173
5 561 6512 7557 13174
5 6993 3253 7600 13175
5 164 1431 6645 13176
5 1815 1813 7545 13177
5 2559 2207 7045 13178
5 474 2395 7953 13179
5 3433 4213 7755 13180
5 58 59 7652 13181
5 6226 5573 7771 13182
5 4747 4748 7815 13183
5 1966 1963 7023 13184
5 2511 1019 6984 13185
5 6778 6663 7880 13186
5 2350 84 6481 13187
5 1622 1626 6906 13188
5 6756 3972 7571 13189
5 123 1747 6584 13190
5 2189 2193 6524 13191
5 7338 5162 8119 13192
5 2380 106 6525 13193
5 4453 5831 8167 13194
5 95 2351 6574 13195
5 2990 2887 7056 13196
5 7165 4255 7717 13197
5 4329 6582 7267 13198
5 1411 7592 7778 13199
5 6972 5094 8350 13200
5 1461 241 7676 13201
5 6614 291 6675 13202
5 6366 2421 6367 13203
5 2119 2152 6938 13204
5 2591 6769 7479 13205
5 7083 6495 8050 13206
5 1958 1956 7027 13207
5 2617 2117 6938 13208
5 6160 20 6433 13209
5 7691 4166 7769 13210
5 1368 1350 6989 13211
5 1543 1787 6974 13212
5 4304 6096 8374 13213
5 1806 1887 6171 13214
5 1107 1142 7469 13215
5 6469 2400 7947 13216
5 4267 7493 8473 13217
5 4039 4040 5212 13218
5 1742 5819 7315 13219
5 3915 6466 8097 13220
5 3862 3864 8503 13221
5 1458 244 7523 13222
5 6098 4215 7962 13223
5 6482 87 6606 13224
5 199 200 7639 13225
5 7218 4922 8272 13226
5 3419 2906 3547 13227
5 329 2523 6657 13228
5 2284 2831 7037 13229
5 4803 6685 8051 13230
5 7110 1691 7367 13231
5 6984 1009 8369 13232
5 7087 5320 8164 13233
5 5579 5581 7456 13234
5 5244 5654 8484 13235
5 7188 6120 8299 13236
5 2476 8505 8564 13237
5 294 6616 6623 13238
5 1336 1301 6983 13239
5 3427 3125 7169 13240
5 371 997 8031 13241
5 6434 1468 7109 13242
5 6865 4438 7175 13243
5 6750 3811 6988 13244
5 1431 165 6597 13245
5 589 590 7561 13246
5 346 6159 7428 13247
5 6416 1825 6539 13248
5 7204 4161 7205 13249
5 4385 4382 7138 13250
5 5807 6916 8598 13251
5 3518 6185 6186 13252
5 1284 6147 7363 13253
5 2633 5766 8423 13254
5 1683 606 7697 13255
5 5773 7268 7502 13256
5 6529 4200 7871 13257
5 3183 3537 7057 13258
5 4482 7052 7495 13259
5 6579 1810 7568 13260
5 1792 101 6593 13261
5 2625 2113 6951 13262
5 146 147 7656 13263
5 6440 2474 7213 13264
5 1171 1043 8183 13265
5 4292 3482 7158 13266
5 4394 4385 7138 13267
5 4681 5544 8613 13268
5 1973 6715 8451 13269
5 2381 2082 2925 13270
5 4615 3682 7221 13271
5 697 698 1495 13272
5 3052 2775 7121 13273
5 2275 34 6489 13274
5 3258 3259 8093 13275
5 5863 5862 7629 13276
5 3269 3268 7609 13277
5 3077 3074 7334 13278
5 6473 1432 6643 13279
5 2115 2617 6951 13280
5 7388 5278 7496 13281
5 2175 24 6232 13282
5 1389 1309 7071 13283
5 3565 3563 4247 13284
5 2646 2502 2906 13285
5 4371 6136 6137 13286
5 6428 2456 6757 13287
5 1724 4255 7165 13288
5 6756 1786 7199 13289
5 5260 5259 8461 13290
5 938 1744 6957 13291
5 472 1003 8600 13292
5 2334 2804 6913 13293
5 88 1800 6606 13294
5 5791 5388 8213 13295
5 3048 6107 7432 13296
5 2661 4343 5528 13297
5 6871 4588 8463 13298
5 4516 4284 6485 13299
5 3996 4344 7402 13300
5 4835 6696 8483 13301
5 2003 963 7665 13302
5 4428 8106 8201 13303
5 664 2448 6562 13304
5 5701 7570 7619 13305
5 105 2380 6602 13306
5 5172 2056 7512 13307
5 3491 4182 7687 13308
5 1299 4278 6983 13309
5 1800 89 6607 13310
5 2675 2678 8468 13311
5 6723 5020 8383 13312
5 2392 94 6574 13313
5 5113 6785 7301 13314
5 2407 122 6584 13315
5 4399 7005 7667 13316
5 5407 6161 7389 13317
5 131 132 7673 13318
5 114 2341 6624 13319
5 675 2374 7289 13320
5 319 1383 6694 13321
5 3681 328 6657 13322
5 6454 6453 7842 13323
5 6704 4545 7788 13324
5 6106 7072 8266 13325
5 2110 2625 6959 13326
5 1632 1700 7921 13327
5 2606 6897 7336 13328
5 397 398 7653 13329
5 4284 3720 7928 13330
5 6765 6763 8188 13331
5 2313 39 6463 13332
5 4200 4593 7871 13333
5 5224 3991 7038 13334
5 1384 310 6639 13335
5 7267 5837 8135 13336
5 3656 2914 7402 13337
5 5890 6881 7637 13338
5 245 2428 7523 13339
5 4365 7625 8157 13340
5 2791 3476 7036 13341
5 3146 2108 6959 13342
5 6667 6074 6668 13343
5 1278 589 7561 13344
5 1321 2761 6982 13345
5 6593 102 6634 13346
5 5094 5834 7581 13347
5 4006 2782 7029 13348
5 5055 5053 7139 13349
5 7923 4717 8342 13350
5 1038 1052 7044 13351
5 2330 2606 6966 13352
5 3920 6508 6832 13353
5 6480 2419 7085 13354
5 42 2371 6598 13355
5 4879 8401 8584 13356
5 121 2407 6627 13357
5 2420 6436 6437 13358
5 2761 1319 7015 13359
5 1417 1421 7162 13360
5 4244 5571 7330 13361
5 6018 4365 8157 13362
5 3825 3270 8574 13363
5 2875 6432 7167 13364
5 632 2326 7472 13365
5 7101 3156 8033 13366
5 4171 5139 7618 13367
5 3338 3767 3853 13368
5 241 242 7676 13369
5 6559 4125 6953 13370
5 2523 330 6635 13371
5 7181 5633 8505 13372
5 200 6444 7639 13373
5 3045 2825 6752 13374
5 6414 1825 6415 13375
5 1791 104 6602 13376
5 6868 1563 6921 13377
5 7714 5103 7957 13378
5 2850 6083 8167 13379
5 7254 2536 8283 13380
5 4745 3530 7736 13381
5 1028 1053 7082 13382
5 5782 4244 7330 13383
5 6167 6395 8062 13384
5 3557 3345 3900 13385
5 1335 1291 7020 13386
5 4074 7866 8094 13387
5 4499 4501 7505 13388
5 4391 4392 7259 13389
5 2341 115 6646 13390
5 93 2392 6620 13391
5 2803 2501 6913 13392
5 5227 6986 8492 13393
5 2298 3282 7128 13394
5 5722 4191 7374 13395
5 1377 345 7428 13396
5 5740 7212 7867 13397
5 364 1 7046 13398
5 6359 4456 7602 13399
5 6607 90 6640 13400
5 4839 4499 7505 13401
5 2562 2035 7127 13402
5 639 1242 6711 13403
5 3218 3099 7146 13404
5 6196 3365 7677 13405
5 7809 6709 8306 13406
5 4577 5589 7136 13407
5 4184 4590 6911 13408
5 6671 3137 8234 13409
5 4360 5224 8198 13410
5 2317 2586 7425 13411
5 5418 5539 8333 13412
5 843 6162 6163 13413
5 3056 1765 8209 13414
5 673 990 6660 13415
5 5389 5791 8307 13416
5 6987 1257 8236 13417
5 6713 5631 7305 13418
5 120 6627 6628 13419
5 103 1791 6634 13420
5 6595 6593 6634 13421
5 83 2350 6605 13422
5 6432 5075 7366 13423
5 6892 1573 6917 13424
5 7563 6348 7818 13425
5 242 6448 7676 13426
5 2789 6963 7141 13427
5 1747 6556 6584 13428
5 1368 6989 6990 13429
5 5703 5744 8220 13430
5 3325 3323 7106 13431
5 3422 2872 3892 13432
5 5795 4705 7555 13433
5 6465 940 6598 13434
5 4662 4661 7397 13435
5 3024 3022 7124 13436
5 3070 3068 7120 13437
5 292 1392 6675 13438
5 3914 7717 8298 13439
5 4827 4820 8026 13440
5 4971 4972 7491 13441
5 2974 5940 7655 13442
5 6501 3698 6944 13443
5 6513 5747 8570 13444
5 1392 293 6623 13445
5 5506 3773 7514 13446
5 4689 5347 8521 13447
5 6942 4668 7956 13448
5 2035 2564 7127 13449
5 3365 6760 7677 13450
5 1279 6812 8537 13451
5 1307 6181 7071 13452
5 240 1461 7870 13453
5 2925 5786 7893 13454
5 5275 5280 7042 13455
5 7480 4486 8356 13456
5 1289 6242 7020 13457
5 272 273 7694 13458
5 5582 7819 8399 13459
5 1799 92 6620 13460
5 990 674 7289 13461
5 2607 2555 7024 13462
5 2754 2741 7048 13463
5 6533 2724 8526 13464
5 1739 1450 7878 13465
5 5683 5478 8489 13466
5 3028 3036 7034 13467
5 2462 5979 8237 13468
5 7093 5214 7878 13469
5 6791 2317 7425 13470
5 3020 3018 7137 13471
5 6688 7858 7875 13472
5 4622 4621 7723 13473
5 553 6727 8330 13474
5 1413 1415 7190 13475
5 2367 6471 8403 13476
5 2760 4976 8396 13477
5 116 2461 6646 13478
5 2664 2776 7179 13479
5 4908 6371 8572 13480
5 2918 3272 8250 13481
5 5105 5104 8096 13482
5 4039 3295 4040 13483
5 91 1799 6640 13484
5 4684 4685 5247 13485
5 5639 2250 8103 13486
5 4462 6314 7929 13487
5 4247 3563 7266 13488
5 6069 6579 7568 13489
5 6489 35 6619 13490
5 3032 3033 6954 13491
5 606 607 7697 13492
5 6844 5962 7675 13493
5 7568 2972 8176 13494
5 1742 7314 7887 13495
5 6879 1599 7959 13496
5 5778 2073 7916 13497
5 4680 6441 8212 13498
5 5589 5591 7136 13499
5 4468 5482 8071 13500
5 2810 3160 7215 13501
5 4332 7182 7909 13502
5 6505 1997 7849 13503
5 1053 1026 8459 13504
5 2743 2754 7039 13505
5 4330 3571 7251 13506
5 945 56 6656 13507
5 2986 3628 7220 13508
5 3224 3223 3225 13509
5 2835 2837 7088 13510
5 38 2313 6581 13511
5 4150 7021 7022 13512
5 1378 1371 7199 13513
5 3016 3014 7133 13514
5 5447 4293 8480 13515
5 50 51 7554 13516
5 1116 119 6628 13517
5 4023 4021 7535 13518
5 2993 3766 7584 13519
5 1509 1507 7144 13520
5 4949 3675 7242 13521
5 5623 7161 8609 13522
5 7509 5068 8401 13523
5 3494 3224 4681 13524
5 4593 6142 7871 13525
5 4674 4673 7534 13526
5 3051 2423 7061 13527
5 2461 117 6653 13528
5 4932 3798 7876 13529
5 383 384 7701 13530
5 4564 7841 8606 13531
5 6100 5396 8077 13532
5 4524 6789 7550 13533
5 2739 3136 7048 13534
5 695 696 1895 13535
5 2434 162 7529 13536
5 3093 8034 8534 13537
5 343 6540 6743 13538
5 4415 4412 8464 13539
5 4569 4575 7600 13540
5 2448 665 6654 13541
5 1799 6622 6640 13542
5 23 2175 6418 13543
5 6308 1432 8139 13544
5 591 2449 8591 13545
5 6541 1260 7058 13546
5 1109 1107 7469 13547
5 2627 4315 6770 13548
5 118 1116 6653 13549
5 7448 4939 8049 13550
5 2180 2597 7159 13551
5 3091 3199 7070 13552
5 4568 7600 8244 13553
5 55 945 6611 13554
5 3905 4187 8454 13555
5 2804 2332 6966 13556
5 3298 3296 7407 13557
5 2417 672 6660 13558
5 4488 5925 8195 13559
5 5479 4992 7049 13560
5 5933 942 6422 13561
5 268 269 7708 13562
5 900 765 8435 13563
5 2103 6787 7143 13564
5 6111 3841 7282 13565
5 7599 2660 7778 13566
5 4628 6247 8130 13567
5 7322 7321 7740 13568
5 6087 6716 7217 13569
5 1287 2624 8585 13570
5 2887 6051 7056 13571
5 7618 5902 8362 13572
5 7712 2186 7800 13573
5 6969 4937 7723 13574
5 1592 5782 8328 13575
5 2493 318 6694 13576
5 3891 5248 6932 13577
5 4387 4394 7030 13578
5 5551 5550 8573 13579
5 6812 595 8335 13580
5 1080 1084 7911 13581
5 3134 1343 7880 13582
5 5181 8031 8049 13583
5 3375 4166 7691 13584
5 1612 1593 7454 13585
5 5784 4947 8387 13586
5 6563 6248 7902 13587
5 311 2494 6639 13588
5 6167 4916 8552 13589
5 668 6686 6708 13590
5 6511 564 7749 13591
5 4751 4754 8113 13592
5 3549 5121 7194 13593
5 1829 5774 7306 13594
5 1146 6272 7053 13595
5 3640 3621 7648 13596
5 4994 4988 7060 13597
5 3995 6994 8151 13598
5 3323 3993 7106 13599
5 1649 1718 7309 13600
5 7877 1623 8363 13601
5 2544 638 6711 13602
5 6107 7134 7432 13603
5 4132 4130 7223 13604
5 3225 3469 3470 13605
5 3510 6731 7989 13606
5 4990 4994 7049 13607
5 4171 7618 8362 13608
5 3273 4327 7147 13609
5 4980 4996 8089 13610
5 6131 4670 8309 13611
5 317 2493 6695 13612
5 5394 6905 7394 13613
5 4986 5975 7060 13614
5 6459 1103 6688 13615
5 2083 2082 2381 13616
5 6933 2003 7665 13617
5 1852 1229 7392 13618
5 2494 312 6702 13619
5 163 6645 7529 13620
5 6945 1249 6946 13621
5 2170 2022 7406 13622
5 5746 4848 8164 13623
5 1602 1604 8546 13624
5 4143 4141 7226 13625
5 1963 6842 7023 13626
5 2757 2758 7148 13627
5 4282 4283 7417 13628
5 3188 4186 7176 13629
5 1113 98 7482 13630
5 6514 4482 7495 13631
5 2985 2721 7150 13632
5 1623 1618 7680 13633
5 5036 5034 7181 13634
5 7436 2845 7437 13635
5 6687 1841 8305 13636
5 6971 6070 8176 13637
5 3399 3764 7064 13638
5 2192 37 6581 13639
5 4895 6752 8300 13640
5 273 2420 7694 13641
5 3292 3290 7525 13642
5 954 5275 7042 13643
5 6586 1457 7188 13644
5 57 2378 6656 13645
5 6820 1993 6821 13646
5 4552 4553 7478 13647
5 5103 4955 7957 13648
5 3649 4444 7861 13649
5 1444 1738 7086 13650
5 4704 5655 8251 13651
5 6430 6158 6610 13652
5 2419 268 7708 13653
5 2406 82 6605 13654
5 1403 2158 7395 13655
5 1075 1073 7546 13656
5 671 2417 6682 13657
5 6568 2458 6569 13658
5 36 2192 6619 13659
5 6711 1242 6793 13660
5 2071 2299 6748 13661
5 21 2031 6433 13662
5 6378 2427 7377 13663
5 1637 2543 8276 13664
5 842 6158 6429 13665
5 2386 2384 2872 13666
5 4274 4276 8027 13667
5 669 2478 6686 13668
5 572 1257 8317 13669
5 2031 22 6418 13670
5 5253 3007 8443 13671
5 3625 2992 7848 13672
5 7307 4523 7682 13673
5 1495 698 5815 13674
5 765 4 8435 13675
5 7298 5593 8556 13676
5 3318 6618 7622 13677
5 6612 2470 6613 13678
5 1465 3464 7093 13679
5 2568 7165 7717 13680
5 2518 1999 7128 13681
5 5773 1877 7268 13682
5 6458 131 7673 13683
5 7250 4886 8079 13684
5 2434 6308 8139 13685
5 1361 356 6650 13686
5 3900 3345 7316 13687
5 1600 6892 7964 13688
5 3064 3060 7474 13689
5 2637 3273 7147 13690
5 1728 1714 7163 13691
5 1769 1760 7152 13692
5 1260 570 7912 13693
5 5024 5785 8237 13694
5 5304 4513 7684 13695
5 3172 6145 7352 13696
5 3777 3244 7443 13697
5 4152 6947 8107 13698
5 567 2492 7786 13699
5 2265 682 6543 13700
5 2382 2381 2582 13701
5 3198 3089 7156 13702
5 1356 1354 7284 13703
5 1481 1486 7349 13704
5 6142 883 7871 13705
5 652 2479 8020 13706
5 1668 7170 7243 13707
5 5800 4273 8358 13708
5 3471 3470 4371 13709
5 316 6695 6697 13710
5 2721 2856 7150 13711
5 3830 4050 4052 13712
5 6702 313 6703 13713
5 564 565 7749 13714
5 2789 2300 7828 13715
5 6079 4770 8428 13716
5 1386 1380 7208 13717
5 4538 5077 7856 13718
5 2657 2884 7035 13719
5 4396 7078 7399 13720
5 2207 2654 7045 13721
5 635 1238 6561 13722
5 6504 2345 7182 13723
5 2478 670 6682 13724
5 2066 7065 7993 13725
5 7150 2856 7151 13726
5 4497 4839 7613 13727
5 1956 6820 7027 13728
5 7134 5549 7432 13729
5 4183 3859 7271 13730
5 1504 146 7656 13731
5 4 766 8435 13732
5 3414 3401 7064 13733
5 1737 6472 7382 13734
5 2568 1719 7165 13735
5 4914 4915 7887 13736
5 4760 7245 8219 13737
5 666 972 6654 13738
5 6573 272 7694 13739
5 3977 7677 7968 13740
5 2472 6522 6523 13741
5 5317 5320 7516 13742
5 4449 4214 8416 13743
5 6866 4904 6867 13744
5 81 2406 6667 13745
5 6719 4211 7246 13746
5 7110 4328 7111 13747
5 6881 5890 7857 13748
5 6077 4252 7132 13749
5 147 6536 7656 13750
5 132 1511 7673 13751
5 7466 5471 7834 13752
5 972 667 6708 13753
5 4227 7179 7873 13754
5 6331 3789 7603 13755
5 1843 6562 6563 13756
5 2418 6484 8160 13757
5 5496 7634 8060 13758
5 2372 54 6611 13759
5 7154 3654 7155 13760
5 6859 4557 7055 13761
5 2771 1244 7099 13762
5 3117 6881 7169 13763
5 7690 5301 8368 13764
5 637 2544 6779 13765
5 4427 5829 8225 13766
5 565 1256 7749 13767
5 331 1376 6635 13768
5 4664 4667 6928 13769
5 6907 2603 7324 13770
5 2775 2908 7121 13771
5 269 6572 7708 13772
5 3827 5210 8208 13773
5 1236 1519 7099 13774
5 4882 4282 7417 13775
5 6210 835 7249 13776
5 1741 1390 7116 13777
5 6056 4963 8058 13778
5 3012 3937 6996 13779
5 4642 4313 5232 13780
5 4331 6089 7703 13781
5 5146 5740 7867 13782
5 1796 2525 7192 13783
5 4183 7271 7863 13784
5 5463 5462 7970 13785
5 4470 4472 7241 13786
5 6487 2352 8541 13787
5 3368 6405 8512 13788
5 1256 566 7786 13789
5 3970 3391 7540 13790
5 6516 2340 7279 13791
5 5942 4525 7779 13792
5 8325 5339 8611 13793
5 2368 6246 7338 13794
5 4238 4442 7753 13795
5 5744 7775 8220 13796
5 1232 6530 7095 13797
5 2009 1739 8618 13798
5 1598 1583 7764 13799
5 7715 5188 8319 13800
5 1519 1234 7095 13801
5 5727 1327 8274 13802
5 6336 844 7403 13803
5 7192 2525 8172 13804
5 6092 3721 6871 13805
5 3721 3286 6797 13806
5 5232 7648 8580 13807
5 1604 1606 8367 13808
5 3611 3597 7154 13809
5 1760 3462 7152 13810
5 5514 5807 8598 13811
5 3634 4175 7736 13812
5 4145 4143 7252 13813
5 6765 3578 8016 13814
5 4285 2176 7159 13815
5 4639 4124 7881 13816
5 3542 6389 7562 13817
5 6078 6745 7625 13818
5 5559 7440 8231 13819
5 2339 6447 7164 13820
5 1375 342 6743 13821
5 5381 5380 8033 13822
5 6564 4542 7691 13823
5 1798 1796 7192 13824
5 7114 5934 7950 13825
5 2694 3446 7130 13826
5 5716 891 8577 13827
5 566 567 7786 13828
5 1490 6928 7173 13829
5 1747 6554 6555 13830
5 2314 2789 7141 13831
5 3947 6969 8513 13832
5 4012 6782 7658 13833
5 4382 4384 7138 13834
5 2655 6091 7218 13835
5 6094 2224 7815 13836
5 5858 3805 8145 13837
5 1904 2661 7292 13838
5 3225 3470 3471 13839
5 4237 3336 7524 13840
5 4029 4027 7570 13841
5 4517 5980 8218 13842
5 2279 2094 8403 13843
5 5390 6896 7844 13844
5 3131 3129 7321 13845
5 6718 2756 8616 13846
5 5092 4559 7817 13847
5 6215 1018 7438 13848
5 2352 2172 8541 13849
5 4705 4707 7555 13850
5 1810 1812 7568 13851
5 5007 6834 7031 13852
5 4770 6848 8428 13853
5 3361 3927 7142 13854
5 8034 3093 8069 13855
5 1371 1370 7229 13856
5 2204 45 6701 13857
5 3784 4781 8474 13858
5 3809 4328 7110 13859
5 7314 1742 7315 13860
5 5978 5506 7514 13861
5 4519 3027 7124 13862
5 2758 7036 7148 13863
5 3845 7096 7271 13864
5 4670 6131 8112 13865
5 991 6346 7730 13866
5 2015 6844 7675 13867
5 4528 6933 7761 13868
5 7190 1419 7191 13869
5 1184 1118 8331 13870
5 7350 3377 8068 13871
5 6823 4587 7882 13872
5 4333 7100 7396 13873
5 1877 1879 7268 13874
5 7941 5281 8065 13875
5 6301 939 6830 13876
5 6919 3929 7700 13877
5 4537 7536 7615 13878
5 6748 2299 7174 13879
5 5815 1208 5947 13880
5 1398 1423 8217 13881
5 2995 2622 7171 13882
5 1193 1174 7053 13883
5 4292 7158 8122 13884
5 5887 4434 8092 13885
5 7473 4490 7543 13886
5 6536 6537 7656 13887
5 2569 6907 7766 13888
5 6920 2735 7476 13889
5 1993 1952 6992 13890
5 4677 4037 7526 13891
5 5592 4346 7988 13892
5 5881 879 7822 13893
5 5625 5977 8397 13894
5 4165 4053 7450 13895
5 1973 1966 7023 13896
5 1548 1550 8040 13897
5 3857 5407 7389 13898
5 5040 5036 7181 13899
5 6975 471 8600 13900
5 2913 2213 7220 13901
5 1593 1595 7454 13902
5 6231 833 7283 13903
5 4782 5976 8506 13904
5 4114 4112 7274 13905
5 1608 1607 8076 13906
5 2022 5687 7406 13907
5 2193 2565 6524 13908
5 6936 4427 8225 13909
5 3954 6853 7716 13910
5 1595 6795 7454 13911
5 7207 3465 7452 13912
5 4106 4103 7263 13913
5 53 2372 6672 13914
5 6309 6059 7625 13915
5 3222 3494 3495 13916
5 6134 1742 7887 13917
5 2254 1958 7027 13918
5 1999 2298 7128 13919
5 997 6342 7448 13920
5 1117 6669 7899 13921
5 5707 5284 8346 13922
5 5053 5056 7139 13923
5 4101 4099 7272 13924
5 4119 4117 7275 13925
5 5288 6294 8339 13926
5 5915 3970 7603 13927
5 1399 2869 7460 13928
5 1432 160 8139 13929
5 1238 636 6779 13930
5 2733 2747 7476 13931
5 2622 2828 7171 13932
5 1018 6257 7439 13933
5 4237 7477 7650 13934
5 2440 69 6724 13935
5 5391 7469 7808 13936
5 4168 6908 8215 13937
5 4716 6147 6872 13938
5 3681 6657 7018 13939
5 941 26 7889 13940
5 2846 2637 7147 13941
5 2910 2757 7148 13942
5 5008 8149 8293 13943
5 3391 4273 7540 13944
5 769 770 7836 13945
5 3638 2674 8468 13946
5 704 705 7869 13947
5 961 3351 7665 13948
5 4110 4108 7297 13949
5 2867 2314 7141 13950
5 3550 1193 7053 13951
5 7343 5293 7742 13952
5 6025 5356 7702 13953
5 2735 2733 7476 13954
5 1411 1410 7750 13955
5 358 1364 6767 13956
5 4268 4270 7980 13957
5 5212 4040 7360 13958
5 2966 6082 8218 13959
5 1599 1577 7959 13960
5 3161 2990 7056 13961
5 2883 2815 7035 13962
5 7611 4466 7905 13963
5 4169 6273 7629 13964
5 3033 3030 7034 13965
5 1591 1612 8477 13966
5 4025 4032 7619 13967
5 768 884 7840 13968
5 4478 4479 7754 13969
5 3261 7758 8324 13970
5 1841 1790 8305 13971
5 6748 5796 7556 13972
5 4395 6437 7617 13973
5 7081 4974 8536 13974
5 4832 7550 8110 13975
5 7375 6854 7995 13976
5 4495 4497 7613 13977
5 5712 5711 8184 13978
5 2884 2559 7045 13979
5 6669 2491 7899 13980
5 2211 2595 7262 13981
5 2585 6893 8147 13982
5 7142 3927 7143 13983
5 6650 357 6767 13984
5 7297 4116 7987 13985
5 6574 2351 7075 13986
5 7520 5318 8216 13987
5 4945 5705 8384 13988
5 6974 6738 8148 13989
5 7565 5638 8243 13990
5 8061 3825 8574 13991
5 7068 6830 7574 13992
5 6732 2909 8561 13993
5 46 2459 6701 13994
5 5993 4197 7705 13995
5 5586 5279 7804 13996
5 2270 2954 7788 13997
5 1364 359 6736 13998
5 251 2424 8592 13999
5 2162 2015 7675 14000
5 4624 4640 7984 14001
5 6051 3389 8166 14002
5 2341 6646 6968 14003
5 1523 1251 7291 14004
5 5497 6098 8003 14005
5 2471 71 6725 14006
5 7072 3863 8266 14007
5 1838 1809 7238 14008
5 3328 3325 7106 14009
5 2726 2766 8526 14010
5 6111 2526 8131 14011
5 2876 5821 8195 14012
5 5209 3829 8208 14013
5 3068 3247 7120 14014
5 701 6583 8001 14015
5 6576 811 8000 14016
5 1792 6593 6594 14017
5 6575 2446 7308 14018
5 2432 52 6672 14019
5 6089 2283 7703 14020
5 7625 6059 8157 14021
5 3156 6149 8033 14022
5 1421 2784 7162 14023
5 4501 6909 7505 14024
5 6505 4340 7865 14025
5 5420 6235 8119 14026
5 642 1239 8200 14027
5 4534 5528 8151 14028
5 68 2440 6680 14029
5 6725 72 6776 14030
5 1507 2635 7144 14031
5 2564 6974 8148 14032
5 4235 6890 7313 14033
5 4474 4151 7584 14034
5 3977 6196 7677 14035
5 3432 3409 7390 14036
5 4472 6224 7241 14037
5 6907 7324 7766 14038
5 5034 5633 7181 14039
5 2672 3637 7632 14040
5 3752 5123 8275 14041
5 4861 7702 8450 14042
5 1052 1036 7787 14043
5 2461 6653 7356 14044
5 3958 6955 7977 14045
5 7510 5339 8325 14046
5 3646 3953 7287 14047
5 4555 6002 8268 14048
5 6695 2493 6696 14049
5 6652 746 8006 14050
5 3543 2810 7215 14051
5 6478 2275 6479 14052
5 6249 2373 7311 14053
5 6493 1267 7416 14054
5 70 2471 6724 14055
5 206 1446 8100 14056
5 6705 4276 7686 14057
5 2992 6647 7489 14058
5 893 5874 7900 14059
5 1489 5887 8092 14060
5 161 2434 8139 14061
5 27 2208 7889 14062
5 8044 5105 8096 14063
5 2800 1225 6999 14064
5 5090 5091 8143 14065
5 7603 3970 8152 14066
5 1881 1883 7296 14067
5 885 5916 7885 14068
5 7803 7022 8255 14069
5 6600 2204 7742 14070
5 5537 6492 7517 14071
5 1786 1378 7199 14072
5 8072 5411 8238 14073
5 1800 6607 7293 14074
5 1457 249 7991 14075
5 1354 1352 7591 14076
5 7815 4748 8338 14077
5 1618 1620 7680 14078
5 4663 7172 7287 14079
5 6996 3937 6997 14080
5 4380 3549 7194 14081
5 3085 3082 8120 14082
5 2604 2142 8402 14083
5 6895 7353 7711 14084
5 1419 1417 7162 14085
5 4586 4227 7873 14086
5 7782 3992 7970 14087
5 4160 7285 7386 14088
5 1376 332 6739 14089
5 4536 6008 8232 14090
5 314 1382 6703 14091
5 4582 6090 8267 14092
5 2504 2506 8462 14093
5 6816 5671 7538 14094
5 3143 3368 7409 14095
5 1382 315 6697 14096
5 5256 3951 7628 14097
5 1395 4378 7240 14098
5 2459 47 6721 14099
5 6082 4517 8218 14100
5 1799 6620 6621 14101
5 4898 3652 7370 14102
5 341 1375 6845 14103
5 7413 4800 8191 14104
5 6931 4221 7345 14105
5 6120 4637 8299 14106
5 3897 4399 7666 14107
5 1017 6217 7536 14108
5 1678 3320 7295 14109
5 3547 7211 7807 14110
5 26 27 7889 14111
5 972 6708 7140 14112
5 5390 3763 7725 14113
5 7105 2697 8005 14114
5 6600 2371 8053 14115
5 4484 2883 7035 14116
5 5142 5143 8341 14117
5 5058 5055 7937 14118
5 6921 2605 8142 14119
5 6817 3172 7352 14120
5 6157 4802 8166 14121
5 6463 940 6464 14122
5 6211 6210 7249 14123
5 1415 1419 7190 14124
5 3656 7402 7792 14125
5 3018 3037 7137 14126
5 239 240 7870 14127
5 4463 6425 8471 14128
5 355 1361 7576 14129
5 6453 5468 7842 14130
5 3523 3298 7407 14131
5 5917 5441 8445 14132
5 77 78 7899 14133
5 2202 2200 7126 14134
5 5555 6858 7632 14135
5 6073 4000 7224 14136
5 3272 5948 7294 14137
5 1380 1786 7208 14138
5 3022 3356 7124 14139
5 3613 3802 7248 14140
5 75 6772 6774 14141
5 6873 4449 8416 14142
5 4960 4403 8015 14143
5 360 2521 6736 14144
5 5760 4353 7598 14145
5 4189 3532 7829 14146
5 4956 7006 7453 14147
5 5354 6590 8520 14148
5 4084 4082 7332 14149
5 4273 5666 8358 14150
5 48 946 6721 14151
5 6980 2355 7748 14152
5 6390 4470 7241 14153
5 5022 5062 7302 14154
5 7217 239 7870 14155
5 4196 4194 7806 14156
5 4707 7040 7555 14157
5 2295 1347 7752 14158
5 7841 3455 8606 14159
5 6655 3161 7056 14160
5 4007 8127 8498 14161
5 3114 3110 7372 14162
5 4134 4132 7635 14163
5 6216 5741 8030 14164
5 4784 3855 7705 14165
5 6449 5428 8460 14166
5 5345 5207 8074 14167
5 5581 5696 8258 14168
5 3538 4258 7906 14169
5 3957 7055 8013 14170
5 1249 6945 7612 14171
5 7242 5639 8103 14172
5 4670 7091 7744 14173
5 726 727 7952 14174
5 1242 640 7915 14175
5 5838 4475 7668 14176
5 3368 5272 7409 14177
5 76 2491 6772 14178
5 4998 5007 8088 14179
5 4324 1853 7292 14180
5 6905 3520 7394 14181
5 2282 7455 8549 14182
5 1889 6796 7886 14183
5 683 2293 6543 14184
5 6147 4716 7363 14185
5 6864 2566 7381 14186
5 6311 2388 7344 14187
5 4685 6057 7331 14188
5 4607 4605 8111 14189
5 2698 1030 7082 14190
5 4860 7597 8449 14191
5 2365 6275 7537 14192
5 787 890 8279 14193
5 7147 4327 8189 14194
5 3588 1759 7163 14195
5 1257 6412 8236 14196
5 5137 6238 8601 14197
5 2174 1143 7649 14198
5 7797 5222 8186 14199
5 4598 4882 8525 14200
5 6884 1115 7794 14201
5 1058 6873 8416 14202
5 1370 1717 7229 14203
5 5333 6784 8025 14204
5 6020 4679 8128 14205
5 4870 7073 8429 14206
5 7402 4344 7792 14207
5 1411 7750 8360 14208
5 3628 3001 7380 14209
5 6260 1017 7536 14210
5 7015 6280 8115 14211
5 5264 5267 7994 14212
5 1352 1368 7591 14213
5 6040 7167 7366 14214
5 3236 3359 7422 14215
5 7302 5062 7400 14216
5 7689 4639 7881 14217
5 4212 7043 7350 14218
5 3530 3634 7736 14219
5 2690 2692 7627 14220
5 2031 6418 6419 14221
5 2569 6790 8402 14222
5 4390 4389 8278 14223
5 7552 6732 8561 14224
5 2318 2316 8496 14225
5 2020 2229 7435 14226
5 6759 3476 8275 14227
5 3766 5546 8292 14228
5 4406 1805 7192 14229
5 73 1112 6776 14230
5 6843 2745 7718 14231
5 2204 6600 8053 14232
5 1518 1874 7467 14233
5 3590 4670 7744 14234
5 3948 5704 7624 14235
5 2056 5778 7859 14236
5 3073 3070 7120 14237
5 776 777 7966 14238
5 3027 3024 7124 14239
5 2453 3542 7843 14240
5 1112 74 6774 14241
5 1073 7385 7546 14242
5 4093 4091 7339 14243
5 812 902 8000 14244
5 899 830 8001 14245
5 5859 5858 8145 14246
5 4253 7006 7713 14247
5 2237 7062 8185 14248
5 5196 6268 7595 14249
5 6751 5005 7831 14250
5 4166 5569 7769 14251
5 785 786 8059 14252
5 5047 6369 7283 14253
5 2797 5942 7779 14254
5 8223 5165 8477 14255
5 100 1792 7920 14256
5 6806 4745 7539 14257
5 3052 7121 7662 14258
5 6763 6762 7447 14259
5 4917 6167 8062 14260
5 6441 1454 8212 14261
5 747 901 8006 14262
5 7420 5716 8577 14263
5 2521 361 6798 14264
5 2761 7015 8115 14265
5 7393 4541 7758 14266
5 1674 1831 7780 14267
5 338 6846 7426 14268
5 6466 5234 8097 14269
5 4164 4165 7604 14270
5 4589 4164 7604 14271
5 1676 1678 7295 14272
5 3728 7206 7457 14273
5 4596 5531 7814 14274
5 5805 4964 8034 14275
5 6945 4958 7612 14276
5 2654 2162 7675 14277
5 2373 6269 7311 14278
5 7721 5256 7930 14279
5 2144 2569 8402 14280
5 3356 3020 7137 14281
5 4426 7420 8577 14282
5 2954 6704 7788 14283
5 3014 6996 7133 14284
5 1365 353 7972 14285
5 2378 58 7652 14286
5 4556 4549 7734 14287
5 5228 6544 8308 14288
5 1382 6697 6698 14289
5 3484 7594 7760 14290
5 3944 5500 7813 14291
5 6841 1263 7727 14292
5 4089 4087 7364 14293
5 60 2379 6794 14294
5 6250 6249 7311 14295
5 6857 5208 7955 14296
5 6899 4239 7214 14297
5 2829 3901 8430 14298
5 4732 4729 8048 14299
5 6057 6056 7331 14300
5 4037 6642 7526 14301
5 5373 7935 8254 14302
5 3037 3016 7133 14303
5 6152 1495 7582 14304
5 7423 3902 7944 14305
5 2274 2272 7327 14306
5 5544 4061 7945 14307
5 6427 2488 7493 14308
5 879 7219 7822 14309
5 99 100 7920 14310
5 2529 2532 7329 14311
5 473 474 7953 14312
5 5622 5217 8297 14313
5 1692 1711 7421 14314
5 6323 4784 7709 14315
5 4413 6615 8336 14316
5 3927 3926 7424 14317
5 3694 3692 7362 14318
5 6219 1647 7309 14319
5 6018 8157 8493 14320
5 4523 4522 7682 14321
5 7634 4263 8060 14322
5 6626 3638 8468 14323
5 2594 7186 7396 14324
5 1620 6906 7680 14325
5 6474 1439 7544 14326
5 6488 5481 8494 14327
5 5250 4685 7331 14328
5 4864 6703 7728 14329
5 7411 6532 8595 14330
5 7131 7367 7864 14331
5 942 6133 7277 14332
5 1686 7111 7783 14333
5 3212 6578 8576 14334
5 1656 8525 8594 14335
5 6790 2604 8402 14336
5 1647 1649 7309 14337
5 5380 7101 8033 14338
5 4709 4712 7638 14339
5 3531 6770 8051 14340
5 6362 4623 7357 14341
5 6611 945 6676 14342
5 6369 6231 7283 14343
5 6499 3540 7533 14344
5 2301 6828 8025 14345
5 6050 5536 8588 14346
5 1889 1509 7144 14347
5 2465 67 6680 14348
5 963 961 7665 14349
5 1231 5619 8415 14350
5 2963 2690 7627 14351
5 1251 2800 7291 14352
5 5774 5773 7502 14353
5 4344 6633 7792 14354
5 7198 3856 8595 14355
5 4243 3948 7624 14356
5 3160 3647 7215 14357
5 6247 4610 8130 14358
5 2526 1795 8131 14359
5 4862 5865 8353 14360
5 4140 4608 8569 14361
5 6786 6311 7344 14362
5 6083 4453 8167 14363
5 570 571 7912 14364
5 3409 3556 7390 14365
5 4615 7221 7304 14366
5 4466 4094 8044 14367
5 7050 5447 8480 14368
5 333 2522 6739 14369
5 2265 6543 6544 14370
5 7022 4579 8255 14371
5 2670 2672 7632 14372
5 335 336 7942 14373
5 6733 6310 7578 14374
5 3492 3491 7687 14375
5 1763 1860 7358 14376
5 6310 2129 7578 14377
5 2524 340 6845 14378
5 362 1360 6798 14379
5 7285 5749 7386 14380
5 4014 4012 7658 14381
5 7213 4755 8054 14382
5 1864 7358 7359 14383
5 7054 4596 7814 14384
5 640 641 7915 14385
5 1369 1356 7284 14386
5 845 6327 7401 14387
5 4731 4732 8018 14388
5 339 2524 6846 14389
5 6532 7198 8595 14390
5 2467 7125 8177 14391
5 5711 1753 8297 14392
5 6531 5467 7466 14393
5 3999 5216 7224 14394
5 7658 6055 8320 14395
5 1585 6927 7764 14396
5 758 759 8081 14397
5 7726 4530 8304 14398
5 3615 7147 8189 14399
5 1077 1538 8472 14400
5 6741 991 7730 14401
5 4682 4681 8613 14402
5 7202 2591 7479 14403
5 1831 1676 7295 14404
5 4522 7318 7383 14405
5 1771 7305 7914 14406
5 7961 4543 8558 14407
5 1486 3376 7349 14408
5 4343 2000 7262 14409
5 2158 1405 7369 14410
5 4857 5241 8291 14411
5 1809 6171 7238 14412
5 2355 6215 7748 14413
5 7040 4709 7638 14414
5 1793 1769 7152 14415
5 6092 2247 7360 14416
5 1715 6056 8058 14417
5 2018 6391 7317 14418
5 6858 2670 7632 14419
5 6163 7657 7756 14420
5 6285 1280 7387 14421
5 7225 1338 8143 14422
5 5471 6408 7834 14423
5 5238 6731 8583 14424
5 5821 4488 8195 14425
5 7372 3102 8194 14426
5 4915 3150 7999 14427
5 7021 4121 7228 14428
5 3284 6131 8309 14429
5 4430 4441 7384 14430
5 2025 7276 8273 14431
5 6527 7356 8284 14432
5 4076 5982 8004 14433
5 7768 6544 8007 14434
5 6084 3599 7593 14435
5 6891 2443 7776 14436
5 6602 6020 8128 14437
5 3101 3382 8194 14438
5 2175 6232 7498 14439
5 6520 1393 7518 14440
5 1759 1728 7163 14441
5 7271 7096 7863 14442
5 832 6166 8091 14443
5 7116 1386 7208 14444
5 1196 694 6220 14445
5 4530 2995 7679 14446
5 7775 3623 8220 14447
5 353 354 7972 14448
5 59 6794 7652 14449
5 1583 1585 7764 14450
5 4520 5564 7318 14451
5 2449 6402 7451 14452
5 7022 7021 7228 14453
5 2590 6886 7980 14454
5 7235 205 8100 14455
5 2884 7045 7480 14456
5 2371 43 8053 14457
5 8020 2479 8419 14458
5 4000 3999 7224 14459
5 7199 1371 7229 14460
5 5123 6759 8275 14461
5 2159 7803 8255 14462
5 1521 1889 7886 14463
5 7547 5636 7830 14464
5 5953 2311 8082 14465
5 6364 4863 8353 14466
5 7024 3954 7590 14467
5 6578 2539 8576 14468
5 5832 1525 8469 14469
5 3547 2906 7232 14470
5 6667 6668 8118 14471
5 2616 7063 7802 14472
5 7468 3261 8324 14473
5 4428 3433 7755 14474
5 370 371 8031 14475
5 6735 3907 8454 14476
5 6701 2459 7343 14477
5 6164 6985 8144 14478
5 5056 5051 8238 14479
5 1879 2016 7268 14480
5 7275 4123 7276 14481
5 1805 1798 7192 14482
5 651 652 8020 14483
5 2293 684 6712 14484
5 2379 61 6849 14485
5 6069 7568 8176 14486
5 6316 6317 7620 14487
5 3836 6099 7872 14488
5 3727 6018 7837 14489
5 2005 2626 7812 14490
5 6673 5022 7302 14491
5 2300 2301 7828 14492
5 4130 4150 7223 14493
5 4232 7570 7737 14494
5 7004 837 7874 14495
5 7964 5514 8598 14496
5 3953 4663 7287 14497
5 6685 4803 8365 14498
5 4562 5429 7774 14499
5 3297 7253 8413 14500
5 5272 6961 7465 14501
5 7920 1792 8202 14502
5 2523 6635 7497 14503
5 4141 4147 7226 14504
5 6576 902 8310 14505
5 7263 4104 7264 14506
5 3331 4856 8079 14507
5 7195 955 8522 14508
5 51 2432 7554 14509
5 4454 6083 8565 14510
5 6260 7536 8262 14511
5 3601 3340 7744 14512
5 3167 3497 8368 14513
5 43 44 8053 14514
5 6494 1271 7581 14515
5 4332 6688 7875 14516
5 3363 4628 8130 14517
5 1579 6918 7959 14518
5 1709 1721 7411 14519
5 7462 4138 7853 14520
5 3901 6278 7571 14521
5 6772 2491 6773 14522
5 7159 2597 7907 14523
5 4358 4357 8274 14524
5 6261 834 7982 14525
5 7276 4591 8273 14526
5 2925 2082 8099 14527
5 1883 2809 7296 14528
5 2439 3301 7196 14529
5 5799 2633 8423 14530
5 3730 3430 8159 14531
5 7858 4837 7875 14532
5 3407 3405 8527 14533
5 6776 1112 7542 14534
5 5187 5683 8489 14535
5 2419 7708 8438 14536
5 2198 2202 8150 14537
5 6217 2357 7615 14538
5 2400 6259 7947 14539
5 7592 5168 7778 14540
5 6337 3077 7335 14541
5 3001 3004 7380 14542
5 6317 2401 7826 14543
5 3607 3807 8046 14544
5 2869 1401 7395 14545
5 44 2204 8053 14546
5 6761 6072 7647 14547
5 5364 3656 7792 14548
5 7269 3559 8587 14549
5 1697 6912 7799 14550
5 4457 5559 8231 14551
5 5509 6028 8029 14552
5 6587 1510 7405 14553
5 4728 8116 8199 14554
5 3721 6797 6871 14555
5 2397 6707 7825 14556
5 2827 3885 7485 14557
5 66 2465 6807 14558
5 3664 6671 8234 14559
5 5947 4311 7582 14560
5 6063 3618 8517 14561
5 4714 7066 7931 14562
5 1025 6449 8460 14563
5 1405 1407 7369 14564
5 3077 7334 7335 14565
5 4308 3420 8141 14566
5 1007 6229 7605 14567
5 1194 1214 8375 14568
5 2692 7130 7627 14569
5 7491 4972 7521 14570
5 3647 3646 7287 14571
5 1409 1411 7778 14572
5 249 250 7991 14573
5 2480 6361 7503 14574
5 5638 4619 8243 14575
5 7431 651 8020 14576
5 3717 7647 8541 14577
5 7152 6111 8131 14578
5 4121 5211 7228 14579
5 6830 4584 7067 14580
5 892 5864 8450 14581
5 4326 4064 7770 14582
5 1 3221 3222 14583
5 6461 6533 8526 14584
5 3841 3843 7282 14585
5 4285 7159 7907 14586
5 6648 2518 8156 14587
5 4812 6718 8616 14588
5 4863 4862 8353 14589
5 6137 2658 8222 14590
5 2016 1881 7296 14591
5 1707 1709 7411 14592
5 4618 5924 8359 14593
5 4442 4145 7252 14594
5 7316 5637 8470 14595
5 6828 5334 8025 14596
5 80 6667 8118 14597
5 6298 6297 7883 14598
5 2522 334 7558 14599
5 8338 6940 8517 14600
5 5902 5899 8362 14601
5 4834 3553 7868 14602
5 4336 6323 7903 14603
5 3295 3292 7525 14604
5 5961 6794 7588 14605
5 6484 4735 8160 14606
5 6668 1117 8118 14607
5 6678 4835 8483 14608
5 5062 5061 7774 14609
5 1268 6396 7631 14610
5 2764 2520 8371 14611
5 1450 1451 7878 14612
5 2058 2055 7442 14613
5 1685 1692 7421 14614
5 1115 6808 7794 14615
5 3476 3219 8275 14616
5 4406 7192 8172 14617
5 62 2534 6849 14618
5 4253 3432 7390 14619
5 7179 2776 7873 14620
5 2465 6680 6896 14621
5 3818 3131 7321 14622
5 6090 2888 8267 14623
5 4686 6045 7848 14624
5 3919 6832 8373 14625
5 6094 7815 8338 14626
5 205 206 8100 14627
5 6877 3990 7651 14628
5 1347 3134 7752 14629
5 3304 4516 7329 14630
5 6176 845 7408 14631
5 4635 4632 7781 14632
5 2668 7302 7400 14633
5 1213 3550 7392 14634
5 6976 6285 7387 14635
5 3664 3143 7409 14636
5 5987 7818 8406 14637
5 5211 4119 7275 14638
5 6445 6165 8144 14639
5 4822 7299 8026 14640
5 2869 7388 7460 14641
5 5796 4753 8187 14642
5 6389 3623 7775 14643
5 4260 3777 7895 14644
5 2785 8088 8140 14645
5 1410 1413 7750 14646
5 7339 4149 7340 14647
5 2570 2058 7442 14648
5 7112 2431 8547 14649
5 4255 4256 8298 14650
5 3373 3371 7449 14651
5 7512 2056 7859 14652
5 5246 6716 7946 14653
5 5455 5456 7897 14654
5 4123 4114 7274 14655
5 7805 7297 7987 14656
5 4867 4865 8420 14657
5 6878 5345 8074 14658
5 79 80 8118 14659
5 2361 483 7810 14660
5 5181 7077 8031 14661
5 1515 1802 8533 14662
5 160 161 8139 14663
5 78 1117 7899 14664
5 2995 7171 7679 14665
5 4117 4123 7275 14666
5 7227 2159 8057 14667
5 6917 1599 7499 14668
5 4522 4520 7318 14669
5 1229 1213 7392 14670
5 6908 6066 8299 14671
5 7012 4308 8518 14672
5 3247 3066 7939 14673
5 3870 3495 3871 14674
5 2603 6910 8027 14675
5 4112 4139 7274 14676
5 6398 1268 7631 14677
5 8156 2518 8439 14678
5 1846 1838 7238 14679
5 2073 7077 7746 14680
5 1776 1778 7447 14681
5 3129 3127 7740 14682
5 3761 4914 7314 14683
5 4108 4116 7297 14684
5 3978 7333 7976 14685
5 4116 4106 7263 14686
5 6510 6984 8369 14687
5 4147 4134 7635 14688
5 3659 4481 8296 14689
5 7373 880 8178 14690
5 4593 4232 8011 14691
5 3499 7054 7814 14692
5 7364 4148 7365 14693
5 6886 4268 7980 14694
5 4099 4136 7272 14695
5 6627 2407 7484 14696
5 4103 4104 7263 14697
5 4139 4110 7297 14698
5 7694 2420 8607 14699
5 1374 337 7426 14700
5 1780 1782 7430 14701
5 3421 4308 7370 14702
5 6663 3883 7795 14703
5 7001 1672 7780 14704
5 5334 5333 8025 14705
5 4187 6693 8056 14706
5 2272 5415 7327 14707
5 3760 4543 7729 14708
5 2073 7746 7916 14709
5 2049 7286 8572 14710
5 1375 6743 7341 14711
5 1337 6778 7880 14712
5 5161 6016 8334 14713
5 4442 7303 7753 14714
5 2584 2918 8250 14715
5 7417 4763 7975 14716
5 3195 3338 7564 14717
5 3221 3223 3224 14718
5 2491 77 7899 14719
5 4104 4101 7272 14720
5 6314 6313 7929 14721
5 5599 7372 8194 14722
5 3700 4877 8109 14723
5 2072 5988 8227 14724
5 1209 6823 7882 14725
5 7123 3492 7616 14726
5 7035 2884 8356 14727
5 2469 6435 7461 14728
5 6318 1683 7664 14729
5 697 1495 6150 14730
5 2803 6913 7550 14731
5 4833 6621 8257 14732
5 4696 6678 7971 14733
5 4648 7503 8314 14734
5 7843 3542 8221 14735
5 6834 5002 7699 14736
5 685 1197 6712 14737
5 2010 1523 7291 14738
5 2534 63 6884 14739
5 1643 6219 7716 14740
5 1714 1521 7886 14741
5 7438 1018 7439 14742
5 6998 839 8446 14743
5 6787 2103 8278 14744
5 1394 6439 7611 14745
5 3153 6547 7515 14746
5 5570 6827 7166 14747
5 4349 6569 7607 14748
5 6235 2368 8119 14749
5 6338 1460 8066 14750
5 1117 79 8118 14751
5 4485 6157 8166 14752
5 3833 3761 7314 14753
5 6180 4085 7597 14754
5 4432 4430 7384 14755
5 7066 2696 7931 14756
5 5843 3301 8458 14757
5 5821 2876 8499 14758
5 2364 6250 7978 14759
5 6552 6553 7809 14760
5 5277 5281 7941 14761
5 2755 7496 8318 14762
5 1115 65 6807 14763
5 2539 2168 8576 14764
5 693 1196 6691 14765
5 6331 7603 8152 14766
5 6284 2359 7771 14767
5 1761 1864 7767 14768
5 4486 7480 8123 14769
5 6703 1382 7728 14770
5 4873 6687 8305 14771
5 7700 3362 8282 14772
5 7261 5253 8443 14773
5 4136 4097 7948 14774
5 6332 1470 7704 14775
5 6770 4315 8051 14776
5 4565 5919 8221 14777
5 6060 5879 8165 14778
5 6825 5178 7833 14779
5 5143 7950 8341 14780
5 4688 4364 7784 14781
5 5122 6969 7724 14782
5 5237 5238 8583 14783
5 4839 7601 7613 14784
5 3263 3444 7452 14785
5 6859 6265 8205 14786
5 3215 6825 7833 14787
5 7859 5778 7916 14788
5 4506 7085 8438 14789
5 2062 2060 7855 14790
5 3291 6956 8290 14791
5 3994 3833 7315 14792
5 3805 6003 8145 14793
5 6110 3277 7413 14794
5 5938 3882 8210 14795
5 6955 5164 7977 14796
5 1864 1763 7358 14797
5 5046 5045 8072 14798
5 1488 1518 7467 14799
5 6321 4171 8362 14800
5 6276 5775 7872 14801
5 5219 6227 8605 14802
5 6767 1364 6768 14803
5 6585 2467 8177 14804
5 6475 2487 7621 14805
5 6853 1643 7716 14806
5 7482 99 7920 14807
5 7025 5718 7805 14808
5 6429 4911 8466 14809
5 4765 6808 7933 14810
5 4271 6851 8230 14811
5 4541 6661 7758 14812
5 3802 4693 7248 14813
5 1401 1403 7395 14814
5 695 1895 6220 14815
5 6487 4217 7726 14816
5 835 6192 8280 14817
5 6642 5328 7526 14818
5 2078 2076 7556 14819
5 5444 6921 8142 14820
5 3316 6751 7831 14821
5 6752 2601 8300 14822
5 1406 7585 8420 14823
5 1115 6807 6808 14824
5 64 1115 6884 14825
5 641 642 8200 14826
5 851 6179 7614 14827
5 4781 7768 8007 14828
5 3424 6451 8609 14829
5 6675 1392 7567 14830
5 7925 3383 8447 14831
5 1755 1761 7767 14832
5 2481 6596 7596 14833
5 6855 1707 7411 14834
5 4784 7705 8178 14835
5 2338 6331 8152 14836
5 4479 6753 7754 14837
5 1778 2038 7447 14838
5 7092 4263 7634 14839
5 6227 2363 8605 14840
5 3340 3590 7744 14841
5 3277 6200 7413 14842
5 7705 4197 8178 14843
5 7904 7343 8126 14844
5 1782 2844 7430 14845
5 7461 4607 7462 14846
5 1397 1399 7460 14847
5 1202 1204 8028 14848
5 3066 3064 7939 14849
5 6784 2301 8025 14850
5 1667 6316 7620 14851
5 1083 1079 7796 14852
5 2070 2072 7444 14853
5 6197 849 7733 14854
5 6910 4274 8027 14855
5 1358 1369 7414 14856
5 3356 7137 7583 14857
5 4668 4788 7956 14858
5 1389 7071 8553 14859
5 4718 7923 7927 14860
5 6022 5495 8337 14861
5 1032 2698 8158 14862
5 7214 4238 7753 14863
5 8004 4398 8080 14864
5 3798 3988 7876 14865
5 4082 5234 7332 14866
5 3256 7103 7650 14867
5 6961 5271 8010 14868
5 5546 7281 8292 14869
5 4378 1397 7460 14870
5 3476 6759 8036 14871
5 4148 4084 7332 14872
5 902 6576 8000 14873
5 6583 899 8001 14874
5 4398 6204 8080 14875
5 7211 3547 8315 14876
5 7367 6214 7864 14877
5 5982 7543 8004 14878
5 4947 3694 7362 14879
5 6294 2387 8339 14880
5 6371 4289 8547 14881
5 4051 5838 7668 14882
5 4096 4093 7339 14883
5 5217 8184 8297 14884
5 4888 6998 8446 14885
5 2601 2530 8300 14886
5 595 596 8335 14887
5 4691 3523 7407 14888
5 7174 2299 7445 14889
5 8157 2639 8493 14890
5 552 553 8330 14891
5 3652 3421 7370 14892
5 6665 1685 7421 14893
5 2299 2070 7444 14894
5 3486 4168 8215 14895
5 1263 6450 7727 14896
5 5394 7394 8070 14897
5 1469 6366 7507 14898
5 4091 4149 7339 14899
5 2643 2568 7717 14900
5 6070 6069 8176 14901
5 6503 3153 7515 14902
5 7561 590 8591 14903
5 8465 5244 8484 14904
5 6258 2398 8608 14905
5 6588 3872 7577 14906
5 3376 1488 7467 14907
5 3342 5244 7949 14908
5 6133 2030 7418 14909
5 901 6652 8006 14910
5 4475 4642 7668 14911
5 6101 3650 7745 14912
5 2253 2827 7485 14913
5 3618 8338 8517 14914
5 6551 5791 8213 14915
5 7089 5365 8410 14916
5 6726 3897 7666 14917
5 4149 4089 7364 14918
5 7514 4794 7890 14919
5 1210 5850 7721 14920
5 1448 6378 7506 14921
5 3815 3814 7944 14922
5 2421 6559 7743 14923
5 6508 4451 7992 14924
5 6356 5394 8070 14925
5 1197 686 6800 14926
5 1360 363 6833 14927
5 4762 4760 8219 14928
5 5059 6398 7631 14929
5 4056 7326 8201 14930
5 4087 4148 7364 14931
5 2660 1409 7778 14932
5 571 572 8317 14933
5 2532 3304 7329 14934
5 1672 1674 7780 14935
5 5710 4448 8315 14936
5 6727 5707 8330 14937
5 3692 4675 7362 14938
5 3359 3840 7422 14939
5 1577 1579 7959 14940
5 1362 1358 7414 14941
5 4039 5212 7661 14942
5 2370 6225 8364 14943
5 2513 3455 7841 14944
5 3922 7378 7986 14945
5 1335 7020 8235 14946
5 6110 4801 8010 14947
5 7424 3926 8404 14948
5 5564 4519 8519 14949
5 841 7256 7854 14950
5 5508 6573 7694 14951
5 4522 7383 7682 14952
5 5655 6812 8335 14953
5 4410 7715 7983 14954
5 6973 5511 8564 14955
5 7079 6228 8555 14956
5 3497 4180 7690 14957
5 7284 1354 7591 14958
5 2443 6404 7776 14959
5 4155 7375 7995 14960
5 4143 7226 7252 14961
5 6719 5458 8283 14962
5 4277 6874 7839 14963
5 5077 7008 7856 14964
5 6619 2192 7610 14965
5 4891 4155 7995 14966
5 2229 2845 7435 14967
5 5766 6063 8423 14968
5 7166 1755 7767 14969
5 3420 7282 8141 14970
5 1895 696 6150 14971
5 1468 6480 7522 14972
5 6794 2379 7588 14973
5 6333 6434 7532 14974
5 1036 1034 7787 14975
5 7781 4630 8405 14976
5 6496 2797 7779 14977
5 6567 1453 8294 14978
5 7118 2209 8334 14979
5 8138 4415 8464 14980
5 1382 6698 7728 14981
5 7303 4442 7851 14982
5 3301 2274 7327 14983
5 4586 7873 8514 14984
5 1927 5923 7896 14985
5 2565 2195 7487 14986
5 7259 5813 7434 14987
5 4768 7537 8407 14988
5 1441 6359 7602 14989
5 2655 7218 8272 14990
5 4674 6058 8363 14991
5 2055 2909 7442 14992
5 6044 6279 8395 14993
5 6328 7461 7462 14994
5 5792 4196 8310 14995
5 3931 3373 7449 14996
5 6327 6328 7401 14997
5 3127 3427 7740 14998
5 3780 6850 8149 14999
5 7305 5631 7914 15000
5 6335 1701 7659 15001
5 5121 7700 8282 15002
5 3658 4337 7819 15003
5 1473 6865 7175 15004
5 2276 6392 7693 15005
5 7767 1864 8530 15006
5 1616 1623 7877 15007
5 7090 7532 8348 15008
5 7070 4071 7934 15009
5 1343 1337 7880 15010
5 7161 3424 8609 15011
5 6922 2003 8241 15012
5 5803 6732 7552 15013
5 7928 5843 8458 15014
5 4132 7223 7635 15015
5 4182 4491 8549 15016
5 6854 3760 7995 15017
5 8180 6121 8592 15018
5 4820 4822 8026 15019
5 2038 1780 7430 15020
5 3871 3495 3873 15021
5 6985 5452 8144 15022
5 6102 841 7854 15023
5 3317 3947 8513 15024
5 3419 3547 7807 15025
5 6436 1469 7528 15026
5 2166 692 6691 15027
5 1413 7190 7750 15028
5 6762 1776 7447 15029
5 6604 4493 7898 15030
5 4590 3499 7814 15031
5 4906 4932 7760 15032
5 7530 4235 8619 15033
5 6956 4055 8203 15034
5 6685 3531 8051 15035
5 6343 2112 8599 15036
5 4014 7658 8320 15037
5 7536 6217 7615 15038
5 5799 8423 8517 15039
5 6059 2639 8157 15040
5 3004 3887 7380 15041
5 2776 3803 7873 15042
5 1109 7469 8331 15043
5 7010 4436 7502 15044
5 2424 6887 8180 15045
5 3141 3664 8234 15046
5 4712 4714 7931 15047
5 6198 6197 7733 15048
5 5672 5070 7989 15049
5 2408 6777 8440 15050
5 2441 6546 7722 15051
5 6347 5523 8473 15052
5 5005 5479 7831 15053
5 4361 7206 7207 15054
5 7472 2326 7674 15055
5 6073 1539 8303 15056
5 6244 836 7821 15057
5 3843 5507 8141 15058
5 5168 7599 7778 15059
5 7211 1512 7586 15060
5 3871 3873 5671 15061
5 3465 3263 7452 15062
5 6150 1495 6152 15063
5 846 7122 7910 15064
5 4723 7304 7470 15065
5 7644 4052 7645 15066
5 1470 7090 7704 15067
5 4452 4744 8169 15068
5 7875 4837 8436 15069
5 7071 5170 8553 15070
5 5569 5175 7823 15071
5 5271 3468 8010 15072
5 3969 3258 8093 15073
5 1433 6428 7551 15074
5 7256 6101 7745 15075
5 5376 4586 8514 15076
5 2076 6748 7556 15077
5 4247 7410 8557 15078
5 2250 5639 8528 15079
5 6280 5985 8115 15080
5 4534 4324 8386 15081
5 4484 7035 8356 15082
5 471 472 8600 15083
5 7558 335 7942 15084
5 7562 6389 7775 15085
5 7533 4960 8502 15086
5 4996 4998 8088 15087
5 7005 6826 7662 15088
5 6388 7839 8575 15089
5 7276 4123 7354 15090
5 5921 6975 8600 15091
5 3371 6638 7449 15092
5 4205 6843 7718 15093
5 687 2294 6800 15094
5 4602 4600 7969 15095
5 7038 5283 8045 15096
5 7185 3940 8561 15097
5 2344 6710 7782 15098
5 3720 5843 7928 15099
5 4125 6176 7789 15100
5 4123 7274 7354 15101
5 4587 6823 7337 15102
5 4852 7958 8559 15103
5 837 6239 7874 15104
5 4073 3546 8107 15105
5 5176 6741 7730 15106
5 4485 4486 7860 15107
5 6422 942 7277 15108
5 6777 6372 8552 15109
5 2778 7458 8099 15110
5 6328 2469 7461 15111
5 2401 6244 7826 15112
5 3471 4371 7504 15113
5 7353 4218 7711 15114
5 2625 6951 7636 15115
5 3605 3419 7807 15116
5 5756 3828 7644 15117
5 2060 2570 7855 15118
5 4313 3640 7648 15119
5 7250 5174 8455 15120
5 989 6172 7824 15121
5 5109 6705 7686 15122
5 5295 6348 7563 15123
5 2431 6370 8547 15124
5 590 591 8591 15125
5 6618 4652 7622 15126
5 4434 4432 8092 15127
5 336 1374 7942 15128
5 354 7576 7972 15129
5 2195 2197 7487 15130
5 1807 5889 8578 15131
5 2094 2092 8403 15132
5 6831 2253 7485 15133
5 2778 2078 7556 15134
5 5426 6841 7727 15135
5 8127 5642 8498 15136
5 6425 6202 8471 15137
5 7020 6243 8235 15138
5 1842 6997 7696 15139
5 7109 7522 8385 15140
5 6799 3977 7968 15141
5 4202 6891 7776 15142
5 2404 6976 8603 15143
5 3533 4350 7967 15144
5 3064 7474 7939 15145
5 3049 7115 7926 15146
5 6969 5122 8513 15147
5 3933 6615 8571 15148
5 4062 6788 7926 15149
5 7122 6174 7827 15150
5 6710 3992 7782 15151
5 7119 6190 8366 15152
5 2293 6712 7580 15153
5 5143 7114 7950 15154
5 7446 4552 7478 15155
5 6395 4925 8062 15156
5 6367 2421 7743 15157
5 3777 7443 7895 15158
5 6350 3048 8340 15159
5 4963 4962 8058 15160
5 7608 4260 7895 15161
5 2521 6798 7427 15162
5 4287 4285 7907 15163
5 6326 6723 8383 15164
5 6174 6332 7827 15165
5 4186 7973 8104 15166
5 2965 7941 8065 15167
5 4843 7025 7987 15168
5 6754 4566 8069 15169
5 2188 6524 7517 15170
5 2294 688 6839 15171
5 6559 6953 7743 15172
5 7109 1468 7522 15173
5 5705 4731 8018 15174
5 5222 4850 8186 15175
5 4315 4803 8051 15176
5 6236 4419 8023 15177
5 6434 7109 7532 15178
5 5544 3471 7504 15179
5 2299 7444 7445 15180
5 6693 2101 8056 15181
5 6961 1994 7465 15182
5 6297 2370 7883 15183
5 6366 6367 7507 15184
5 5710 1888 8487 15185
5 691 2166 6804 15186
5 5934 5145 7950 15187
5 1195 690 6804 15188
5 7090 6333 7532 15189
5 7559 5171 8395 15190
5 7534 5373 8254 15191
5 4064 6882 7770 15192
5 6826 3052 7662 15193
5 6947 6393 8107 15194
5 7536 4537 8262 15195
5 250 251 8592 15196
5 5665 6511 7749 15197
5 2382 2582 7688 15198
5 1026 1025 8459 15199
5 7326 4428 8201 15200
5 3041 3617 7999 15201
5 1699 7098 8153 15202
5 7321 3129 7740 15203
5 689 1195 6839 15204
5 2359 6226 7771 15205
5 2745 7039 7718 15206
5 4580 4582 8267 15207
5 6726 2337 8457 15208
5 5280 5277 7941 15209
5 6943 3958 7977 15210
5 6480 7085 7522 15211
5 6492 2188 7517 15212
5 7163 1714 7886 15213
5 6671 5451 8264 15214
5 6259 6260 7947 15215
5 7598 4353 8101 15216
5 4328 4224 8476 15217
5 6417 4627 7954 15218
5 6908 4901 8215 15219
5 5234 4080 8097 15220
5 939 6478 7574 15221
5 7912 571 8317 15222
5 3121 7784 7785 15223
5 2488 6347 8473 15224
5 3133 6895 7711 15225
5 6428 6757 7551 15226
5 6883 1634 8276 15227
5 7572 4358 8274 15228
5 6296 6998 8226 15229
5 6439 2473 7838 15230
5 7146 3095 7934 15231
5 2450 6507 7791 15232
5 6219 7309 8086 15233
5 7488 5418 8333 15234
5 7049 4994 8182 15235
5 3618 6094 8338 15236
5 4544 6988 8039 15237
5 6437 6436 7528 15238
5 2233 2871 8452 15239
5 7221 3677 7470 15240
5 6693 4187 8382 15241
5 4729 4602 8048 15242
5 4815 6733 7578 15243
5 1933 2005 7812 15244
5 6804 2166 7379 15245
5 6691 1196 6692 15246
5 3677 4949 7470 15247
5 5899 6321 8362 15248
5 7091 4670 8112 15249
5 6186 6185 7997 15250
5 6173 846 7910 15251
5 3998 6558 8578 15252
5 5113 7301 8562 15253
5 4748 6940 8338 15254
5 4329 7267 8135 15255
5 2565 7488 7908 15256
5 5375 6343 8599 15257
5 7175 4437 7850 15258
5 1014 6274 7901 15259
5 4690 6260 8262 15260
5 6378 7377 7506 15261
5 6881 6880 7637 15262
5 3992 6658 7970 15263
5 3767 5756 7579 15264
5 2458 6538 7607 15265
5 3840 3627 7738 15266
5 5879 7609 8165 15267
5 1243 7094 8314 15268
5 7211 7586 7807 15269
5 2900 7012 8518 15270
5 2565 7487 7488 15271
5 5320 5746 8164 15272
5 7006 2343 7713 15273
5 6381 2430 7990 15274
5 6166 4563 8091 15275
5 7190 5285 7750 15276
5 5001 6786 7344 15277
5 3082 3081 8120 15278
5 6927 1590 7710 15279
5 7469 1142 7808 15280
5 4441 7215 8392 15281
5 7016 848 8614 15282
5 3833 7314 7315 15283
5 6410 1241 8043 15284
5 4877 8375 8415 15285
5 2390 6287 7894 15286
5 8137 5296 8138 15287
5 4342 5663 7918 15288
5 7078 2790 7399 15289
5 4879 7509 8401 15290
5 7616 3492 7687 15291
5 6953 4125 7789 15292
5 4040 3295 7525 15293
5 2384 2382 7688 15294
5 7162 4379 8388 15295
5 3863 3861 8266 15296
5 1739 7878 8618 15297
5 7915 641 8200 15298
5 6527 3895 7925 15299
5 4444 7256 7745 15300
5 3081 6337 8121 15301
5 7124 3356 8519 15302
5 4466 6523 7905 15303
5 6904 1697 7799 15304
5 5580 7456 8556 15305
5 6305 2397 7825 15306
5 4186 5230 7973 15307
5 3338 3853 7564 15308
5 7774 5429 8566 15309
5 7717 4255 8298 15310
5 4913 7220 8228 15311
5 6162 3681 7657 15312
5 7452 3444 7623 15313
5 2485 6318 7927 15314
5 5338 7510 7511 15315
5 6313 1695 7929 15316
5 7494 900 8435 15317
5 880 7709 8178 15318
5 6437 4395 8607 15319
5 4226 7562 7775 15320
5 6169 6883 8276 15321
5 7431 4909 8446 15322
5 6393 4073 8107 15323
5 6613 4608 8214 15324
5 3102 3101 8194 15325
5 6746 5338 7511 15326
5 4964 6413 8534 15327
5 7304 7221 7470 15328
5 4319 4464 8114 15329
5 7417 4283 8287 15330
5 4566 5805 8034 15331
5 2129 6252 8597 15332
5 2440 6724 7732 15333
5 6189 7195 8522 15334
5 4055 7924 8203 15335
5 7215 3647 8392 15336
5 1997 6360 7849 15337
5 6572 5370 7708 15338
5 5184 7598 8183 15339
5 6215 7438 7748 15340
5 4595 4162 8393 15341
5 1103 6458 7858 15342
5 4636 6121 8180 15343
5 4353 4351 8101 15344
5 7633 7322 7857 15345
5 7111 4328 7783 15346
5 6932 1096 8265 15347
5 4080 3916 8097 15348
5 7638 4712 7931 15349
5 4486 4484 8356 15350
5 5371 5372 8301 15351
5 1663 8365 8456 15352
5 6941 4360 8197 15353
5 5978 7514 7890 15354
5 6386 2485 7923 15355
5 6911 4590 7793 15356
5 5121 6919 7700 15357
5 2724 2726 8526 15358
5 7065 4411 7993 15359
5 6935 2616 7802 15360
5 7584 3766 8292 15361
5 4187 8056 8454 15362
5 4735 6567 8294 15363
5 7853 4138 7984 15364
5 7301 6845 8562 15365
5 2639 6350 8493 15366
5 5289 7227 8057 15367
5 5815 5947 7582 15368
5 6661 4595 8324 15369
5 5637 7361 8470 15370
5 6860 4216 7938 15371
5 4016 4014 8320 15372
5 845 7401 7408 15373
5 1034 1032 8158 15374
5 7132 6717 8373 15375
5 6135 8120 8121 15376
5 7458 2778 8187 15377
5 6889 2590 7980 15378
5 7630 1970 8538 15379
5 2470 6614 7643 15380
5 3494 4681 4682 15381
5 4254 4253 7713 15382
5 1360 6833 7083 15383
5 4941 4943 8548 15384
5 7273 2711 8248 15385
5 2203 7361 7884 15386
5 5131 6932 8265 15387
5 4589 7604 8425 15388
5 3828 3830 7644 15389
5 6498 5708 8485 15390
5 7750 5285 8360 15391
5 4801 6110 7413 15392
5 3095 7070 7934 15393
5 4280 2585 8147 15394
5 7591 1368 8391 15395
5 5207 6726 8457 15396
5 3727 7837 8573 15397
5 6757 2456 8193 15398
5 2345 6459 7909 15399
5 6569 2458 7607 15400
5 2698 7082 7715 15401
5 6731 3510 8583 15402
5 4097 4096 7948 15403
5 8141 5507 8518 15404
5 6522 1394 7905 15405
5 6616 2472 7820 15406
5 5460 7424 8404 15407
5 6918 1598 7798 15408
5 6832 6077 8373 15409
5 7365 2248 8444 15410
5 8083 5063 8105 15411
5 7666 4399 7667 15412
5 7873 3803 8514 15413
5 7096 6742 7703 15414
5 5400 3736 8254 15415
5 2674 2675 8468 15416
5 7439 6257 8351 15417
5 4256 6764 8298 15418
5 2101 6735 8056 15419
5 891 6747 8577 15420
5 6865 1473 7548 15421
5 8074 5207 8457 15422
5 6192 7692 8280 15423
5 1118 1109 8331 15424
5 6711 6793 7695 15425
5 6605 2350 7852 15426
5 4781 8007 8474 15427
5 7303 2808 7753 15428
5 1419 7162 8388 15429
5 6688 1103 7858 15430
5 3872 3871 7577 15431
5 6185 850 7997 15432
5 834 7119 7982 15433
5 2696 7066 8224 15434
5 7148 7036 8404 15435
5 7615 2357 7913 15436
5 4278 7108 8409 15437
5 6596 1843 7902 15438
5 5639 4778 8528 15439
5 4509 7510 7868 15440
5 7213 2474 8233 15441
5 7570 5701 7737 15442
5 6325 2389 7955 15443
5 6248 7596 7902 15444
5 1771 7914 8535 15445
5 3468 6110 8010 15446
5 6440 7213 8102 15447
5 2161 6420 7879 15448
5 2197 2198 8150 15449
5 4289 7112 8547 15450
5 5297 7904 8126 15451
5 7991 250 8592 15452
5 2142 2144 8402 15453
5 7784 4364 7785 15454
5 6940 5799 8517 15455
5 2479 7209 8419 15456
5 8340 7837 8493 15457
5 7401 6328 7853 15458
5 3651 7575 7684 15459
5 6459 6688 7909 15460
5 6613 2470 7643 15461
5 4640 7401 7853 15462
5 7486 4622 7723 15463
5 4902 6123 8204 15464
5 7796 1079 8472 15465
5 7126 2528 7832 15466
5 6086 6088 8510 15467
5 6385 5794 8604 15468
5 4901 6908 7549 15469
5 7344 2388 8249 15470
5 3926 7148 8404 15471
5 4330 7251 7712 15472
5 2871 2235 8185 15473
5 6528 6941 8197 15474
5 7495 5365 8289 15475
5 6788 3049 7926 15476
5 6006 5329 8422 15477
5 3518 6186 8190 15478
5 6237 2364 7978 15479
5 6165 6164 8144 15480
5 7182 2345 7909 15481
5 6890 7146 7934 15482
5 6163 6162 7657 15483
5 6523 6522 7905 15484
5 5439 6258 8608 15485
5 2460 6531 7834 15486
5 8034 4964 8534 15487
5 1843 6563 7902 15488
5 3758 2994 8304 15489
5 6839 1195 7626 15490
5 7444 2072 8227 15491
5 5062 7774 8566 15492
5 5365 5364 8410 15493
5 6418 2175 7640 15494
5 4474 7584 8292 15495
5 3853 3767 7579 15496
5 7371 4288 8329 15497
5 4559 5367 8372 15498
5 3830 4052 7644 15499
5 2429 6456 7943 15500
5 5662 7002 8059 15501
5 6833 364 7046 15502
5 5270 5271 8512 15503
5 3907 3905 8454 15504
5 5294 5296 8137 15505
5 2472 6523 7820 15506
5 7537 6275 8407 15507
5 1940 5496 8060 15508
5 2392 6574 7683 15509
5 6074 5626 8589 15510
5 7063 4601 7802 15511
5 2430 6503 7990 15512
5 3389 4485 8166 15513
5 6184 6338 8066 15514
5 4519 7124 8519 15515
5 3219 3752 8275 15516
5 7216 4688 7784 15517
5 5626 4300 8589 15518
5 6874 2593 7839 15519
5 7507 4952 7528 15520
5 4224 7501 8476 15521
5 4837 6006 8422 15522
5 5776 7423 7944 15523
5 6104 4058 8381 15524
5 6764 6765 8016 15525
5 2651 1335 8235 15526
5 6932 5248 7911 15527
5 3138 3141 8234 15528
5 5570 7767 8530 15529
5 7410 4247 8321 15530
5 8401 3275 8584 15531
5 2635 7026 7891 15532
5 6368 2403 8017 15533
5 5979 5024 8237 15534
5 6244 7821 7826 15535
5 4493 5996 7898 15536
5 7113 5498 7811 15537
5 2354 6216 8030 15538
5 3837 7024 8179 15539
5 5051 5049 8238 15540
5 2544 6711 7695 15541
5 6472 2205 8453 15542
5 3681 7018 7657 15543
5 4389 6787 8278 15544
5 7277 6133 7418 15545
5 6646 2461 7698 15546
5 6830 939 7574 15547
5 6345 2410 8098 15548
5 2845 2231 8452 15549
5 2082 2080 8099 15550
5 6509 3629 8039 15551
5 6612 6613 8214 15552
5 3150 3041 7999 15553
5 7416 1267 8281 15554
5 7105 4528 7761 15555
5 4448 5710 8487 15556
5 6657 2523 7720 15557
5 2172 3717 8541 15558
5 842 6429 8466 15559
5 6553 1504 7809 15560
5 7262 2595 8247 15561
5 7377 2427 8502 15562
5 4340 3555 8104 15563
5 6047 8156 8439 15564
5 5232 4313 7648 15565
5 4071 6890 7934 15566
5 7837 5551 8573 15567
5 6172 2265 7768 15568
5 4906 7594 8606 15569
5 8160 5500 8540 15570
5 7261 4201 8261 15571
5 4221 6982 8311 15572
5 6613 7643 7714 15573
5 6295 5488 8543 15574
5 6087 7217 7870 15575
5 6318 7664 7927 15576
5 7286 4953 8572 15577
5 4602 7969 8048 15578
5 2381 2925 7893 15579
5 4050 5661 7678 15580
5 1656 7969 8525 15581
5 7641 5629 7642 15582
5 8423 6063 8517 15583
5 4943 8170 8548 15584
5 7738 3627 7769 15585
5 4331 4330 7800 15586
5 1383 6637 7971 15587
5 1606 1609 8367 15588
5 955 957 8522 15589
5 7094 4648 8314 15590
5 6979 4603 8085 15591
5 4794 7514 8285 15592
5 7410 5752 8181 15593
5 2872 2384 7688 15594
5 2357 7325 7913 15595
5 6336 7403 8233 15596
5 6478 6479 7574 15597
5 4723 7470 8084 15598
5 6451 3928 8609 15599
5 4150 7022 7803 15600
5 4139 7297 7805 15601
5 6586 7188 8586 15602
5 3627 6564 7769 15603
5 7018 6657 7720 15604
5 7299 2781 8026 15605
5 5386 6203 8544 15606
5 4263 6230 8060 15607
5 6516 7279 8078 15608
5 6512 1261 7996 15609
5 7610 5304 7777 15610
5 4044 6307 8133 15611
5 1079 1077 8472 15612
5 7455 4182 8549 15613
5 6176 7408 7789 15614
5 7631 6396 8105 15615
5 7522 4616 8385 15616
5 7532 4225 8348 15617
5 3873 6019 7538 15618
5 7361 2203 8495 15619
5 3921 3167 8368 15620
5 2275 6489 7719 15621
5 6531 7466 7834 15622
5 7403 844 8355 15623
5 6396 2437 8105 15624
5 3808 6936 8225 15625
5 6615 4413 8571 15626
5 6287 1929 8129 15627
5 1634 1637 8276 15628
5 4357 5727 8274 15629
5 6066 7188 8299 15630
5 7164 6447 8117 15631
5 7392 3550 8445 15632
5 2473 6440 8102 15633
5 6332 7704 7827 15634
5 3803 6861 8514 15635
5 6968 6646 7698 15636
5 1795 1793 8131 15637
5 4337 7106 8615 15638
5 2461 7356 7698 15639
5 6888 6889 8575 15640
5 5073 6734 8271 15641
5 1611 1602 8546 15642
5 2582 2381 7893 15643
5 4557 6859 8205 15644
5 6574 7075 7683 15645
5 6889 6388 8575 15646
5 2080 2778 8099 15647
5 6880 3713 7637 15648
5 7361 4896 7884 15649
5 945 6656 7741 15650
5 7136 5591 8061 15651
5 7702 892 8450 15652
5 6265 1005 8205 15653
5 1009 6431 8369 15654
5 7324 2603 8027 15655
5 7364 7365 8444 15656
5 4937 7486 7723 15657
5 2247 6092 8463 15658
5 2437 6351 8083 15659
5 1469 7507 7528 15660
5 6998 4888 8455 15661
5 6548 2486 7998 15662
5 4807 6709 8431 15663
5 3617 3700 8109 15664
5 7605 6229 8352 15665
5 7710 1590 8477 15666
5 6742 4331 7703 15667
5 7314 4914 7887 15668
5 5569 7738 7769 15669
5 6443 6557 8012 15670
5 3565 4247 8557 15671
5 4647 6508 7992 15672
5 4922 6462 8272 15673
5 6747 4426 8577 15674
5 1241 6407 8043 15675
5 3601 8465 8484 15676
5 4343 7262 8247 15677
5 7601 2748 7613 15678
5 6903 3727 8573 15679
5 4254 7713 7772 15680
5 6419 6418 7640 15681
5 2235 2237 8185 15682
5 4600 4598 8525 15683
5 2436 6296 8226 15684
5 3341 3601 8484 15685
5 1590 1591 8477 15686
5 6695 6696 7747 15687
5 6738 2788 8003 15688
5 5119 7040 7638 15689
5 2595 2930 8247 15690
5 4477 6714 8240 15691
5 6077 7132 8373 15692
5 7347 6761 7647 15693
5 1459 6443 8073 15694
5 7444 5106 7445 15695
5 7104 3913 7763 15696
5 3882 7196 7862 15697
5 1793 7152 8131 15698
5 2158 7369 7804 15699
5 6047 7011 8156 15700
5 7562 4565 8221 15701
5 7212 3967 7867 15702
5 6328 7462 7853 15703
5 7611 6439 7838 15704
5 4197 7373 8178 15705
5 2387 6369 8339 15706
5 7969 4600 8525 15707
5 7714 4954 8569 15708
5 2252 1389 8553 15709
5 2380 6525 7974 15710
5 4943 6425 8170 15711
5 8295 5524 8555 15712
5 4201 7261 8443 15713
5 6427 7493 8508 15714
5 2592 7645 7646 15715
5 2474 6336 8233 15716
5 2525 2527 8172 15717
5 6697 6695 7747 15718
5 7437 2845 8452 15719
5 7358 1860 7830 15720
5 5399 7001 7780 15721
5 5256 7628 7930 15722
5 7308 2446 8494 15723
5 4772 7979 8602 15724
5 6561 1238 7940 15725
5 7708 5370 8438 15726
5 4916 6777 8552 15727
5 6617 2481 8042 15728
5 6698 6697 7747 15729
5 7127 2564 7962 15730
5 7341 5113 8562 15731
5 7949 5244 8465 15732
5 5134 7438 7439 15733
5 4447 6528 8197 15734
5 4052 4050 7678 15735
5 8228 3628 8397 15736
5 4190 7254 8283 15737
5 4882 7417 7975 15738
5 1114 6516 8078 15739
5 3557 3900 8587 15740
5 5091 7225 8143 15741
5 7628 4294 7930 15742
5 4138 7462 8111 15743
5 7469 5391 8331 15744
5 972 7140 8035 15745
5 6499 7533 8502 15746
5 5373 5371 8301 15747
5 5890 7633 7857 15748
5 4670 4669 8309 15749
5 2388 6264 8249 15750
5 7839 2593 8575 15751
5 7585 4867 8420 15752
5 5482 7561 8591 15753
5 2283 7096 7703 15754
5 6489 6619 7777 15755
5 7292 2661 8386 15756
5 3868 3866 8479 15757
5 6558 4609 8288 15758
5 4646 6020 8568 15759
5 2339 7164 8432 15760
5 6503 7515 7990 15761
5 7923 2485 7927 15762
5 7596 6596 7902 15763
5 7401 4640 7408 15764
5 5521 7235 8100 15765
5 6282 1699 8153 15766
5 5163 7920 8202 15767
5 2372 6611 7757 15768
5 4608 7518 8214 15769
5 7787 1034 8158 15770
5 5351 5040 8418 15771
5 6709 4806 8431 15772
5 1511 6534 8067 15773
5 2175 7498 7640 15774
5 3455 4906 8606 15775
5 1394 7611 7905 15776
5 6978 2513 7841 15777
5 4531 6903 8507 15778
5 2341 6968 8411 15779
5 7383 1774 7682 15780
5 4909 7431 8020 15781
5 7466 5467 8347 15782
5 4658 6086 8510 15783
5 6447 1114 8117 15784
5 2711 6803 8248 15785
5 6764 3914 8298 15786
5 6479 2275 7719 15787
5 840 6093 8417 15788
5 3556 3407 8527 15789
5 6420 6173 8175 15790
5 7503 6361 8314 15791
5 2523 7497 7720 15792
5 7382 6472 8453 15793
5 4927 6422 8448 15794
5 5855 4475 8433 15795
5 3736 7534 8254 15796
5 5335 7284 7591 15797
5 6621 6620 8257 15798
5 5508 7694 8607 15799
5 4149 7364 8444 15800
5 6203 3886 8544 15801
5 2495 6506 8041 15802
5 6257 2356 8351 15803
5 6392 989 8263 15804
5 7356 6653 8284 15805
5 6794 5961 7652 15806
5 7518 1393 8214 15807
5 6092 6871 8463 15808
5 7265 4219 7919 15809
5 2168 2611 8576 15810
5 2265 6544 7768 15811
5 6615 4514 8336 15812
5 7894 6287 8129 15813
5 4837 8422 8436 15814
5 6848 4772 8602 15815
5 7458 2925 8099 15816
5 6953 4639 7743 15817
5 4700 4698 8481 15818
5 7874 6239 8389 15819
5 4543 3759 8558 15820
5 4579 7228 8312 15821
5 5977 8228 8397 15822
5 2407 6584 8529 15823
5 7520 2447 8570 15824
5 6180 7597 8355 15825
5 6688 4332 7909 15826
5 1800 7293 8398 15827
5 6676 945 7741 15828
5 4909 8020 8419 15829
5 3861 4183 8266 15830
5 4890 4589 8425 15831
5 4049 7009 8090 15832
5 2368 7338 8119 15833
5 2456 6515 8193 15834
5 4741 7616 7687 15835
5 6654 972 8035 15836
5 6229 2358 8352 15837
5 6239 2396 8389 15838
5 8422 3738 8436 15839
5 6797 3422 8038 15840
5 8116 2152 8199 15841
5 7069 4776 8426 15842
5 1369 7284 7671 15843
5 6350 8340 8493 15844
5 4187 7404 8382 15845
5 2502 2247 8463 15846
5 6607 6640 8611 15847
5 4620 8162 8563 15848
5 2661 5528 8386 15849
5 7878 5214 8618 15850
5 7721 5850 8380 15851
5 2363 6211 8605 15852
5 6275 1008 8407 15853
5 6190 4173 8366 15854
5 1440 6421 8216 15855
5 7151 5133 8022 15856
5 7096 2283 7863 15857
5 7284 5335 7671 15858
5 3007 6835 8443 15859
5 2398 6733 8608 15860
5 6467 2466 8168 15861
5 2449 7451 8071 15862
5 7223 4150 7803 15863
5 1964 7025 8136 15864
5 3993 7398 8615 15865
5 4877 4875 8075 15866
5 6938 2152 8116 15867
5 5850 1885 8380 15868
5 5293 7343 7904 15869
5 4324 7292 8386 15870
5 6696 2493 8483 15871
5 7758 6661 8324 15872
5 2112 6786 8599 15873
5 4538 7856 8063 15874
5 6514 7495 8289 15875
5 7379 5076 8394 15876
5 4302 6074 8589 15877
5 7659 1701 8501 15878
5 844 6180 8355 15879
5 6277 7796 8472 15880
5 4048 6978 7841 15881
5 5671 3873 7538 15882
5 2481 7596 8042 15883
5 3949 6983 8409 15884
5 1393 6612 8214 15885
5 6370 6371 8547 15886
5 6515 3518 8190 15887
5 1178 7155 8240 15888
5 6709 4807 8306 15889
5 4242 7846 7847 15890
5 8128 4679 8560 15891
5 4721 7260 8154 15892
5 5339 7293 8611 15893
5 2800 6999 8002 15894
5 6611 6676 7757 15895
5 7488 5538 7908 15896
5 4165 7450 7864 15897
5 5007 7031 8140 15898
5 7846 4507 7847 15899
5 6361 1243 8314 15900
5 3871 5671 7577 15901
5 839 7431 8446 15902
5 7122 4407 7910 15903
5 4838 7005 7662 15904
5 7693 6392 8263 15905
5 4801 8191 8441 15906
5 6637 6446 8161 15907
5 997 7448 8049 15908
5 4529 6676 7741 15909
5 6544 6543 8308 15910
5 6172 7768 7824 15911
5 7745 3650 8508 15912
5 2931 6864 8253 15913
5 6997 3937 8486 15914
5 4491 7197 8549 15915
5 2152 6935 8199 15916
5 7333 4423 7976 15917
5 2871 7437 8452 15918
5 6958 5351 8467 15919
5 7085 4616 7522 15920
5 7191 1419 8388 15921
5 6371 2049 8572 15922
5 7381 4592 8253 15923
5 7251 3567 8181 15924
5 5758 7119 8366 15925
5 7482 5163 8361 15926
5 4308 8141 8518 15927
5 1368 6990 8391 15928
5 7917 5058 7937 15929
5 4262 7069 8345 15930
5 6634 1791 8560 15931
5 6446 1385 8277 15932
5 6664 4523 8239 15933
5 2231 2233 8452 15934
5 6976 4676 8603 15935
5 6573 5508 8345 15936
5 5550 6903 8573 15937
5 6625 1179 8256 15938
5 7398 1126 8399 15939
5 1807 6558 8288 15940
5 4777 7696 8486 15941
5 6717 3919 8373 15942
5 6864 7381 8253 15943
5 7293 5337 8398 15944
5 6680 2440 7844 15945
5 5467 6177 8347 15946
5 7055 4401 8013 15947
5 7510 4509 7511 15948
5 4638 6953 7789 15949
5 6656 2378 8171 15950
5 6037 7912 8317 15951
5 7256 4443 7854 15952
5 6159 842 8466 15953
5 5987 7563 7818 15954
5 6558 1807 8578 15955
5 4052 7678 8475 15956
5 6675 7567 8370 15957
5 1284 7363 8251 15958
5 7155 4477 8240 15959
5 3937 7080 8486 15960
5 4836 7875 8436 15961
5 7343 2459 8126 15962
5 1267 6548 8281 15963
5 7838 2473 8102 15964
5 4212 7350 8068 15965
5 4566 8034 8069 15966
5 6344 2408 8440 15967
5 2437 8083 8105 15968
5 6896 6680 7844 15969
5 848 6183 8614 15970
5 6228 2361 8555 15971
5 6279 1262 8395 15972
5 4763 7417 8287 15973
5 2174 7649 8077 15974
5 2190 7410 8321 15975
5 6349 7554 7818 15976
5 7601 4839 8173 15977
5 1792 6594 8202 15978
5 6896 4765 7933 15979
5 7712 7251 8181 15980
5 4214 7113 8416 15981
5 6620 2392 8257 15982
5 7378 4458 7986 15983
5 6875 2985 8490 15984
5 6156 7016 8614 15985
5 6855 7411 8595 15986
5 1277 7091 8112 15987
5 1113 7482 8361 15988
5 2459 6721 8126 15989
5 1262 7559 8395 15990
5 3567 3565 8557 15991
5 7542 1112 8155 15992
5 2203 7269 8495 15993
5 6238 832 8601 15994
5 7220 3628 8228 15995
5 5585 6934 8259 15996
5 6173 7910 8175 15997
5 7249 835 8280 15998
5 3623 7463 8220 15999
5 5335 7591 8391 16000
5 1791 6602 8128 16001
5 7270 1254 8286 16002
5 1104 6551 8213 16003
5 3970 7540 8152 16004
5 7273 4060 8261 16005
5 7317 4049 8090 16006
5 7085 2419 8438 16007
5 4642 5232 8323 16008
5 7514 3773 8285 16009
5 7429 4658 8510 16010
5 7400 5062 8566 16011
5 6619 7610 7777 16012
5 1701 6344 8501 16013
5 5551 7837 8340 16014
5 7755 5673 8106 16015
5 4162 7483 8393 16016
5 7642 4271 8230 16017
5 5705 8018 8384 16018
5 6694 6678 8483 16019
5 4733 8294 8485 16020
5 8008 2197 8150 16021
5 1013 6295 8543 16022
5 6738 8003 8148 16023
5 4448 7211 8315 16024
5 989 7824 8263 16025
5 6660 990 8245 16026
5 6412 6326 8383 16027
5 5324 7368 8316 16028
5 3542 7562 8221 16029
5 7604 1687 8425 16030
5 4767 6994 8286 16031
5 6851 2712 8230 16032
5 7090 4409 7704 16033
5 4432 7384 8092 16034
5 6538 1104 8343 16035
5 3650 6427 8508 16036
5 7474 5762 7939 16037
5 4424 7666 7667 16038
5 7194 5121 8282 16039
5 1369 7671 8531 16040
5 2396 6303 8590 16041
5 7879 6420 8175 16042
5 6322 2404 8603 16043
5 5782 7330 8328 16044
5 3890 8074 8457 16045
5 5100 7949 8465 16046
5 5570 7166 7767 16047
5 8229 4441 8392 16048
5 2617 6938 8302 16049
5 7816 2871 8185 16050
5 2884 7480 8356 16051
5 6998 5174 8226 16052
5 4530 7835 8304 16053
5 6678 4696 8550 16054
5 2465 6896 7933 16055
5 6986 3146 8492 16056
5 2427 6499 8502 16057
5 1364 6736 7932 16058
5 831 7357 8563 16059
5 7377 5567 7506 16060
5 4220 7122 7827 16061
5 5697 7298 8556 16062
5 6808 6807 7933 16063
5 6372 1269 8552 16064
5 5163 7482 7920 16065
5 5230 7177 8326 16066
5 6850 7237 8149 16067
5 6252 8087 8597 16068
5 6913 2804 8110 16069
5 7066 5185 8224 16070
5 4371 6137 8222 16071
5 7109 4225 7532 16072
5 6835 4201 8443 16073
5 1112 6774 8155 16074
5 4487 7615 7913 16075
5 6614 6675 8370 16076
5 6337 5712 8121 16077
5 6443 8012 8073 16078
5 6552 8306 8307 16079
5 8109 4877 8415 16080
5 6303 6256 8590 16081
5 4746 8207 8482 16082
5 7607 6538 8343 16083
5 6606 1800 8398 16084
5 7487 2197 8008 16085
5 8158 2698 8319 16086
5 7837 6018 8493 16087
5 1726 7530 8619 16088
5 7478 4553 8377 16089
5 3559 3557 8587 16090
5 4330 7712 7800 16091
5 4428 7755 8106 16092
5 6548 7998 8281 16093
5 2174 8077 8124 16094
5 6365 2435 8596 16095
5 5996 3083 7898 16096
5 3592 7590 8086 16097
5 5540 7915 8200 16098
5 6525 2339 8432 16099
5 6624 2341 8411 16100
5 5959 6904 8269 16101
5 5106 7444 8227 16102
5 6807 2465 7933 16103
5 8035 4555 8268 16104
5 1864 7359 8530 16105
5 7716 6219 8086 16106
5 5174 6998 8455 16107
5 4960 7377 8502 16108
5 4853 7512 7859 16109
5 7443 4604 7895 16110
5 7410 8181 8557 16111
5 2420 6437 8607 16112
5 7340 4149 8444 16113
5 5214 7399 8618 16114
5 7719 6489 7777 16115
5 6020 7974 8568 16116
5 4370 7484 8529 16117
5 7592 1411 8360 16118
5 6871 6797 8038 16119
5 2448 6654 8268 16120
5 6543 2293 8308 16121
5 7935 5400 8254 16122
5 7692 4045 8280 16123
5 7578 2129 8597 16124
5 7821 4459 7826 16125
5 7643 6614 8370 16126
5 2361 8295 8555 16127
5 5732 6958 8467 16128
5 6653 1116 8284 16129
5 1375 7341 8562 16130
5 2276 7693 8593 16131
5 5305 8389 8590 16132
5 7969 4938 8048 16133
5 6982 2761 8311 16134
5 6956 4460 8290 16135
5 6483 2418 8540 16136
5 7962 2564 8148 16137
5 7470 4949 8084 16138
5 7346 4920 8497 16139
5 8389 2396 8590 16140
5 7580 6712 8390 16141
5 6151 5855 8433 16142
5 7783 4328 8476 16143
5 5165 7710 8477 16144
5 4835 6678 8550 16145
5 7283 833 8346 16146
5 7282 3843 8141 16147
5 4806 8412 8431 16148
5 6121 7991 8592 16149
5 1052 7787 8511 16150
5 4949 7242 8103 16151
5 4882 7975 8594 16152
5 7971 6637 8161 16153
5 7641 7642 8230 16154
5 7024 7590 8179 16155
5 7436 5239 7965 16156
5 1327 7572 8274 16157
5 7645 4052 8475 16158
5 7462 4607 8111 16159
5 8077 5396 8124 16160
5 1114 8078 8117 16161
5 4996 8088 8089 16162
5 2440 7732 7844 16163
5 6405 5270 8512 16164
5 7550 6913 8110 16165
5 3555 7176 8104 16166
5 7247 4228 8378 16167
5 6768 1364 7932 16168
5 2593 6888 8575 16169
5 6691 6692 8400 16170
5 6515 8190 8193 16171
5 766 7494 8435 16172
5 3900 8470 8495 16173
5 7709 4784 8178 16174
5 2712 7641 8230 16175
5 6804 7379 8394 16176
5 2293 7580 8308 16177
5 6983 4278 8409 16178
5 8191 4799 8441 16179
5 2880 7917 7937 16180
5 7493 2488 8473 16181
5 6517 2276 8593 16182
5 2392 7683 8257 16183
5 6491 6586 8586 16184
5 4397 7772 7773 16185
5 7293 6607 8611 16186
5 6584 6556 8529 16187
5 7384 4441 8229 16188
5 8181 3567 8557 16189
5 6935 7802 8199 16190
5 7683 4833 8257 16191
5 2447 6513 8570 16192
5 4594 7605 8352 16193
5 5370 6572 8426 16194
5 2446 6488 8494 16195
5 1453 6498 8485 16196
5 6344 8440 8501 16197
5 4732 8048 8524 16198
5 7427 5383 8567 16199
5 6524 2565 7908 16200
5 7517 6524 7908 16201
5 4875 7739 8075 16202
5 7646 7645 8475 16203
5 1745 7865 7973 16204
5 6640 6622 8611 16205
5 1889 7144 8357 16206
5 4900 7379 8400 16207
5 6968 4929 8411 16208
5 7069 4262 8424 16209
5 4776 7069 8424 16210
5 3856 6855 8595 16211
5 4640 7853 7984 16212
5 1254 7270 8014 16213
5 3043 8137 8138 16214
5 3356 7583 8519 16215
5 6916 1600 8598 16216
5 1562 8146 8524 16217
5 832 8091 8601 16218
5 8197 4360 8198 16219
5 5668 7558 7942 16220
5 6590 973 8520 16221
5 6798 1360 8050 16222
5 6595 6634 8560 16223
5 7456 5697 8556 16224
5 6800 2294 8192 16225
5 7404 5525 8382 16226
5 7176 4186 8104 16227
5 7384 1489 8092 16228
5 7696 6997 8486 16229
5 7741 6656 8171 16230
5 7974 6525 8432 16231
5 7493 5653 8508 16232
5 4780 7693 8263 16233
5 5425 8158 8319 16234
5 4445 7894 8129 16235
5 8161 6446 8277 16236
5 7576 6376 7972 16237
5 7484 2407 8529 16238
5 8120 3081 8121 16239
5 6654 8035 8268 16240
5 3900 8495 8587 16241
5 6712 1197 8390 16242
5 7177 1886 8326 16243
5 2208 6385 8604 16244
5 7188 6066 8586 16245
5 7213 4467 8102 16246
5 7253 4198 8413 16247
5 5425 7787 8158 16248
5 5325 7883 8364 16249
5 2909 7185 8561 16250
5 3628 7380 8397 16251
5 8306 4807 8307 16252
5 1104 8213 8343 16253
5 6736 2521 8567 16254
5 4801 7413 8191 16255
5 7403 4755 8233 16256
5 4467 7213 8054 16257
5 7515 5069 7990 16258
5 7835 3758 8304 16259
5 2493 6694 8483 16260
5 6019 5542 7538 16261
5 4425 7277 7418 16262
5 8003 6098 8148 16263
5 7883 2370 8364 16264
5 7669 3105 8024 16265
5 2521 7427 8567 16266
5 7106 3993 8615 16267
5 2361 7810 8295 16268
5 2518 7128 8439 16269
5 5421 8229 8392 16270
5 7228 5211 8312 16271
5 8084 4949 8103 16272
5 4951 7689 7881 16273
5 4361 7207 8376 16274
5 4409 7090 8348 16275
5 7600 3253 8244 16276
5 7567 5103 8370 16277
5 3166 7734 7985 16278
5 5633 6973 8564 16279
5 4235 7313 8619 16280
5 7787 5425 8511 16281
5 4225 7109 8385 16282
5 1886 7633 8132 16283
5 7924 4809 8203 16284
5 7856 3593 8063 16285
5 7414 1369 8531 16286
5 1360 7083 8050 16287
5 6904 7799 8269 16288
5 6495 7427 8050 16289
5 7427 6798 8050 16290
5 7496 5278 8318 16291
5 4588 6871 8038 16292
5 5473 7466 8347 16293
5 6938 8116 8302 16294
5 4860 7403 8355 16295
5 2994 7726 8304 16296
5 7504 4371 8222 16297
5 7062 7816 8185 16298
5 6845 1375 8562 16299
5 4869 8061 8574 16300
5 8018 1657 8384 16301
5 3664 7409 8532 16302
5 8088 2785 8089 16303
5 3900 7316 8470 16304
5 6552 7809 8306 16305
5 7696 4777 8327 16306
5 4700 7478 8377 16307
5 4460 6956 8203 16308
5 7398 8399 8615 16309
5 4787 7783 8476 16310
5 7480 5558 8123 16311
5 2761 8115 8311 16312
5 7379 2166 8400 16313
5 7597 5346 8449 16314
5 4465 7611 7838 16315
5 8427 1726 8619 16316
5 7497 4858 7720 16317
5 5544 7945 8613 16318
5 5343 7721 7930 16319
5 7820 6523 8096 16320
5 7768 4781 7824 16321
5 8085 4603 8491 16322
5 7572 1327 8488 16323
5 7817 4559 8372 16324
5 7921 5260 8461 16325
5 4294 7628 8503 16326
5 7998 5124 8281 16327
5 7359 5267 8530 16328
5 7626 1195 8394 16329
5 4954 7714 7957 16330
5 6098 7962 8148 16331
5 5094 7581 8350 16332
5 5975 7081 8536 16333
5 2973 7781 8405 16334
5 7596 5353 8042 16335
5 4400 7829 8344 16336
5 2432 6672 8406 16337
5 5309 7572 8488 16338
5 8056 6735 8454 16339
5 6422 7277 8448 16340
5 7277 4425 8448 16341
5 7025 7805 7987 16342
5 8162 831 8563 16343
5 1489 7384 8229 16344
5 2166 6691 8400 16345
5 5417 8008 8150 16346
5 7304 4723 8408 16347
5 8440 5772 8501 16348
5 4404 7925 8447 16349
5 1195 6804 8394 16350
5 8294 1453 8485 16351
5 7419 6050 8588 16352
5 2698 7715 8319 16353
5 7800 2186 8500 16354
5 8184 5711 8297 16355
5 5619 8109 8415 16356
5 4408 7879 8175 16357
5 8236 6412 8383 16358
5 8412 4805 8431 16359
5 8012 5768 8073 16360
5 7932 6736 8567 16361
5 7357 4623 8563 16362
5 5752 7712 8181 16363
5 8459 1025 8460 16364
5 8146 4732 8524 16365
5 2250 8084 8103 16366
5 8190 4585 8193 16367
5 4347 7646 8475 16368
5 5104 7820 8096 16369
5 8470 7361 8495 16370
5 7906 4355 8581 16371
5 1791 8128 8560 16372
5 8213 5388 8343 16373
5 8399 4337 8615 16374
5 7313 8427 8619 16375
5 7693 5254 8593 16376
5 5076 7626 8394 16377
5 5383 7932 8567 16378
5 8116 4730 8302 16379
5 4877 8075 8375 16380
5 8078 5327 8117 16381
5 8539 4941 8548 16382
5 6659 7580 8390 16383
5 4697 8161 8277 16384
5 5126 8085 8491 16385
5 8087 4817 8597 16386
5 4740 7974 8432 16387
5 8495 7269 8587 16388
5 7580 5228 8308 16389
5 3043 8138 8464 16390
5 8075 1194 8375 16391
5 8007 4722 8474 16392
5 4509 7868 8612 16393
5 8048 4938 8524 16394
5 5427 8459 8460 16395
5 5020 8236 8383 16396
5 2964 8539 8548 16397
5 7974 4740 8568 16398
5 7945 3220 8613 16399
5 1487 6847 6942 16400
5 7437 2871 7816 16401
5 3765 5231 7257 16402
5 4098 5105 8044 16403
5 4116 7263 7264 16404
5 4126 4395 7617 16405
5 4719 4721 8154 16406
5 5211 7275 7276 16407
5 5438 6674 6827 16408
NPOIN= 8620
0 0 0
1.000328251414769 0.001540414232829043 1
-3 -3 2
11 -3 3
11 3 4
-3 3 5
-0.001033972894578163 0.002808784843743566 6
-0.001683668221316728 0.005730487326118156 7
-0.001951536353435523 0.008711796203520607 8
-0.001863287644383963 0.01170417001917419 9
-0.001458424312472303 0.01467070358718829 10
-0.000780598036371301 0.01758731338402409 11
0.0001287934988827001 0.02044046641659353 12
0.001233554343954722 0.02322399230851043 13
0.002503386099726156 0.02593633541388243 14
0.003913429293305465 0.02857860805607546 15
0.005443483631189763 0.0311533228802434 16
0.007077120388969719 0.03366364515921146 17
0.008800946004495375 0.03611297021453901 18
0.01060395427929684 0.03850463255790155 19
0.01247705700020137 0.04084183290323335 20
0.01441267507229156 0.04312754946354053 21
0.01640444064476532 0.0453645254404952 22
0.01844696776519081 0.04755526434279898 23
0.02053566174536149 0.0497020433042599 24
0.02266656893476048 0.051806936741913 25
0.02483626807205465 0.05387183036613163 26
0.02704179617720591 0.05589841720336595 27
0.02928053418107182 0.05788825993402175 28
0.03155019522297887 0.05984276287067694 29
0.03384874117743877 0.06176321731796006 30
0.03617436494273425 0.06365079471750798 31
0.03852544182199667 0.06550657554347376 32
0.04090052599579878 0.06733153302460083 33
0.04329829147803961 0.06912658905961275 34
0.04571755994313617 0.0708925569025443 35
0.04815724583385866 0.07263021704406872 36
0.05061635542205786 0.07434027750613503 37
0.05309399311340735 0.07602338195429875 38
0.05558932459370935 0.07768014311036159 39
0.05810157752983107 0.07931113201693223 40
0.06063004865020745 0.08091686498650638 41
0.06317408447928541 0.08249782433762788 42
0.06573307032035215 0.08405446859978781 43
0.06830643385855573 0.08558722910275481 44
0.07089364507179197 0.08709649867206645 45
0.07349420724207378 0.08858264627349842 46
0.07610765400689622 0.09004601890649486 47
0.07873354479752449 0.09148694227896401 48
0.08137146291050022 0.09290572815706154 49
0.08402101564885789 0.09430266748990331 50
0.08668183165291847 0.09567803102141162 51
0.08935356073575855 0.09703207558238786 52
0.09203586736250702 0.09836504256950725 53
0.09472843434056688 0.0996771614885118 54
0.09743095805886753 0.1009686490674195 55
0.1001431487142573 0.1022397107612981 56
0.1028647293412158 0.1034905415269329 57
0.1055954336613576 0.1047213259708922 58
0.1083350076439191 0.1059322400984067 59
0.1110832067215114 0.1071234509942218 60
0.1138397945713968 0.108295117195691 61
0.1166045454643667 0.109447390498475 62
0.1193772405864387 0.1105804151188351 63
0.1221576683610548 0.1116943285414322 64
0.1249456251874948 0.1127892624386586 65
0.1277409135437126 0.1138653424844624 66
0.1305433417138562 0.1149226888027074 67
0.133352723888906 0.1159614165083228 68
0.1361688803911903 0.1169816362373436 69
0.1389916357867557 0.1179834538790498 70
0.1418208193702552 0.1189669711646232 71
0.1446562657244281 0.1199322862198497 72
0.1474978120861146 0.1208794930046544 73
0.1503453010089608 0.1218086825405948 74
0.1531985786308991 0.1227199426066749 75
0.1560574942738428 0.1236133578908968 76
0.1589219005555584 0.124489009986347 77
0.1617916540355675 0.1253469741681999 78
0.1646666150428006 0.1261873257892196 79
0.1675466443205579 0.1270101384350712 80
0.1704316066663402 0.1278154839888637 81
0.1733213692706381 0.1286034323146266 82
0.1762158014329331 0.1293740513502722 83
0.1791147746420473 0.1301274072881349 84
0.18201816314643 0.1308635648592956 85
0.1849258431612949 0.1315825830775791 86
0.1878376949060841 0.1322845176634984 87
0.1907535978468993 0.1329694282821071 88
0.1936734335813876 0.1336373735586567 89
0.1965970861160553 0.1342884111660043 90
0.1995244400096981 0.1349225974912876 91
0.2024553820832764 0.1355399876410675 92
0.205389802840528 0.1361406271086831 93
0.2083275926719078 0.136724565700759 94
0.2112686427206197 0.1372918560891137 95
0.214212845664431 0.137842550284392 96
0.2171600947731698 0.1383766995064003 97
0.2201102862229847 0.1388943527238311 98
0.2230633181752657 0.1393955480984756 99
0.2260190887415805 0.1398803330672435 100
0.2289774958840249 0.140348756548217 101
0.2319384401127229 0.1408008672444357 102
0.2349018222849036 0.141236712756477 103
0.2378675463355546 0.1416563287199044 104
0.2408355152358141 0.1420597575091137 105
0.2438056335895893 0.1424470464652499 106
0.2467778060390341 0.1428182424814214 107
0.249751938765359 0.1431733908448988 108
0.2527279404853154 0.143512523964225 109
0.2557057185691932 0.1438356844854078 110
0.2586851821247729 0.1441429187522421 111
0.2616662405326003 0.1444342727765697 112
0.2646488048303997 0.1447097862967104 113
0.2676327869344189 0.1449694917448604 114
0.2706180992634553 0.1452134347314379 115
0.2736046539230199 0.1454416610482084 116
0.2765923650932324 0.1456542147257165 117
0.279581148098571 0.1458511262769087 118
0.282570917746448 0.1460324380281817 119
0.2855615902146413 0.1461981959644771 120
0.2885530818490482 0.1463484454153179 121
0.2915453108040515 0.1464832186764807 122
0.2945381951302428 0.1466025552142771 123
0.2975316534685865 0.1467065013078196 124
0.3005256054195857 0.1467951028064421 125
0.3035199712181421 0.1468683933785967 126
0.3065146719662254 0.1469264117873045 127
0.3095096287838834 0.1469692047458676 128
0.3125047641536217 0.1469968183552592 129
0.3155000009015763 0.1470092863277733 130
0.318495262603267 0.1470066073222083 131
0.3214904722782339 0.1469888225301873 132
0.3244855525818479 0.1469556459041487 133
0.3274805080384786 0.1469126425196736 134
0.3304753465221837 0.1468620913361415 135
0.3334700614937157 0.146804679871972 136
0.3364646347557687 0.1467402985485822 137
0.3394590510619211 0.1466689967132161 138
0.3424532960584272 0.1465908235009734 139
0.3454473550976828 0.1465058268932714 140
0.3484412139948684 0.1464140539149757 141
0.3514348591748453 0.1463155507170303 142
0.3544282768366269 0.1462103632528483 143
0.3574214538933041 0.1460985371054857 144
0.3604143772005489 0.1459801164401301 145
0.3634070343518966 0.1458551445896497 146
0.3663994123931309 0.1457236643465813 147
0.3693914995507893 0.1455857190563351 148
0.3723832837108938 0.1454413504582482 149
0.3753747529095738 0.1452905993105334 150
0.3783658958096451 0.1451335056244569 151
0.3813567011389498 0.1449701102437079 152
0.3843471576733939 0.1448004530098406 153
0.3873372546615252 0.1446245722508738 154
0.3903269814936947 0.1444425055823572 155
0.3933163275075829 0.1442542911775449 156
0.3963052826726238 0.144059967320696 157
0.3992938366920202 0.1438595701204811 158
0.402281979826134 0.1436531349705523 159
0.4052697022561875 0.1434406975872546 160
0.4082569944236049 0.1432222947291485 161
0.4112438470626977 0.1429979604691601 162
0.4142302508827944 0.14276772814279 163
0.4172161968210348 0.1425316312827647 164
0.4202016761309435 0.1422897050791315 165
0.4231866799307736 0.142041981770644 166
0.4261711996397696 0.1417884927370223 167
0.4291552268485667 0.1415292695688335 168
0.4321387533725421 0.1412643459471071 169
0.4351217709246006 0.1409937523414576 170
0.4381042715748426 0.1407175182867815 171
0.4410862471276993 0.1404356736901047 172
0.4440676902795418 0.1401482507549801 173
0.4470485931575441 0.1398552782321731 174
0.4500289481905737 0.1395567839377552 175
0.4530087479879201 0.1392527962605677 176
0.4559879854040371 0.1389433460342394 177
0.4589666532180871 0.1386284602863688 178
0.4619447442499293 0.1383081652026154 179
0.4649222515283245 0.1379824879261581 180
0.4678991684504712 0.137651457866082 181
0.4708754881463291 0.1373151003868607 182
0.4738512037694978 0.1369734401348756 183
0.4768263088152664 0.1366265032594573 184
0.4798007970985921 0.1362743176629185 185
0.4827746620891892 0.1359169071096664 186
0.4857478973001681 0.1355542947826074 187
0.4887204966443613 0.1351865061168979 188
0.4916924542522306 0.1348135673444701 189
0.4946637639013008 0.1344355007351604 190
0.4976344194111085 0.1340523280934177 191
0.500604415115784 0.1336640744046596 192
0.5035737454026342 0.1332707640134143 193
0.5065424043023029 0.132872417838043 194
0.5095103859440567 0.132469056455583 195
0.5124776850514959 0.1320607044227141 196
0.5154442962134766 0.1316473841818833 197
0.5184102137179554 0.1312291153867195 198
0.5213754319424118 0.1308059175766985 199
0.5243399459693759 0.1303778147548862 200
0.5273037505459451 0.1299448275671011 201
0.5302668401772402 0.1295069744708416 202
0.5332292094949719 0.1290642741342349 203
0.5361908538853686 0.1286167498436442 204
0.5391517682314356 0.1281644205939698 205
0.5421119472279604 0.1277073037104381 206
0.5450713857472221 0.1272454171179839 207
0.5480300794274359 0.1267787832278078 208
0.5509880232668309 0.1263074195531379 209
0.5539452121767783 0.1258313423391595 210
0.5569016412064535 0.125350568839273 211
0.5598573061884258 0.1248651204808128 212
0.5628122022061972 0.1243750134711506 213
0.5657663243967188 0.1238802630269746 214
0.5687196679318232 0.1233808857201052 215
0.5716722288146129 0.1228769019599206 216
0.574624002400943 0.1223683267777031 217
0.5775749836049163 0.1218551744886693 218
0.5805251681208745 0.1213374608090891 219
0.5834745519019638 0.1208152052182589 220
0.5864231303293685 0.120288421763224 221
0.589370898730723 0.1197571237957344 222
0.5923178525320585 0.1192213261370021 223
0.5952639880509851 0.1186810473747284 224
0.5982093007215816 0.1181363007179961 225
0.6011537858822052 0.1175870986706519 226
0.6040974391329804 0.1170334548714865 227
0.6070402568962163 0.1164753871583416 228
0.609982234662765 0.115912908091098 229
0.6129233677901437 0.1153460293665854 230
0.6158636519490865 0.1147747632899804 231
0.6188030836728415 0.1141991268903686 232
0.6217416584731172 0.1136191323807962 233
0.6246793720077708 0.1130347906341562 234
0.6276162197022003 0.112446112668413 235
0.6305521980057098 0.1118531143089043 236
0.6334873028784074 0.1112558078446632 237
0.6364215298639799 0.1106542034409749 238
0.6393548743786771 0.110048311089836 239
0.6422873329370474 0.1094381442467402 240
0.6452189014702123 0.1088237162516669 241
0.6481495756018628 0.1082050365556042 242
0.6510793510794551 0.1075821143975049 243
0.6540082234846785 0.1069549603306523 244
0.6569361894657652 0.1063235885143323 245
0.6598632449873836 0.1056880081706794 246
0.6627893853230241 0.1050482279836268 247
0.6657146060315586 0.1044042564645117 248
0.6686389038469128 0.1037561059784198 249
0.6715622746017686 0.1031037873470689 250
0.6744847138475603 0.1024473085609432 251
0.6774062173145889 0.101786677416574 252
0.6803267807051748 0.1011219023023249 253
0.6832464005173048 0.1004529955873545 254
0.6861650725409324 0.09977996555244391 255
0.6890827922445749 0.09910281944868027 256
0.6919995556044196 0.09842156427115623 257
0.6949153577375676 0.09773620828735813 258
0.6978301959003241 0.0970467625248744 259
0.7007440652530954 0.09635323417210177 260
0.7036569613849802 0.09565562973044574 261
0.7065688797441315 0.0949539556106898 262
0.7094798165039121 0.09424821872402515 263
0.7123897674202232 0.09353842942928106 264
0.7152987285793003 0.0928245941746023 265
0.7182066953749298 0.09210671881221244 266
0.7211136633925935 0.09138480903305291 267
0.7240196279230771 0.09065887052113672 268
0.7269245850341697 0.08992891164261353 269
0.7298285307072172 0.08919493957461611 270
0.7327314605566804 0.08845695943234538 271
0.7356333698858744 0.08771497630256489 272
0.7385342536742397 0.08696899525227832 273
0.7414341081500129 0.08621902104142569 274
0.744332928732224 0.08546506129637217 275
0.7472307110676459 0.08470712173015274 276
0.750127451141296 0.08394520657561838 277
0.7530231434468374 0.08317932035587371 278
0.7559177837046522 0.08240946717218485 279
0.7588113671757742 0.08163565114871792 280
0.7617038889792042 0.08085787705327886 281
0.7645953453908565 0.08007615086466362 282
0.7674857314740896 0.07929047647497654 283
0.7703750426759843 0.07850085736423586 284
0.7732632735593112 0.07770729715348988 285
0.7761504197412976 0.07690979907452078 286
0.7790364762703234 0.07610836641394361 287
0.7819214380665023 0.07530300239359768 288
0.7848053005912182 0.07449371064147817 289
0.7876880592048756 0.07368049533772349 290
0.7905697088385791 0.07286335922288797 291
0.7934502445422077 0.07204230484763191 292
0.796329661081272 0.0712173347337275 293
0.7992079537750072 0.07038845113241399 294
0.8020851170245533 0.06955565644535433 295
0.8049611462042714 0.06871895267739649 296
0.8078360357383144 0.06787834199056186 297
0.810709780410223 0.06703382632227783 298
0.813582375419688 0.06618540736270748 299
0.8164538148461024 0.06533308701228797 300
0.8193240944250719 0.06447686686431513 301
0.8221932078133263 0.06361674873881928 302
0.8250611505414038 0.06275273354627274 303
0.8279279163077524 0.06188482261698633 304
0.8307935002778694 0.0610130167062303 305
0.8336578964325181 0.06013731679386887 306
0.8365210995630119 0.05925772347683765 307
0.8393831037330334 0.05837423743758581 308
0.8422439036487198 0.05748685902249527 309
0.8451034931182254 0.05659558871802307 310
0.8479618669979962 0.05570042654692751 311
0.850819019137959 0.05480137271009379 312
0.8536749437641992 0.05389842715869128 313
0.8565296349862294 0.0529915897526341 314
0.8593830869080141 0.05208086023220566 315
0.8622352988232217 0.05116623655677072 316
0.8650862487678685 0.05024772341751978 317
0.8679359469530055 0.0493253148339234 318
0.8707843811181563 0.04839901139539779 319
0.8736315457412782 0.04746881185554532 320
0.8764774339333201 0.04653471535509663 321
0.8793220395287783 0.04559672073885187 322
0.8821653564167095 0.0446548268064685 323
0.8850073784907441 0.04370903237087128 324
0.8878480991825903 0.04275933646616276 325
0.8906875121711482 0.04180573817534983 326
0.8935256109197593 0.04084823461771103 327
0.8963623877624379 0.03988682213442103 328
0.8991978363372026 0.03892149940256195 329
0.9020319501843672 0.0379522655198002 330
0.9048647230153992 0.03697912004193922 331
0.907696148378891 0.03600205882422778 332
0.9105262168555164 0.03502107676127011 333
0.9133549235362136 0.03403617335746111 334
0.916182262526843 0.03304734931867973 335
0.919008224610242 0.03205459697559408 336
0.9218328016781867 0.03105791363520626 337
0.9246559911513784 0.03005730097057486 338
0.9274777805461127 0.02905275090958218 339
0.9302981629795394 0.02804426178093772 340
0.9331171350507518 0.02703183357642059 341
0.9359346856159459 0.0260154555459216 342
0.9387508115087423 0.02499513238893998 343
0.9415654992932311 0.02397085245636506 344
0.9443787458638162 0.02294262025511042 345
0.9471905392795192 0.02191042461593059 346
0.950000876338314 0.02087426614105461 347
0.9528097461436884 0.01983414081041899 348
0.9556171424331865 0.01879003951674527 349
0.9584230563619318 0.01774196254368715 350
0.9612274789886801 0.01668990620120808 351
0.9640304044323322 0.01563386370380612 352
0.9668318240495529 0.01457383035382023 353
0.9696317265004318 0.01350980265976329 354
0.9724301069442334 0.01244177454639636 355
0.975226956144834 0.01136974236650013 356
0.9780222668312261 0.01029370225954825 357
0.9808160251090061 0.009213645746316662 358
0.9836082289788677 0.008129571417293934 359
0.9863988661676533 0.00704147189875353 360
0.9891879268972902 0.005949341999312193 361
0.9919754063081914 0.00485317761280244 362
0.9947612937152897 0.003752970317896403 363
0.9975455792324623 0.002648718254919045 364
0.9996900318608091 -0.001390314071831134 365
0.9972317359739004 -0.001443109161990606 366
0.9942346605216404 -0.001324495834493884 367
0.9912375453382828 -0.001206890337630979 368
0.98824038875898 -0.001090302899052623 369
0.9852431957013887 -0.0009747441779990701 370
0.9822459610084733 -0.0008602234101014813 371
0.9792486864765055 -0.0007467504919310355 372
0.9762513724916704 -0.0006343361506466496 373
0.9732540175971418 -0.0005229886374881271 374
0.9702566240964293 -0.0004127190112527843 375
0.9672591903803787 -0.0003035357208185199 376
0.9642617164704209 -0.000195448097613263 377
0.9612642040464421 -8.846558359124247e-05 378
0.9582666497523938 1.740289695508885e-05 379
0.9552690589909637 0.0001221484265132574 380
0.9522714257393855 0.0002257624875486199 381
0.9492737571388117 0.0003282352661380675 382
0.9462760455779492 0.0004295587484312066 383
0.9432782989599037 0.0005297255152085482 384
0.9402805110808805 0.0006287258297649251 385
0.9372826846204922 0.0007265518290147051 386
0.9342848206523425 0.0008231965985016228 387
0.9312869181569196 0.0009186501143925869 388
0.9282889779857907 0.001012906996583265 389
0.9252909998461711 0.001105957227114269 390
0.922292985452421 0.001197795099701406 391
0.9192949325265376 0.001288412592443978 392
0.9162968430822355 0.001377801280498217 393
0.9132987172362285 0.00146595644221558 394
0.9103005552316064 0.001552868982506175 395
0.9073023570273635 0.001638532235723584 396
0.9043041234822877 0.001722941156120454 397
0.9013058543922648 0.001806087772873459 398
0.8983075506938423 0.001887964807669015 399
0.895309212296322 0.00196856773376165 400
0.8923108394897988 0.002047890220343011 401
0.8893124334663028 0.002125925520836944 402
0.8863139934067683 0.002202667310666856 403
0.8833155210008762 0.002278110192808742 404
0.8803170159535857 0.002352249519832708 405
0.8773184786859213 0.002425079489104022 406
0.8743199096417632 0.002496594533075915 407
0.8713213093658218 0.002566789327877654 408
0.868322678841301 0.002635658765671357 409
0.8653240174110405 0.002703197985267094 410
0.8623253269090814 0.002769402602830182 411
0.8593266067849924 0.002834268330970792 412
0.8563278579244872 0.002897790665038186 413
0.8533290806885065 0.002959965300588632 414
0.8503302759556168 0.003020788103976993 415
0.8473314438551175 0.003080255132542865 416
0.8443325852580104 0.003138362599837469 417
0.8413337001040705 0.003195106905176232 418
0.8383347898620924 0.003250484584201987 419
0.8353358546930947 0.003304492361198418 420
0.8323368948286498 0.003357127121311562 421
0.8293379111930961 0.003408385899900503 422
0.8263389046932922 0.003458265895967835 423
0.8233398752207973 0.003506764488637083 424
0.8203408234573523 0.003553879207814107 425
0.8173417504393883 0.003599607743776409 426
0.8143426568894485 0.00364394795916667 427
0.8113435428234286 0.003686897895400302 428
0.8083444088425409 0.003728455755129168 429
0.8053452562481533 0.003768619903857181 430
0.8023460853923721 0.00380738889429911 431
0.7993468964985062 0.003844761455913071 432
0.7963476908304106 0.003880736482567959 433
0.7933484682490896 0.003915313064211931 434
0.7903492302120898 0.003948490452652696 435
0.7873499772303858 0.003980268093034995 436
0.7843507295397053 0.004010645418344914 437
0.7813514280120338 0.004039622830679466 438
0.7783521329025241 0.004067199714123936 439
0.7753528256270359 0.004093376183500991 440
0.7723535064083746 0.004118152514904744 441
0.7693541760301075 0.004141529240004499 442
0.7663548350011279 0.004163507086219516 443
0.7633554839292411 0.004184086974084328 444
0.7603561237269942 0.004203270016422008 445
0.7573567547491127 0.004221057523906159 446
0.7543573780422195 0.004237450996885372 447
0.751357994058986 0.004252452132509683 448
0.7483586032898084 0.004266062751853318 449
0.7453592065644827 0.004278284510062946 450
0.7423598046350226 0.004289119623474817 451
0.7393603978131865 0.004298570586214474 452
0.7363609872075967 0.004306640088673229 453
0.7333615730849278 0.004313331020951097 454
0.7303621561506028 0.00431864646701147 455
0.7273627370965092 0.004322589703990492 456
0.7243633166088173 0.004325163970319224 457
0.7213638953219852 0.004326372593922413 458
0.718364473683106 0.004326219499280103 459
0.7153650524556506 0.004324708813532563 460
0.712365632326324 0.004321844858300583 461
0.7093662137134201 0.004317632146044904 462
0.7063667972435761 0.004312075359420104 463
0.703367383606056 0.004305179046827398 464
0.7003679732601721 0.004296948252504602 465
0.6973685669009699 0.004287388374842755 466
0.6943691649744652 0.004276505001134308 467
0.6913697682838237 0.004264303905731373 468
0.6883703771189785 0.004250791032501129 469
0.6853709920313735 0.004235972324638134 470
0.6823716138775699 0.004219854168662668 471
0.6793722427823824 0.00420244325099026 472
0.6763728795292324 0.004183746443684122 473
0.6733735244122683 0.004163770793701745 474
0.6703741780506118 0.004142523514812127 475
0.6673748409662984 0.00412001207466574 476
0.6643755135658082 0.004096244275112534 477
0.6613761961795087 0.004071228103029977 478
0.6583768896220115 0.004044971722441791 479
0.6553775938577349 0.004017483471611643 480
0.6523783097505355 0.003988772125168277 481
0.6493790374813153 0.003958846674993196 482
0.6463797774409381 0.003927716244347224 483
0.6433805300174427 0.003895390124607914 484
0.6403812955468493 0.003861877784199552 485
0.6373820746864947 0.003827189355656798 486
0.6343828673684474 0.003791335117520112 487
0.6313836741344825 0.003754325348562221 488
0.6283844951375019 0.003716170486922296 489
0.6253853309592734 0.003676881175707748 490
0.6223861816315168 0.003636469031358384 491
0.6193870474674433 0.003594945603016281 492
0.6163879287325359 0.003552322339720563 493
0.6133888256645377 0.003508610851753592 494
0.6103897384479984 0.003463823077327474 495
0.60739066725471 0.003417972273946149 496
0.6043916124265942 0.00337107113844427 497
0.6013925739605198 0.003323132314086161 498
0.5983935520259692 0.003274168608537815 499
0.595394546816449 0.003224193607292814 500
0.5923955583399881 0.00317322209710525 501
0.5893965866853075 0.003121267843426982 502
0.5863976320778143 0.003068344723924082 503
0.5833986944114142 0.00301446680316448 504
0.580399773750652 0.002959649965501602 505
0.577400870101623 0.002903909884889159 506
0.5744019834781631 0.002847261536881802 507
0.5714031138662882 0.002789720068354581 508
0.5684042612207267 0.002731301349780813 509
0.5654054254451757 0.002672023357296372 510
0.5624066064505806 0.002611902443058774 511
0.5594078041321313 0.002550954898524778 512
0.5564090183688188 0.00248919721369584 513
0.5534102489995322 0.002426648200679895 514
0.5504114958811713 0.002363326527955551 515
0.547412758809345 0.00229924967406133 516
0.544414037558996 0.002234435311624714 517
0.5414153319254817 0.002168902126598989 518
0.5384166416513919 0.002102671375508989 519
0.535417966412153 0.002035762038133358 520
0.5324193059799759 0.001968193038221204 521
0.5294206600393998 0.001899983594726143 522
0.5264220282175313 0.001831156096528953 523
0.5234234101652737 0.001761731960291579 524
0.5204248054960134 0.00169173141338213 525
0.5174262138698718 0.001621174916759789 526
0.5144276348385801 0.001550084632408442 527
0.5114290679312327 0.001478485099344308 528
0.5084305127019796 0.001406398045599062 529
0.505431968707711 0.001333845320079927 530
0.5024334354574582 0.00126084934582503 531
0.4994349124126117 0.001187436476167256 532
0.4964363989763861 0.001113630862570069 533
0.4934378946898723 0.001039455816051173 534
0.4904393989772184 0.0009649349317337699 535
0.4874409112039814 0.0008900944866798455 536
0.4844424307671739 0.0008149622178933029 537
0.4814439569973807 0.0007395629950671921 538
0.4784454893201079 0.0006639219831186674 539
0.4754470271098031 0.0005880653117747482 540
0.4724485695984215 0.0005120233940016966 541
0.4694501160564544 0.000435823555329803 542
0.4664516658654134 0.0003594926201291802 543
0.4634532183298076 0.0002830577690861971 544
0.4604547726652189 0.0002065495803253805 545
0.457456328081171 0.0001299993988089198 546
0.4544578838345465 5.343580701478443e-05 547
0.4514594391835567 -2.311222059114644e-05 548
0.4484609933525605 -9.961462161714599e-05 549
0.445462545477819 -0.0001760367297524556 550
0.4424640947648851 -0.000252347178889651 551
0.4394656404524201 -0.0003285150872479239 552
0.4364671817727968 -0.000404509126972927 553
0.4334687176856744 -0.0004802949627431383 554
0.4304702475145641 -0.0005558362993375115 555
0.4274717703769759 -0.0006311001830968126 556
0.4244732854109942 -0.0007060532147100672 557
0.4214747918589147 -0.0007806613044509798 558
0.418476288859474 -0.0008548855621414281 559
0.4154777753312746 -0.0009286890301029194 560
0.412479250659478 -0.001002036088552297 561
0.4094807140009493 -0.001074890571895563 562
0.4064821645006497 -0.001147214938333731 563
0.4034836012509692 -0.001218966996682981 564
0.4004850234512835 -0.001290107956733143 565
0.397486430354553 -0.001360599230271247 566
0.3944878210994422 -0.001430401610739585 567
0.3914891948692824 -0.001499473912716328 568
0.3884905510295713 -0.001567771033908601 569
0.3854918885586543 -0.001635251410784876 570
0.3824932069242495 -0.001701873174915981 571
0.3794945054567827 -0.001767593763518937 572
0.3764957833955282 -0.001832368566450792 573
0.3734970399998304 -0.001896149208107333 574
0.3704982746697235 -0.001958890618058752 575
0.3674994869043956 -0.002020547307280999 576
0.3645006761109192 -0.002081073006307346 577
0.3615018416489287 -0.002140419931558225 578
0.3585029831421384 -0.0021985359404311 579
0.3555041001777898 -0.002255371662317875 580
0.3525051922981033 -0.00231087759080856 581
0.3495062590953191 -0.002365003340705132 582
0.3465073001157756 -0.002417697593688434 583
0.3435083159296445 -0.002468905013075188 584
0.3405093056470042 -0.002518570486569832 585
0.3375102692852964 -0.002566640020499072 586
0.3345112068696024 -0.002613058634509955 587
0.3315121185812054 -0.002657770332097934 588
0.3285130045319846 -0.002700717663014141 589
0.3255138602325484 -0.002741496413794128 590
0.3225147242751308 -0.00278288425559475 591
0.319515684452819 -0.002830642265127469 592
0.3165167943629892 -0.002887096230106985 593
0.3135180638616186 -0.002951415127057526 594
0.310519510697103 -0.003023575310114817 595
0.3075211546315035 -0.003103489059123977 596
0.304523012711204 -0.003191066671787959 597
0.3015251014545793 -0.0032862164020657 598
0.2985274368286933 -0.003388844228040476 599
0.2955300342667095 -0.003498852832004374 600
0.2925329077562343 -0.003616144178738532 601
0.2895360704557632 -0.003740618430407807 602
0.2865395360904904 -0.003872173558043017 603
0.2835433165546373 -0.004010705414704161 604
0.2805474216235599 -0.00415610773524633 605
0.2775518628399104 -0.004308271920366444 606
0.2745566495998028 -0.004467087188119687 607
0.2715617895924315 -0.004632440530013238 608
0.2685672910491974 -0.004804216552039849 609
0.2655731617694565 -0.004982297478855684 610
0.2625794056661452 -0.005166563322528091 611
0.259586029144403 -0.005356891454426518 612
0.2565930361864556 -0.005553156847544176 613
0.2536004297860589 -0.005755231938612106 614
0.2506082124220654 -0.005962986536007439 615
0.24761638582027 -0.006176287768785131 616
0.2446249485766754 -0.006395000191453866 617
0.241633902475859 -0.006618985249353239 618
0.2386432452462757 -0.006848101722345233 619
0.2356529738522217 -0.00708220540311437 620
0.2326630847953843 -0.007321148975758462 621
0.2296735741732272 -0.007564781904014948 622
0.2266844377331471 -0.00781295031142055 623
0.2236956666573641 -0.008065497216367901 624
0.2207072556856081 -0.008322261724752611 625
0.2177191956411327 -0.008583079515837045 626
0.2147314772772513 -0.008847782368102129 627
0.2117440910083051 -0.009116198014615873 628
0.2087570228074334 -0.009388150339313834 629
0.2057702629826475 -0.009663458392822386 630
0.2027837970574416 -0.009941937013106573 631
0.1997976103935726 -0.01022339618613588 632
0.1968116883247752 -0.01050764078919475 633
0.1938260121951898 -0.01079447071010107 634
0.1908405663222918 -0.01108367990215639 635
0.1878553310568472 -0.01137505674567733 636
0.1848702869494102 -0.01166838331993331 637
0.1818854133192032 -0.01196343518564826 638
0.1789006873402099 -0.01225998114800198 639
0.1759160863409577 -0.01255778494744239 640
0.1729315866477039 -0.01285660192300759 641
0.1699471632108327 -0.01315617811793249 642
0.166962789342687 -0.01345625089194459 643
0.1639784384356348 -0.01375654817059295 644
0.1609940814586242 -0.01405678806686801 645
0.1580096893306276 -0.0143566779547047 646
0.1550252318483009 -0.01465591382544361 647
0.152040677288303 -0.0149541832156372 648
0.1490559941853733 -0.01525116329979117 649
0.1460711494083908 -0.01554651225115663 650
0.1430861084919635 -0.01583987317251004 651
0.1401008366786669 -0.01613087287254037 652
0.1371152976852821 -0.01641912091237289 653
0.1341294563802218 -0.01670421820020781 654
0.13114327602405 -0.01698574200537689 655
0.1281567191032984 -0.01726324221953366 656
0.1251697478730822 -0.01753624463938088 657
0.1221823246170779 -0.01780425474373314 658
0.1191944126399799 -0.01806676236117753 659
0.1162059750533233 -0.01832321156561954 660
0.1132169741453126 -0.01857301143635806 661
0.1102273754112605 -0.01881555039166473 662
0.1072371457335493 -0.01905017927386803 663
0.1042462523494417 -0.01927618808966054 664
0.1012546664801865 -0.01949283215271034 665
0.09826236284522984 -0.01969932879508482 666
0.0952693198402353 -0.01989480895442669 667
0.09227552265223965 -0.02007836660465766 668
0.0892809622016368 -0.02024902013020639 669
0.08628563781227057 -0.020405692296743 670
0.08328956228073593 -0.02054725516083052 671
0.08029275826519687 -0.02067244054106098 672
0.07729526741264617 -0.02077991467696796 673
0.07429715026918528 -0.02086817797203518 674
0.07129849381245004 -0.02093563355394431 675
0.06829941529384628 -0.02098048320885814 676
0.06530007157872571 -0.02100078939599237 677
0.06230066755016819 -0.02099437268839369 678
0.05930146949952418 -0.02095883263562256 679
0.05630281769178585 -0.02089150082438948 680
0.05330515496204338 -0.02078936612795066 681
0.05030903968554224 -0.0206490577374455 682
0.04731518915650033 -0.02046677061289293 683
0.0443245234274038 -0.02023818120720502 684
0.04133822443554958 -0.01995835484945352 685
0.03835781400118199 -0.01962163230451883 686
0.03538526728760907 -0.01922149183980156 687
0.03242315610493247 -0.0187503797692989 688
0.02947485921286104 -0.01819950664092347 689
0.02654484692604099 -0.01755860346860066 690
0.02363908077307502 -0.0168156397231514 691
0.02076556306708493 -0.015956546634173 692
0.01793513313372426 -0.01496492378423312 693
0.01516250807095563 -0.01382188680187463 694
0.01246769584557203 -0.01250620463663875 695
0.009877644963629487 -0.01099511873679465 696
0.007427886777450867 -0.009266327564139589 697
0.005163248949965451 -0.007301799817604053 698
0.003136070751418558 -0.005093563955418627 699
0.001400087974517127 -0.002650134654545125 700
-2.702127659574609 -3 701
-2.404255319149217 -3 702
-2.106382978723826 -3 703
-1.808510638298434 -3 704
-1.510638297873043 -3 705
-1.212765957447651 -3 706
-0.9148936170222592 -3 707
-0.6170212765968679 -3 708
-0.3191489361714757 -3 709
-0.02127659574608387 -3 710
0.2765957446793075 -3 711
0.5744680851046993 -3 712
0.8723404255300911 -3 713
1.170212765955482 -3 714
1.468085106380873 -3 715
1.765957446806265 -3 716
2.063829787231656 -3 717
2.361702127657047 -3 718
2.659574468082437 -3 719
2.957446808507827 -3 720
3.255319148933218 -3 721
3.553191489358608 -3 722
3.851063829783998 -3 723
4.148936170210335 -3 724
4.446808510637614 -3 725
4.744680851064893 -3 726
5.04255319149199 -3 727
5.340425531917543 -3 728
5.638297872342932 -3 729
5.936170212768323 -3 730
6.234042553193714 -3 731
6.531914893619103 -3 732
6.829787234044495 -3 733
7.12765957446989 -3 734
7.425531914895283 -3 735
7.723404255320677 -3 736
8.02127659574607 -3 737
8.319148936171462 -3 738
8.617021276596855 -3 739
8.914893617022248 -3 740
9.212765957447642 -3 741
9.510638297873035 -3 742
9.808510638298428 -3 743
10.10638297872382 -3 744
10.40425531914921 -3 745
10.70212765957461 -3 746
11 -2.70000000000111 747
11 -2.400000000002222 748
11 -2.100000000003332 749
11 -1.800000000004443 750
11 -1.500000000005553 751
11 -1.200000000006663 752
11 -0.9000000000077728 753
11 -0.6000000000088832 754
11 -0.3000000000099927 755
11 -1.101607693954065e-11 756
11 0.2999999999900069 757
11 0.5999999999911179 758
11 0.8999999999922284 759
11 1.199999999993338 760
11 1.499999999994449 761
11 1.799999999995559 762
11 2.09999999999667 763
11 2.399999999997779 764
11 2.69999999999889 765
10.70212765957461 3 766
10.40425531914922 3 767
10.10638297872383 3 768
9.808510638298435 3 769
9.510638297873042 3 770
9.212765957447651 3 771
8.914893617022258 3 772
8.617021276596867 3 773
8.319148936171477 3 774
8.021276595746084 3 775
7.723404255320693 3 776
7.4255319148953 3 777
7.127659574469909 3 778
6.829787234044518 3 779
6.531914893619127 3 780
6.234042553193735 3 781
5.936170212768344 3 782
5.638297872342953 3 783
5.340425531917563 3 784
5.042553191492173 3 785
4.744680851066782 3 786
4.446808510641392 3 787
4.148936170216002 3 788
3.851063829789665 3 789
3.553191489362386 3 790
3.255319148935107 3 791
2.95744680850801 3 792
2.659574468082457 3 793
2.361702127657068 3 794
2.063829787231677 3 795
1.765957446806286 3 796
1.468085106380897 3 797
1.170212765955505 3 798
0.8723404255301102 3 799
0.5744680851047175 3 800
0.276595744679323 3 801
-0.02127659574606966 3 802
-0.3191489361714623 3 803
-0.617021276596855 3 804
-0.9148936170222477 3 805
-1.212765957447642 3 806
-1.510638297873035 3 807
-1.808510638298428 3 808
-2.106382978723822 3 809
-2.404255319149213 3 810
-2.702127659574607 3 811
-3 2.70000000000111 812
-3 2.400000000002222 813
-3 2.100000000003332 814
-3 1.800000000004443 815
-3 1.500000000005553 816
-3 1.200000000006663 817
-3 0.9000000000077728 818
-3 0.6000000000088832 819
-3 0.3000000000099927 820
-3 1.101607693954065e-11 821
-3 -0.2999999999900069 822
-3 -0.5999999999911179 823
-3 -0.8999999999922284 824
-3 -1.199999999993338 825
-3 -1.499999999994449 826
-3 -1.799999999995559 827
-3 -2.09999999999667 828
-3 -2.399999999997779 829
-3 -2.69999999999889 830
0.2312165302802758 -0.009901384384221721 831
0.3570951925188953 -0.004695133489472812 832
0.4411043028689712 -0.002708287693516003 833
0.530979054120454 -0.0006628152415664129 834
0.6269870054438046 0.001139010127650528 835
0.7258677787722499 0.00168612362229238 836
0.8247975321781112 0.0008929455438114857 837
0.923755446704517 -0.001125021084320923 838
0.1477810699856577 -0.01788113721382656 839
0.2970692356056743 -0.006062453155081409 840
0.2642337778491208 -0.007634484984993223 841
0.952299228838145 0.02276995039690996 842
0.8900936460217186 0.04474154110068287 843
0.8272335538016276 0.06475959808141364 844
0.7638274723662286 0.08297426899423264 845
0.6998877437426154 0.09922348320675917 846
0.6356125502157364 0.1138141250597828 847
0.5735885546192743 0.1251789251877065 848
0.5116308633498639 0.1348665145953289 849
0.4489619026195889 0.1423663556593843 850
0.3890699906492486 0.1473427018498391 851
4.004913446857459 -2.754131810958421 852
3.716379896144096 2.762165163240767 853
2.817371848230659 -2.769967226394348 854
5.176667787244111 2.775948704989422 855
6.6727965001126 -2.693541928723558 856
7.878546350962429 2.758005386991189 857
5.189108841116887 -2.734460984384051 858
6.381457368700073 2.740765541861746 859
7.87219543656464 -2.742031616844529 860
2.516985619663576 2.763164510601364 861
10.74535904379837 0.1411276848047449 862
-1.066930946605272 -2.752830642556596 863
-1.062179273912579 2.760506034730832 864
-2.752085834431474 -1.049638449722055 865
-2.733966195013956 0.993640089924853 866
1.617021276593569 -2.742034986106885 867
1.617021276593592 2.742034986106887 868
0.7234042553173952 -2.742034986106884 869
-0.1612243276646493 -2.73334325264086 870
-2.707969320044385 -0.1760028356279736 871
-0.1675668435194243 2.737308716198714 872
0.7223923819867761 2.765392509371553 873
10.73822084904102 -1.054956563642051 874
9.025543265660486 2.753320380459942 875
9.063836560382516 -2.742002784340624 876
10.75851057018743 1.057453964033606 877
-2.747286281369231 -1.934466243916931 878
10.74810479064868 1.947692524703818 879
-2.747747281583516 1.956028601268845 880
10.75573442936224 -1.986330308938003 881
-1.947896274874956 2.739008200652317 882
-1.932621153182701 -2.741098240764555 883
9.927213553705942 2.728844166485673 884
9.95744680851112 -2.758640491945687 885
-2.74920526978751 0.4374437022472458 886
2.212765957444351 -2.742034986106885 887
3.101267932635701 2.745384409300416 888
3.381541502035818 -2.755874143071346 889
4.297872340428698 2.742034986106886 890
4.607223765016592 -2.743249715003236 891
5.793955931091524 -2.768901185147275 892
10.75263490764086 -0.449968441482092 893
5.786589645571831 2.742079996814832 894
6.949646839367805 2.741680249852778 895
7.284999108007264 -2.74899035964419 896
8.461821141097221 2.748547491443571 897
8.468085106384157 -2.742034986106884 898
-2.706703468195658 -2.528959309022268 899
10.74019237886371 2.549999999998334 900
10.77764114872621 -2.551122374604903 901
-2.730285203288501 2.535993922697847 902
-2.745126740933385 0.1431419844371031 903
-2.5115096183649 0.2893136944114105 904
-2.50653105311884 0.5566789980400118 905
-2.291104624030155 0.4164178422104688 906
-2.278576106056089 0.6592486176110546 907
-2.083055701766698 0.5267189542674411 908
-2.091051254023604 0.3022290314153562 909
-1.902534354362872 0.4076250684310669 910
-1.908079264052921 0.2028796524504479 911
-1.737665829619259 0.2949024282919048 912
-1.743120238662023 0.1080723307528752 913
-1.586198224317887 0.1881240700335158 914
-1.590816700312975 0.01740164279475647 915
-1.443561963784421 0.09731722984897875 916
-1.447728700388965 -0.0682035205841733 917
-1.436648354201397 0.2589117803665019 918
-1.302140637867843 0.17329060179765 919
-1.294559372360071 0.3245615097505021 920
-1.1678880989619 0.2444986302368282 921
-1.160588340908699 0.3897875692931858 922
-1.042961633832182 0.3125057856357301 923
-1.050924362872057 0.1786209126733524 924
-1.033263400648981 0.4549546143327466 925
-0.9387537099203361 0.2392698749264662 926
-0.9435388008823677 0.1199847535782474 927
-0.8457110593531332 0.1694073741840743 928
-0.8490738542936557 0.06565772847124385 929
-0.7610933458657589 0.1090592228432504 930
-0.764496517152585 0.01478632041767112 931
-0.6831211675203805 0.0583099718765047 932
-0.6856102493996918 -0.03312117476472607 933
-0.6781365468628566 0.1457512677723256 934
-0.6076450944782901 0.09960184870607493 935
-0.6014697119956345 0.1783117802822225 936
-0.536733887011677 0.1362918355407429 937
-0.5318658157888548 0.2101366856557799 938
0.03570173607669133 0.06666545626121925 939
0.05797520773840123 0.08230371842279653 940
0.02235188676671056 0.05504568378270298 941
0.004029444253931008 0.03385517990120612 942
-0.4746448279965726 0.1702351713857046 943
-0.4678109612387467 0.2425703847955991 944
0.09765211682506955 0.1040251485002439 945
0.07839947017422298 0.09512970332176672 946
-0.4772581277513923 0.1017930808623332 947
-0.4131478387953299 0.1391132423955901 948
-0.421140836030723 0.07300113537942909 949
-0.3703995556378473 0.09617082152017604 950
-0.3741679121686604 0.04407971306462917 951
-0.3286720368197145 0.06613858575517997 952
-0.3324445475636589 0.01846032608355332 953
-0.3247923701782251 0.1143453510653229 954
-1.146688330737424 0.5359697844150324 955
-0.9957457568453874 0.615806629320764 956
-1.135293707116333 0.6918430876234455 957
-1.000953422549107 0.7724100962838785 958
-0.7662212491850908 -0.07891571246681353 959
-0.6863841904467709 -0.1281244581223793 960
-0.7701438928819156 -0.1757898960256333 961
-0.6875276241570596 -0.2245052304562696 962
-0.7753090181331799 -0.2788337037732181 963
-0.6858086483205199 -0.331020189882565 964
-0.7799688550320308 -0.3876818212333299 965
-0.6838459236649859 -0.4469323246600268 966
-0.7863088978152337 -0.506196500351717 967
-0.6819929839878538 -0.5687366336470473 968
-0.7917818674015619 -0.6310215646549351 969
-0.6799501098005512 -0.6970299122118284 970
-0.5615082709280967 -0.6216605628306949 971
0.0969403315639675 -0.02246637015872612 972
0.120915706869071 -0.0205231159460274 973
-0.5657562165839254 -0.7598387772435078 974
-0.4527643049844208 -0.6973674115690731 975
-0.7959205791011901 -0.7657060627976009 976
-0.4540420367936185 -0.8249737219511666 977
-0.3454451171250912 -0.7638479129157966 978
-0.3433790472022761 -0.8888164745273707 979
-0.2339881469952857 -0.8284807958688136 980
-0.2323370298317879 -0.9522611391681917 981
-0.1210213120674162 -0.8889131210923088 982
-0.1207969058152114 -1.015809196046789 983
-0.01171561118202255 -0.9500131738321316 984
-0.01280885189994099 -0.8288138529093799 985
0.08888258483969907 -0.886438004144822 986
0.08421319809367429 -0.7723267736996712 987
0.1821104894535893 -0.8243288230803025 988
0.05774467503352874 -0.02349251966741729 989
0.07556152556914085 -0.02344329527253435 990
0.189904298907968 -0.9355050665597124 991
0.2814480888935088 -0.8730449981388613 992
0.2736829068971877 -0.7674259257359464 993
0.3711629563786712 -0.8136527190457932 994
0.3792672484653459 -0.9192560651779629 995
0.4677978917124941 -0.8576226080024956 996
0.9806017062333626 -0.003272082733679421 997
0.9535338796243887 -0.002651616845946727 998
0.4779512222332756 -0.9617457183040606 999
0.5630604112323906 -0.8984947019792366 1000
0.5524594979658322 -0.7956184800596809 1001
0.6438324313841299 -0.8370713580876481 1002
0.6779670229348131 0.001587701868972526 1003
0.6540209508183533 0.001164480810712788 1004
0.6987437960705588 0.001641931781356243 1005
0.5792967681641863 0.0004044924020642643 1006
0.555181226258274 -0.0002372937222593939 1007
0.5997963380416638 0.0005837468714554939 1008
0.6564191646322131 -0.933308257284255 1009
0.7357844233258728 -0.872023263659562 1010
0.7236373569079062 -0.783757977489775 1011
0.814936815015723 -0.8160002561387106 1012
0.8757572603203249 -0.0001359999010133567 1013
0.8999559536073223 -0.0005794477318179883 1014
0.851645914986186 0.0002076638902032546 1015
0.7766193092683162 0.001526672659121365 1016
0.7528445393631685 0.001614312982444307 1017
0.8008141021330207 0.001226794779351245 1018
0.8278936840084434 -0.9067045709919941 1019
0.9020074324197422 -0.8447065646518863 1020
0.9179886315817908 -0.9377309388391515 1021
0.9906083211819368 -0.8742421140265799 1022
0.9702328460847469 -0.7752454344541013 1023
1.056136855205919 -0.800238938292211 1024
1.076833441878545 -0.8934297339040527 1025
1.140786078726282 -0.8319651397159684 1026
1.123847193888098 -0.7513136045304274 1027
1.206710632670296 -0.776340778303716 1028
1.188120184534378 -0.6949825236097034 1029
1.266045152226532 -0.718418060693551 1030
1.246113822630263 -0.6418955027977784 1031
1.322752242321285 -0.6610725930565111 1032
1.305349247646841 -0.5873383947977178 1033
1.380628405184824 -0.6040799251337317 1034
1.365244642369057 -0.5271493518135002 1035
1.444706921285502 -0.5486412173335098 1036
1.42528824589149 -0.4661607714776682 1037
1.511000176394946 -0.4897003637357908 1038
1.477918910065279 -0.3903122836784684 1039
1.578854834937488 -0.4246441860179689 1040
1.556116792937976 -0.3290782121847292 1041
1.653231665313666 -0.3586440361905694 1042
1.62798220552257 -0.265652586973058 1043
1.729179687471279 -0.2891614693443084 1044
1.686615834424811 -0.1786911388113061 1045
1.81020058610547 -0.2141248259065893 1046
1.780176598474579 -0.09801752361529455 1047
1.897942952304497 -0.1333812864146764 1048
1.926577116104676 -0.2533109234105761 1049
2.020297326725664 -0.1674109150367898 1050
1.86818630649402 -0.01693067852474426 1051
1.53256711793547 -0.5768988584283908 1052
1.211518990500094 -0.8661256427362988 1053
2.049156694007274 -0.3010765526662914 1054
2.148834899793027 -0.2036604486788088 1055
2.182231748276606 -0.3488111830331408 1056
2.292983309873426 -0.2440643553374116 1057
1.17159004005619 -0.6128442651424345 1058
2.326611411025071 -0.3929523607494341 1059
2.443503957977516 -0.2856175632698295 1060
2.405228885078589 -0.1282483889258727 1061
2.566826376964895 -0.1722840990083304 1062
2.519691779109845 -0.0004231617188770973 1063
2.693892101512815 -0.05081406076158427 1064
2.737306755213885 -0.2261510141806689 1065
2.871374524557349 -0.0999471299403742 1066
2.915258705308196 -0.2848259424880326 1067
3.057077984397434 -0.1513192989350254 1068
2.649506772132071 0.1216374855639708 1069
1.752462554957473 0.01755982008583176 1070
1.836375963348542 0.09869699460639711 1071
1.726210627518136 0.1270215350932878 1072
1.805420751418592 0.2129777536286848 1073
1.69853362980236 0.2369836187285421 1074
1.775993077344265 0.3287686833183719 1075
1.646853068733451 0.349392911377792 1076
1.739973161613884 0.4447506530447445 1077
1.621357107494097 0.4730572676980376 1078
1.705912739345637 0.5672924835432581 1079
1.570010688410648 0.5973018406716308 1080
3.103165524222165 -0.3459124421960513 1081
3.252365571917326 -0.2053609244184065 1082
1.677174862975665 0.6985564506427334 1083
1.551205033194458 0.7390465448175716 1084
3.300804241096325 -0.4078555922296331 1085
3.456844184216853 -0.2621510719957141 1086
3.404117798521137 -0.05364902818062053 1087
3.615562062665184 -0.1106198307410765 1088
3.668004364635661 -0.3274179011477063 1089
3.834331690900881 -0.1708733301351317 1090
3.559910018118275 0.1057162908344254 1091
3.888177349028807 -0.3998859410420605 1092
4.06158746488703 -0.2329706291854397 1093
1.650887864229623 0.8366617387647199 1094
1.510542004244142 0.8733437731094289 1095
1.409428338737205 0.7689826508453566 1096
1.372174396483505 0.9053933056656693 1097
1.280604425132269 0.8171994287154321 1098
1.239923814326795 0.9357776752802818 1099
1.152924302192775 0.8432131736756608 1100
1.116574496799646 0.9636600892710719 1101
1.030366612952035 0.8607288202999732 1102
0.3139890423112079 0.1496531747698831 1103
0.3500233428528023 0.148957374975401 1104
0.995925639852355 0.9908137445711138 1105
0.9145701589906744 0.9090481562668784 1106
0.8788233361784069 1.018916733688533 1107
0.7949772923435354 0.9354203736749379 1108
0.7608102379854422 1.042091642586175 1109
0.6775955370385791 0.9621757457671706 1110
0.1826849458925373 0.1337557575510986 1111
0.1480906161131101 0.12388948296858 1112
0.2179997377796047 0.1412506404112868 1113
0.2539385900320551 0.1462379390453007 1114
0.1224571654513881 0.1148302983379893 1115
0.2808186168032917 0.148667494848595 1116
0.1622879743174034 0.1286909535706636 1117
0.6439899242678506 1.071789721567473 1118
0.5615078484773643 0.9888236282969445 1119
0.5268962040463412 1.105145836374164 1120
0.4434370033673311 1.017360541907313 1121
0.4079391188077597 1.137752197875531 1122
0.3205240648021719 1.04548206927516 1123
0.2839075727635225 1.171777848755154 1124
-0.3438551609137081 -1.018832993556918 1125
1.341885500518783 -0.4436455378346987 1126
4.117501341010876 -0.4687982873510579 1127
4.295626813642226 -0.3015994437516851 1128
4.235189431538538 -0.06369928735796335 1129
4.474945776910797 -0.1306737373389686 1130
4.412932309320372 0.1150215615967988 1131
4.65789363841975 0.0453157772459765 1132
4.718874623217064 -0.2019423017005927 1133
4.904581840561488 -0.02484932627253063 1134
4.96681510298701 -0.2785709747612943 1135
5.157455654723159 -0.09423319861949121 1136
5.220747311594741 -0.3525864172147086 1137
5.41433800865215 -0.1678786844654673 1138
0.8446164007393204 0.8229072303638146 1139
1.791780176673976 0.798105786047797 1140
0.4882751710878673 0.9048694773566595 1141
0.9811967838633838 1.129393258674403 1142
-1.134796011024768 0.8520898235611123 1143
-0.9903132182471901 0.9232994856120136 1144
-0.2922081703550161 0.03877198066518301 1145
-0.2946979235850281 -0.004335218020447063 1146
5.348848861989083 0.0937653051639917 1147
5.609429510305159 0.01973447414447076 1148
5.67488810776441 -0.2437310584953342 1149
5.872063751542628 -0.05530256965235737 1150
5.939346748820673 -0.3217055974537383 1151
6.139330118820493 -0.1299162170487095 1152
1.757680405576283 0.949266368011473 1153
1.912220172102884 0.9043258684419586 1154
3.145850990504315 -0.5506538514941295 1155
6.205938804935168 -0.4013684166295231 1156
6.408337018030194 -0.207400005596229 1157
6.340154103186986 0.06549233831843529 1158
6.611070461565594 -0.01183610670493509 1159
6.679399408444033 -0.2854379803005287 1160
6.883415270915073 -0.0894013843810398 1161
1.203266555401074 0.7267646516950231 1162
6.952179679783975 -0.3631247731687255 1163
7.156912690681319 -0.166998875723236 1164
7.087373794245671 0.1077998157656455 1165
7.362490128360397 0.03082232329183129 1166
7.430508495889162 -0.2471223530468643 1167
7.638569160671574 -0.04778749530392348 1168
7.706865450701475 -0.3277716194095791 1169
7.915942130561893 -0.126844248770922 1170
1.540970188864986 -0.2407220677798762 1171
4.595118856728844 0.2918587477733562 1172
-0.2577671979461894 0.01336627915630935 1173
-0.260270232769914 -0.02600659618909561 1174
7.985846838076798 -0.4075349978279149 1175
7.845906304625356 0.1532199469983713 1176
8.124393700048214 0.07394226746733301 1177
1.542224508700213 0.3913701741369032 1178
1.331633848389029 1.038071468420004 1179
5.542405860172543 0.2834102961881649 1180
-0.2268315205197199 -0.007662141640941695 1181
-0.2269079383275638 -0.04711677989912927 1182
-0.2242758546266978 0.02730133858071761 1183
0.6324805836663786 1.176344156855735 1184
-1.132700889269446 1.012434144175389 1185
-0.9440627345026693 1.092597104520301 1186
1.872416232634124 1.066699717693168 1187
2.037254050347287 1.019986654921963 1188
-0.1946859732370829 0.007737218683778368 1189
-0.1934232132178458 0.03889342344460715 1190
-0.1687714758535324 0.02340280650980131 1191
-0.1668571126922349 0.05070070507669734 1192
-0.2630050078999627 -0.0663337539501147 1193
-0.2310484322521972 -0.09069523105213881 1194
0.02742257831941387 -0.0205559992388013 1195
0.01555894770044042 -0.01679450557162857 1196
0.03955640960552585 -0.0223710988398922 1197
2.208503701212299 -0.4955800294833695 1198
8.053788528775758 0.3555136718301705 1199
8.333626915734374 0.2755636059106688 1200
0.1927705622491559 1.074589825301498 1201
0.1523970001081411 1.201010629578769 1202
0.2502268139478164 1.307099958743066 1203
0.1105459103345031 1.343814787731844 1204
-0.1454670328944962 0.03518901780786364 1205
-0.1433614098419504 0.06032227985854758 1206
-0.1462781064963874 0.01083369094650005 1207
-0.0001507839342788156 -0.005505792751396812 1208
-0.004691057678800858 0.01004698513916481 1209
-0.003017596240320698 0.02002561520489012 1210
-1.121963268431307 1.192415186132728 1211
-0.9519343526680116 1.28174317376012 1212
-0.2664639209722747 -0.1101402462930776 1213
-0.2299527412601957 -0.1346416815567032 1214
5.027404071158476 -0.5370100557925704 1215
6.005423955229849 -0.5927069193514222 1216
3.939639992105132 -0.6351117443354239 1217
1.99690327275569 1.194143091085472 1218
2.177653939878231 1.14146331530976 1219
8.264342330219188 0.5551026748802872 1220
7.991447398918813 0.6287709160570311 1221
8.543546542642384 0.4779226135573091 1222
8.614226958384659 0.1947565303109455 1223
-0.1257461351053422 0.02118820378345094 1224
-0.126519466893551 -0.0006717997309892015 1225
7.775326960362833 -0.609023050554194 1226
8.055703516721898 -0.6891510073981745 1227
-1.59398838892495 -0.1518647918651739 1228
-0.2701667795942218 -0.1580486653858637 1229
-0.2269851387552004 -0.1843967120562607 1230
-0.1850737025536478 -0.1554192189009784 1231
-0.1824020408360778 -0.2085612973896026 1232
-0.1345502979510224 -0.1799346851587617 1233
-0.1374320611728226 -0.232721228918685 1234
-0.09340363515165975 -0.209182752867812 1235
-0.0942032764187416 -0.2577615127623861 1236
-0.05341804013127062 -0.2326030886032864 1237
0.1894016216537156 -0.01392317288065825 1238
0.1692147044740328 -0.01569092002922828 1239
0.2077416922300561 -0.01257418683259838 1240
0.1597615976432129 -0.01679129228291942 1241
0.1776363787993703 -0.01522457316712286 1242
0.2164530000825667 -0.01128599867693457 1243
-0.0512645844227349 -0.2819032657233989 1244
-0.008282916159066539 -0.2539862222516626 1245
-0.003838944663109821 0.0007564058401185781 1246
-0.007289889660108406 -0.3059798665749902 1247
0.03467639292231339 -0.2790775173726062 1248
-0.8684496031723233 0.8446205610375328 1249
-0.1079705493629263 0.008991196407509731 1250
-0.1087271241555812 -0.01126957155761934 1251
0.211969573108695 1.449946278233254 1252
0.05196861520668328 1.492565754844617 1253
0.02998417292193196 -0.2379122064878457 1254
0.07193911450256703 -0.2488099842158691 1255
0.3991436806455462 -0.004320038738639321 1256
0.3784558349947676 -0.004579938546499621 1257
0.4168384421423167 -0.003715276781635854 1258
0.3689300108584606 -0.00484155405219769 1259
0.3870230019301069 -0.004291461885427859 1260
0.4080440739893584 -0.003707872793166927 1261
0.4261512243749792 -0.003207493991993228 1262
0.07661500427826902 -0.2989137328840506 1263
0.1141215196115875 -0.2720382991500951 1264
0.1121192398004496 -0.2292754747181016 1265
0.1489405368333682 -0.2473714109036091 1266
0.4860059752135181 -0.001713608465478596 1267
0.4650197978962752 -0.002321151150548371 1268
0.5069348820314241 -0.001231163033266247 1269
0.4530340048452725 -0.002090136454029834 1270
0.4741007404319404 -0.002285081751685499 1271
0.4979519930143664 -0.0009609930070220871 1272
0.1557084998934678 -0.2900306352792007 1273
0.190942255997435 -0.2574065042697591 1274
0.1972296573286116 -0.3058334257033336 1275
0.2302332056523934 -0.2771322565127716 1276
0.2278306638520164 -0.2373846787646597 1277
0.32997481122185 -0.005314414233379865 1278
0.3152264452553275 -0.005637923304712189 1279
0.3420610499508415 -0.005288638457990576 1280
0.2622554867335577 -0.2515493777652255 1281
0.2696846552434204 -0.2918434674755551 1282
0.3021509117309232 -0.2586250679249011 1283
0.3060170772577944 -0.005580815624286712 1284
0.3102468725839975 -0.3039193963820681 1285
0.339828273234184 -0.2750738768302179 1286
0.3346563412770657 -0.2370706357611321 1287
0.3674530948886715 -0.2486774305213476 1288
0.3776309943059275 -0.2863081357093975 1289
0.4026122666303441 -0.2602990336317453 1290
0.4149617538581646 -0.2964164011682839 1291
0.4416465954593243 -0.2642773510768959 1292
0.4528043626216069 -0.30643887877869 1293
0.4791234913960537 -0.2778175331259676 1294
0.472292042683961 -0.2408187179981762 1295
0.5050946991830793 -0.2514622570149018 1296
0.5160857539098981 -0.2863546555205254 1297
0.5377339752277164 -0.2603601926755312 1298
0.5513274439973834 -0.2945457749672435 1299
0.5729785529476433 -0.2632335503473706 1300
0.5871610795273665 -0.301694997393648 1301
0.6126602729167975 -0.2744695749407104 1302
0.6241854129919449 -0.309877775675315 1303
0.6483894604310192 -0.2818197582183438 1304
0.637593857815241 -0.2489993553802751 1305
0.6707954845997861 -0.2557294683638756 1306
0.6834594591204006 -0.2875857954872794 1307
0.7062954566429723 -0.2566068303547265 1308
0.7180165632661148 -0.2929926959158196 1309
0.7401887597707136 -0.2663606149315381 1310
0.7526674345898446 -0.299404186352862 1311
0.7743841698905045 -0.2717115089056301 1312
0.7606553064847414 -0.2371377216300852 1313
0.7954859847624355 -0.2446830218245569 1314
0.8092289879450757 -0.2753063820816662 1315
0.8269538454907642 -0.2486587604542564 1316
0.8158889675883809 -0.2207044197167368 1317
0.8449268728463794 -0.2244194284778052 1318
0.8574652244005179 -0.2514442798057662 1319
0.8758401729137665 -0.2217727122436567 1320
0.8876777887071238 -0.2529831709651961 1321
0.9058662810406872 -0.227732216727341 1322
0.9175381412511432 -0.2558154250943945 1323
0.9352975190583741 -0.2307166882737266 1324
0.6602888390373347 -0.2239266591387286 1325
0.8581895822570971 -0.1986093213005964 1326
0.5264513893937477 -0.2266335614068066 1327
0.9495068702192926 -0.2587965352326449 1328
0.965750062226322 -0.2325594095926619 1329
0.9518259908938306 -0.2062634004484104 1330
0.9809313602619846 -0.2075286578130464 1331
0.9308937633776195 -0.2858245285219478 1332
0.9679404269676906 -0.1832550468975327 1333
0.9950041300868504 -0.1846148146064409 1334
0.4261830261493088 -0.3362730935019561 1335
0.5983355465106387 -0.3397684366770027 1336
1.008964650415992 -0.2084138592309219 1337
1.021220049326845 -0.1857190903712467 1338
0.965510363073437 -0.2885853352436644 1339
0.3580689962846322 -0.2140654128760544 1340
0.9830691939958607 -0.1605413526896749 1341
0.9453012495437245 -0.3183309652320133 1342
1.038493316595859 -0.2096886840236409 1343
1.050728966422122 -0.1802028248680081 1344
0.9840366668339273 -0.32059095177881 1345
0.9611384888019157 -0.3537137146831489 1346
1.069483693871264 -0.2107472429181321 1347
1.085988629359224 -0.1827810601651466 1348
1.070991601485287 -0.1546427094529467 1349
1.102357087004015 -0.1552859354941664 1350
1.087058423726631 -0.1285760338851854 1351
1.117287380569553 -0.1283239243024313 1352
1.099263274914352 -0.09988665550967647 1353
1.131748284949274 -0.1016750936938524 1354
1.116981931119869 -0.07603914006329181 1355
1.147917086484481 -0.07586906099366891 1356
1.131507107066066 -0.05011009990980446 1357
1.16382772604848 -0.04896510978608472 1358
1.142332254481472 -0.02001817890856889 1359
0.9943645151340643 0.006825706979542956 1360
0.9751343850419409 0.01453750668660617 1361
1.180143603452847 -0.02064253978702764 1362
1.163394635954071 0.009123956487621324 1363
0.9831829945189351 0.01117207746309499 1364
0.9663491295473862 0.01752994625335368 1365
1.202090896026414 0.009082240632517516 1366
1.180758723398382 0.0439493074194804 1367
1.134639610367565 -0.1552546792027198 1368
1.179272387663169 -0.07617347968029817 1369
1.223467950545845 0.04565642733177309 1370
1.20014029468333 0.08325173930701779 1371
1.246047953669024 0.006246197485764098 1372
1.152028649013675 0.0761892022696916 1373
0.9212675020312096 0.03460775041542337 1374
0.9354061195011014 0.0289637148535932 1375
0.9074226083073604 0.03936126563022137 1376
0.9442361952844338 0.0259366474009014 1377
1.175748743807339 0.1214122687391168 1378
1.129450351827824 0.1187166998426519 1379
1.151313376561439 0.1604380275366073 1380
1.100089453776296 0.1560799834722573 1381
0.8587537863681762 0.05515849050209198 1382
0.8729576461923647 0.05055032928755247 1383
0.8445955416086921 0.05992812118701686 1384
0.8815594020410578 0.04758815841412319 1385
1.125265030259538 0.1998578054727744 1386
1.078090059435963 0.1976186878695903 1387
1.070257308399758 -0.1063907730728473 1388
0.7318175817313699 -0.3280236571111432 1389
1.100117045112634 0.2406836717147814 1390
1.051009960810541 0.2382708699761928 1391
0.7957557540069927 0.07414611734313883 1392
0.7811741439758015 0.0781961492033118 1393
0.8100093119475785 0.06996188043947939 1394
-0.1643656572711123 0.07703604687934153 1395
-0.1359489026822339 0.08660388569227478 1396
-0.1615301980593416 0.1049478920715093 1397
-0.1357912216718634 0.115508658483132 1398
-0.1600573397032812 0.1354525540603381 1399
-0.1262668094705085 0.1449140503109848 1400
-0.1571122206171049 0.1688908838490071 1401
-0.123151351764662 0.1835921963328835 1402
-0.1551890174738093 0.2071776616017304 1403
-0.1192833435963266 0.2225891796727041 1404
-0.152540671182728 0.2487861629643784 1405
-0.1149368197128639 0.2639657747787365 1406
-0.1497433182498774 0.2964066722128373 1407
-0.09781704054661793 0.3110323830791608 1408
-0.1458678405925835 0.349849697172066 1409
-0.093261412397681 0.3718292291170385 1410
-0.1422145419889948 0.4093556661133071 1411
-0.04887671461548598 0.3377325941114628 1412
-0.04023039400234373 0.3937749930288602 1413
0.002813394807314062 0.3597081838971666 1414
0.01219780927248244 0.4161889719822319 1415
0.05757917491274409 0.3753328917258679 1416
0.0658415165107582 0.4367341563668374 1417
0.1144434680640309 0.3944860886074752 1418
0.01969086288374353 0.4755020343882147 1419
-0.08924149019077487 0.1960540036588472 1420
0.1198045274216287 0.4573846021515574 1421
0.1644402588953578 0.4219284175210827 1422
-0.1137508972705052 0.09820408802961272 1423
8.472857229552575 0.7602660521014326 1424
8.824636194944738 0.3981201955356997 1425
8.895616396156001 0.1137240560845134 1426
0.1732329433839834 0.4792169117923588 1427
0.21632575947244 0.4422420350017329 1428
0.2079016660167806 0.3872562333301928 1429
0.2560097806501888 0.4107419626982778 1430
0.4191467327800059 0.1453164247250644 1431
0.4041965901794797 0.1459402762826438 1432
0.4309217208533908 0.1442342441623962 1433
0.2672414929445782 0.4602996769636752 1434
0.3051231698438918 0.4238847738166547 1435
0.2881685218655279 0.3765637178408543 1436
0.3373996695717528 0.390381680833902 1437
0.481517325994151 0.1391684793543037 1438
0.4666973904308401 0.1403950585756549 1439
0.4933655673033134 0.1373585942652689 1440
0.4574816016603324 0.1414605279866873 1441
0.3523102697852708 0.4358622001595365 1442
0.3859839557438839 0.3942131430868115 1443
0.3996204699504011 0.4457516848193144 1444
0.4327147671715325 0.4111375543749822 1445
0.5440586840006509 0.1300389184229373 1446
0.5292810764812961 0.132769329569964 1447
0.5558577780293397 0.1283951272067128 1448
0.5208558273754984 0.1334525902438056 1449
0.4461661253946226 0.4575028114828159 1450
0.4775578196800956 0.4205334568146358 1451
0.4662481207481977 0.3788353241331398 1452
0.6060846655712526 0.1192448002335034 1453
0.5913083900125363 0.1220413618077764 1454
0.6178057438387947 0.1167676163403486 1455
0.5083482591592801 0.387447358653409 1456
0.6677380696966864 0.1066126972870421 1457
0.6535915311208176 0.1096682280563344 1458
0.6823925233474233 0.1033853342273275 1459
0.5825183949497812 0.1237787243331312 1460
0.6441407037983865 0.1120084242858409 1461
0.4960826559327078 0.3481636337571311 1462
0.5409360001422855 0.3512853264342212 1463
0.4579275191578849 0.339969196787826 1464
0.551064677361182 0.3949449725349856 1465
0.5807954244579605 0.3637179522135054 1466
0.7320796356590821 0.09188345911024513 1467
0.7173877205927233 0.09503809360746854 1468
0.7464391766785702 0.08759931887316627 1469
0.7086464663519771 0.09716982878205506 1470
0.5921917521235504 0.4029841023859684 1471
0.619722784160777 0.3700840291374018 1472
0.6043062276338188 0.3359950764361204 1473
0.6421053845856551 0.3340188452524974 1474
0.6599159616050032 0.3748535536032797 1475
0.6839598199857789 0.342239664201987 1476
0.7026711445456402 0.3809283204914871 1477
0.6708957069709067 0.3067572344598538 1478
0.7046074969035482 0.3109179508737748 1479
0.6917868337184011 0.2794790058009999 1480
0.7230355909077599 0.2826449969148474 1481
0.4838841096637803 0.314131994501154 1482
0.4520176194847916 0.3059342378965424 1483
0.706799413250836 0.2519110511733076 1484
0.7386530807457239 0.2573034844961429 1485
0.7538443632308651 0.2851375957018114 1486
0.7714429785750891 0.257343711032158 1487
0.7866156501010693 0.287526149186865 1488
0.67914823755447 0.2543153377086916 1489
0.7258425299050022 0.2330058566382588 1490
0.4724064024791961 0.2845794673979939 1491
0.4467055033478092 0.2775079163608047 1492
0.4633852233720828 0.2596351090386134 1493
0.4418742478044773 0.253635964590527 1494
0.004233909372636876 -0.01046697191940321 1495
-1.107252494804859 1.389986898268635 1496
-0.9326297428697905 1.474997524621353 1497
-0.9159258394513424 -0.692706859296236 1498
-0.9220722644649946 -0.8401103312181166 1499
0.4564131835833545 0.2358796475781142 1500
0.4766481270057736 0.2422065007924986 1501
0.4362538191317902 0.2333004580972287 1502
0.3709163064039563 0.1482626327313909 1503
0.3623314577234474 0.1483946136071176 1504
0.422505520269465 0.2469744420757694 1505
0.416675467288045 0.226180485467738 1506
0.4045327385692604 0.2400427455793455 1507
0.3992389553123814 0.223044204437204 1508
0.3878104633209398 0.2344385222438917 1509
0.3320223717883957 0.1496965196993301 1510
0.3227372921779657 0.149460728308729 1511
1.034226648807225 0.1955027962085493 1512
2.130083241028394 1.327196961993669 1513
2.316656975568105 1.273820795305218 1514
1.957482460267505 1.380212398521287 1515
0.1015843762388444 0.3448024157239261 1516
0.807047314937434 0.2587652217942274 1517
0.8217929816998401 0.2905780643839847 1518
-0.1381063859139701 -0.284833576855833 1519
0.3845178600579092 0.218237490749759 1520
0.3723659146963946 0.2287999505238481 1521
-0.09161832738724675 -0.00238307110243513 1522
-0.09230813250526752 -0.02133721130942091 1523
-1.290769551802619 1.293608094803579 1524
0.04884646309211695 1.114417204116655 1525
1.072785339591063 0.2855554930444219 1526
7.845412992504878 -0.8908736910503531 1527
8.12598913175435 -0.9716510975868138 1528
-1.051784242407621 -0.7569425626035572 1529
-1.058126372587193 -0.9181006539973839 1530
-1.201821190640773 -0.8264549227642576 1531
-1.205179832888204 -0.998602753119649 1532
-1.057261288642628 -1.089361070313878 1533
-1.20832486943524 -1.176421260404907 1534
-1.048773652216772 -1.272164442798678 1535
-1.214562744699381 -1.364581411443108 1536
-1.356398873309241 -0.9004126493999122 1537
1.863531232402214 0.4054674476064096 1538
0.4711658713707668 0.2240496610155077 1539
0.4881384671617938 0.2271538348406797 1540
-1.045269049786111 -1.464836269470324 1541
1.003495407525873 -0.3562146287541633 1542
0.9784415759221492 -0.392357324890427 1543
0.9580325045819955 -0.1597373391463701 1544
0.970721514253008 -0.1405431402755314 1545
0.9499559493214003 -0.1389344306370592 1546
0.9612097109540128 -0.1223083881088812 1547
0.9428073425289742 -0.1209331199108166 1548
0.9523083014542597 -0.1062933409364533 1549
0.9360253711518537 -0.1048491671970577 1550
0.9437576154561325 -0.09200701874461943 1551
0.9601896205663173 -0.09024847566182408 1552
0.929024440809843 -0.09085867158882532 1553
0.936349979649951 -0.07922890422697772 1554
0.938753639942838 -0.002255807392560898 1555
0.9226933410397853 -0.07815956228938013 1556
0.914951447364025 -0.08921542112354036 1557
0.9092658082111705 -0.07702397958981791 1558
0.9016945616361993 -0.08751447385710653 1559
0.896348623287913 -0.07644435614601237 1560
0.8888275373404149 -0.08613034330784289 1561
0.883601699538357 -0.0737418752336263 1562
0.8762021536016905 -0.08435912678366757 1563
0.8709825580222766 -0.07300686269993512 1564
0.8638169604021712 -0.08296942366059591 1565
0.8588829574169053 -0.07156729318401771 1566
0.8516650935411297 -0.08152193792309431 1567
0.8459861534090815 -0.07084612990142868 1568
0.8395362011718565 -0.08020363770921861 1569
0.8345281923118996 -0.06937889691507471 1570
0.8277640868983936 -0.07878427633313315 1571
0.8231707007377267 -0.06808793594064225 1572
0.8161316707768336 -0.07737023685884405 1573
0.8115990667581997 -0.06682830699713754 1574
0.8045683649829343 -0.07607488965559028 1575
0.7998863992677632 -0.06533585339170457 1576
0.7931165147675158 -0.0744226298452601 1577
0.7883198114338984 -0.06427877422965808 1578
0.7817687500575141 -0.07298978772284255 1579
0.7773365885819873 -0.06308381489330263 1580
0.7705679563797159 -0.07202897736212888 1581
0.76623540450799 -0.06194961820580123 1582
0.7595242022161518 -0.07060080911434281 1583
0.7552247061205929 -0.06075611059154749 1584
0.7485962704507867 -0.06920659788423017 1585
0.7443406716304828 -0.05956838001871612 1586
0.7377562965458698 -0.06818663960303832 1587
0.733890126909449 -0.05831510434165982 1588
0.7271152155517365 -0.06679713929525823 1589
0.7311687825152831 -0.0765893827028182 1590
0.719827688726341 -0.0752416332366237 1591
0.7155127585712214 -0.06498659070386109 1592
0.7083244912823654 -0.07380649905478243 1593
0.7039846502182778 -0.06414460212964548 1594
0.6971666212694849 -0.07236524980109803 1595
0.6929814449205101 -0.06198984081798659 1596
0.6861263450593299 -0.07074839648162502 1597
0.7631770668332735 -0.08043536378496242 1598
0.7969050799048795 -0.08459971303384675 1599
0.8321657548842869 -0.08944015249513323 1600
0.6820084182382121 -0.05995856947975668 1601
0.67557298393661 -0.06852423939637786 1602
0.6710126504066284 -0.05857917635325494 1603
0.6643523452618904 -0.06825750909584867 1604
0.6607086408785912 -0.05722494433376195 1605
0.6539264462634277 -0.06501720621573674 1606
0.6507302096638969 -0.0555534228125389 1607
0.6438359924874897 -0.06373313071874843 1608
0.647364856946997 -0.07450422566321539 1609
0.6363715881888343 -0.07231639971714121 1610
0.6795207611931202 -0.08034128158740181 1611
0.7119736030591475 -0.08451826691016992 1612
0.63382756498937 -0.05966721383841571 1613
0.6252517562360522 -0.06905968567715134 1614
0.627562686943111 -0.08147005991374848 1615
0.6164728113709952 -0.07789314381421004 1616
0.6137559722975161 -0.06482246498602666 1617
0.6053231511514336 -0.07455547260564116 1618
0.6019552067323591 -0.06359707918042731 1619
0.5941398046072588 -0.07170553566307199 1620
0.5913221037213042 -0.06111969421650883 1621
0.5832701358537721 -0.06910835082609776 1622
0.607131084269816 -0.08593010101478475 1623
0.5814334136354251 -0.05891232477071079 1624
0.5726015874853869 -0.06648964314065767 1625
0.5753921764728345 -0.07755446187830481 1626
0.5640834290920799 -0.07444933029890885 1627
0.5616657684023521 -0.06180992690534045 1628
0.5529571827104197 -0.0708119350210405 1629
0.5502543809256385 -0.05981369785775893 1630
0.5423646152260734 -0.06740327373216226 1631
0.5406719414699919 -0.05680646418731126 1632
0.5320807143349097 -0.06407286481766618 1633
0.5342286663743313 -0.07492222839724966 1634
0.5230880845626616 -0.07149541524719635 1635
0.5667601057529249 -0.08655306427599788 1636
0.525316419178211 -0.08319558598403909 1637
0.5138011726201698 -0.07934857096550185 1638
0.5116436689428859 -0.06757503731600213 1639
0.5023855801390623 -0.0751352047076211 1640
0.5006907133871227 -0.06354963956028897 1641
0.4913306213049565 -0.07082251501330067 1642
0.4928864164338723 -0.08284761540472835 1643
0.4812973552132164 -0.07837322222233721 1644
0.4794163803593904 -0.06491738963063806 1645
0.4701671271714936 -0.07342583203340761 1646
0.4712753232314079 -0.08594368239044906 1647
0.4595405020870003 -0.08108285017712474 1648
0.4606648902304325 -0.09432856935148301 1649
0.4482463105958302 -0.08838473626462803 1650
0.4472573106699099 -0.07417333818508635 1651
0.436065863586782 -0.08304560557646883 1652
0.434491433997138 -0.06961444334554695 1653
0.4246031492884194 -0.07639767189417462 1654
0.8309617120479885 -0.0580723219714477 1655
0.8673158318607102 -0.06403293645442326 1656
0.903361982970567 -0.0678308873735336 1657
0.4241802388760843 -0.06435493970936425 1658
0.4139582764540236 -0.07076908635849363 1659
0.7830087098357672 -0.05503969053949124 1660
0.4136864589958361 -0.0840952041882415 1661
0.4030752103726367 -0.07736269371074303 1662
0.4038010726410715 -0.06642800667589754 1663
0.3928437846262293 -0.07201887361011416 1664
0.7005671429307148 -0.05400066280420615 1665
0.7413849597056529 -0.04958602951731399 1666
0.7378701611762455 0.001544522931546392 1667
0.3922567140950051 -0.08394986913385463 1668
0.3814844653032806 -0.07721014698278697 1669
0.3836481995416773 -0.06470183516853698 1670
0.3713626827912677 -0.07034715771397226 1671
0.3701312103056148 -0.08253395084005458 1672
0.3580348341855677 -0.07427861223023186 1673
0.3581973382444141 -0.0884279951637694 1674
0.3468781202817269 -0.08119563509300012 1675
0.3460931018117651 -0.09511105204182975 1676
0.3338945352057702 -0.08737812711680235 1677
0.3331199846364673 -0.1020132212122149 1678
0.3209691796909286 -0.09336002987648023 1679
0.3220218177820225 -0.07922010394703707 1680
0.3093577229447925 -0.08474625425486329 1681
0.3105394473227814 -0.07187796491849377 1682
0.2789023425959102 -0.006706379307490828 1683
0.2990317438416111 -0.07707521128534775 1684
0.2969782056610959 -0.09007546158106329 1685
0.2875406341124976 -0.08194633027179368 1686
0.321528488152729 -0.06773785050479293 1687
0.4489097785159006 -0.1027405704021803 1688
0.5990224697199251 -0.05356337615429334 1689
0.3628407907492563 -0.06244302606996925 1690
0.3007115799089676 -0.06591969712573917 1691
0.2842367753044664 -0.09544689708590852 1692
0.273641403896591 -0.08470709105173536 1693
0.6669750631680287 -0.04919857534511345 1694
0.6657094115953262 0.001417829270857578 1695
0.4329915099157426 -0.05791954321475367 1696
0.8939045764373669 -0.09811982470131698 1697
0.5475241849164203 -0.04976421257489204 1698
0.5430259774630659 -0.0004146508012556985 1699
0.539089517837911 -0.04708248380203849 1700
0.5189837385449244 -0.0008179664354092601 1701
0.2706864193661307 -0.1014279809588191 1702
0.2590273869043673 -0.09179128207224374 1703
0.2607834968625168 -0.07765379998680309 1704
0.2480361254069827 -0.08264156202936451 1705
0.2462626180559541 -0.008366028361127899 1706
0.2449363205086577 -0.09690367851179313 1707
0.2338470465790143 -0.08734153782164536 1708
0.2308070153634691 -0.1022283328621809 1709
0.2191348553902521 -0.09136832151080576 1710
0.283077769166082 -0.1111610738910612 1711
0.2508346978370821 -0.0696077965530796 1712
0.3698523793695658 0.2120576068660737 1713
0.3572186247828318 0.2236035317215738 1714
1.129938749747672 0.01008276998035595 1715
-0.2728395293569008 -0.2102546309664802 1716
1.270195520188711 0.04878374559039226 1717
0.4631616712552601 -0.1093090094572441 1718
0.2161203133895441 -0.1074009536398553 1719
0.2044060189065854 -0.09669492660810743 1720
0.2286459626514017 -0.1189841772487129 1721
0.2066252313549103 -0.08199223501795255 1722
0.1928170309688573 -0.0863839091070043 1723
0.1895117818286882 -0.101346078290799 1724
0.1781807354565363 -0.09030962171344106 1725
0.4314888774209687 0.215955959086353 1726
0.3545724821026968 0.2072050065969971 1727
0.3432374534995608 0.2184051446891244 1728
0.1782149315278723 1.615613051923646 1729
-0.001165405761482649 1.657075122276083 1730
0.4814161234419635 0.2098916652241094 1731
0.4984284489055961 0.2138976202448351 1732
0.4490232841494078 -0.1190718377182055 1733
0.5448331968780641 -0.04094914053817609 1734
0.5668692170096397 -0.0004992213160051068 1735
0.5371409093036472 -0.03857087063491055 1736
-0.3747026126021136 -0.008020284566811059 1737
0.4122454121930691 0.4949516229002514 1738
0.4602832828253358 0.5067549463708898 1739
0.1961313537064806 -0.07306653131783178 1740
1.125998491736527 0.2865837040382805 1741
-0.05474457834239797 -0.1860716346590467 1742
1.102449809371159 -0.05231718759107881 1743
-0.5278887769444499 0.2841619258465565 1744
0.3418132186347476 0.2046490841086615 1745
0.3291512788761519 0.2116307557650906 1746
0.2959449043417827 0.1492469392272242 1747
-0.07624641717950204 -0.01241660147980601 1748
-0.07610936903981522 0.004612348343268111 1749
-0.07703611505491964 -0.02908283823843694 1750
0.5047847028166192 0.2295752717360631 1751
0.5146962934981063 0.2160983409764279 1752
0.5079194362802735 0.200883504262049 1753
0.5238765060049427 0.2033643774780634 1754
0.5306758763776833 0.2173207677430207 1755
0.5393437360727111 0.2046306686417026 1756
0.9346753826299207 -0.3884832738449759 1757
-1.271920895988186 1.506235606849281 1758
0.3319849667354992 0.2286513056463946 1759
0.3173932648414229 0.2229142612513481 1760
0.546545839037311 0.2186716293244959 1761
0.5555150777502025 0.2031953204994307 1762
0.5629760028387072 0.219947078862592 1763
0.5716089922751953 0.2059311705917041 1764
0.566052416254532 0.1918305811426275 1765
0.5800663567415607 0.1931325449565817 1766
-1.464260698794875 1.408782051198388 1767
0.3143224788821423 0.2080782801140506 1768
0.3031740593825955 0.2173791123031081 1769
-1.231696843142049 -1.569431518222087 1770
-1.38650502971869 -1.466267331920773 1771
0.1741973543160738 -0.1053612953950669 1772
0.1633426881156563 -0.09392819007612249 1773
0.1669389359383106 -0.08116428611232326 1774
0.1532619454361698 -0.08398435330889475 1775
0.1485645963959639 -0.0971614141406625 1776
0.1380115080628778 -0.08406968025964966 1777
0.1336828831742553 -0.09989615629056821 1778
0.1234790700915341 -0.08843063877347518 1779
0.1185168720097524 -0.1033918279755758 1780
0.1081032292212928 -0.09131023633038311 1781
0.1027469377877767 -0.1069151597619117 1782
0.09219672895502497 -0.09306163069857624 1783
9.106665068841615 0.317799281258555 1784
9.177920125147118 0.03238461206856127 1785
1.199959948290317 0.1634061847405435 1786
0.9529100054851481 -0.4307999577274174 1787
0.9051558623599568 -0.4257426806101877 1788
0.301275415231273 0.2038540188004135 1789
0.2904108721209229 0.2119011383893797 1790
0.2360766318799065 0.1439656352014883 1791
0.2270926256785505 0.1426766005478245 1792
0.2911470692506447 0.2266411621142294 1793
0.2766426524215029 0.218097558918409 1794
0.277967677926244 0.2369439668060905 1795
0.2622488146576622 0.2294928680810557 1796
0.2603825659554596 0.2125378968147499 1797
0.2468235743152322 0.2220089698241401 1798
0.2004552354927316 0.137769562858917 1799
0.1916350581363137 0.1358320528413264 1800
2.086695611043068 1.517305832005039 1801
1.901568874925005 1.572975082264789 1802
0.2471770164599618 0.2059196603194751 1803
0.2325078395040088 0.2118499453887007 1804
0.2325725203543336 0.2315705573592142 1805
0.2170197736990772 0.222788002646337 1806
0.396047582272501 0.2075489394211309 1807
0.216435282188746 0.2054577727147072 1808
0.2021898977887711 0.2139904574492352 1809
2.357143477281897 -0.5496153951980016 1810
2.238093777224154 -0.654716205461623 1811
2.393014977181512 -0.7117040241747229 1812
2.273395414881895 -0.8209926293632558 1813
2.431881431949972 -0.8805258714418296 1814
2.303190351512581 -0.9993357393168841 1815
2.47268101285542 -1.061560726944227 1816
2.329653303570148 -1.183582945821336 1817
2.505686459540018 -1.25190843791703 1818
2.17060503379155 -1.121673565073721 1819
2.186228964565077 -1.303158552439145 1820
2.006681496913012 -1.216454211998873 1821
2.041665424438442 -1.420096278898495 1822
1.866963581645805 -1.361364747711403 1823
0.1438219563090532 -0.07248845063118788 1824
0.1328801729680127 -0.0194310881391122 1825
0.5320407223203674 0.1917820323954706 1826
0.5731476313148718 0.1810579442941737 1827
0.5865441148319457 0.1815326080834282 1828
0.5934909989826268 0.1934404623920084 1829
0.5998355214255817 0.1815014409093881 1830
0.3594762112461202 -0.1018388897600555 1831
2.362206509730195 1.081971103462657 1832
2.505652324860794 1.216828637932514 1833
1.900159045079317 -1.545471362653415 1834
1.710592896024989 -1.458867397081647 1835
2.085992598415234 -1.607187178170364 1836
0.2025312531643647 0.1979368414132468 1837
0.1884828803585839 0.2055145310017528 1838
-0.06270240320265666 -0.004055764858221376 1839
-0.06236363033879159 0.009730188005356192 1840
0.2902647208344775 0.1972633934672981 1841
0.1149552081876759 -0.07732336974719202 1842
0.1089406264114143 -0.02158727693874 1843
0.1899413138920018 0.1886114403810968 1844
0.1753626839768103 0.1969735120139398 1845
0.1742995317941224 0.2132407850793717 1846
0.159851087439807 0.2042021901593684 1847
7.915922717388216 -1.173495660529371 1848
8.196473090445528 -1.254865856271584 1849
8.40720652165346 -1.052154278945112 1850
0.1766810104112521 0.1822611252541474 1851
-0.3206138570922937 -0.1795687335326717 1852
0.08633481425710507 -0.1102644956449529 1853
0.07558463815017002 -0.09711491467469269 1854
8.477888615247544 -1.336402654093833 1855
8.687841611379376 -1.13325535407666 1856
0.542861646427559 -0.03321673545438242 1857
0.5501078967980051 -0.03507972249287396 1858
0.5355418060213644 -0.03104766359015541 1859
0.5798761541953886 0.2216135731693777 1860
-0.324248682705745 -0.2430632279723703 1861
0.9780802990526278 -0.1243809907118239 1862
1.095815826675279 0.3368566070571944 1863
0.5535888960208106 0.2345962915094962 1864
2.551138219413132 1.021143085566212 1865
2.702450481510348 1.15873264241116 1866
2.65660980213863 1.362714954837067 1867
2.859629437967996 1.30255653912323 1868
2.747344910868919 0.9565808040196077 1869
1.159033831891648 0.3369136517920486 1870
0.8403521280632741 0.2601453373037055 1871
0.8229600143536959 0.2260955562031604 1872
0.8590439231850158 0.2932900809935231 1873
0.8371304168655327 0.3273885193966558 1874
0.5920771015889672 0.1711676603597073 1875
0.6046061752288946 0.1688162363246279 1876
0.6123065883555934 0.1805163745096288 1877
0.6179349625468102 0.1676631923280832 1878
0.6248434468649413 0.1795032798217037 1879
0.6303381235728059 0.1684650600048584 1880
0.6374047575614337 0.1789812030420291 1881
0.6424361837255717 0.1675970580209781 1882
0.6501090389309818 0.1781066373030992 1883
0.6558516141289055 0.16652731274467 1884
-0.0004777934900341099 0.0259930267686133 1885
0.3650252015410384 0.1991201237964922 1886
0.2163931767874137 0.2424397720139703 1887
1.086678409110644 0.1135041895023971 1888
0.3745159976109612 0.2441438422004883 1889
2.811384433028376 1.514032368028679 1890
3.024934935950086 1.450383036972301 1891
0.1299699436180122 1.787304272736173 1892
0.3123810869727213 1.740900353207422 1893
0.6351764904854794 0.1580834777606772 1894
0.009927931526856275 -0.01482191531467779 1895
-0.007039950045530619 -0.7193687128344619 1896
0.5298936266199858 -0.03595914676406597 1897
0.5285827444119733 -0.02880711885210328 1898
0.5231234989179381 -0.03331910373680058 1899
0.5219254587430284 -0.026569933321436 1900
0.5166098030521074 -0.03084872153481261 1901
0.08016031379040522 -0.08209139406576905 1902
0.06489295936938798 -0.08466490984349641 1903
0.05918887449306097 -0.1000110251221487 1904
0.04883301742375758 -0.08653450964428339 1905
4.348980178809246 0.3621455131909788 1906
4.531478515728436 0.5401472722744517 1907
4.282961707402157 0.5974952163947439 1908
4.468078658223957 0.7869968802459031 1909
4.185891557162491 0.8529412703624333 1910
4.404220504508807 1.038529381006295 1911
4.656763558587827 0.9696591284854944 1912
4.591555299993801 1.22554436012962 1913
4.849492477322054 1.154933782537046 1914
4.339642327546668 1.296540720107224 1915
-1.049150851481122 -1.66637317602887 1916
-0.8699354384341853 -1.564449367039587 1917
-0.8704160414052851 -1.768502878523899 1918
-0.6992469196937208 -1.664189117233096 1919
0.4662171353941877 -0.1261510983205746 1920
1.022744174950053 -0.3955172805500889 1921
1.295713733761709 0.001999904772288407 1922
1.32419425258098 0.05158112766451842 1923
-0.4567910975723453 0.3169789311984324 1924
-0.5297330064488581 0.3639456137442578 1925
7.634952348696276 -1.092752889572886 1926
-0.4505598465353718 0.3979562902451024 1927
0.7615034298961737 -0.05210608488618683 1928
0.7648373367602402 0.001576282916935956 1929
0.8067415789965834 -0.0554657031830303 1930
-0.051262309188187 0.002689806856657412 1931
-0.050545009994345 0.01455481875424519 1932
-0.06010302960303831 0.02187725623400147 1933
-0.04957174650452711 0.02601333317222329 1934
0.8566052642402889 0.2301660520325448 1935
0.8430103394810833 0.2024722325455257 1936
8.760343731847779 -1.418177453712682 1937
8.97017552958977 -1.216349982290452 1938
9.043748266070986 -1.500187644723198 1939
-0.04956879580561211 -0.01070910875518676 1940
9.255770338963398 -1.297506646152585 1941
0.8726585193115733 0.2037852695592162 1942
0.8575812244392236 0.1799255231131244 1943
0.8316705982746282 0.1782021657468245 1944
0.8442602792336353 0.1594528407681757 1945
0.8677500063851606 0.1564028426709756 1946
0.8234642284840078 0.158514185081881 1947
0.8335516383591229 0.1423957343447438 1948
0.8162066163969381 0.1388526402135624 1949
0.8057744975763438 0.1546965806448551 1950
0.7999039159360244 0.139452389057429 1951
0.7902411903996722 0.1521098926591991 1952
0.7849085097536685 0.1364909878393018 1953
0.7755604967829 0.1497644413019011 1954
0.7704778806364129 0.1368413011925285 1955
0.7620314057761811 0.1477074322380273 1956
0.7574342625721674 0.1344289777038583 1957
0.7493645876445201 0.1455457359998212 1958
0.7448553796316404 0.1344143669386706 1959
0.7373332702783825 0.1439779759392522 1960
0.8268231260236666 0.1267583740367393 1961
0.7333974938433505 0.1321449669550732 1962
0.7262682458066718 0.1419683201702261 1963
0.7770232851600181 0.1265448226717257 1964
0.7219200197998146 0.131496297772513 1965
0.7156828021802749 0.1403792958900024 1966
0.8410578624286901 0.1276970797426009 1967
0.8334497305114089 0.1150587373259532 1968
0.846586657536464 0.1147241128255863 1969
0.8218493993024035 0.1147856097434014 1970
0.7115843737392846 0.1312933937783752 1971
0.7058721657594088 0.139023383708499 1972
0.709619624717865 0.148624958020273 1973
0.6640351171193555 0.177089457238988 1974
-1.236119064860518 -1.798803536862531 1975
0.3616377934252352 -0.7148359792618219 1976
0.2739902717293869 -0.6712999717935639 1977
0.9288891066925152 -0.135087007867626 1978
0.9256462383416206 -0.4718944897588944 1979
0.8746479680225449 -0.4673873550568969 1980
0.5482500621906892 -0.0281313669807893 1981
0.5549926631545961 -0.02975461132863173 1982
4.173758975457933 -0.7070820863591947 1983
3.990119103359747 -0.8766370738085001 1984
4.229861435411601 -0.9498207821939115 1985
4.042597463754023 -1.122590709196065 1986
4.287512611219869 -1.19737995746704 1987
4.098802033275826 -1.370261433741798 1988
3.854397525953702 -1.29477262975799 1989
4.346760665017645 -1.447129652135911 1990
4.525623065902279 1.483904351991675 1991
4.267632404773173 1.553838393447818 1992
0.7805546947449975 0.1641525505067128 1993
0.6104755428337209 0.1607543096291577 1994
1.754471727253428 -1.665380962879802 1995
1.573159371967602 -1.601117978672694 1996
0.3103738694245331 0.1950309349506433 1997
2.038779978026367 1.715896327406281 1998
0.4513879576490121 -0.1376801085082561 1999
0.04213007955130856 -0.1023141194294408 2000
0.03230595608207499 -0.08823794402318924 2001
-1.452048755000528 1.628011513416102 2002
-0.8676395646702573 -0.3217264658417998 2003
-0.05152060647070131 1.834620648166867 2004
-0.05870419837774666 0.03416176023465078 2005
-0.04588892863591865 0.03795289577289427 2006
0.07078628204172066 -0.07152193554159139 2007
0.4223030066863422 0.5509214286918023 2008
0.4903695560407957 0.5584545918709313 2009
-0.09323681853155613 -0.04033575227263721 2010
-0.07401715136541248 -0.04913658821973119 2011
7.705140510119066 -1.375745376294247 2012
7.424687270069603 -1.294563936095022 2013
0.7020196710080049 0.1298404514932529 2014
0.6967106594393664 0.1373279185671893 2015
0.6317955568234354 0.1908933414943869 2016
-0.007448862207870341 -1.081434580995916 2017
0.216841735187392 0.1904311241609255 2018
0.8385124613478127 0.1034172112170975 2019
0.8520976786561634 0.103622260045999 2020
1.833313016043987 1.768037030966162 2021
0.8791649582101392 0.3305407883666956 2022
0.8544025493442166 0.3692194918563446 2023
-1.649741715949827 1.530970018984996 2024
0.7506364116310029 0.1247594470182856 2025
0.5157709703741705 -0.0247052983584839 2026
0.5105236488060951 -0.02860096643267934 2027
0.1596020685264948 0.2241332756594904 2028
0.1423886412823189 0.2127244388925869 2029
0.007363401971868869 0.03910938086340515 2030
0.01347128383532063 0.04597095347419437 2031
3.90918728657022 -1.5418407509702 2032
3.668624009783243 -1.464412831603047 2033
1.048009658108693 -0.3571182616888136 2034
1.069117485621707 -0.3980944087703087 2035
1.095191133972476 -0.3560845014503436 2036
2.085369051129632 0.8533247298714906 2037
0.1293348412585362 -0.1158988866305222 2038
9.389671097798194 0.2369793020336855 2039
9.317741033963248 0.5229677896649394 2040
9.461018613368694 -0.04905106359034126 2041
0.4337516910341321 -0.1293478259555685 2042
0.930047761861153 -0.06771733895175394 2043
0.9423746123860394 -0.06826326191238993 2044
0.9367847391140027 -0.05809326488203809 2045
0.9474683087943372 -0.05821500421989298 2046
0.9426362926967659 -0.04939718073605166 2047
0.9521609507771391 -0.04946854872148505 2048
0.9687518783018256 -0.002931672956010462 2049
0.9476446428355467 -0.04169006495245809 2050
0.9564381974802187 -0.04041108832132884 2051
0.9390308076586384 -0.04118492155961345 2052
0.9612132818318668 -0.04904754391746377 2053
0.9653877554288094 -0.04149637665597635 2054
0.9698668013136826 -0.04891727594310241 2055
0.9956996219669298 -0.00366466505797588 2056
0.9742137756051843 -0.04136085605469641 2057
0.9786674918980947 -0.04891796675712063 2058
0.9831879235935999 -0.04107022338163387 2059
0.987728753136816 -0.0488796419150432 2060
0.9925368400605545 -0.04070308699557698 2061
0.9970121145818209 -0.04937531164073731 2062
1.001674682730939 -0.04071057339962973 2063
1.007082091063054 -0.04984825132931767 2064
1.011600997783069 -0.03868265753101968 2065
0.9622215177149946 -0.0339622493407202 2066
0.9436568712440976 -0.03435330488462641 2067
0.9362031076733544 -0.0338134534452155 2068
0.9117243677661174 -0.001087071748303121 2069
1.018288124623567 -0.04916037044374735 2070
1.023707099824831 -0.03924038007851383 2071
1.012256953077376 -0.05975436737740331 2072
0.989696600137688 -0.003593126323980073 2073
0.97845499174997 -0.03410286734175887 2074
1.018184778056373 -0.02961828678155583 2075
1.028929336050441 -0.02953658223898348 2076
1.023261413515607 -0.02071646378186776 2077
1.033892169348072 -0.02007602656792614 2078
1.026854116586374 -0.01047264608150939 2079
1.039232572446661 -0.0101752066557378 2080
1.032767052258221 0.0002342952809274825 2081
1.04574084328554 0.0006050587357985832 2082
1.038265936349181 0.01249804308354434 2083
0.5338722477463698 -0.02485201894197012 2084
0.4240539620590377 -0.05335947385359278 2085
0.4317811351351968 -0.04777293702616585 2086
0.4239044202990651 -0.04373250392950968 2087
0.4311066472237335 -0.0375470516417053 2088
0.4386885416864879 -0.04206180977917266 2089
0.4230207195629412 -0.03497457705653065 2090
0.4382819031747375 -0.03386725193600137 2091
0.4447191563389486 -0.03676145753647968 2092
0.4440237244687629 -0.02966161174356203 2093
0.4502870060744558 -0.03212545076855395 2094
0.4373464886797993 -0.02670224546940426 2095
0.4166558581925854 -0.03957467956325594 2096
0.4161824977875843 -0.03178224462268215 2097
0.4100864840758019 -0.03563390579575478 2098
0.4099751320622225 -0.02855490025525256 2099
0.4039375479226242 -0.03204183211842855 2100
1.833114763201172 -1.189199694420936 2101
-0.7748285840350089 1.36473669002282 2102
0.2310083435297922 0.9485627526004261 2103
0.9403362137447446 -0.02790994595086468 2104
0.9333880750436002 -0.02744302144269162 2105
0.9292924509090745 -0.03301715169426772 2106
0.9263997123310383 -0.02580879970305806 2107
0.9225062752134217 -0.0320553361865136 2108
0.9197788967557279 -0.02599567299772754 2109
0.9158667504385952 -0.03141924694980027 2110
0.9132725815227423 -0.02545514838895315 2111
0.8876554796566978 -0.000428106813101572 2112
0.9093277478161494 -0.03072175085831456 2113
0.9067738228362234 -0.02482344918969511 2114
0.9028655143201616 -0.03000206143262309 2115
0.9002200114644913 -0.02318004156445955 2116
0.8964622927809744 -0.02911749636810077 2117
0.8938768124917279 -0.02337961134829456 2118
0.8901580615125015 -0.02851709915612014 2119
0.863897142247275 -0.0002091748678091481 2120
0.8873327175540606 -0.02216362043332957 2121
0.8838886078386731 -0.02773544639419764 2122
0.8810933863398805 -0.02211492750044203 2123
0.8777762165242292 -0.02710367024216602 2124
0.8753350291457931 -0.0215846150883455 2125
0.8717124093338926 -0.02644633842514342 2126
0.8693528953837344 -0.02098099874550197 2127
0.8657264487045444 -0.0257832547029909 2128
0.8398464161134944 0.0006874420043636731 2129
0.8632067313410046 -0.01947405328506429 2130
0.8597701538861832 -0.02496161858148363 2131
0.8573897210046687 -0.01961982915356604 2132
0.8539201017965845 -0.02439345051648753 2133
0.8516502134085443 -0.01911064133553523 2134
0.8480150812160652 -0.02378720394458573 2135
0.850424486079197 -0.02944621810100104 2136
0.8441886775481449 -0.02862252694218497 2137
0.842078216225251 -0.02200441017451654 2138
0.8379963731041765 -0.02753792368289976 2139
0.8128441512600342 0.001035883921623378 2140
0.8356758712376632 -0.02216047848729776 2141
0.8318754197469589 -0.02648927894821581 2142
0.8295530145444326 -0.0214332329594936 2143
0.8258430953428776 -0.02553635495486576 2144
0.8235827415320151 -0.02039652373131575 2145
0.8198600684048033 -0.02472760955220027 2146
0.8176799803354499 -0.01952538420225879 2147
0.8140253666914795 -0.02386724000213382 2148
0.7886807011917946 0.001244032733084599 2149
0.8118359088561583 -0.01762272955481293 2150
0.8082711693136853 -0.02277738198566556 2151
0.8864411506341587 -0.03336955447181075 2152
0.8060351912953754 -0.01746867158431718 2153
0.8026125919363637 -0.02194191708940734 2154
0.8006361195109364 -0.01673587740445396 2155
0.7969415473879033 -0.02109917338157249 2156
0.5162259251343457 -0.09215593825466924 2157
-0.1912929759917177 0.2291459571112495 2158
0.7282001316790006 0.1240924709989262 2159
0.6928889883492358 0.1294765914896336 2160
0.6911716720350667 0.101441990243176 2161
0.6880144283421493 0.1360304897418719 2162
9.327930332073631 -1.582788741305659 2163
0.5102574573656342 -0.02182177383522266 2164
0.5047168256986655 -0.02623954009632378 2165
0.02140577774520429 -0.01904130791125271 2166
-0.04154384585098087 0.008800066192902654 2167
-0.5165315469357292 0.4510766404409791 2168
-0.4368527063295761 0.4882104884870349 2169
0.9029591921769244 0.3732777362633304 2170
0.8744220061067494 0.4181272948078116 2171
0.9279738537986658 0.4206536959283734 2172
0.8972825012626746 0.4705835462623528 2173
-1.278367296607694 0.7515497059161459 2174
0.01758427447741539 0.0504829275080451 2175
-0.05747519274402473 0.04711570955817575 2176
-0.04526540886688131 0.0519182817181794 2177
-0.03548364302272219 0.04511545302138477 2178
-0.03385735823186383 0.05697201638188291 2179
-0.04371780947758231 0.06507291381276456 2180
-0.03145561665555607 0.0693366946024135 2181
-0.04121055262455815 0.07826545497306694 2182
-0.0268293725296298 0.08257634901478672 2183
-0.03905694891934489 0.0927314041942231 2184
-0.02471227488562787 0.09779658892909661 2185
-0.01300766502418372 0.08829639547176611 2186
-0.01001590507581228 0.1024194061380684 2187
-0.02130417160190105 0.1133515367786399 2188
-0.0058150445393562 0.117420766720094 2189
0.00533541510801132 0.1059359689534483 2190
0.009972462332335315 0.1209062558056143 2191
0.04790584482580147 0.07561489864917226 2192
-0.001087062322672624 0.1330380014558376 2193
0.01500524531303762 0.1359569096083652 2194
0.004261130788829853 0.1500773146806281 2195
0.02454353192279637 0.1515584585792631 2196
0.01084501148767155 0.1683478939285758 2197
0.03116318161725374 0.1721735872046732 2198
0.04447028987333235 0.1572612976113018 2199
0.05138623730263986 0.1759521565252263 2200
0.06383682148359417 0.1583681975571536 2201
0.03895019627814209 0.1935842088897728 2202
0.02610893681477738 0.1228836769253192 2203
0.06788979684895732 0.08829398346032438 2204
-0.4772657733256656 0.04124700700339509 2205
0.6840486971916363 0.1276814300606006 2206
0.6798742748989972 0.1345834657954026 2207
0.02639397429213695 0.05849601138019584 2208
0.03972420467439212 -0.07279844286940687 2209
0.02384837621009405 -0.0744544187777781 2210
0.01552385877455341 -0.08973867158260043 2211
0.007427679231978995 -0.0722514458998802 2212
-0.002685314400218784 -0.09039609178897019 2213
1.609520607512565 -1.79390516400424 2214
1.42925405275783 -1.726175298096713 2215
1.394499013242784 -1.549320520352861 2216
1.251918124472038 -1.659902828232198 2217
1.281199727444639 -1.850130522627946 2218
1.102680341700306 -1.774704417646196 2219
1.077100138101112 -1.584976767853692 2220
0.9300916390425643 -1.699628313786226 2221
2.97462796254164 1.671825983356239 2222
3.198629901932887 1.605077872597996 2223
3.238119245578657 1.384756328594636 2224
0.5534824096767236 -0.02247276820583542 2225
0.5594703927759689 -0.02488334726393258 2226
0.846232236088903 0.09461329716432366 2227
0.8566051894557061 0.09429770048588279 2228
0.8627848492967263 0.1030601292660924 2229
0.8670744117903997 0.0920571618356566 2230
0.8737289453506359 0.1018719197262672 2231
0.8787044183125868 0.08997178637942295 2232
0.8853343132184441 0.1009899139904224 2233
0.8904049847658964 0.09074112090320814 2234
0.8973656838857681 0.1007517396108087 2235
0.9031830687531263 0.08820243636356967 2236
0.9102229256842171 0.1000683798848704 2237
0.9164628334175925 0.08805754779873548 2238
0.9236539536181715 0.1002614592121457 2239
0.9302699347837886 0.08541455215378703 2240
0.9380489176373786 0.09864001169679611 2241
0.9448754854237671 0.0853411456810013 2242
0.9320688762349888 0.1162681762305422 2243
0.9531042149658613 0.09790870724009319 2244
0.9598627672685478 0.08359840176157247 2245
0.9679942807116635 0.09877148219115901 2246
0.9762882474200598 0.08171846961965892 2247
0.8373741489866073 0.09304887623676472 2248
0.9510966565733366 0.07201202382760309 2249
0.9216858632688362 0.07649914896399257 2250
0.7683675211834775 -0.3350816389509948 2251
0.7446074210662714 -0.3666541764447518 2252
0.8888680260173856 0.2302194595505822 2253
0.7419283520824 0.1538363105456272 2254
0.7990186883085748 -0.02666457561211872 2255
0.7930531285738588 -0.02558467496356676 2256
0.7913142477788517 -0.01912892748042416 2257
0.787166062035409 -0.02425849260130893 2258
0.7853364791169689 -0.01866701605124872 2259
0.7813411217018905 -0.02313588926456919 2260
0.7795597581264243 -0.01769050658290592 2261
0.7756733340543773 -0.0219744532108232 2262
0.7738013446657441 -0.0158088794097364 2263
0.7701000338864393 -0.02067420087953899 2264
0.05168155533162319 -0.02340971391409264 2265
0.03103630659498001 0.06279358840542136 2266
6.27262475895623 -0.6739584024144986 2267
6.06983682388249 -0.8680403972310771 2268
6.54225730041969 0.2620808632273209 2269
0.1870988792253609 0.1754777488650541 2270
0.1771837166595557 0.1684353512753229 2271
0.1663470267370393 0.1748816251444547 2272
0.16673700709066 0.1635683167849118 2273
0.1570455944694263 0.1684534156314443 2274
0.04049479082358646 0.07036247986412489 2275
0.06379519921846183 -0.0235466468209886 2276
0.4494664615413072 -0.02579536223038064 2277
0.4557245593256092 -0.02840180066694573 2278
0.4560698070401249 -0.03477542454496901 2279
0.4620285959588654 -0.03044772362246144 2280
-0.6909844732815205 -1.870243513736987 2281
-0.5078394141087123 -1.745349110470444 2282
-0.02290641211902548 0.06053228811571144 2283
0.8956733280905433 -0.5166473540045644 2284
0.8400926057523923 -0.5117641824940611 2285
6.339340098276516 -0.9477079088017751 2286
6.133833120491556 -1.142780309374232 2287
5.865138878484879 -1.063970468090314 2288
5.928920644824188 -1.338646098483977 2289
6.191717846361254 -1.425951711554397 2290
5.658938286786456 -1.259521907697511 2291
5.723508179682053 -1.533360123357398 2292
0.0456154912674549 -0.02303402040072105 2293
0.03337762448166174 -0.0219115082330772 2294
1.102872292000023 -0.2142394534485164 2295
0.2630022272012834 1.923270089523026 2296
0.4493763488447898 1.870420348899391 2297
0.4355354905940478 -0.1497875397704532 2298
1.030302189638887 -0.04937366221535259 2299
1.351868660652291 -0.001517029936871381 2300
1.318062963487048 -0.05232827169224547 2301
-0.7543718861179153 1.558172856750253 2302
1.70046621133029 1.588819692502657 2303
1.630509156826933 1.8126081146774 2304
1.489032051359207 1.663516684718639 2305
1.428370529813914 1.864897146814372 2306
1.28746418899523 1.718105013551477 2307
1.228235928570563 1.915589813081405 2308
9.601871579251856 0.4419518257107703 2309
9.529766790649004 0.7286979471981048 2310
8.271923665998601 -1.521184094175899 2311
0.8956199115739457 0.07989639252077302 2312
0.05240630983567063 0.07928615619662614 2313
1.38631519929514 0.05047715847749663 2314
0.9052499086318672 -1.525549480984625 2315
0.7661611402094002 -1.638438171426365 2316
0.7794533863516617 -1.813330646919632 2317
0.6126679055689369 -1.749019188719779 2318
0.2082604954994681 -0.06894718443127944 2319
0.1995837733964136 -0.06134206642574867 2320
0.2099466206482262 -0.05768573207248905 2321
0.2027062515556391 -0.05108257335833612 2322
0.1925075567736654 -0.05368866408319714 2323
0.2113189607538342 -0.04795815492246176 2324
0.205104866394697 -0.04228031327162681 2325
0.1987103348547065 -0.01305463570980926 2326
0.2127741484394714 -0.03836909216815877 2327
0.2190506713844203 -0.04445452730017635 2328
0.2203885883165284 -0.0366398164119096 2329
0.2261851182849975 -0.04133097575181394 2330
0.2270512584258872 -0.03313077126872654 2331
0.2328086930251589 -0.03827301714619519 2332
0.2339235252770232 -0.03142397982371824 2333
0.2391766219346931 -0.03563237158992391 2334
0.9312335435531387 -0.02117070547786185 2335
0.3504917481055876 -0.6250582724182788 2336
0.2787998505309419 -0.5841082479961827 2337
-0.3467162660947005 -0.6400790357250392 2338
0.2479573048997313 0.1455714911381285 2339
0.2599233913451094 0.146870268045202 2340
0.2689141822970441 0.1476768192895009 2341
1.977838952918312 1.923266310810265 2342
0.9968958205395838 -0.0323118325259189 2343
1.949597904721599 0.07196249870574184 2344
0.3079740992893404 0.1495982552068294 2345
0.768157818869566 -0.01544181717156482 2346
0.7646436766161879 -0.01962107501840332 2347
0.7629729205223641 -0.01450692679699731 2348
0.7592324557053924 -0.0185457486091716 2349
0.1772027852720848 0.1323937995919469 2350
0.2122638290784447 0.1401169574693734 2351
0.9660117642630596 0.4713933769769939 2352
0.905448887727495 -0.0008196101215083574 2353
0.8577081397898514 0.0002189999503511505 2354
0.8067307857279999 0.001076648368719032 2355
0.7946000266158992 0.001173406184292724 2356
0.7468755225453992 0.001756980433978882 2357
0.548884237683571 -0.0003384291133809356 2358
0.9596737421867543 -0.002631487219177497 2359
0.9476727066051893 -0.002520430849412771 2360
0.6479299171292957 0.001430852955304803 2361
0.6393273307218277 0.0009323515728171215 2362
0.6328192956693602 0.001186376736550517 2363
0.593938821387787 0.0006225025507019996 2364
0.6061509373544443 0.000870149155649487 2365
0.6148210186511601 0.0006416281367021102 2366
0.4467456151711409 -0.04500462449315151 2367
0.6928268462775843 0.001696907311620496 2368
0.7049962839108762 0.001649738115344604 2369
0.7139365893814804 0.001812679649599188 2370
0.0634958945928043 0.085803685781081 2371
0.09207083244430961 0.1015794976092581 2372
0.5879436901484327 0.0004548807366627931 2373
0.07012048861709221 -0.02386111377334598 2374
-1.906863524641192 0.01561873919774255 2375
0.301975771860076 0.1491260889727937 2376
0.6868127606450486 0.001351708261088993 2377
0.1035644299924642 0.1065628669081152 2378
0.1114468079512261 0.1100965592007206 2379
0.2419851723549941 0.144825599804105 2380
1.053151328648885 0.01310411582946003 2381
1.04457210555179 0.02594647443444171 2382
1.029980983967399 0.02483750934107911 2383
1.035544209313967 0.03899751246961444 2384
1.018457181952668 0.03596712569438738 2385
1.025840395975104 0.05215091989607323 2386
0.4470279529021833 -0.00273455770470894 2387
0.8817539648853485 -0.0002053386608011229 2388
0.3628504535600857 -0.004819442983469348 2389
0.7711228912481819 0.00165907357876119 2390
2.472217063314418 0.1733594591244221 2391
0.2063570812413792 0.1389566193590808 2392
0.5725899226240165 0.0001942743938395951 2393
0.1606123387251996 -0.3365213559916447 2394
0.6722583879369444 0.001176329787047301 2395
0.8188025293974652 0.001034763517595183 2396
0.7828943972229332 0.001365393723697437 2397
0.8456851364572621 0.0005226851707536499 2398
0.8341481935428835 0.0005006760511880006 2399
0.7586915940131608 0.001495300006040065 2400
0.7318572845002992 0.001720766068149179 2401
0.660002103415162 0.001417197844443531 2402
0.3358600341923626 -0.005197280738040346 2403
0.348051360087231 -0.004926652208413741 2404
0.8697623514208845 4.333835976142938e-06 2405
0.1708829471378455 0.1310575952357003 2406
0.2899324792619066 0.1490071782621744 2407
0.512989304746428 -0.001038919119064805 2408
0.4318691539728995 -0.003182127733367189 2409
0.5368578220592222 -0.0006245130167700139 2410
0.5609599874131296 -1.561031346395672e-05 2411
0.3864861281839534 -1.030768749256486 2412
0.4948609250791161 -1.078119051279404 2413
0.3968008361938411 -1.148845159868117 2414
0.8937190099733892 -6.027851474688149e-05 2415
0.5350975990946343 0.1314053712679985 2416
0.08227978882534612 -0.02376456874129322 2417
0.5973032520179504 0.1208890633926992 2418
0.7231280065038819 0.09352058263731899 2419
0.7406973450213679 0.0890490701566079 2420
0.7522511723176772 0.08611776944526833 2421
0.2055946298944926 -0.353789192536288 2422
0.1667676630978006 -0.3865685234629889 2423
0.6764702333541099 0.1045227723396787 2424
0.9176403046135062 -0.001429475312736986 2425
0.5497871749024018 0.1292134757720214 2426
0.5617521747617646 0.1271373228044096 2427
0.6585705081074953 0.1088244666184136 2428
0.611835993541741 0.1183316895203529 2429
0.6237165700290556 0.1158710960149485 2430
0.9743796487512666 -0.003260717715813176 2431
0.08658582735707746 0.09846270061466472 2432
0.3978737009424045 0.1466176144587905 2433
0.4099549869462705 0.1460765293011437 2434
0.9327032042425211 -0.00172533612609 2435
0.153946013217148 -0.01754261929880254 2436
0.4590210535733589 -0.002397468245470059 2437
0.1581408240030907 0.1569539334418368 2438
0.1483655292296118 0.1621918727644558 2439
0.1338612063314931 0.1189549417148841 2440
0.4725751198331243 0.1398324341469949 2441
0.2613894215271532 -0.06522576743200281 2442
0.5613783223289097 -0.03109679134268393 2443
0.5657219131848523 -0.02621152405253339 2444
0.8720747285879855 0.08332327356449938 2445
0.487549222378299 0.1379175158511142 2446
0.4994932104266843 0.1364341348807424 2447
0.1028709214339332 -0.02209864219817666 2448
0.3210228520712578 -0.005222883842753094 2449
0.424650431316036 0.1446146227597052 2450
2.658944565533579 -1.119938302296501 2451
2.697025400288624 -1.321699031097961 2452
2.856855396225491 -1.186876131943984 2453
-0.9177763144894371 1.675964863088726 2454
-0.7327598912808165 1.760766570920843 2455
0.4368522469479726 0.1434385565307808 2456
9.54128509460087 -1.377308872300509 2457
0.3440257477796862 0.1492078764520801 2458
0.07349428172906698 0.09164687328232103 2459
0.3770881637410863 0.147981087869678 2460
0.274909028726795 0.1482135400721216 2461
0.4047807580784037 -0.02538020461559626 2462
0.3984990093702949 -0.0276662973323074 2463
0.3559702309585703 0.1490565366164201 2464
0.1281917651871401 0.1169134779372938 2465
0.4920238444067159 -0.001626227139998819 2466
0.3378666708426002 0.1494717390439811 2467
0.7753114871599851 0.07941674000895636 2468
0.7696262456218526 0.08144200410738969 2469
0.7869687206014288 0.07664898984939136 2470
0.1397354794156093 0.1205730051135284 2471
0.8042664483822232 0.0716921889281192 2472
0.8157439162647597 0.06820647530180751 2473
0.821501571031896 0.06652473713826262 2474
0.9605182416956046 0.01934880744966782 2475
0.4155239569085914 -0.0254640820430706 2476
0.1268996605169383 -0.01998653637184787 2477
0.08793266592903259 -0.02247996534071988 2478
0.1388979440538916 -0.01883479240445297 2479
0.2224044960334116 -0.01096879438816469 2480
0.1149278076232139 -0.02103666209929766 2481
-0.03356094748376014 1.35353781098859 2482
0.2736120608515233 -0.007198604562302064 2483
1.353050508059512 0.1083681295719327 2484
0.2851603252935999 -0.006513080301788593 2485
0.4800158328885823 -0.001931364894137149 2486
0.2401773216999209 -0.00942400052390242 2487
0.2523509519127936 -0.008409956291778655 2488
3.346640670169018 0.1609261199920545 2489
3.503055311691201 0.321865051962948 2490
0.1569814278433901 0.1265732432487636 2491
0.3935627599385339 -0.003977828410775141 2492
0.867309926292741 0.0522544275713426 2493
0.8501364968097133 0.05748744269599833 2494
0.8386113748123563 0.06200883113615298 2495
0.4610209892326894 -0.02453642921015596 2496
0.4672262689459621 -0.0260317178924026 2497
0.4685538990894996 -0.03264540212251162 2498
0.4734266757782383 -0.02797766325009749 2499
0.2399862511239404 -0.02916800753447413 2500
0.2451908114257627 -0.03303523248997235 2501
0.9867213555712971 0.09753799923185758 2502
0.4751925777781274 -0.03468073901477933 2503
0.6310085302269322 -0.2179045175367318 2504
0.6491707770643583 -0.1960386734092635 2505
0.6247980350696658 -0.1901658218368797 2506
0.6410352593081728 -0.1709557097358479 2507
0.6651117126734274 -0.1758532680585438 2508
0.6173932968287841 -0.1645041281113943 2509
0.503528924460772 -0.02033223606633296 2510
0.8431747437030939 -1.00390822617782 2511
0.9416825392388999 -1.039894524145739 2512
0.676825724230671 0.4157782080652097 2513
0.4157137688131505 -0.1406573828529573 2514
0.9039813219081824 0.198350608867374 2515
3.719689388275019 -1.712045356058115 2516
3.964876326110797 -1.792856017129673 2517
0.4688247008231032 -0.1437743388395148 2518
2.083926763229364 -0.5930618602233109 2519
5.468260350771335 -1.449300046227539 2520
0.9887644955633392 0.008975595106361737 2521
0.9127935214970487 0.03697835671288243 2522
0.9014737968147705 0.04094849597404158 2523
0.9299879664778327 0.03134455009465395 2524
0.2642093550707346 0.2488119278252904 2525
0.2836348424670109 0.2570769682959642 2526
0.265623543269434 0.2711239795494139 2527
0.07030143304336586 0.1770708658661683 2528
0.081104885985988 0.1621047111983715 2529
0.07662240938712862 0.1476572956445007 2530
0.09190505188958704 0.1487461922689293 2531
0.09697786165968621 0.1632444753609028 2532
0.105012709199792 0.1517720424680917 2533
0.1165896333992346 0.1128349705820447 2534
0.4988337474289938 -0.02415489007071532 2535
0.498960581689715 -0.03010722002748055 2536
-0.09624465636497653 -0.06150394974402432 2537
-0.07549198046623824 -0.07397191666206793 2538
-0.5999669751007181 0.4262479447391955 2539
9.613010061485658 -1.664996158036721 2540
0.6584795809572083 -0.153843673209605 2541
0.6805623989617754 -0.15817720069062 2542
0.5311611768689014 -0.09601235599104331 2543
0.1839319648359942 -0.01446922310992305 2544
0.4697804841534477 -0.03978217774732892 2545
0.7077453740543125 0.1235634715920577 2546
-1.635573321201231 1.759562600908938 2547
-1.436937853023835 1.851109873547462 2548
0.5638914683195151 -0.02034737845779034 2549
0.5698060997481482 -0.02155508382567171 2550
0.5719271541827456 -0.02739658178991065 2551
0.5759763321292495 -0.02246877541600094 2552
0.5782200883188628 -0.02843913117066335 2553
0.5820113626604307 -0.02346477994111358 2554
0.5190452961008268 -0.1066945633417066 2555
0.5350702890984215 -0.1118395189556199 2556
7.494602170979054 -1.577994178222884 2557
0.6763140217056749 0.1276861003530719 2558
0.6722775033705701 0.1334442180539761 2559
2.903864437709022 -1.389028156609652 2560
2.733590362223515 -1.533597598992266 2561
1.118051480808902 -0.4010153498375079 2562
1.145945901735584 -0.3559583151571021 2563
1.044445240373216 -0.4363482871461553 2564
-0.01361349794439379 0.1465297617066846 2565
0.5112244772908873 -0.03503993830688209 2566
0.1410562583132731 0.2326339250381739 2567
0.2121742626589859 -0.1253389929590505 2568
0.8226521787995204 -0.02997512964999501 2569
0.983070182335366 -0.05736817270401412 2570
0.5210778556717808 -0.02074189278160107 2571
0.7609745154988723 -0.02398218414621631 2572
0.7553144987802123 -0.0226618431426904 2573
0.7539406340279567 -0.01641323880456035 2574
0.749771385030821 -0.02111732159275571 2575
0.748192197947411 -0.01495397063000501 2576
0.7443118922640971 -0.01965155823959269 2577
-1.659922153117847 1.304381808602747 2578
-1.850265086945336 1.427279484472818 2579
0.7427719695110281 -0.0144679914627584 2580
0.7390227215898417 -0.01838403909244712 2581
1.061432606623914 0.02711387392926789 2582
0.2069308897628869 -0.03437544033695196 2583
0.2001432085704193 -0.03657274839674426 2584
0.8468906720627754 -0.03470256143908208 2585
0.6251081978420944 -1.933531884303786 2586
0.4423663704584906 -1.849945334806904 2587
1.124900154516904 -1.973422152619152 2588
1.796556540865636 -1.863524250616587 2589
0.7717981792909883 -0.02635722353246131 2590
-0.5668886132341229 -0.893633315382217 2591
0.03055887690624995 -0.06174976264996167 2592
0.7832234880856499 -0.02853308939151175 2593
0.1489637807888428 0.1530741100890655 2594
0.006705363644160918 -0.1069747837091257 2595
-1.183846693689339 -0.6721145328427448 2596
-0.052692858157086 0.07260114123114091 2597
0.2455829762020244 -0.02607704546264996 2598
0.2509724593356012 -0.03049898350107335 2599
0.08462842601977268 0.1373337148608061 2600
0.07355784126491374 0.1350110742336822 2601
0.8512392070831025 0.08597431537582509 2602
0.8103850506421251 -0.02847670117087182 2603
0.8337962519486105 -0.03289617532878285 2604
0.8564350939527346 -0.0931778784448504 2605
0.225515291235372 -0.04912795117069049 2606
0.5218774598839642 -0.1229605170675366 2607
0.5395914803449645 -0.128002653557702 2608
0.5244537369502928 -0.1408043946679799 2609
0.544615077840591 -0.1461634004675837 2610
-0.5097832035982672 0.5477994805550737 2611
-0.4209380660372887 0.5899515156026058 2612
1.676696376708158 -0.4594217082059978 2613
0.1874689396368317 0.1647516730475558 2614
0.8622697848820469 -0.02982177062713314 2615
0.8741150052455264 -0.03225464329561444 2616
0.8989845266072459 -0.03535656665767611 2617
2.950429195869539 -1.603459375191471 2618
2.777338616008729 -1.753032926216714 2619
2.996372552157237 -1.824018211513065 2620
1.121803293390588 0.39406505054846 2621
1.191008745141635 0.3973218412465577 2622
1.229266952021302 0.3348492439539981 2623
0.3299100212452137 -0.2036233404324155 2624
0.9116502426737361 -0.03728064737316947 2625
-0.07023146925074247 0.04179068538622345 2626
0.398137106465995 -0.035445988739676 2627
0.3922764867791675 -0.03174959637862324 2628
0.3921722949873401 -0.02516162962158168 2629
0.3866032554171214 -0.02831339315608291 2630
4.456238613856986 1.744264620803652 2631
4.718612094722006 1.673566335396099 2632
4.191563363352786 1.827881581981917 2633
0.472232665386881 -0.02181034977378963 2634
0.4077360278083296 0.2604574306092054 2635
-0.3813782766338112 -0.2030846756608675 2636
-0.3859905611661333 -0.2740154556102649 2637
-0.3238201462909848 -0.3138493194210883 2638
2.758472275770846 1.730446532288522 2639
0.9239303747403459 0.5322457544468464 2640
0.8446331015678772 0.5168496093992374 2641
0.2264385530867132 -0.1381695217504062 2642
0.2067323511046922 -0.1457327823671495 2643
-0.1233545249453055 -1.148013018703065 2644
-0.002376558171233637 -1.219555398189331 2645
0.9770021520156646 0.1160188265441012 2646
0.4625720684539552 -2.064996803596471 2647
0.262020984514683 -1.967016960373943 2648
0.7298929530226776 -0.04899909960936959 2649
0.4652343847293269 -0.3478673831335032 2650
0.4356450415177615 -0.3805702393572827 2651
0.4796494104915275 -0.3938066200345414 2652
0.917053551354936 -0.01992003597326268 2653
0.6834133584800484 0.1431603144820589 2654
0.4983071626145628 -0.01882841682647425 2655
0.6696441965269173 0.1267389729952508 2656
0.6652357744482742 0.1322539744222872 2657
1.013624928306523 -0.02118436847145373 2658
0.5591429294651191 -0.1308408131863873 2659
-0.1981895615690505 0.326431331477846 2660
0.05226588906454358 -0.117156696865008 2661
0.3867421543488426 -0.02218308928464581 2662
0.3813697769412991 -0.02503028136776552 2663
0.3809876905503931 -0.03133497938650207 2664
0.375645921289771 -0.02780669353858304 2665
0.375064935304898 -0.03441839424843769 2666
0.3696508858137119 -0.03054434407804886 2667
0.3706725540553331 -0.02376443870851875 2668
0.3644836343959071 -0.02689834184870921 2669
0.3636169198756137 -0.03317734477780268 2670
0.3583905588237071 -0.02952438455864805 2671
0.3574458707120928 -0.03601429629343955 2672
0.3519663912558305 -0.03214747162206906 2673
0.3511185222724918 -0.03879755523154826 2674
0.3455621422588464 -0.03424423665022233 2675
0.3465031458438648 -0.02833691030737589 2676
0.3398813367937601 -0.03022317381338385 2677
0.3396852289020243 -0.03676824433569131 2678
0.3336425905124357 -0.03231456050225962 2679
0.3346516687910701 -0.02588176502560107 2680
0.3283944895248953 -0.02789956842854209 2681
0.3270625636852793 -0.03443156553646105 2682
0.3219663510664193 -0.02981202158564292 2683
0.3204871674728226 -0.03628251021716353 2684
0.315653884100172 -0.03156181509103857 2685
0.3171415220877805 -0.02534695446289761 2686
0.3110421853738918 -0.02692988953343548 2687
0.3093051629860035 -0.0332403206720024 2688
0.3046502868733892 -0.02849309961538553 2689
0.302852495563096 -0.03466536542555359 2690
0.298137781628054 -0.02996217446630091 2691
0.296262183476404 -0.03633479957278621 2692
0.292018214551666 -0.03160957584976681 2693
0.2895947258052985 -0.03802430470570069 2694
0.2852701775088711 -0.03218841509079642 2695
0.2941595773439478 -0.02528013771738231 2696
-1.045812064250564 0.06175241860846288 2697
1.33984165835219 -0.7391169147315738 2698
0.7377095424541805 -0.01329105272274897 2699
0.7338557214171347 -0.01701820452919429 2700
0.7352306386582423 -0.02245024708095684 2701
0.7297974853515157 -0.02088963575886319 2702
0.7285502473913381 -0.01553436384647902 2703
0.7244703419421716 -0.01926412031441796 2704
0.7233778588797556 -0.01400516561061388 2705
0.7192757618775408 -0.01759679408175875 2706
0.7204049733984187 -0.02317246378789824 2707
0.7149779838607253 -0.02131439502771654 2708
0.7139755192827254 -0.01584458633945215 2709
0.7096871656480348 -0.01940728870235836 2710
0.7160126284158619 -0.02711290070481364 2711
0.7459737588092406 -0.02521024637890047 2712
0.7088376706412151 -0.01407052999789375 2713
0.7045588332017221 -0.01748185012841197 2714
0.7054544928217557 -0.02341482323561965 2715
0.7000850768971826 -0.02106844280568579 2716
0.6993557714444967 -0.01550708136539613 2717
0.6948354431245347 -0.01889457672071865 2718
0.6955189619892064 -0.02468465324646749 2719
0.6900275231739734 -0.02233177803317059 2720
0.6906686790442351 -0.02842100938690355 2721
0.6849496576741987 -0.02586392297376825 2722
0.6847012788063825 -0.01902451738083372 2723
0.6795944572150263 -0.02282615346779316 2724
0.6788587363311773 -0.01719362303105435 2725
0.6743056071997362 -0.02029563192112153 2726
0.6737447730767401 -0.01499479072539011 2727
0.6691518063391297 -0.01812781276844931 2728
0.579829222227866 -0.01801869359767178 2729
0.5855788438948059 -0.01886235972146751 2730
0.5879227892991987 -0.02427370282324235 2731
0.5914523009226891 -0.01870021991243954 2732
0.593872413895467 -0.02474215821807787 2733
0.5977453787654573 -0.01923106528248597 2734
0.5998062167514291 -0.02549469986165091 2735
0.6034549962468237 -0.02073429974316419 2736
0.6057750642789663 -0.02648994508192546 2737
0.6099585201685525 -0.02101885718859356 2738
0.6119874806503695 -0.02706992935458218 2739
0.6160601162438739 -0.02226481225388718 2740
0.6182396928249679 -0.0278979347875094 2741
0.6221206691713116 -0.02291624483188366 2742
0.6245280628614672 -0.02870566712328928 2743
0.6284366409739994 -0.02362352699339432 2744
0.6307978071348606 -0.02935646662073333 2745
0.634544352682792 -0.02423167132793893 2746
0.5902984973650355 -0.02983763616944611 2747
0.6198843350572916 -0.01833139148936695 2748
0.632138015149786 -0.01853683282143501 2749
0.6383112928990848 -0.019201667301193 2750
0.640691265341185 -0.02467226408860769 2751
0.6439822447574854 -0.01973524520508863 2752
0.6468099305201034 -0.02513692702811042 2753
0.6208682295368525 -0.03411511447779452 2754
-0.2203121172842267 0.05879405605425683 2755
0.8378276996585341 -0.01675163580423761 2756
0.4416207142801261 0.6120039868946505 2757
0.5079336698320073 0.6272429833366161 2758
0.3742113088195823 0.5956644529240405 2759
0.9048491935413292 -0.01890742709283485 2760
0.8711841440522766 -0.2785851718384346 2761
8.83088215665537 -1.713029771692879 2762
-1.892969299279516 0.6181042941063757 2763
5.534821845061922 -1.724006129455728 2764
5.79301254857273 -1.809031802857767 2765
0.6702355957459686 -0.02346885956275975 2766
0.2826798287585293 -0.03978524837431697 2767
0.2779527157165622 -0.03437779258764385 2768
0.2797434102084282 -0.02795587667555345 2769
3.14434480170927 1.836065699269728 2770
-0.05166249412971078 -0.3337288307706542 2771
-0.003360995185437358 -0.3618784337094841 2772
-0.05631847729490083 -0.3925057674714371 2773
0.0004697237070363756 -0.4226751141994317 2774
-0.05571202197871168 -0.4584084997289233 2775
0.3806110750865027 -0.03830855096835468 2776
-0.1168456944953811 -0.423444243611479 2777
1.046154659183454 -0.01951783189317223 2778
0.3593045483392104 -0.02281906197668197 2779
0.6943283593262147 -0.01351713952977468 2780
0.8279453270908235 -0.01652759727716103 2781
0.6884674491064136 -0.179602411491959 2782
0.7031976851045774 -0.1617717828789242 2783
0.1258446483418232 0.5196274469894575 2784
0.8918237420604351 -0.01864469847267072 2785
4.538017788946012 -1.271385053688232 2786
4.599331725990433 -1.52739725987316 2787
0.9515672477772052 -0.5207741717051911 2788
1.420631813899903 -0.01520986063351595 2789
0.5561102550994634 0.5804170450624394 2790
0.5760445906850996 0.6439354166488298 2791
0.6231011723257094 0.59105907124208 2792
3.286096080529128 0.3805376777483379 2793
3.445168909637495 0.5387886734806354 2794
0.2513630122607193 -0.02439771123457209 2795
0.2734643686545284 -0.02951860481235785 2796
0.2711064145125073 -0.0357274020492479 2797
0.1607512433721529 0.2454299966867073 2798
7.213988725781666 -1.496791615983097 2799
-0.1254751401317307 -0.02202591860954852 2800
9.466798454223966 -1.094636569073227 2801
0.2211160785075085 -0.02977366872401662 2802
0.2503735551177924 -0.03689414468302898 2803
0.2380187222489419 -0.04299081922596062 2804
0.6067829089182036 -0.01623656842358549 2805
-0.9010267217531684 1.886709001265169 2806
-0.7068382585153945 1.971084699868622 2807
0.6896089099746477 0.1216523661069022 2808
0.6574570389740502 0.1902705641755026 2809
0.6722929587376125 0.1892441352832791 2810
0.8784654802796317 -0.01631546093138428 2811
-0.507536529407521 -1.974177438139748 2812
0.1221260045687322 0.2217564812191262 2813
0.6629283469180863 0.1250016858996567 2814
0.6584100094955394 0.1310907256467604 2815
-0.1333933285655231 -1.294599670841683 2816
0.002137358854956166 -1.371488646464326 2817
2.603619971744112 0.293644295243147 2818
2.429731634445095 0.3436482447379534 2819
0.5986902411342579 -0.1857151348271061 2820
4.649208039394289 1.941488665456976 2821
4.917205627933543 1.86796453115314 2822
3.617335964190385 -1.222258985474051 2823
0.08088626003240951 0.125798192204741 2824
0.07040494996191979 0.1243367154705061 2825
0.09017646238209506 0.128467675684771 2826
0.9218823421753611 0.2299045145975245 2827
1.265732334712042 0.4009844599039978 2828
1.301705436659824 0.33607884914882 2829
0.478057918239845 -0.02351567001889319 2830
0.8634810757997033 -0.5662496904101688 2831
0.8024812339005722 -0.560189802631442 2832
0.6417037273145534 -0.01462640611556906 2833
0.6468622187340103 -0.01508891818809631 2834
-0.5061231214193187 0.6518433872780085 2835
-0.4059576739476409 0.7008309960164053 2836
-0.5010138905573658 0.7703533396484225 2837
-0.3877610882346404 0.8237343836568995 2838
-0.2986238242514582 0.7514947873343535 2839
-0.4951096496614417 0.8978849867203126 2840
-0.3710524358677293 0.9552733101857309 2841
0.5679046772136966 -0.01592372296710522 2842
0.5625096698779218 -0.01497519554245612 2843
0.09816267771459349 -0.1246086415429044 2844
0.8706483482191399 0.1123925712999012 2845
-0.3914564074605449 -0.3492979228917791 2846
-0.3243192372643398 -0.3911244861012335 2847
0.7882197251878318 -0.01393812587219929 2848
0.3066066499578266 -0.02245726556698152 2849
0.8676528925577337 -0.01548805874678605 2850
0.3298131178492228 -0.02191668264138204 2851
0.3353495234888875 -0.02007799257550802 2852
0.4455097247092579 -0.4283621330779016 2853
0.4952551473917565 -0.4430833930419774 2854
0.3859684202206434 -0.4063461519666245 2855
0.6851545280028972 -0.03215040209915036 2856
9.814655656820321 0.6474262416504074 2857
9.742610345207133 0.9346122045375803 2858
9.457447304541441 1.015812802173615 2859
9.670517523877441 1.22187634875888 2860
9.385333408828439 1.303123423448606 2861
9.598334572245374 1.509351150779161 2862
9.312912025979113 1.590624185026608 2863
9.526054508924823 1.797112882932208 2864
9.894099089657219 1.427050796095861 2865
0.6432430941301882 -0.03052693674161096 2866
1.422726444057764 0.1083392313422524 2867
8.614605868509544 -0.850923299829152 2868
-0.1965161970399665 0.1558642812153357 2869
0.6687747296442488 -0.01287116008396725 2870
0.8917080163564792 0.1105647243787101 2871
1.044230161852939 0.05499141690140527 2872
9.826866854795224 -1.458790630292041 2873
0.1675974374280964 0.1539495509645149 2874
0.664510363065016 -0.01578490306310893 2875
0.8159806205430075 -0.01435017689200949 2876
4.080371336010622 1.388709730777965 2877
0.5952067144463357 -0.01511655935856021 2878
0.4765783859761696 -0.01779257092675897 2879
0.4712870933055933 -0.01669290860751498 2880
0.6566688145830599 0.1247908439320422 2881
0.6518961672958149 0.1290039318671878 2882
0.6542579075117344 0.1362745140904066 2883
0.6678637291906591 0.1392363571609717 2884
0.6475063217303421 0.1349525127737543 2885
0.6451868819293978 0.128693819769205 2886
0.6410162069010925 0.1335547621938673 2887
0.5074619611927561 -0.01666383264301427 2888
0.2755041603737838 -0.02308529730161404 2889
0.7950869304757333 -0.03165878581781052 2890
-0.8739635181240457 -1.979499632785675 2891
0.7569740604893078 -0.02856556859046249 2892
1.089871060036663 1.767325404659705 2893
1.026691846174855 1.965500726057918 2894
7.282835503717477 -1.779256537530051 2895
0.3916097451913452 -0.01924997825256395 2896
0.6727965656825217 -0.1380440018987597 2897
0.6531841494170909 -0.1336992764051351 2898
7.54148751993565 -1.883208095572447 2899
0.3293022743192404 0.3458397683911473 2900
1.173903174754347 2.122609316297114 2901
0.1110022931968535 0.1643218464800555 2902
0.8548628509889595 -0.01468752248023479 2903
0.1220636864113348 0.2473851344804895 2904
0.5740081764634353 -0.03368848482578425 2905
0.9993850643992932 0.1136846543736163 2906
0.6497524133091066 -0.03082656081070848 2907
-0.1168787028044405 -0.496718447643447 2908
0.965394409711128 -0.05707132223681448 2909
0.3931424572343532 0.6646641622605594 2910
0.3233153446042881 0.6458543823539555 2911
0.3471626121622809 -0.1841787264518955 2912
-0.01375909852516749 -0.1086636511715493 2913
1.645997927616641 -1.997442865366143 2914
0.583514086434314 -0.01365589666875373 2915
-0.7016068806786083 -1.46173652242352 2916
0.2015260273323828 -0.02917148550936632 2917
0.1957008923371333 -0.03154961178802469 2918
0.4042954640314972 2.06664278551267 2919
3.377521772948209 1.76650154122678 2920
1.839076636896424 -2.069686213762188 2921
9.240650502328418 1.878232054739044 2922
9.027606338662434 1.67178717318638 2923
0.3818251442989502 -0.0192361418376611 2924
1.061292972900271 -0.0008460640163055436 2925
7.292314394112918 0.306468603894086 2926
9.886482550190394 0.3604955989977425 2927
4.907515911163685 0.9009123101052485 2928
5.105007964903868 1.08773524712318 2929
-0.001840267879122984 -0.1279326861394301 2930
0.5244813601265967 -0.04086298224904764 2931
3.76856786175906 -1.967718274698706 2932
0.5129988309739832 -1.202551092884718 2933
0.3969957892062841 -1.28731834930275 2934
6.271745872916926 0.337801734505189 2935
6.472672196097644 0.5362948164499466 2936
6.202614067670124 0.608781630252931 2937
6.40402273720729 0.8108585239910165 2938
6.100062649905305 0.9010079508915005 2939
6.333920665905207 1.087490950792771 2940
6.609254029338229 1.010090765379275 2941
6.53913544913839 1.288271495850948 2942
6.282948354778324 1.388780179362457 2943
6.817008954445789 1.209878661304918 2944
6.745928577750118 1.490377881840499 2945
7.025426644456918 1.411302595235473 2946
6.953817325109557 1.693471772500755 2947
7.234202024718686 1.6140852269687 2948
6.673504357983416 1.772328732076027 2949
7.305459789573368 1.330915042715642 2950
7.515337157987492 1.533763081597399 2951
7.444035320650088 1.817903962840312 2952
7.725763640405299 1.737525870269578 2953
0.1958069389279417 0.1692625571967546 2954
0.195586775644524 0.1593646117394207 2955
0.2030812360880692 0.1638912171715264 2956
0.1878171200851394 0.1552879171585752 2957
0.2351663542172801 -0.02577909653581203 2958
7.002891832283558 -1.698903359683145 2959
0.2696537583946825 -0.02483843948516238 2960
3.32057883087162 2.007234346720878 2961
0.5033830134576119 0.2893778084531267 2962
0.307314459750074 -0.0398199644590763 2963
0.677778897597321 -0.01180936750527712 2964
-0.40680834946492 0.2761149494202269 2965
0.7783611964478809 -0.01238036134923418 2966
9.898668248177149 -1.747398852817661 2967
9.248766841646088 -0.2537607452524374 2968
0.4178954678860872 -0.1629676890185309 2969
0.8528938435406681 -1.114695640561593 2970
0.9758224194983979 -1.150792969987909 2971
2.568774841509067 -0.7631340493961729 2972
0.6733050581456295 0.1222806647108926 2973
9.4094093277926 -1.910085072101181 2974
0.08318606370739486 -0.06897292623100401 2975
0.07584327676720932 -0.06018078322548898 2976
0.08591952587443749 -0.0579811227413828 2977
0.07975935152652765 -0.04954412218173734 2978
0.07041788502957354 -0.0521580651444149 2979
0.08906173166325072 -0.04878410619499157 2980
0.07366864587101864 -0.0437259171502514 2981
0.06599084536433487 -0.04436602158336164 2982
8.955333225610818 1.959240097396679 2983
8.742474684785915 1.752665632823112 2984
0.6969289751628447 -0.03167662568900539 2985
-0.01169071512614273 -0.07438076988440992 2986
-0.00385457781220931 -0.05892625887893073 2987
0.8039285917216771 -0.01259439520260583 2988
0.6390365412762256 0.1276908423223965 2989
0.634944718279127 0.1321322449521445 2990
7.144725424108026 -1.213312763613199 2991
0.4878700618517532 1.689378985763279 2992
0.2076144996367639 2.120078259148524 2993
0.9929962856042645 0.5410356022708236 2994
1.150543736863942 0.4575570801759932 2995
2.822632441096395 -1.980687800773976 2996
0.3202983851896894 -0.1743904760013511 2997
0.9519790922802722 0.6018269215279294 2998
9.532404996186733 -0.3358016816640865 2999
0.7519501971354384 -0.01203249341272414 3000
-0.01987810876903312 -0.05942346724799595 3001
-0.01005253259920792 -0.04752765940531996 3002
0.003325693599678933 -0.04706133878051356 3003
-0.02458507124853907 -0.0448537928135922 3004
-0.02013990529982996 -0.03105281922999004 3005
7.796912336340687 1.452920553188017 3006
0.7312669692802725 -0.0263978042254738 3007
-1.621579886290312 1.997839431447926 3008
-1.842984317132952 1.892162299663197 3009
0.09502510524825214 -0.05527404450471042 3010
0.09802017755779868 -0.04576749567590854 3011
0.1033812263493707 -0.05240310765841789 3012
0.1060571952702189 -0.04457959233179937 3013
0.1111557692347822 -0.05003583382728272 3014
0.1129219232519896 -0.04262024851562909 3015
0.1184074281050883 -0.04777407908647149 3016
0.1197505015612946 -0.03971062257505859 3017
0.1254934383619011 -0.0455239041002212 3018
0.1269566297252744 -0.03860815297445277 3019
0.1321624115775378 -0.04345309521978299 3020
0.1334461829103368 -0.03583106071686006 3021
0.1387224134210734 -0.04140219827722609 3022
0.1400716020549824 -0.03497920060070778 3023
0.1448876771643399 -0.03947836561578048 3024
0.1458229717616591 -0.03322840124446461 3025
0.1508534727856591 -0.03740703323562471 3026
0.1496171327721341 -0.04416855156528966 3027
0.1561021941912522 -0.04191645452352306 3028
0.1568376190531005 -0.0344531965211672 3029
0.1624075844194473 -0.03946733271182761 3030
0.1633933723513538 -0.03311019836955705 3031
0.1685216658955236 -0.0372330250578061 3032
0.1676538538127999 -0.04384278004360762 3033
0.169129311199934 -0.0303794041222887 3034
0.1743216923027179 -0.0349725732539081 3035
0.1549399960715115 -0.04922558069800489 3036
0.1234583714642655 -0.05192523887554175 3037
0.1749597704171129 -0.02889259348123644 3038
0.09165659443195961 -0.04099901799858735 3039
1.022613530060961 0.2795438210899313 3040
-0.0970617951370899 -0.08655139417272341 3041
-0.1208501400530612 -0.07221981395436612 3042
0.07612812063759941 0.1182332781335406 3043
0.06839417777121455 0.1146987720559542 3044
0.06055037972999264 0.122043188946216 3045
0.05919969639149709 0.1125008154448573 3046
0.2748016091800893 -2.19329506342781 3047
3.09729432211017 2.059487225073097 3048
1.56966401342006 2.020234703124728 3049
0.2165149915785416 -0.4070716625863227 3050
0.172739192815349 -0.4432785010402644 3051
0.004428515733580768 -0.4884191615481365 3052
3.051166419683503 -2.042528570728694 3053
0.6641494312410394 -0.01073017139736967 3054
0.09912755504060877 0.2322050547469826 3055
0.5612593545193191 0.1796967566921337 3056
0.5670271881658491 0.170489508163848 3057
0.5561616359538168 0.1691588015906853 3058
0.5618674720651508 0.1612171533144623 3059
0.5529967481182065 0.1601160141879685 3060
0.5575787207670558 0.1527641445304184 3061
0.5658857941291433 0.1538482311499398 3062
0.5494889830673808 0.1528003047838709 3063
0.5449998899936499 0.158584269319111 3064
0.5422944953201013 0.1518746539993506 3065
0.5375416084397312 0.1575216884334636 3066
0.5353046178893907 0.1499350146604266 3067
0.5305705741694983 0.1563058577304109 3068
0.5283256847020523 0.1499092239969655 3069
0.5240194655040274 0.1551507413212722 3070
0.5222184515365133 0.1489097009107963 3071
0.5170149954668677 0.1531607782841007 3072
0.5193043634579124 0.1609301761661873 3073
0.5127713667152911 0.1590785080875492 3074
0.5101212255399719 0.1520359925660023 3075
0.5062064206780209 0.1575691223133424 3076
0.5080549450025893 0.1643820243482668 3077
0.5008948573007429 0.1626697882378313 3078
0.4990938777252072 0.155561635892158 3079
0.4940739264619776 0.1605282648977441 3080
0.495505215321196 0.1675339849677027 3081
0.4884515233595014 0.1651445215038435 3082
0.4875427999009503 0.1586814242285264 3083
0.4813113507279172 0.1618083108750924 3084
0.4833309409810874 0.1699197460680925 3085
0.4755086233272603 0.1671426434292681 3086
0.474104791760704 0.1599411453383939 3087
0.4686119769116938 0.1643212346770677 3088
0.4692398634469261 0.1720118435812356 3089
0.461666461280872 0.1677336766650944 3090
0.4624305723678859 0.1767574071104814 3091
0.4550732265242124 0.1728972841397325 3092
0.4546318306191092 0.1653685972169581 3093
0.4479755116270834 0.1682049310363417 3094
0.44810965783051 0.1772080485796273 3095
0.4410644107745703 0.1729771462150225 3096
0.4407049031187315 0.1652508378997295 3097
0.4347084736495271 0.1690430764801318 3098
0.4338424339905512 0.176819661777869 3099
0.4273467349035791 0.171415920608238 3100
0.4266163209823995 0.1805417199416789 3101
0.4199066843636182 0.1754661074808576 3102
0.4200308714376093 0.1678438456420194 3103
0.4133273776724845 0.1710929753909413 3104
0.562397203816192 0.1467287737398553 3105
0.5696697347900646 0.1472805862703675 3106
0.4682179314398019 0.1574476383682022 3107
0.4139746725723916 0.1640383424167087 3108
0.4074985855353536 0.166946907087368 3109
0.4064965626186284 0.1741820844711313 3110
0.4006770935915777 0.1696847009773886 3111
0.3993427220217401 0.1772096009224511 3112
0.3935536489712889 0.1722408790945606 3113
0.4058672945531798 0.1823401469337589 3114
0.3946813714391181 0.1648776581020647 3115
0.3877588418865183 0.1674204691150142 3116
0.3865279804627967 0.17446235413158 3117
0.3813276685792495 0.1695329140349041 3118
0.4353170486200453 0.1618747710090916 3119
0.4403096779027921 0.1585921926068443 3120
0.419890770960297 0.1605752594984363 3121
0.5464533066095674 0.1464597297965729 3122
0.3825177937025762 0.1630216466458 3123
0.37639306166301 0.1648345751569609 3124
0.3747087978421191 0.1714099191714201 3125
0.3695271188683537 0.1655475601018273 3126
0.3678889315235592 0.1729069976608551 3127
0.363032989828648 0.1678891507780129 3128
0.3610169843186206 0.1747506094297184 3129
0.3561284677519821 0.1696430104158941 3130
0.3539423660401601 0.1767927330950578 3131
0.3487336974392312 0.1700895433004537 3132
-0.6096732710200665 1.445488634178882 3133
1.046960900568569 -0.2442444987621707 3134
2.600715565686541 -1.90168855012085 3135
0.6078173732251302 -0.03278106302498367 3136
0.5736262643112141 0.1531463251816772 3137
0.5765311316658808 0.1466947696434726 3138
0.5730949718651897 0.141376779784584 3139
0.5794268456763556 0.1410306886089901 3140
0.5831399559104966 0.1462066374272097 3141
0.5855685567042884 0.1400604368829782 3142
0.5896688321678524 0.1457613103849289 3143
0.592087348315033 0.1397576157345549 3144
-0.001643063568481386 0.3045990850493712 3145
0.9251755749882777 -0.03861639712679266 3146
3.346089065800295 -0.6174161526345433 3147
-1.448413206415138 -0.2346895184948469 3148
-1.59587710578823 -0.3240033433496513 3149
-0.07117829205836283 -0.1033384236316246 3150
0.6333895545539243 0.1265316652114548 3151
0.628632784278451 0.130027764941956 3152
0.6296150971676553 0.1147778249302528 3153
0.7237481673307409 0.4225205494336621 3154
4.021519564261125 -2.04932296660273 3155
1.715862291814904 1.10067310876562 3156
1.14644763850717 1.580137600091093 3157
0.7410680390845482 -0.009702332723401711 3158
0.6785695640055172 0.1753568476830285 3159
0.6875712767286555 0.1877935632107372 3160
0.6307832257018632 0.1366076911923957 3161
0.6247401361948759 0.1349585083281784 3162
0.7271648601842253 -0.01054913093876455 3163
0.7226015729654904 -0.009180734289058048 3164
0.7198892944390307 0.001646358105296168 3165
0.108313177419337 -0.03821151273880447 3166
0.4771490397565136 -0.04182150363270694 3167
0.7113189684819027 -0.1829133201940732 3168
0.7253084671264159 -0.1646562765811726 3169
0.7169173064517821 -0.1444252565273165 3170
0.736773730238468 -0.1447412316847112 3171
0.7466777542881552 -0.1662982579048434 3172
0.7586344639040903 -0.148912029893735 3173
0.7520934665296394 -0.1295581176633786 3174
0.7711855360001918 -0.1323359741848029 3175
0.7792447893395326 -0.1505218823327592 3176
0.7904501446374244 -0.1342651051828532 3177
0.7989558964726063 -0.1517820458765952 3178
0.8100221195892185 -0.1355381542337233 3179
0.8186047593342405 -0.1529993701801435 3180
0.8296794456830194 -0.1366751069303749 3181
0.4253774886484938 0.3281013120005021 3182
1.170726606872549 -0.4043933207443143 3183
1.198985344278986 -0.3579626056996559 3184
0.2029938153294198 0.1563269860471295 3185
0.2092191965410689 0.1593112349717109 3186
0.7663226907077342 -0.01065688704300448 3187
0.3464868528147961 0.1785809292388357 3188
0.3414261205756529 0.1727422627829351 3189
0.3434406314188904 0.1658634374247049 3190
0.3365730062204407 0.1675246321103638 3191
0.3342557578627313 0.1743535998550819 3192
0.3296732523388123 0.1683595021932031 3193
0.06146009246405953 -0.05269397345215552 3194
0.05770672141568586 -0.04541780812720785 3195
9.453754490471029 2.085116689434242 3196
9.739571286651413 2.003778468780183 3197
0.4705110267152649 0.1806434674218476 3198
0.4627746194867134 0.18622796595143 3199
7.07177117115732 -1.981600785536306 3200
6.793963257998709 -1.89457760117239 3201
0.4088100930870464 0.1603081867756743 3202
0.281258402191998 -0.02197170777272832 3203
0.3257510279690046 -0.04153004951227195 3204
0.2583827035632716 0.197734187862482 3205
0.7831031706834494 -0.5054597060491569 3206
0.741679181877456 -0.553114365453476 3207
0.7225215998035647 -0.4897008533008317 3208
0.6804824043654649 -0.5442378037506395 3209
0.6558544412508065 -0.4879614807914896 3210
0.6182573996347014 -0.5373004908680477 3211
-0.5991552529559163 0.5986307631667594 3212
0.698426564226587 -0.01040976255055171 3213
0.6444376238583162 -0.0104830245053305 3214
0.648823475754702 -0.01038496780872164 3215
0.6397564338254804 -0.009999514652139075 3216
0.4820060183540598 -0.01944086143805076 3217
0.4339429954117232 0.1859447195896355 3218
0.6470118538308028 0.6583642510065866 3219
1.023191958343582 -0.0004298538143718021 3220
1.002014616860706 -0.000581389462427496 3221
1.003275221695389 0.002460555990529318 3222
1.001722751543025 -0.003410046930501962 3223
1.004709772805168 -0.001486780797997172 3224
1.004665156442758 -0.005480766792930003 3225
5.585729531364753 -2.004656831662751 3226
5.290593163148388 -1.899206170967728 3227
0.4840798467832418 -0.02498864414163177 3228
0.2476201731153151 0.1918206614067444 3229
0.256602093360318 0.1850158754160771 3230
0.2471678295948005 0.1800638083884419 3231
0.2554062899489065 0.1730333279559507 3232
0.2464323732490699 0.1701261534501889 3233
0.2642416536111039 0.1780100020985546 3234
0.2628495823872097 0.1688490225775346 3235
0.2704587759471192 0.172146812778202 3236
0.2702433110246477 0.1644057251810993 3237
0.2768765482816913 0.1677345777968155 3238
0.2388935158421737 0.1749625765867409 3239
0.2390171099448119 0.16622745584336 3240
0.231487578070087 0.1702047733205101 3241
0.2322376672350921 0.1614797529498101 3242
0.2464889991864748 0.1621048663349811 3243
0.2632700803301096 0.1615596675862677 3244
0.2710705990593737 -0.01951612684499508 3245
0.2660828923927724 -0.02068338146906958 3246
0.5336128854184714 0.1633156926875719 3247
0.1175080817315986 0.1531431040977361 3248
0.1131634385329269 0.1428720403893755 3249
0.1230818188631136 0.1435587445907779 3250
0.1187869738316652 0.1350878342543996 3251
0.1275530766591375 0.1347469258786171 3252
0.2071843545063287 -0.02810802626432649 3253
0.4729321455085779 0.1536053303808772 3254
0.642053196216954 -0.5980070092414012 3255
0.5790125296055144 -0.5880135517405615 3256
-0.3257539612128241 -1.872101222264003 3257
-0.3173880570245043 -2.080271792589322 3258
-0.5149604918173913 -2.220808475172466 3259
0.7367091024909798 -0.008588786755420484 3260
-1.413012553415187 2.076047715682837 3261
0.3742367377387746 -0.04174668754012339 3262
0.09823501088087996 0.2581746519388821 3263
10.10003815244924 0.5661670779327623 3264
0.4806704953798125 -0.01424004386102945 3265
-1.857344429396335 1.203235321295108 3266
-2.058996102962897 1.320467702028771 3267
10.10396187494164 -1.542956718166333 3268
10.02523772379649 -1.259163997431624 3269
0.1965553795213508 -0.02578608722480282 3270
0.1915068316226146 -0.02751488348246026 3271
0.1906210227799876 -0.03314040110685852 3272
-0.4465065188167704 -0.2337826354816409 3273
-0.4383759581064478 -0.1601085483738077 3274
0.6234906162526683 0.1303020536603959 3275
0.6189380698444117 0.1325969002327425 3276
0.6202610691124806 0.1393143302935823 3277
0.6142761659191526 0.13727588122266 3278
0.6129406045115307 0.1313619514408665 3279
3.228630976181941 0.5983098551220037 3280
3.386830306634654 0.7554500614066494 3281
0.4390108972314005 -0.1724599326367458 3282
0.886324819919963 -0.3797259021764899 3283
0.1443045785383479 -0.2087805307530671 3284
0.6085613026034262 0.1350924953787993 3285
1.009447020915067 0.04964875943770362 3286
1.003074414008473 0.03674935926763468 3287
0.9954420043661465 0.04733126748367709 3288
0.9902572894241988 0.03531674236696267 3289
0.9837450516144544 0.04455931614900544 3290
0.9801100199981683 0.03470945256420283 3291
0.9740079399697336 0.04239838544872807 3292
0.9699462849001695 0.03453059554697634 3293
0.9649941131885253 0.04152299250046664 3294
0.9679721488744084 0.04948978452255382 3295
0.9593723324047666 0.04714872839955846 3296
0.9572823953542524 0.03905652119944315 3297
0.9516899181772174 0.04469300809581993 3298
1.141068388878031 -0.4507449202538852 3299
0.5470839077225644 -0.02158377800529253 3300
0.1469136480879759 0.1732453602894074 3301
0.3583806285192728 0.1636472456622773 3302
-0.337415280935859 0.5185922212807528 3303
0.1032831058546718 0.1771890577407037 3304
0.06074923327972588 -0.03879886288230569 3305
0.053495645889671 -0.03838488902295398 3306
2.644041952251313 -2.135657898635193 3307
5.408443893738383 -1.165900130737829 3308
0.5888610537813076 0.1348507307213771 3309
0.5942971123210713 0.1343042707305869 3310
0.9471254804717395 -0.02819989919720525 3311
0.9440631644293216 -0.02245962833755606 3312
0.9499985964545505 -0.02251392618588516 3313
0.9472590526227747 -0.01752491686450622 3314
0.9526272779897229 -0.01755542355280378 3315
0.941992065518277 -0.01729487066373927 3316
0.2473978816541046 -0.02078280267376333 3317
0.5316987429662023 0.1446163782320934 3318
0.3191860709096242 -0.1090563243085896 3319
0.3331321159188055 -0.1185513702135096 3320
0.6381175820969656 -2.124056920729824 3321
1.173463463084088 -0.309639899263096 3322
1.227322421295622 -0.3107566721321706 3323
1.200080510459292 -0.2629764803406733 3324
1.255526563348286 -0.2637196923100229 3325
1.228325096578211 -0.2162636827940299 3326
1.284751740321979 -0.2140495743833058 3327
1.315064091202057 -0.2669031657293048 3328
1.347153541579977 -0.2116351623914275 3329
2.557650448656228 0.4694116546421976 3330
0.1591258946156502 -0.02900085578576551 3331
2.194515220345433 1.864980767991491 3332
2.133110726417132 2.085554354802745 3333
-1.414536531607346 0.4325771121452202 3334
5.858625083045677 -2.088437098472969 3335
0.4548090447266396 -0.4844087893038408 3336
-0.8325885397619055 0.2841365005349284 3337
0.05014697037678559 -0.04556356945198305 3338
0.04622151108410656 -0.03915119997122601 3339
0.2232786662589961 -0.16038810995023 3340
0.2470993881288924 -0.1516356783923904 3341
0.300483374888222 -0.1966140242140617 3342
0.06518395990200858 0.106548643482715 3343
0.05757283337596263 0.1041303362495725 3344
0.05114596513241161 0.1096152504682483 3345
0.05008753668837971 0.09989453187476313 3346
0.938561476991276 0.2019940842053129 3347
-0.8841808983338262 2.10989012543097 3348
-0.6732670546108795 2.20368285241532 3349
0.07386588557767783 0.2436139079073783 3350
-0.8570520468267814 -0.1286741901275794 3351
8.814906120440993 1.465530381789356 3352
1.25312752792688 -0.1676124930026578 3353
0.5782011871908495 -0.01293346977548497 3354
0.9967044659326432 0.02709752480897144 3355
0.1371168491402109 -0.04827901291886203 3356
0.3270042359160527 0.1754399004925438 3357
0.3225788701701522 0.1696970865618906 3358
0.2778609784716602 0.1749145507427777 3359
0.2834650186324066 0.1698433038401554 3360
0.3407875413334502 0.720569415080708 3361
0.2664370431873494 0.6997008710871461 3362
0.1226124364606474 -0.03381665013265299 3363
0.6386229331412498 -0.3483632965258235 3364
3.719905292414769 0.2686302344136047 3365
0.6937900012691454 -0.008614646209454957 3366
0.2519024960998446 -0.01905739210089045 3367
0.5962732524510055 0.1452022198366484 3368
0.3247082237025579 0.1635124228895569 3369
0.3181815965046303 0.1636065427967883 3370
0.315745671153023 0.1703203824456251 3371
0.3118924746926413 0.1650319095502216 3372
0.3091304834760012 0.1711497104206451 3373
0.3055406935376257 0.1655728591534049 3374
0.3026112598813127 0.1716891053083562 3375
0.7675175189952846 0.3165271243697885 3376
0.5508752497613599 -0.01690332947880431 3377
0.5458211808504553 -0.01592599231207696 3378
0.549399590774343 -0.01218597065768539 3379
0.5448365304825511 -0.01103092026265553 3380
0.5274249257390708 -0.1612895686767971 3381
0.4245629685420049 0.1908532384496273 3382
0.2818755758183157 0.1625439146843055 3383
0.288211330184515 0.1649579680747676 3384
0.9633949917925159 2.173075695947229 3385
6.881841056344319 1.976686009378002 3386
3.608396848822489 0.6981046353243634 3387
3.548602387248634 0.9218022013935303 3388
0.6500493893226892 0.142058224901438 3389
0.6654639149792786 -0.1197537817280056 3390
-0.3964299273584702 -0.4300333276167632 3391
0.5658283224022095 -0.01104376127631327 3392
0.5612541564368284 -0.01021755234892433 3393
8.684874377274692 -0.08893096577270307 3394
0.9501859800663832 -0.01312865393904597 3395
0.9552271603466234 -0.01310564104162702 3396
0.9576997408436788 -0.01742104582561337 3397
0.9601753877711632 -0.01311637255605558 3398
0.962648715804064 -0.01726039158153432 3399
0.9650808962733926 -0.01301959213696866 3400
0.9675394146933771 -0.01714077605623039 3401
0.9699616944626471 -0.01291541214785887 3402
0.9723957385739722 -0.01695837384067752 3403
0.9748341880745024 -0.0127957541196263 3404
0.9777912852188001 -0.01706545128965128 3405
0.9797952469140816 -0.01272676238194266 3406
0.9823877735440454 -0.0167861738328652 3407
0.9845653511543289 -0.01261063100344232 3408
0.9870627481583349 -0.0167418616177013 3409
-0.4859955980801763 1.037251189290824 3410
-0.354445771442049 1.096170840753319 3411
0.6475032737997906 -0.1154509698522523 3412
0.5412501236112273 -0.01435680746329916 3413
0.9709865215326507 -0.02201724128217683 3414
0.65221439862412 -0.0144735002737473 3415
0.07583952622217814 -0.6709580711992263 3416
0.9612849256214245 1.623276652994953 3417
8.675097141655145 2.041433287825578 3418
0.9892901051189653 0.1345368830982209 3419
0.2869123921896022 0.2813522487826244 3420
0.2667932776867705 0.296460740227336 3421
1.032965294908718 0.06991742300360136 3422
6.886404559219967 0.9301998960981246 3423
2.782100627903976 0.2269442964525538 3424
-0.182729728353492 1.694726155690247 3425
0.7893040565923872 -0.1708783179715007 3426
0.3726520726968149 0.1784128522673623 3427
3.562775802277351 1.934521993391936 3428
0.3646461342373349 2.289289927491292 3429
6.596575327154318 2.042327710945338 3430
0.989300012837153 -0.01253859680054427 3431
0.9918917036464523 -0.01670607065053718 3432
1.115585401769946 2.337012901561293 3433
-1.308172880305381 -0.1534961686898777 3434
0.4355490411747753 0.1548538451484773 3435
0.7128076737672463 -0.01076333189820023 3436
0.7082724502236328 -0.009219543382050967 3437
4.410667540538519 -0.7790392554404446 3438
0.579386615073552 -0.08976631836335409 3439
0.3310446344634675 -0.01658823876005023 3440
7.65461195742793 2.022486990350317 3441
2.383826379298928 0.5147046017931799 3442
0.6113118625473942 -0.3836723702658599 3443
0.1177251341050169 0.2723806187043349 3444
0.3261130339885354 -0.01800255723910919 3445
0.2878284697256673 -0.04550860381123848 3446
0.280013211529845 -0.04747176104826888 3447
0.242144454677613 0.2796710127001617 3448
8.007951086868896 1.656873850586556 3449
0.994171063724086 -0.01227119680676367 3450
0.9968964921523999 -0.01641046259343529 3451
0.8277255432495141 -0.6200198995023223 3452
0.6835947888663254 -0.1223845018255604 3453
2.42289103276384 -2.054708068620199 3454
0.6957205615998298 0.4609930124711412 3455
0.7843155040515407 -0.3737266589806306 3456
3.188353801543075 -0.7624198673513281 3457
0.255903003271939 -0.02799372811709839 3458
0.6681125864817334 -0.008030452484092407 3459
2.260404263665321 0.3917839846993062 3460
0.6423883601999635 0.1227733442227255 3461
0.3194513114692391 0.2400085745651122 3462
8.079006075549632 1.371870789558883 3463
0.5638502525176747 0.4387630179036502 3464
0.0720203627666082 0.2740607538334711 3465
0.6613785785783914 -0.3944279965185121 3466
0.8940468484530997 -0.6248439741337491 3467
0.6093802170158316 0.1413542081337499 3468
1.000827825428525 -0.00665294807205641 3469
1.003550586994715 -0.01008313515754725 3470
1.008215322742074 -0.008466380138868662 3471
0.7615978861096468 -0.009778314182451968 3472
1.385847621013552 0.1698435631616525 3473
1.462451040452701 0.173353566695867 3474
1.497449712450394 0.09956212096279429 3475
0.6122853342683982 0.7135394644208299 3476
2.358240331267028 2.021393803024224 3477
0.8385939544904596 -0.1557128174080172 3478
0.8494898432345633 -0.1380306433753282 3479
0.8584832344371811 -0.1570488747115397 3480
0.8689302640479413 -0.1391942477168182 3481
0.8781405117303915 -0.1570086385181762 3482
0.317317804721261 -0.1268078049179338 3483
0.6946846931044564 0.6092484811553951 3484
0.6900186214306446 -0.01148021375860109 3485
0.6595904769365203 0.1200214042016721 3486
0.2104111830898729 0.1669832071167596 3487
0.4675223020812216 0.1513520843328729 3488
0.4629836822628471 0.1547522395819981 3489
0.3719585181287529 0.1595110014298904 3490
-0.1325000656707406 -1.452617312830337 3491
0.01194111851633185 -1.536504156147514 3492
-0.2754593627317077 -1.369524077720156 3493
1.007304907045859 0.001026395563229986 3494
1.00704605250122 0.005348663341445681 3495
0.798987416529481 -0.01189716917104186 3496
0.4711510037575798 -0.04731492899112701 3497
0.6351461818074331 -0.1287679195560453 3498
0.4201593371697945 -0.1870982794927844 3499
4.847747742355271 2.137838520105251 3500
5.118249888576061 2.057631787075509 3501
5.184421463050338 1.792697794541342 3502
5.390761526110955 1.981508946375956 3503
5.458643717438546 1.713355579942017 3504
5.666682498687455 1.90980258384845 3505
0.8497119279016248 -0.01418888147542235 3506
0.8527893568910625 -0.01019259349126454 3507
0.8480388661277051 -0.009632466308731956 3508
0.8574673411458504 -0.01064321477587121 3509
0.9280990941301965 0.1732642269852138 3510
0.5816137008591857 -0.009094555785700106 3511
0.5862804065886144 -0.009858441676073476 3512
0.4856545648303202 -0.01564816302027982 3513
0.3358984083498791 -0.01486794533267682 3514
0.3399322314348202 -0.01773387682116571 3515
0.440635385651137 0.1527117376127149 3516
0.4449810829539207 0.1553252381826121 3517
0.4428258842602644 0.1428739676614025 3518
0.1362219291860231 -0.030129427609688 3519
-1.667347845738297 1.096105612941917 3520
0.9492005802039579 0.03716628826395083 3521
0.9443406075442434 0.04266965098587669 3522
0.9461819687412738 0.04996291073913238 3523
0.9389415313586623 0.04752465418709215 3524
0.9405056569758045 0.05508558982175311 3525
0.9331055577317195 0.05254653347809014 3526
0.9316415108656046 0.04514183724460688 3527
0.9261468829883185 0.04904541247763914 3528
0.5403207517570318 -0.009684633756666453 3529
0.5368456810236781 -0.01265079914741513 3530
0.4100273962547805 -0.04352677432032268 3531
0.3392004996405531 0.1612934157010332 3532
0.3443663446981825 0.1597590385678187 3533
0.5770884252647486 -0.008414873941313 3534
0.1111509297076997 -0.1911205197531433 3535
-0.8941520906393885 0.5010289526367224 3536
1.198544452202708 -0.4549812007125014 3537
0.5756445617276 0.1361075781200429 3538
0.5704790248623504 0.1363930431099458 3539
0.567857608396503 0.1262455621995701 3540
0.6549210566889683 0.1193893847498389 3541
3.060500399406132 -1.252049493183973 3542
0.6656925788499561 0.2040050636405282 3543
5.282826020196302 0.3544943942612658 3544
5.473107761878638 0.5408247589392491 3545
-0.2354681769539744 1.876438238919228 3546
1.012848763996764 0.1358659244903566 3547
0.1857480280838937 0.5425630785629963 3548
0.1338247062795686 0.5867251602590637 3549
-0.3109511127194809 -0.07780241444908952 3550
0.2088534291632129 0.152539986143633 3551
0.2146601993613131 0.15517536840601 3552
0.2030474203843896 0.1498026460376532 3553
1.522736645058298 1.461975577927798 3554
0.3316263109145824 0.1816613418864745 3555
0.9845334112603586 -0.02146222742604507 3556
0.04328831095636107 0.1059203951277325 3557
0.04203069578681556 0.09763288789176376 3558
0.03536815759158608 0.1031896718541336 3559
0.03430278767235446 0.09445919957336144 3560
0.04081351201329825 0.08991822472682198 3561
0.03419266385147252 0.08571379555439723 3562
0.02696032224045185 0.09073981088787063 3563
0.02685476410137603 0.08168418688752706 3564
0.0198492391953101 0.08680045819779036 3565
0.01929559469924398 0.07893416377617993 3566
0.01261939525510942 0.0830310628360621 3567
0.01233130321406937 0.07522599534550585 3568
0.01945842007291794 0.07120429125462957 3569
0.01266400562582169 0.06654547195461391 3570
0.005651422723805536 0.07109733933436946 3571
0.005850353863692091 0.06349430006324626 3572
-0.0009309741565651005 0.06711355868119938 3573
-0.0004246499605684077 0.05940971365162918 3574
0.6078695510041513 0.1294259728736285 3575
0.5502120348827843 -0.1667744086337785 3576
0.9750455240966811 0.02798238115449543 3577
0.143743753083355 -0.1765742266110163 3578
0.8021275914141601 -0.008161355101551459 3579
0.806639077538284 -0.008791085590520432 3580
0.7975703419333597 -0.007431499436982667 3581
0.3978838619452066 -0.1529644567524769 3582
0.3960763145788548 -0.1312757969783034 3583
0.3752130653160368 -0.1452311748928666 3584
0.1102175314216069 0.1339449568289871 3585
0.116083522722432 0.127094643295857 3586
0.1081315331528039 0.1262735309927687 3587
0.3362962228560812 0.2462762004455915 3588
0.6460877155371192 -0.03737376419642635 3589
0.2005066806924989 -0.1686417110685411 3590
-0.1055215734510998 0.03043779150785315 3591
0.4802162938777007 -0.1152213104699051 3592
-0.6055001493124469 -0.07335591158743936 3593
0.7830885282074151 -0.117313707788183 3594
0.006048808787798084 0.05658020577117828 3595
0.0009624030557442007 0.05177201528914423 3596
1.345135856701545 0.4036737738003066 3597
1.302065517147129 0.4778061437922585 3598
0.05707408303034897 0.09666059835978741 3599
0.9251602858277819 -0.05735292552170562 3600
0.2390861256419818 -0.1760978725237768 3601
0.5092154620948168 -0.05657691151410969 3602
0.4995343207298105 -0.05295880999269074 3603
0.9650685080704695 0.1354608191041331 3604
0.9768849211654475 0.1637110956456588 3605
-1.307397898927756 -0.3137442717979299 3606
4.783055582708203 -1.349628159666306 3607
5.28444313641614 -0.6130640762289161 3608
-1.829141979199945 2.144917359455413 3609
-2.064546559981006 2.029155353334494 3610
1.392849575619857 0.4831771395650007 3611
0.1321783475499657 0.1428549939884269 3612
0.1354438442190287 0.1353881738551148 3613
-0.8946326253924717 -1.176335121755134 3614
-0.4693342929952977 -0.3831260303734897 3615
0.6894969623708037 -0.006832370180303754 3616
-0.1229375203296623 -0.1073824648072837 3617
3.606151139311064 1.698987155521277 3618
-0.03375661413155798 -0.03277136297104068 3619
-0.0264949499064713 -0.02229708623666882 3620
-0.01553705799131453 -0.0211613553910756 3621
-0.02058844792107782 -0.01296284241348448 3622
3.155695853330662 -1.671292665685547 3623
-0.2452831198130098 1.012570028545939 3624
0.6294470757831067 1.805965845041884 3625
0.2953674531540795 -0.1656680397228489 3626
0.2848387107927573 0.1773345642056743 3627
-0.02842269260617422 -0.07356604640966541 3628
0.5278710185416716 -1.341434982850978 3629
0.4124066620845189 -1.442273669792667 3630
-1.17488951324935 -0.234035746710518 3631
0.6532304233459558 -0.03665581577199431 3632
0.5358919448933741 -0.00825855391995196 3633
0.5325218566849093 -0.01117271090532052 3634
3.503928235572312 2.184312047452722 3635
3.754558100720163 2.108986658643365 3636
0.3573270608761481 -0.04292669019759589 3637
0.349239004254993 -0.04679123242205312 3638
-0.01132762901444691 -0.01230672682984659 3639
-0.006661158448688282 -0.01977730116296254 3640
-0.01626355275421151 -0.005675851671104595 3641
-0.02380618049305649 -0.005391508522930741 3642
-0.01912564814551474 0.0007591613814007617 3643
0.2529006000526206 -0.05832423409364796 3644
0.693503768569371 0.1736912913076528 3645
0.7030712260676887 0.1861276067926599 3646
0.6981104794272706 0.2008915988724685 3647
0.2678117094809046 -0.01602639934885861 3648
0.2634499234572301 -0.01673050422581179 3649
0.2582522156265398 -0.007934837696423284 3650
0.03269680488981355 0.07979598305480584 3651
0.244057501810581 0.3133639185870731 3652
0.2168616589974761 0.2975842735508408 3653
1.376541630447673 0.317443225343784 3654
0.2427582673447153 -0.06149553511268463 3655
1.672438194674232 -2.21189736819088 3656
1.879105622564977 -2.291546654738892 3657
1.379490321004736 -0.270157161565576 3658
0.1711499131994866 -0.02520737590983842 3659
0.4844659560880798 -0.01089641371497506 3660
0.4890375176891966 -0.0121673804776168 3661
0.6638004656494676 -0.006154931066043982 3662
0.660127178595874 -0.008646035907605184 3663
0.5863424284607417 0.1513121426951758 3664
0.6528180107864296 -0.02511314146642716 3665
0.6423952457604997 -0.006311647034527805 3666
0.6380629741198773 -0.005232078443110193 3667
0.6352533621528103 -0.009280034664844065 3668
0.3272176400399995 -0.01334687655540695 3669
0.3228470684252721 -0.01465741418546024 3670
0.9272599170558244 0.05759072298447167 3671
0.9205383021548965 0.05408347505209117 3672
0.919449811744494 0.04743569611029889 3673
0.9135718708716716 0.0505886557390299 3674
0.9145841205796706 0.05794341096302646 3675
0.9084808626771159 0.05489226229196206 3676
0.9089039331537156 0.06176747495103771 3677
0.9029383732509536 0.05842760139298329 3678
0.9029716047923927 0.0521058408129703 3679
0.8971787631020485 0.05445512505371075 3680
0.8958005629905825 0.0428950746500934 3681
0.897203982503156 0.06150247057961288 3682
0.8912044299651306 0.05732504646002341 3683
0.8915790038702778 0.0645486717821971 3684
0.8860933024601427 0.0611834846950446 3685
0.8856789198129822 0.06739090232022904 3686
0.8804924817440465 0.06406327195248587 3687
0.8806951569945586 0.05826303552580435 3688
0.8750811735175568 0.06030890007694514 3689
0.8748102469134812 0.06657062147379857 3690
0.8700132274958767 0.06308982748756342 3691
0.8693718449156576 0.06906593166357093 3692
0.864106248372827 0.06491255372076903 3693
0.8637756096684313 0.0714445280266215 3694
0.8589083179896353 0.06783233411989141 3695
2.773754260626717 -0.4083945593287198 3696
0.3080242808634409 0.1602086942819218 3697
0.3024523413921885 0.1604460825649263 3698
3.822583136530341 -2.226503643474686 3699
-0.1475398032854037 -0.08510924460699554 3700
0.2198526580449598 -0.06449053438934656 3701
0.6588026368608608 -0.1032053069863496 3702
4.575834068451676 2.211411082159969 3703
1.010493439820268 1.451664751424901 3704
0.84219685140592 1.490128583927874 3705
1.188189977444283 1.401679210460676 3706
0.2683339943076651 0.1581426693395708 3707
-0.6645135159622244 0.2358697934077415 3708
0.1758197679779887 -0.02376131459399982 3709
0.1799895820033911 -0.02680738461566222 3710
0.5692138511790936 -0.1005590222955821 3711
0.5842429435339673 -0.1035300634080734 3712
0.3978390614663934 0.187428165040744 3713
0.9538398555964599 0.03285950280884907 3714
3.17003211184979 0.8123203833047365 3715
3.015449947512871 0.665732477348186 3716
0.9543390831395669 0.3611572172417101 3717
0.8881587593860579 -0.1395159534010668 3718
0.8983348296404109 -0.1577490708962242 3719
0.1181868259645466 0.1769090846301806 3720
0.9993456746261354 0.06125360345544229 3721
9.171991766770063 1.097386198963194 3722
1.943207159597809 -0.3856954735829771 3723
0.4272016166209968 -0.6615192617632153 3724
2.300534881908209 2.248462299548418 3725
2.066644834012537 2.313826918573205 3726
2.511983613349873 2.178398506517918 3727
0.04495548323410723 0.256730701744233 3728
6.395777564771494 1.851241824327063 3729
6.318243746389257 2.13424585289916 3730
0.1337866971585851 -1.137909971752725 3731
0.942372869808304 0.03662296310622969 3732
0.462764688565415 0.1492649828964559 3733
0.4584986490179253 0.151826666903054 3734
0.6309525443963593 -0.1115512357305241 3735
0.6194583418418531 -0.1238606062837644 3736
0.8256597244517181 -0.1752447905946471 3737
0.3216222414930635 0.1587990195588317 3738
0.326429063275377 0.1579170036499339 3739
5.737255644223774 1.634095970049497 3740
5.52782413693255 1.441514753394528 3741
5.098300558118337 -0.7885793363878575 3742
7.372320213659068 2.102473944335496 3743
9.745142392205469 -0.1308147107965793 3744
9.816776472738088 -0.4180279766611447 3745
10.02500567170687 -0.213829922789529 3746
10.116666239197 -0.5035670766927356 3747
0.2722117092238343 -0.01480802523361379 3748
0.2865845632664991 0.158807211028179 3749
0.5918772865216291 -0.157215092824042 3750
3.569019510348211 -2.142848890823448 3751
0.7219761242991798 0.6743220109330208 3752
8.264438636265201 -0.4881877441071426 3753
10.17465951116875 0.2879355404745297 3754
6.745753422901279 0.4582433284882927 3755
6.54432732249999 -0.7534471743128766 3756
0.7115412099164162 -0.006194995836801729 3757
1.031750528422279 0.6032496756792839 3758
0.9887478224989509 0.6701436097920747 3759
0.9031514439166507 0.6646745989102392 3760
-0.02591295744911246 -0.129674846500781 3761
2.988469633125125 -0.6794336395497254 3762
0.1325727677515442 0.129638379264692 3763
0.9603228020512355 -0.02170401241470066 3764
0.9682550527310935 0.0266071896639379 3765
0.1530315192324068 2.335766680465229 3766
0.04252270068659519 -0.04581738493854271 3767
0.03900175374700177 -0.03917863490963556 3768
0.735866847605213 -0.04167224623937102 3769
0.7445616237143187 -0.0415638884772391 3770
0.7266155509387533 -0.04028561500766255 3771
0.7213528607501375 -0.04746642431921266 3772
0.01866113436055632 0.06453813013214262 3773
3.758049124590559 -0.7999056991890768 3774
0.4825616368241635 -0.03666618380608495 3775
0.2628367659243905 0.1558167008322253 3776
0.2580956859683252 0.1585442301789952 3777
6.063660377130617 -1.890669874982158 3778
6.129133757715836 -2.173371052829223 3779
0.3642171443597464 1.411699633881137 3780
0.19299892395224 -0.02235125126838831 3781
6.607004609099024 -1.032271007240909 3782
6.814228180827184 -0.8334903691210738 3783
0.05750446111764183 -0.03345911086962838 3784
0.06304477806980897 -0.03313221765264365 3785
0.3403874970482162 -0.01311634354820791 3786
0.3441954752389274 -0.01581674142106393 3787
-0.1828023714947229 -0.4605754600719512 3788
-0.1853069905347547 -0.5405214367598568 3789
0.8106859743650424 -0.3382933234688565 3790
9.318266216820021 -0.5390723717717645 3791
9.036565500289614 -0.4558333264431245 3792
2.462022262317852 -2.291834077485307 3793
0.2621697312805423 -0.05418897157667946 3794
10.18092983545318 -1.83083583315967 3795
9.969567333248332 -2.036757424229838 3796
10.25345275469315 -2.120086334883023 3797
0.7447794228507344 0.4681773911504965 3798
-0.5246584904458581 -0.1907344580237568 3799
-0.2574738158270241 -0.3505427635192307 3800
0.1387118874451125 0.1291943224082224 3801
0.142016200630195 0.1347912693169256 3802
0.3801723876693506 -0.04614483483449786 3803
9.887721312459972 -0.7064901484312813 3804
5.579001767721927 2.208040871484382 3805
0.8214609141075145 -0.1174891269133609 3806
4.846242493976498 -1.61158051736784 3807
4.647710443804018 -1.77723668515884 3808
0.2858127774384996 -0.05374024217209457 3809
0.4799542065805685 -0.009335331432514193 3810
0.8760786754584746 -1.237578595614392 3811
0.9987866680671273 -1.280362184188003 3812
1.102763680344495 -1.18693486170836 3813
1.127570505053084 -1.322049303169665 3814
1.22613906621025 -1.224794116307852 3815
1.204679453801939 -1.093009034929055 3816
1.329857164010628 -1.129335932372554 3817
0.352116454890974 0.1848622630139887 3818
6.724685988895108 -1.618297883824238 3819
0.7257498857597596 -0.005956073568542206 3820
4.778797937728726 0.4724465910646083 3821
0.7647155201941407 -0.006265837523725244 3822
0.76908705941029 -0.007096954685600729 3823
6.861601030200205 -2.188342557435133 3824
0.1975103800412385 -0.02102080787457493 3825
0.04296255816419143 -0.03352667311992842 3826
0.03587814860907601 -0.03290542322421645 3827
0.03196183574191453 -0.03869421895462358 3828
0.02905261496560772 -0.03220792182119703 3829
0.0250011946282115 -0.03792619941894276 3830
0.0216190138014768 -0.03158331406921538 3831
0.7604533327159766 -0.005493665501726003 3832
-0.01129882177439124 -0.1519715900653268 3833
0.02178048977380055 -0.1456749511924624 3834
0.05926610411226525 -0.3847260193775512 3835
2.405040040228455 0.8679640876202162 3836
0.503713951460825 -0.1346650861510258 3837
-0.6142113814107306 0.9758556725417498 3838
-2.069566461415535 1.082770323184696 3839
0.2789792979049915 0.1829434295871983 3840
0.3222698238110416 0.2593838480096552 3841
0.3425400983514211 0.2665835635710604 3842
0.3262424285883647 0.2814549889872011 3843
0.3485731101729336 0.2894782180759441 3844
-0.006253428143876141 0.0550385387636495 3845
-0.005043578788220895 0.04817780854898441 3846
5.371255906669383 -2.19734053975147 3847
5.062183674494072 -2.147816284046481 3848
0.6974083116590598 -0.00572031724238611 3849
4.772711994366884 2.410516514660941 3850
0.4717521338344484 0.1482578882224996 3851
0.4768191277582066 0.1500319853718955 3852
0.04717800428477718 -0.05473231774405071 3853
-2.275134027497038 1.210995595173462 3854
-2.271450368796833 1.451225485966347 3855
0.2684123291774858 -0.1177354091788499 3856
0.000474744110558667 0.0453144775526122 3857
-0.00374146226250621 0.04101891678852771 3858
-0.01014914767118052 0.04386337933835951 3859
-0.008906502312146125 0.03751026601095102 3860
-0.01512201289322322 0.03959516952761948 3861
-0.01366057115847265 0.03238762325452616 3862
-0.0203681913637028 0.03550163851374524 3863
-0.01947469402232436 0.0281215449991199 3864
-0.0264856840598193 0.03091269696430704 3865
-0.02442465454145878 0.0228773713446922 3866
-0.01719422609502431 0.02132337335212642 3867
-0.0219541350230571 0.01550833991428117 3868
-0.01573906292679329 0.01356580029864703 3869
1.001544160682281 0.007230041957729119 3870
1.005702986027139 0.01106016711464101 3871
1.000350730589999 0.01289297897799878 3872
1.012024142006166 0.008959761099169631 3873
1.007114581644718 0.02510502171326451 3874
7.868961215124557 1.172292274400852 3875
0.6241520260253983 -1.116212825763393 3876
0.1804200479043499 -0.02132251333903374 3877
0.5482376744610803 -0.007862204068561397 3878
0.5524985359612653 -0.00879820864362332 3879
0.7398118574664603 -0.00543874503940246 3880
0.7439271533619538 -0.006358867668642622 3881
0.1401963950573868 0.1562622326006728 3882
1.002083939976756 -0.2883895073848683 3883
0.9565002693273562 0.2301957300078721 3884
0.9387619791149668 0.2631893514170702 3885
1.07048979357648 -0.3164185234043305 3886
-0.04279864589917888 -0.04575669411922415 3887
0.02397377847453033 0.06705481152951148 3888
10.18974402187434 -0.792726045406389 3889
0.3496949992725695 -0.5432764266305103 3890
1.343133776988615 0.5646366831954232 3891
1.054565632586113 0.07426989803241099 3892
2.215000951161635 0.5556497118872052 3893
0.2980257542549022 2.535862052833379 3894
0.2817193094842783 0.1567396391104618 3895
0.2285368907749616 -0.46435212018585 3896
0.1795781009756996 -0.5043043204806377 3897
0.2773108081468038 -0.4210926140186967 3898
10.40672160656641 0.5027030865943513 3899
0.04431829927980711 0.114504783507544 3900
1.257660529280344 0.2761326049540618 3901
1.350037070671126 -1.261599729020854 3902
1.458146021183452 -1.164043000140613 3903
1.425404779729198 -1.03228267242525 3904
1.550799469996645 -1.061293234738726 3905
1.516265394470915 -0.9373178162211107 3906
1.64654387450376 -0.9668023251105904 3907
1.608556086289928 -0.8417536354503978 3908
1.737013609549297 -0.8781754332623339 3909
1.700420716754019 -0.7463623294662733 3910
1.831145399384835 -0.7741970051760678 3911
1.871541004549179 -0.9181322089175019 3912
1.782552198836237 -0.654201260582834 3913
0.1823942779870848 -0.1511809179055276 3914
0.8575233879560732 0.07363243879123035 3915
0.8532713282482064 0.07002613180183753 3916
0.2143082725733955 0.1494192268847787 3917
0.2194438313161861 0.1516957810050947 3918
0.2201221802069005 0.1573534256946163 3919
0.2246561726655963 0.1536756975870616 3920
0.4846789044227641 -0.0442648746406532 3921
0.7358029252080215 -0.004160561059474939 3922
0.6335980809507564 -0.004687145092192652 3923
0.6310139442876477 -0.008597697825631839 3924
0.3733619433416751 -0.05009391863160149 3925
0.4133630852439983 0.7379732240692802 3926
0.3570973136863286 0.8086175937449928 3927
3.006623371596453 0.0387645839449299 3928
0.3071225402437856 0.5793700371005407 3929
0.6116859201325335 0.1262880354031249 3930
0.3065442371238375 0.1780426423872749 3931
0.1126037245615177 0.1203470765446863 3932
0.106089820266574 0.1199439417330318 3933
-0.1105674925958243 -0.5782548715256217 3934
-0.1818027940924499 -0.6255864624624978 3935
-0.7933054717140234 -0.9118224058325098 3936
0.1015732556476434 -0.06115608671669162 3937
0.5644950047065076 -0.006869793990324381 3938
0.5688292203955088 -0.0075082171074024 3939
0.9533094891675382 -0.06724025918435347 3940
-0.01152198398992058 0.01788675119184463 3941
1.040526975455573 0.09272702268175884 3942
0.5911517503187655 0.1294408539724815 3943
0.5959759528551042 0.129468072002662 3944
0.586328620227845 0.1303776253041352 3945
0.2479175075853993 -0.01555486911111956 3946
0.243914395334807 -0.0174525887411658 3947
0.3331419773088287 -0.1371983243687855 3948
0.5703565634533089 -0.370600793665364 3949
0.5798084968757395 -0.4173576999943138 3950
-0.007358602561485795 0.03163603662956677 3951
0.7088842927638729 0.1701209800883573 3952
0.7189116850182919 0.1841859847787737 3953
0.5059362521270782 -0.1014699333506308 3954
0.8556563453851399 -0.005966633904344106 3955
0.8599509124899828 -0.006831326820040442 3956
0.7077095854306462 -0.005133045688006284 3957
0.7567404373596497 -0.4084283472477196 3958
0.5843188923663354 -0.00569747035169375 3959
0.5881978716260803 -0.005923539922086544 3960
0.5492945874868007 0.1777840749022252 3961
0.5558865911803659 -0.09639237971719744 3962
1.254971060358913 0.5508837978835912 3963
10.31191316769098 0.7691941577693469 3964
0.5807828401373836 -0.03476984916492586 3965
0.5767077723068079 -0.04090527224231942 3966
0.5838778283272119 -0.04167432545788322 3967
-0.1307232361798177 -1.974692665050364 3968
-0.121314619792437 -2.190900762084135 3969
-0.326587972161318 -0.4695240818668709 3970
10.39956823413248 -1.62284928322514 3971
1.318339963904711 0.1634300147977607 3972
0.3447418573692312 -0.01096063447502561 3973
0.3485218603194026 -0.01387360808717106 3974
3.775254744426462 0.8616931618688431 3975
3.712747272286131 1.09149506798321 3976
3.82748442514532 0.6390125363917172 3977
0.721416357853466 -0.004538369047963888 3978
2.002444169673873 -1.927496361416953 3979
9.666090496266515 2.288484156837391 3980
9.952255790917411 2.2064217560565 3981
10.02715272839238 1.919881944197299 3982
10.23604615767084 2.132327330232322 3983
0.8654442860760128 0.05951134579328535 3984
0.9628756376360956 -0.009192243511143 3985
0.4447068613105737 0.1501476641020603 3986
0.4488267572280278 0.1522280094573599 3987
0.775479912988623 0.4235240487945356 3988
0.2800806644198678 -0.3362145561690755 3989
0.3220740566084864 -0.3481741438988302 3990
0.6010598271352874 -0.6538111902536848 3991
2.113048827123244 -0.08212578733182085 3992
1.256159950121749 -0.3595821523029455 3993
0.004135984025693047 -0.1762131717546967 3994
0.03228608219855172 -0.1736082182216082 3995
1.312430761927373 -2.053355915833503 3996
1.148293395002544 -2.187263154072757 3997
0.4071227612798783 0.1925480588349644 3998
0.47195692844777 0.1904776351294615 3999
0.4631957558190242 0.1969173078585416 4000
4.720498837966675 -1.099856842638014 4001
-1.169084952680083 -0.3817800909493209 4002
0.8922048856755275 0.05228029193180159 4003
7.577206367726777 2.306617683673334 4004
7.844749059749612 2.232344244693483 4005
0.6993983850988379 -0.2037959779238399 4006
0.7190247020852421 -0.2029640481393384 4007
4.080674507511168 -2.306544057369089 4008
4.276745129272143 -2.130976352647572 4009
0.9144526160274247 0.04461093374526862 4010
0.9185492835736984 0.04185536664816601 4011
-1.749015061448757 -0.2395575924641595 4012
-1.753001108394931 -0.4266878453785276 4013
-1.916760684215033 -0.3293129282545739 4014
-1.923591373622078 -0.5309512917566415 4015
-2.10144868409138 -0.4265273421793964 4016
-2.109124582561664 -0.6344118969666943 4017
-1.919778724960344 -0.738207431408353 4018
-2.108395453758109 -0.8510522422161231 4019
-1.914116353959727 -0.9626538976719801 4020
-2.109069886590535 -1.078091986469979 4021
-1.907518206773459 -1.194024269271323 4022
-2.107242356648446 -1.3142327873289 4023
-1.901448835106701 -1.431397625726673 4024
-2.108379742297816 -1.552819291135293 4025
-1.896156905494106 -1.676324794812527 4026
-2.102664803340365 -1.802851342910777 4027
-1.888464827126853 -1.931445901449358 4028
-2.106606289726176 -2.066794519192519 4029
-2.299683675423979 -0.5186170611300903 4030
-1.589578119242932 -0.5099806407889165 4031
-2.316174497616271 -1.409614222434355 4032
-1.880953036362029 -2.196174431165947 4033
-1.658613312758267 -2.059285598979419 4034
-1.650175485331282 -2.321025693856772 4035
-1.426341312539522 -2.186713667616448 4036
-2.260324915721974 -0.2787612022106601 4037
-1.718290608834407 -1.072863563228221 4038
0.9617328164705372 0.05613299671695078 4039
0.9714865237745091 0.0584986395917724 4040
3.391959962490269 -0.838813502666145 4041
0.6294381016328163 -0.004796866294200397 4042
0.6268631168344003 -0.008104121367940861 4043
0.6210689253475911 0.001028793934223053 4044
0.6253289278597094 -0.004130932363545623 4045
0.6225778882066432 -0.007474500773744903 4046
8.8828176875869 2.246735398922778 4047
0.6084132943346257 0.4465646234177573 4048
0.2308956435601998 0.1788625967853057 4049
0.01751397277662689 -0.03761464058918804 4050
0.01480528059349332 -0.03081699260180475 4051
0.02086366720157869 -0.04484103500816586 4052
0.3185176265711092 -0.04370460347970447 4053
0.9726659316183499 0.02230239484324254 4054
0.9781473588122083 0.02286977918848196 4055
0.5677418990689238 2.242316016323269 4056
-1.42117877812998 -2.444107315926838 4057
-1.213700137830524 -2.293803663624964 4058
0.2687790840668708 -0.01129597534768878 4059
0.7177677435248789 -0.04002196217541904 4060
1.016924365318442 -0.01360220544177306 4061
1.326662557019258 2.279324602795886 4062
0.2090919345019503 0.1463961339498955 4063
0.3479888865418734 -0.01853873488197598 4064
0.3522199789410348 -0.01655107623541285 4065
0.3527007392143499 -0.01202947727145135 4066
0.3563365700682039 -0.01450271422400836 4067
0.8592641975711489 -0.1197177475257588 4068
-0.2189491032525416 1.159337538259815 4069
-0.3391446345943732 1.246428305761944 4070
0.4530256025441178 0.1917089778378806 4071
0.4531142899589843 0.2072510852941931 4072
-0.3858280371645815 1.709830927593192 4073
-0.01323676545997731 1.558779206579862e-05 4074
5.81052005304401 1.341987040371745 4075
5.580508735639669 1.180914425481913 4076
0.2918785862190136 0.1601937264697213 4077
0.8544974521225739 0.06466817610696553 4078
0.8490632088236083 0.06649609477045904 4079
0.8481158638046616 0.07187629896883993 4080
0.8437140002186312 0.06868455394318537 4081
0.8430747234463283 0.073758963565076 4082
0.8389018145270812 0.07051656765783827 4083
0.8380430131704785 0.07561603728099361 4084
0.8332401327164329 0.06304589853041673 4085
0.8344435392800787 0.07229927456085508 4086
0.833004770529248 0.07728469488430213 4087
0.8294656892283581 0.07330941990683677 4088
0.8280460548669155 0.07906380257700307 4089
0.8237575987878187 0.07537415633291646 4090
0.8228549353671181 0.08092707420264689 4091
0.8186155593457324 0.07746861585986523 4092
0.8176838696349092 0.08282581039903925 4093
0.8138754566660222 0.07901993661683324 4094
0.8125411963232048 0.08446554846452534 4095
0.8179122898821805 0.08952620295810229 4096
0.8110624879757127 0.09073778185386695 4097
0.8065481505458671 0.08537935242112112 4098
0.8047757504420663 0.09243163786404142 4099
0.8002628238744222 0.08796931230059901 4100
0.79854239246293 0.09432434964055975 4101
0.7938005688244588 0.08901427752698458 4102
0.792276772539644 0.09604780179810163 4103
0.7970067129662702 0.1009128467178172 4104
0.787446864120808 0.09072346990406059 4105
0.7861020600731199 0.09771733260918539 4106
0.7816529643209877 0.09330528905071825 4107
0.779982569543176 0.09954539411502804 4108
0.7754145164345165 0.09433057933495563 4109
0.7738753001869521 0.1012836820973032 4110
0.7689291704175996 0.09609034917341609 4111
0.7677303030663973 0.1029692772765277 4112
0.7632128495337477 0.09862155859398201 4113
0.7616801462148484 0.1048421145864406 4114
0.7567295834090637 0.0996777524956256 4115
0.7846696745728686 0.1043718575645166 4116
0.7555070711138867 0.1065042327703795 4117
0.7509667379871792 0.1021088193099487 4118
0.7494189749664819 0.1083693732182779 4119
0.7448153944293842 0.1038911117942035 4120
0.7433187384184597 0.110106990533248 4121
0.7389682775207123 0.1055460566033277 4122
0.7602429589882679 0.1113839693418066 4123
0.7591813041323985 0.09440947778391591 4124
0.7580494853374461 0.08458384449330936 4125
0.7410258156754109 0.09925154103368072 4126
0.7347242043119653 0.1008727419249306 4127
0.7332362862542056 0.1067323730150277 4128
0.7293427812117372 0.1026294598606577 4129
0.7277301695911766 0.107858987532345 4130
0.7241698230963787 0.1038290411224742 4131
0.722377267814136 0.1089266188541236 4132
0.7187756971889511 0.1043778472042716 4133
0.717032474439002 0.1100204414974619 4134
0.7132139513216234 0.1055189979275979 4135
0.8096343538832725 0.09793586853078612 4136
0.8015462185429441 0.08226566779277973 4137
0.7709561468254001 0.09111412310876846 4138
0.772730346659889 0.1082551238363738 4139
0.782648761097031 0.087620630560207 4140
0.711749570540878 0.1110844176792978 4141
0.7080844068966787 0.1071900860373244 4142
0.7065332334999326 0.1122025640798071 4143
0.7031145115276717 0.1083450161548056 4144
0.7013918082486683 0.1133450471644607 4145
0.6981622486284595 0.1093730108190288 4146
0.7162394255422075 0.1157092759551347 4147
0.8374204982170121 0.08139680272193037 4148
0.8270963267021276 0.08476650687994176 4149
0.7315021886120101 0.1124137895901558 4150
-0.1033821584530456 2.026625970259881 4151
-0.2959110483929975 2.059883125228971 4152
0.4297631482802326 0.1590542503222044 4153
0.430254532731999 0.1526441320560181 4154
0.7660906957626523 0.6240595971604321 4155
0.9530309785179228 -0.009268476277305539 4156
0.9483421704810696 -0.009029102209384333 4157
0.685406507298768 -0.009930767395309452 4158
0.6852591202832309 -0.005219325868992677 4159
-0.02575867729134704 0.002360522785436404 4160
-0.03212211871407543 -0.004159543462853362 4161
-0.869563219480698 2.33556008404591 4162
-0.6462996857523667 2.495681329085209 4163
0.3242352850666915 -0.04937739084774941 4164
0.3158739175887667 -0.05167775248385924 4165
0.2989232162943029 0.1787710919837345 4166
0.6571896717124335 0.1152414965259532 4167
0.6620403050596757 0.1158818385093181 4168
6.770812468867628 2.272200041959789 4169
5.738152149445513 0.4757025052038313 4170
7.130344180110113 -2.253589170772869 4171
0.5315096472973245 -0.006455017752802467 4172
0.5249337691856732 -0.0008577456206680309 4173
0.528219204445513 -0.009623852244189662 4174
0.5294613517719724 -0.01410542338804807 4175
0.5249050504449606 -0.01254917729092197 4176
0.5240378263516275 -0.008208349312309493 4177
0.5207275541113765 -0.01089427044893147 4178
0.4632118962009407 -0.04506558477761673 4179
0.4647148878660156 -0.053304340482558 4180
0.1184482674877807 0.1211237425848501 4181
-0.2892676699584862 -1.526409855002707 4182
-0.01668203090541651 0.04644376937798102 4183
0.443141985825371 -0.1977756262997063 4184
0.4640517326207104 -0.1788524888426307 4185
0.3442763417162873 0.1866395950225315 4186
1.6018482575006 -1.196019541023314 4187
0.3410535657654986 0.1563352182265461 4188
0.3363243531856436 0.1562475991820341 4189
0.4905078651114568 -0.03865546601191803 4190
0.856396106813177 -0.6830193692666304 4191
0.2469189765016496 -1.755276725445837 4192
-2.309367795812597 -0.9834782503369784 4193
-2.052415121097344 2.29136614516464 4194
-2.289681968399319 2.175696396476151 4195
-2.276616756153721 2.435990673737877 4196
-2.298034516414113 1.906587595205986 4197
0.9643721477603546 0.03146130002950847 4198
10.31265669835554 1.839748104608972 4199
-2.113203930952423 -2.328626693830357 4200
0.7220460608979273 -0.02906651411665582 4201
0.5693632833759242 -0.03924080901649885 4202
0.5711122292204169 -0.04688097128177102 4203
0.5620806786546693 -0.04379525611619289 4204
0.6392546790916568 -0.03635443033843921 4205
0.6418089117451493 -0.04279183701741102 4206
0.6343250803472081 -0.04238685549324412 4207
2.388455427768989 -1.829695603621911 4208
0.8058053852587306 -0.4153756122291139 4209
0.4802471489041851 0.1838310940055708 4210
0.4932067124964701 -0.02157418964983738 4211
0.5579391851840751 -0.01385598756204739 4212
1.255315433279509 2.515996078420139 4213
1.163864600703609 -0.5031269511707412 4214
1.10352435311369 -0.5003920480382158 4215
0.2824620956446573 -0.128589491077316 4216
1.080854858548456 0.4476430957280396 4217
-0.2954034470805079 1.562766516380123 4218
0.5601911938761668 -0.005727262827803456 4219
0.7050401529572343 0.1035615010879161 4220
0.9123740221950916 -0.3131746968048623 4221
-0.6068389619051329 1.122803913836323 4222
1.951989774857732 -0.8129614478130576 4223
0.2776133234556082 -0.0563311184426968 4224
0.7154506845352571 0.1016097257036347 4225
3.448317857347627 -1.383642005116583 4226
0.3921336540201693 -0.03900022705934209 4227
0.9488351194065358 0.03142083930560992 4228
0.332326055414767 -0.04703178818364232 4229
0.2678264022762818 -1.369052533909113 4230
5.043112136125485 1.346505843463952 4231
-2.330180723117158 -2.198158673013914 4232
0.5991765680061314 0.1336038320247742 4233
0.5743443667251342 -0.01150331294660544 4234
0.4339159134906959 0.1959152484982732 4235
0.508581235706117 -0.5025349949174954 4236
0.4691438366687574 -0.5421767854702408 4237
0.6961839015823803 0.1142172072912201 4238
0.6931576573970453 0.1101923361218891 4239
0.4879569923806973 -0.008031791229403177 4240
0.4922606037795577 -0.009095558119306008 4241
0.3484755589160857 -0.1272024244768867 4242
0.3524797366354535 -0.1440263155784104 4243
0.7129669034453751 -0.04606082493366259 4244
0.7101599828393642 -0.0374338572205599 4245
9.105837568252328 -0.7358899704736924 4246
0.01908372399608534 0.09473624357976317 4247
8.289164952292369 1.58115360719566 4248
8.35348138095371 1.314187446010101 4249
8.204077846730961 1.879862162123555 4250
1.17805488226096 -0.2212973673858631 4251
0.2236441501359653 0.1742961089466286 4252
0.9946459170946526 -0.02143916270251134 4253
1.000063465994402 -0.0207651649885362 4254
0.184791336485093 -0.1179719242971375 4255
0.1683703123900885 -0.122354390364714 4256
0.5730903345985594 0.1314166353017683 4257
0.5775122803827457 0.1312534336930918 4258
0.2576630380649185 0.1529509668312588 4259
0.2534400370918091 0.1556573891778547 4260
0.7428520575343247 -0.002063073394686808 4261
0.7363199336120219 0.09629388474007233 4262
-0.04811228357499571 -0.03304263376463647 4263
0.6844140131119987 0.1621245008038733 4264
0.8548570372727291 0.1264073101761272 4265
9.388653353315618 2.386085141419591 4266
0.2523960840869763 -0.01402837206343816 4267
0.7629425237073104 -0.02987131365962862 4268
0.7589174496056464 -0.03501492885809333 4269
0.766534235644791 -0.0364256269129356 4270
0.7525011056424031 -0.03264583837848663 4271
0.7370626245510995 -0.02839604251790639 4272
-0.4808295745106249 -0.4762926469052817 4273
0.8013564144565166 -0.03267139606795401 4274
0.7975381222481134 -0.03892673525459348 4275
0.8053895084401068 -0.03921676260400527 4276
0.7907534615968241 -0.03698854968905928 4277
0.5268937759852044 -0.3227087301906871 4278
0.8535653081522164 -0.03582178013518912 4279
0.8495747628986885 -0.04154999842353373 4280
0.8572127435171019 -0.04266771737598936 4281
0.8524132625996914 -0.04893288928065578 4282
0.8434739412545884 -0.0468970661024215 4283
0.1116727552543047 0.1903505930238044 4284
-0.06956230718445135 0.05620046878549418 4285
-0.08343636243908562 0.05041871039951717 4286
-0.08244723518892841 0.06734068443048116 4287
-0.1003858844737823 0.06255974795650822 4288
0.9722141238262046 -0.008784576099655956 4289
0.8048531150640668 -0.004401090130547681 4290
0.8091493127714015 -0.005227154248053114 4291
0.888003225576779 -0.176421507262672 4292
0.9083269603874902 -0.1777115228839524 4293
-0.01140160610724049 0.023135056905419 4294
0.1748948121245757 0.1585709344644401 4295
0.174443601204995 0.1500549608330353 4296
0.1686299125803135 0.1460740342210482 4297
0.1747326146715433 0.1433013685638274 4298
0.1800207513847189 0.1463390247675891 4299
0.1693835093107797 0.1395349087767665 4300
0.1638600309203497 0.1420957067265777 4301
0.1648779289917012 0.1362132412427553 4302
0.1593811604209631 0.1381938311678127 4303
0.1802179621019826 0.14020302658286 4304
0.1847995458985477 0.1431804037219862 4305
0.1211232864614886 -0.4803781656065631 4306
0.1882596377005499 -0.02367169254868254 4307
0.2903593777152994 0.3086933434724937 4308
0.304708759713665 0.1559038944384312 4309
0.2997558430577608 0.1563603181897974 4310
-0.004272703369768599 -0.01315932147168632 4311
0.0004463683712114377 -0.0182123725941165 4312
-0.001759749282692172 -0.02575017976336611 4313
-0.007077752829585557 -0.007642934059105756 4314
0.3981409114699884 -0.04312783356352003 4315
4.837743531483179 -0.6979591723906771 4316
1.646122134571661 0.04543100655447512 4317
7.30603229777088 2.398383027961689 4318
0.7927803414284895 -0.04413889109255353 4319
0.9620853310690622 0.0268135327045959 4320
0.475553018543536 0.1455048400838242 4321
0.4804257449239522 0.1466744298444289 4322
0.6241521712403935 -0.01076411305339316 4323
0.07990047646762932 -0.1288897513564422 4324
0.09405820527628991 -0.1461121693222189 4325
0.351846804262424 -0.02151320472358409 4326
-0.5106828937050578 -0.2662174399770764 4327
0.2836447124220513 -0.06286657970226234 4328
-1.301016364217563 -0.4615659463344765 4329
-0.001614678671911885 0.07531888722563279 4330
-0.01020237571277664 0.07159055864014242 4331
0.3098172514116598 0.1555321027665531 4332
0.1574771483528135 0.1440781116410595 4333
0.1523468829659639 0.1383783539117237 4334
0.1561630406707116 0.1335477868426358 4335
-2.48952692471973 1.346548582411868 4336
1.339680879012747 -0.321544678470271 4337
1.542069319584902 0.1650528538071315 4338
0.3236248931392525 0.1830302900297037 4339
0.3275572172535401 0.1899393266531977 4340
0.8865969001447853 1.337958455158247 4341
-0.03239343520714615 0.02348562405094943 4342
0.03398557018452732 -0.121404977307205 4343
1.349120990462256 -2.270704094210696 4344
1.178591245930746 -2.418194965942651 4345
0.9664670553607277 -2.33762989025737 4346
0.009511149840294518 -0.0558370265835121 4347
10.31635072266696 -0.2938800836113596 4348
0.3459262362350926 0.1547166365102344 4349
0.3494014604343963 0.1579748057469871 4350
1.41684461349419 -0.2144570376240504 4351
1.37764536590817 -0.1526887032146093 4352
1.449264110108997 -0.1470769162299082 4353
0.07684917846041772 0.2148625923406764 4354
0.5840870744578166 0.1347518315719774 4355
2.826863890644558 -1.001759363408153 4356
0.5325161660629962 -0.1829760872133882 4357
0.5533418478016023 -0.1890667988276653 4358
0.5087867629254317 -0.1760344774477043 4359
0.6690204520891343 -0.6585275141607805 4360
0.04088817058002433 0.3301653308085543 4361
0.6597659695873364 -0.004496695771513314 4362
0.6563580764623611 -0.006593759017069004 4363
0.4255699510414491 0.1549674698315855 4364
2.396669487524787 1.805809555456359 4365
0.2939757205540501 -0.05089650428193054 4366
5.948554571744102 1.801657061196083 4367
6.518708056992162 -1.79998338145105 4368
0.2855748682804438 0.1531967024306045 4369
0.2902032429324451 0.1548383701324255 4370
1.006938219573372 -0.01355044363577039 4371
0.9865638384364184 -0.008909788382925206 4372
0.9912838925694956 -0.008515745799588003 4373
0.5198567408894764 -0.006291489209054033 4374
0.5167458239036192 -0.009233781962596501 4375
0.5169218590798267 -0.01396368127143463 4376
0.193995904332562 -0.01742981395568381 4377
-0.1888449569825423 0.09300902473260395 4378
0.07210905262193394 0.5615296612469869 4379
0.07593936355551484 0.6368472271271406 4380
-0.0002803144686336435 0.5935325944969554 4381
0.009863111698980692 0.6887622916438759 4382
0.09125682921717528 0.7229383244507712 4383
0.01976357704350783 0.7838031255771285 4384
-0.07152085689207911 0.6533039605999043 4385
-0.08447751835718267 0.5650472084397071 4386
-0.1540366837868061 0.6177617308856306 4387
-0.1627752109781874 0.5211715046315176 4388
0.1120703662163106 0.8159747003170836 4389
0.0399211699369969 0.8989717729452603 4390
-0.06570207557242341 0.8509469011030495 4391
-0.05601391214796123 0.9582398973846552 4392
0.2552569486280217 -0.01677034353169556 4393
-0.1386065080659048 0.6987015976847396 4394
0.740466341026211 0.09428886577797804 4395
0.5787351608855573 0.4859339587044464 4396
1.009432954754008 -0.02800722249653769 4397
5.66718386816221 0.7310036474796733 4398
0.1279492209457755 -0.5447796538209603 4399
0.3298065683998679 0.162166323726032 4400
0.7015886696086522 -0.007260611811449506 4401
0.5684087132824449 0.1321606512699899 4402
0.5656883432236333 0.1360136351246372 4403
0.2732706861320602 0.1597267368650193 4404
0.2728248911277463 0.1545200206755734 4405
0.234288958362804 0.2528208871626332 4406
0.6998304907578762 0.1046601698033993 4407
0.6951855943354255 0.1060312318229703 4408
0.7095317116625213 0.1030090981112439 4409
1.3984905935729 -0.9191934768147428 4410
0.9532349454700275 -0.02782559897633104 4411
0.08808309932618859 0.1202763584106803 4412
0.09590980602792828 0.1215332554427782 4413
0.09284891606884993 0.1148121276708078 4414
0.086644497873075 0.1137411255698026 4415
0.09101482599005435 0.1086170953069255 4416
0.08431431886166754 0.1076417393402949 4417
0.1449701469791453 0.1294817014608951 4418
0.2615938090543019 -0.02111332380417025 4419
2.104956008834158 0.4392480296346302 4420
2.144391276544144 0.2807511795553234 4421
2.050146040418841 0.5901902868138132 4422
0.7157584310888684 -0.007451164543402423 4423
0.2109447167659521 -0.6290970321620551 4424
0.001385416671712087 0.04038138225739302 4425
4.344023596942426 -2.375430534723966 4426
4.566186642303527 -2.207308786144224 4427
0.9080571839622209 2.37007375230782 4428
0.6463863074512711 0.2031418779609441 4429
0.6575078936655228 0.2199068245102806 4430
0.6382296904396526 0.2209391724351718 4431
0.6486696740228006 0.2376481893327957 4432
0.6271813796422351 0.2390779427343517 4433
0.6407066819938525 0.2569478028353713 4434
0.6159572264280224 0.2590458397473759 4435
0.6187848535602722 0.2223577037124799 4436
0.6301829978014899 0.2797524010243637 4437
0.6027370622437505 0.2818625134246555 4438
0.5878707278620826 0.2551380371117677 4439
0.5756444338342187 0.281606933328456 4440
0.6748860092680602 0.2184878082197551 4441
0.699003673792293 0.1185364364007295 4442
0.2649327580156988 -0.01292955316604157 4443
0.2612048284465374 -0.01327724737328012 4444
0.7673786286123032 -0.003449261326208346 4445
0.7714550288128611 -0.00397360165241515 4446
0.7840343841457134 -0.6749396056706387 4447
1.056999401192697 0.1600182023502096 4448
1.225920486376362 -0.5090044055318081 4449
0.2240123420091874 0.1481082625786965 4450
0.2285248305802722 0.1502445897955396 4451
2.691814743890212 -2.374061661394475 4452
0.8618440928245112 -0.01058776338623346 4453
0.8638600558773885 -0.007177851033980127 4454
0.466728979770643 0.1465808760901553 4455
0.4625286460435011 0.1445022782030929 4456
8.608566723292858 2.317315287044432 4457
0.7300184480351373 -0.007132638443271931 4458
0.7283337102828332 -0.003440299871365226 4459
0.987550798610036 0.02594456072423895 4460
0.9920904081395396 0.01967775870749743 4461
0.6673761131108893 -0.003902815034117892 4462
0.6717742845290232 -0.005189354769438674 4463
0.785356012351685 -0.04111552880592438 4464
0.8148456648508745 0.07466895283485504 4465
0.8100808008916033 0.07570619666884723 4466
0.8190654145648297 0.07299607296813931 4467
0.3241476898567997 -0.01047656233121155 4468
0.3199747351084732 -0.01119678393753425 4469
0.3186227746059925 -0.0157355838267836 4470
0.3153745274244695 -0.01203820763237879 4471
0.3142990847733166 -0.01686292360004789 4472
0.3112520058496628 -0.01365871542781737 4473
-0.160346673157332 2.237638820526985 4474
0.005431622951213569 -0.02450310027433666 4475
0.539292627868712 -0.005840582752596132 4476
1.506496827650361 0.2448204233698707 4477
3.630557023480521 -2.40770472398555 4478
3.368378978002324 -2.317024873529952 4479
0.1720742807416485 -0.0207669320165142 4480
0.167836893011717 -0.02207912685052758 4481
2.250737087625668 -2.209268461990917 4482
0.114563451915288 -0.1393368574820255 4483
0.6571096373324004 0.1436606067012139 4484
0.6523469772980757 0.1499561842481222 4485
0.6612540536843188 0.1502191501099726 4486
0.7464833673294696 -0.003415121323598212 4487
0.8108998539594541 -0.00893615094729331 4488
0.8130578623617926 -0.00553651542439954 4489
5.212256396440744 0.6033015908956979 4490
-0.4278001931789834 -1.449591922577523 4491
-0.4238628840388623 -1.279279911886941 4492
0.4816257808500485 0.1512990392445887 4493
0.4851205548754682 0.1478704615612123 4494
0.6201167864171674 -0.010722055278637 4495
0.6183016266607049 -0.006762026326922877 4496
0.6155709054859799 -0.01003323320636797 4497
0.6140375172206758 -0.006069720091861911 4498
0.6112772972514461 -0.00927912232958659 4499
0.6098893430518795 -0.005382241867496506 4500
0.6070891645126346 -0.008490365605427569 4501
0.6058070659576623 -0.004815513472468742 4502
0.6030291410702528 -0.007778240447776108 4503
2.512084106722959 0.6458285173346753 4504
2.68016419261509 0.6034094926049102 4505
0.7257001366389257 0.09875428617540857 4506
0.3787505407872505 -0.1234377649948996 4507
0.3944543653828455 -0.1124395444507897 4508
0.1938786484976207 0.1526893135057116 4509
0.04737293693662373 0.09235629158620598 4510
0.04666473391278657 0.08540059802722466 4511
0.05251212342135465 0.0878744142034921 4512
0.04088239602579415 0.08324377858352436 4513
0.1025896540222731 0.1319974413096679 4514
4.961968530665704 -1.20798003391615 4515
0.09467271131690146 0.1900283598981543 4516
0.7732105989556812 -0.007431834126896595 4517
0.7757047861887257 -0.004324608282245108 4518
0.1479315684102109 -0.0515593496276146 4519
0.1534388360123771 -0.05742032368141477 4520
0.1617366473457331 -0.05453494227148981 4521
0.1602172791898836 -0.06371775043622077 4522
0.1686089608398093 -0.06067531297980647 4523
0.2551328885428542 -0.04878309299476519 4524
0.2631972003820464 -0.04523120131983457 4525
4.104664700020017 0.4079908908792262 4526
-1.167063202487857 -0.09501349579860691 4527
-1.053891205405547 -0.1714204544753307 4528
0.09692818616694011 0.110225140918415 4529
1.099619055282105 0.5100687269217302 4530
2.235886026936325 2.475368577121492 4531
1.979890837453923 2.536035094175276 4532
1.821236584167646 2.369738459035132 4533
0.07018478087046678 -0.1496493070734885 4534
0.2269209541635994 0.1985761813287329 4535
0.7479269476215192 -0.006858426309938603 4536
0.7501197734805078 -0.003880475551683523 4537
-0.4981785690380077 -0.1118151446450979 4538
-0.4314823900961947 -0.09088054456232314 4539
0.7308908745839187 1.379142231144115 4540
-1.093259300749606 1.794537769847175 4541
0.2940649811032635 0.1659531595454065 4542
0.9353762810996862 0.7467862823254422 4543
0.7406026553969324 -1.475979969459702 4544
0.2038943372980169 0.1844823030104273 4545
0.09835815257401959 -0.03810740503054587 4546
0.09355465546108722 -0.0345578068330211 4547
0.08760120895218632 -0.03615639150495897 4548
0.09922966243243524 -0.03258332661492978 4549
0.08927734304292499 -0.03005207069276267 4550
0.08399028192919322 -0.03167138412454529 4551
0.08189657445466189 -0.03693660827507627 4552
0.07917176529991823 -0.03256076203430781 4553
0.09480057889568372 -0.02940136486824549 4554
0.09972736716367474 -0.02760905935641762 4555
0.1040202218951287 -0.03038070878295853 4556
0.7005382954715053 -0.003469608636853084 4557
-0.01054285614478449 0.01249900300239955 4558
-0.01382487478011219 0.008561730048160092 4559
0.5066095763740968 -0.0472191865185459 4560
0.356735411788161 -0.009885303264856333 4561
0.3600414911689749 -0.0124184088567017 4562
0.3530147053552101 -0.007811998992012978 4563
0.6290437238944406 0.4947765960244338 4564
3.388498556474924 -1.124939812965178 4565
0.4496737269024093 0.1572330998659097 4566
0.38241889498166 0.2030244625848399 4567
0.2157085546210872 -0.0313857737813716 4568
0.216993878013206 -0.0257504772336605 4569
0.2216894044017262 -0.02393930526139941 4570
0.2177616999566293 -0.02070241739333043 4571
0.2223533466153138 -0.01816553694633236 4572
0.2267653693782386 -0.02240881819316718 4573
0.2270922093730627 -0.01710691832993731 4574
0.2130901208882438 -0.02216167568449994 4575
0.2141137451600982 -0.01785138340615873 4576
0.2097560927465652 -0.0190239585805661 4577
0.2311895540999611 -0.01959968355688658 4578
0.7408972823069411 0.1243162278154368 4579
0.5131435659778745 -0.01175993901267129 4580
0.5128454202290591 -0.006979468653731524 4581
0.509243325393991 -0.009748330462172104 4582
0.02507991933415502 0.07464924473317711 4583
0.0292296576245086 0.06987736767605077 4584
0.4413578637368197 0.1482539929445846 4585
0.3920371634253704 -0.04701707262324167 4586
-0.007370438104588954 0.01553240086927387 4587
1.003302937332501 0.09412623772221154 4588
0.3306174593682493 -0.05526106294353517 4589
0.4209407805894257 -0.2129532633489523 4590
0.7659194672622599 0.1252841761927515 4591
0.5157746427807545 -0.05012375693859042 4592
-2.369989200490412 -2.495542381063149 4593
0.5512078131376352 -0.005201303450160054 4594
-1.0927075532544 2.261957137691939 4595
0.376179856360657 -0.1894771225638783 4596
0.8266825007638263 0.1055012300871887 4597
0.8608169297823856 -0.04951614561916943 4598
0.8655269051066747 -0.0428613645026141 4599
0.8694277658209321 -0.04980113866478264 4600
0.8737996084735392 -0.04378281639584908 4601
0.8780450285576884 -0.05052124331876268 4602
0.7528505172471923 -0.03977742132687136 4603
0.2519410816142164 0.1660133459696322 4604
0.7779895319477113 0.08900526707238099 4605
0.7793258134642761 0.08485610480000366 4606
0.7751947231391436 0.08605504717208101 4607
0.7838309414446392 0.08281693678821694 4608
0.4168979988854137 0.2105254564119732 4609
0.1138015055578971 -0.03615027570719719 4610
0.9235535910133131 0.04345459573789687 4611
0.9286466424361308 0.03926931700706703 4612
0.8587730309684877 0.06268588441587736 4613
9.630649499247923 2.575270085928208 4614
0.8967232235178992 0.06981933494984964 4615
0.7214548000858416 0.1002750892968926 4616
10.03688955206002 -2.312810698556483 4617
9.762145102728329 -2.239334347635891 4618
10.32670405417435 -2.444177135514036 4619
0.2311049745871273 -0.01506922304013553 4620
0.2346168021672448 -0.01776979873281311 4621
0.2349862023855812 -0.01354125911925633 4622
0.2276531118089022 -0.0131862209248952 4623
0.7639457103278483 0.09304702484162043 4624
0.1280421350135908 -0.03220521086369806 4625
0.1239552250064435 -0.02870992004068667 4626
0.1287245112665857 -0.02651325498234067 4627
0.1191672066276894 -0.02974479382358462 4628
0.8851718027121103 0.05545845159083168 4629
0.6827726788178723 0.1203797768209052 4630
0.686137425830827 0.1157349077020655 4631
0.6809193195043373 0.1151072118500144 4632
0.683807491797693 0.1112249532266336 4633
0.6787253420633382 0.1103670013742472 4634
0.6756144151414541 0.1141120300607642 4635
0.6740622549872508 0.1101962580521849 4636
0.6718086489154971 0.1128495516773032 4637
0.760612601327757 0.08957100493014919 4638
0.7556745198261554 0.09091408605009987 4639
0.7648132137010979 0.08875432505005133 4640
-2.500062856128376 0.8179490165778838 4641
0.003001466981420035 -0.03160512651499998 4642
-1.805322053412312 2.456971268792244 4643
0.2396687630339335 0.158812690935717 4644
0.2443850691967131 0.154903186270869 4645
0.2392861484921641 0.1528445994649293 4646
0.2349663440113077 0.1551153636359165 4647
0.2181232586033885 -0.01631703767086028 4648
0.5404555578573531 0.1454611576631516 4649
0.5441075757405909 0.1409927713269784 4650
0.5495796077174386 0.1416344827276337 4651
0.5391648921995632 0.1402729804688087 4652
0.5470750233349143 0.1363922835098169 4653
0.5523915848859411 0.1371436885179135 4654
0.5547164405187316 0.141931885530403 4655
0.5578906304242154 0.1375228429351737 4656
0.64818529595763 0.1234587251766513 4657
0.6464330404260591 0.1190796160437211 4658
0.6417707342194479 0.1178620528607142 4659
0.7105105624875445 -0.001929516521051914 4660
0.7248836677693562 0.1696910347133351 4661
0.7354213296291483 0.1828510145116042 4662
0.7283775970548121 0.1985469333268196 4663
0.7470629107508799 0.19665861930839 4664
0.7540889529278448 0.1767901820521358 4665
0.7661661868272427 0.1937636044995964 4666
0.7594993341730611 0.2138775029489517 4667
0.7807193504859772 0.2101047459593046 4668
0.175026522000579 -0.1752809226475614 4669
0.1958916762088613 -0.1965786412616902 4670
7.500874833775336 2.566627954785316 4671
0.5729962664446667 -0.115290313093899 4672
0.5889076523390362 -0.1185711975632428 4673
0.5997717530327309 -0.1062737763077045 4674
0.8741896025692857 0.07205688214240609 4675
0.3491948263880003 -0.009912412014856542 4676
-2.503737918900644 -0.3981785692487573 4677
-2.518423759930761 -0.6396792642779487 4678
0.2354292875574775 0.1497468956931212 4679
0.5877572555774924 0.1262073896051728 4680
1.009451820484233 -0.002810890377583859 4681
1.011787409134786 0.002669777802191176 4682
1.066905230543928 0.05080671803144006 4683
1.079116247100249 0.07860239785705379 4684
1.095228436575872 0.0544193273622726 4685
0.6783822695174342 1.519202008184063 4686
0.4260144826960678 0.1504706090897528 4687
0.4218231618808325 0.1522089590406398 4688
0.7574505416518755 -0.008640785507246479 4689
0.7565181513903014 -0.004183921204355744 4690
0.9483788633999888 0.05775656082959705 4691
0.1478572246557323 0.134347541353631 4692
0.1455257213865061 0.1401208664898233 4693
0.1501252910091068 0.1294150507034522 4694
0.1899047230056228 -0.01883192377051737 4695
0.8763983771230573 0.0552230705117417 4696
0.8809341800871273 0.05359281986849727 4697
0.06687074084815595 -0.03749734752439293 4698
0.06805734179006045 -0.03228088993242849 4699
0.07238213954014473 -0.03641430639661007 4700
0.1596166148741735 0.3703818960788947 4701
0.1463566592271825 0.3244451727840608 4702
0.3118491551082642 -0.009505992213040618 4703
0.3080022108560874 -0.01041397973943832 4704
0.3071024459765378 -0.01459154912532641 4705
0.3040952182564797 -0.0116310244153713 4706
0.3029684167491014 -0.01553069984504522 4707
0.3001557811924102 -0.01249935936525821 4708
0.2988484885609093 -0.01638284279900526 4709
0.2959624426411376 -0.01334176588809762 4710
0.2913446509528752 -0.006479267858784131 4711
0.2945520300594773 -0.01726669006095404 4712
0.2916053739514246 -0.01410896169685762 4713
0.2901692732087677 -0.01825764498073953 4714
0.2872868485110976 -0.01493206820291582 4715
0.3016045756119748 -0.009015699007348514 4716
0.2889869604463152 -0.01140528705737431 4717
0.284432549646726 -0.01159281901951562 4718
0.2823030834209137 -0.01658267205353159 4719
0.279782339639376 -0.01263482076997118 4720
0.2783091139898549 -0.01596618533457126 4721
0.04885585457844818 -0.03378996385225425 4722
0.9103251748488063 0.07815600388661657 4723
0.414126301061135 0.1576584590033047 4724
0.4095424754973532 0.1545799883054381 4725
0.4045974967773061 0.156521747688932 4726
0.4139448756087588 0.1522737900800593 4727
0.8829140783180206 -0.04369187681439286 4728
0.8868454636865648 -0.05133165741486549 4729
0.8917110749795354 -0.04507271387793402 4730
0.8957054288401102 -0.05213405403153818 4731
0.8899352526729278 -0.05880487879532232 4732
0.606970305304306 0.1245409269732895 4733
0.6034805492818585 0.1267718464379471 4734
0.6028168689984733 0.1229844799824342 4735
0.4056922766909136 0.1514407075918054 4736
0.401359536704706 0.153067243660833 4737
0.3998821846887008 0.157311958801041 4738
0.3965983561880851 0.1542771943291418 4739
0.2455793877620993 0.1502174644443225 4740
-0.1458799295464764 -1.784162016030683 4741
10.57080481838249 0.6843258515518366 4742
0.9727294491458256 0.1986923979232073 4743
2.501433096194708 -2.537082635218076 4744
0.5373401199464973 -0.01712420171228514 4745
0.6533802513222757 0.1156892155401745 4746
3.488192224184772 1.135797580784822 4747
3.656166603289638 1.302883233785932 4748
1.090202221640376 -0.07188172214778442 4749
1.062583032036585 -0.07813280623304963 4750
1.07846623577426 -0.05091403326905769 4751
1.088370906586072 -0.03177568499515626 4752
1.066448331237177 -0.03279687740960775 4753
1.058360149580645 -0.05072861464840642 4754
0.8251703760096047 0.07087807783587995 4755
0.5787119770367808 0.1704120541155145 4756
1.349830802381478 0.2295220614280412 4757
0.6367011102643588 0.1226319450111138 4758
0.631572584951992 0.1210707667267526 4759
3.689024186978199 2.350824091965001 4760
3.995728746548535 2.273355696768517 4761
3.436517853980271 2.440899992510418 4762
0.8414058991273429 -0.06159940284706309 4763
0.1228959482588494 0.1282714689027506 4764
0.1251631155609843 0.1224401420788333 4765
0.1750045921109214 0.1381768468850641 4766
0.08285215701157908 -0.2060921350437641 4767
0.6019042734007548 -0.004310409021142674 4768
0.5990623050157622 -0.007075744893054008 4769
0.6004926953244252 -0.01104496493297753 4770
0.598534312418736 -0.002755551149979466 4771
0.59527441722795 -0.005658288529193089 4772
0.7946228316603922 -0.01083083219149341 4773
0.7932724514425282 -0.006509818460926395 4774
10.1459409804226 2.469208459766689 4775
0.7305443833654565 0.09783331284265767 4776
0.09306245218376677 -0.07740804437288686 4777
0.9374364379322989 0.0737109930448408 4778
0.4336672544157868 0.1497937086791892 4779
0.05964730392306981 -0.02886710873204819 4780
0.05511726234567159 -0.02960435507197592 4781
0.5902062747978579 -0.009803272551595041 4782
0.219279465507908 0.3408432092205873 4783
-2.490055873000135 1.590192001744997 4784
0.3366190140103973 -0.01070448971751 4785
0.8850025626746429 0.08106854911480874 4786
0.2703878028785756 -0.07077005674967239 4787
0.7858774995601585 0.1846067062914774 4788
0.821021722683466 0.1975701340126029 4789
3.95296022975316 0.9962020168383053 4790
0.01136610112353908 0.05964989035002308 4791
0.01205960800447324 0.05395088843432978 4792
0.007417814893661511 0.0506773922544368 4793
0.01621618897461 0.05708671229389693 4794
0.6577729016835937 -0.04782627504994931 4795
0.6640652744275435 -0.04117043343488525 4796
0.6721660455109955 -0.04206267000348933 4797
0.668684035849005 -0.03458202580668145 4798
0.6256785193491906 0.1588228257658308 4799
0.6294520198149955 0.1494208675527618 4800
0.6160714917390786 0.1497765137880799 4801
0.638771266901727 0.1488850124031481 4802
0.3989164216155535 -0.05147227532768978 4803
0.8019253998822775 0.3697312963976129 4804
0.3639281088690804 0.1620771971856021 4805
0.3673343816502847 0.1561725800767864 4806
0.360255708339047 0.1581158560983528 4807
0.2191351849829603 0.146860680588381 4808
0.9858969237348599 0.01859868261806839 4809
-1.705116615533099 -1.517844841546221 4810
0.09884521673416803 0.1154069540879726 4811
0.8451688981557509 -0.01333253842144108 4812
0.8435055812295459 -0.008898039885706229 4813
0.8463765618742897 -0.00513555132917561 4814
0.8420981983479707 -0.005054833445670055 4815
0.8393555217993734 -0.008104253393495957 4816
0.8379668990647327 -0.004070176392898481 4817
0.8351237075129504 -0.007126031023530337 4818
0.8364867475678099 -0.01152866615409207 4819
0.8323064866189578 -0.01018476070042166 4820
0.8309636787306213 -0.00615621108874397 4821
0.828142178886818 -0.009043289645154964 4822
0.8270113169103386 -0.005279686943448542 4823
0.8240689568087043 -0.008144546272192922 4824
0.8228412391323805 -0.004031899452357075 4825
0.8195165380057488 -0.007612729116014332 4826
0.832842576727572 -0.01437442953263321 4827
0.821541360748247 -0.01104302165078448 4828
0.8293924327356001 -0.002481610935338417 4829
0.1274960359029187 -0.07486891134171723 4830
0.1341319286286708 -0.06320558979903318 4831
0.2466882846550922 -0.05189217067054153 4832
0.2040973944376313 0.1442563330128444 4833
0.1995082049949585 0.1459287358201632 4834
0.8702755723687789 0.05779139073084798 4835
0.3131495715026316 0.1597664335523011 4836
0.3171432558640468 0.1547165315386038 4837
-0.01350665062780892 -0.6146580185670008 4838
0.6130259103519689 -0.01336491246969746 4839
0.8068992812208478 0.1262467693286063 4840
0.795208047982046 0.1263138829496739 4841
0.8010588887220913 0.1160279824469456 4842
0.7906862180975432 0.117455230169798 4843
0.525612306487126 0.1437607030016069 4844
0.5201340342737922 0.1433944285505281 4845
0.5293462330293628 0.140058636957426 4846
0.5167232514210147 0.1466439299041251 4847
0.5101332048578872 0.146129195050006 4848
0.5053403029354382 0.1358951238353039 4849
0.5158341074180485 0.1416252808346644 4850
0.5249022150995731 0.1387141158453937 4851
0.5185044016945562 0.1388666812150942 4852
0.9952558716323999 -0.008706258555457277 4853
0.1637792000292027 -0.02746021273055333 4854
0.1597792644032529 -0.02350737031593238 4855
0.1555649151422966 -0.0253108909379241 4856
0.907534085328139 0.04895526981857659 4857
0.9026979274868316 0.04658714352090185 4858
0.8985048553111552 0.04897798636696685 4859
0.8293996417613155 0.06907501883728021 4860
5.909061285030798 -2.352145619982018 4861
6.182317380670325 -2.469542621888626 4862
6.396831346244378 -2.262073332921576 4863
0.8552925218674101 0.05999129592235714 4864
-0.0493240490225499 0.2873115563961588 4865
-0.01648373060205471 0.2600796632283898 4866
-0.05035591329420896 0.2450161075137912 4867
-0.02022322709230706 0.2221478100816665 4868
0.2041664992511092 -0.02411540798169969 4869
0.448067553156213 0.1479616484740542 4870
0.5420070614712146 0.1364229886747012 4871
0.1171897230013015 -0.06568520306232706 4872
0.270458644151908 0.2028286975554876 4873
-0.1460047710805543 -0.05601866517588229 4874
-0.1732705463794902 -0.0664721696889326 4875
-0.1676282424435426 -0.03461886792803449 4876
-0.1738118997163777 -0.09697774725927055 4877
0.6166539877719502 0.1274782436629772 4878
0.6205702005815633 0.1237327527504688 4879
0.6153054902111077 0.1234474872813681 4880
0.6262004908852842 -0.01793154354336394 4881
0.8556914143330725 -0.05600593439916546 4882
0.1413487903126448 -0.02932065122757339 4883
0.1467150585137889 -0.02717419129946374 4884
0.1375886515712187 -0.02567863792734931 4885
0.1509761309081923 -0.03134685472795976 4886
0.1419734741050674 -0.02404228184553912 4887
0.1461729100943071 -0.02263531534176211 4888
0.3398055552589183 -0.05236844723694493 4889
0.3378464743718837 -0.06213478901654144 4890
0.7856164737224681 0.6840722774260425 4891
0.7965222501697273 -0.00377272546840899 4892
0.7930371821249806 -0.002191403654096956 4893
0.789031658103387 -0.005140155350646811 4894
0.05459101088410719 0.1434903807415228 4895
0.03991507654562346 0.1409555898433732 4896
1.002771587364185 0.228211782469517 4897
0.252665831755731 0.3467453495897387 4898
0.446273052518547 0.2205897255381661 4899
0.01862041138876178 -0.025276353688866 4900
0.6678728403018883 0.1211751771042552 4901
0.3468875729919795 -0.05788357953393371 4902
0.2162305197454986 0.2679336040723043 4903
0.192121997268211 0.2817076641047093 4904
0.794248417491993 -0.05457463113125698 4905
0.7123592049408703 0.5137321414274432 4906
0.4128768260636118 -0.1201674621650847 4907
0.9675541446039732 -0.008645462080726916 4908
0.1435943789629021 -0.02063254695529756 4909
0.7037014678626723 -0.01167328029150067 4910
0.9523145211249779 0.02841022390058032 4911
0.697331937611908 0.160255247273435 4912
-0.03939849820951124 -0.105765044493889 4913
-0.05395958662086527 -0.1294267385598547 4914
-0.08114324812100476 -0.1355510696350985 4915
0.5087871836934781 -0.006094264954911858 4916
0.5053549290705251 -0.008421535422898082 4917
0.929696118839993 -0.6918420508828727 4918
0.9655777225840549 -0.6282419274319814 4919
0.9983027872824073 -0.6976665627730996 4920
1.049232211481149 -0.6357359799572572 4921
0.4934100901127565 -0.01315119541311817 4922
0.4965474824079046 -0.009952576544257763 4923
0.4951921577683381 -0.006351255374384674 4924
0.4992750048701811 -0.006962892161408681 4925
0.5013170053692 -0.01058516187071937 4926
-0.003719607928994369 0.03525980929106622 4927
0.690366609467104 0.1057592128957608 4928
0.2673487788438282 0.1533242604131463 4929
0.1349421138332377 0.1259015063716053 4930
-0.08999729517693894 0.01562380056592387 4931
0.771968537282347 0.5201117919730668 4932
0.8106889845743755 2.010741823892908 4933
0.4587674338041363 0.1470713064228171 4934
0.454776260295466 0.1487234680058837 4935
0.2442735607425861 -0.01334452002214995 4936
0.2408604920259292 -0.01500975811697725 4937
0.8769809826427348 -0.0649004266680164 4938
0.9819542280339272 -0.008578918833060377 4939
0.9771203088566792 -0.009250270408275049 4940
0.6817528976720961 -0.007292967798199799 4941
0.6814916246436329 -0.003458813307073767 4942
0.6783096549235992 -0.005525107461639937 4943
0.916189726561328 -0.06607342984818557 4944
0.9148845488597677 -0.05494723778958078 4945
0.688776513934143 -0.002501523130176912 4946
0.8616225808604552 0.0781862792902486 4947
0.1963336719458369 0.2532149294386796 4948
0.9152678089974779 0.06522176155326508 4949
0.7469246685969215 0.09826159359750861 4950
0.7515644789872851 0.09674992457231719 4951
0.7481240959155429 0.09343628397717463 4952
0.9645749803416021 -0.005674404202160246 4953
0.7896753093443614 0.08622966639901801 4954
0.796455806843401 0.08363697567482382 4955
0.9872574403329114 -0.03280169276648586 4956
0.5271857143477299 -0.02285324541347841 4957
-0.7482970062520911 1.055348298306504 4958
0.3672817611819054 0.9243726144391773 4959
0.5638239647048338 0.1318434619980088 4960
-0.2340038991388828 0.5797885001942567 4961
1.113083433090493 -0.02879389151594171 4962
1.096592312789316 -0.009631738718265389 4963
0.4583723541076677 0.1572084518805175 4964
0.1454708021395504 0.1935755438969931 4965
0.483694693073249 0.1428258790483412 4966
0.4884317810456502 0.1438667725264683 4967
0.4898257450041368 0.1488879581101252 4968
0.4931195564446206 0.1453918422468567 4969
0.4558130444380667 -0.05030996243144254 4970
0.4581808753641337 -0.05976061765864369 4971
0.4485153003831797 -0.05625731910510953 4972
0.3318117660908074 -0.01152443558566781 4973
0.9110201661663396 -0.01970269128801228 4974
0.9078462319917449 -0.014661430414544 4975
0.9030649219334375 -0.01383798564057526 4976
0.9059636270829525 -0.01020040336091873 4977
0.9104989691828359 -0.0107021096093288 4978
0.9013282816557663 -0.009444341145148763 4979
0.8981369568763503 -0.01355292092986769 4980
0.8968151329079801 -0.008700402101175302 4981
0.9086924376033652 -0.006754431675191118 4982
0.9129305496997204 -0.007402059275186155 4983
0.9147491074991981 -0.01109283154817532 4984
0.9171686048179435 -0.007526407124039262 4985
0.9190197746210591 -0.01130559358563155 4986
0.9214195256475464 -0.007833558788782068 4987
0.9232834950063644 -0.01166758769059429 4988
0.9256943136501878 -0.00825861366757262 4989
0.9275768271538546 -0.01202712232657649 4990
0.9300078844620804 -0.008570036310588149 4991
0.9319041043806651 -0.01234658875657342 4992
0.9343511255187757 -0.008916593136121927 4993
0.9251049516883316 -0.01587855806215521 4994
0.9280654164536439 -0.004968395006659153 4995
0.8937007806457193 -0.0117426801074012 4996
0.8926038759033267 -0.007041830198057191 4997
0.8895165766735893 -0.01061259331651968 4998
0.8881675628677642 -0.006149736311373502 4999
0.8852897460897033 -0.009766378802525771 5000
0.8839907163451534 -0.005998259647821123 5001
0.8812645907065975 -0.00893015813773595 5002
0.8803067414181097 -0.005397587670953835 5003
0.8774398974158559 -0.008238722936405641 5004
0.9362620763270401 -0.01262832119339964 5005
0.9387511681682106 -0.00893090232901458 5006
0.8864649827633109 -0.01383543712643879 5007
0.5945029821203733 1.410303384779466 5008
0.1879457439323098 0.3133085618151759 5009
0.3868833445014329 -0.01593023263500248 5010
0.3819885142145006 -0.0139210928026022 5011
0.3776222074088652 -0.01627741212307829 5012
0.3916391328500172 -0.01383800666046466 5013
0.3959065872556171 -0.01612113890450601 5014
0.3952256414248804 -0.01055787407237165 5015
0.3996488187974354 -0.01289296869885608 5016
0.3777670339117621 -0.01099414034383491 5017
0.3738705301347645 -0.0134253261613405 5018
0.3819947899052834 -0.009594092821254854 5019
0.3737133598219387 -0.009401143291449549 5020
0.3702150577212233 -0.01112174774902572 5021
0.3698749092467831 -0.01533655035234069 5022
0.3912664509644888 -0.009534891919772748 5023
0.400366783131983 -0.01761187618587996 5024
0.4040426180730743 -0.01456617006795848 5025
0.4032744757614884 -0.01016764506731243 5026
0.4075360806775021 -0.01163242409107899 5027
0.4084824760094948 -0.01603089657276227 5028
0.4118207427160661 -0.01292264612186767 5029
0.4107541966471099 -0.009003305410358813 5030
0.4151035983596397 -0.010007525465663 5031
0.4161291101857223 -0.01420701890224883 5032
0.419421298920578 -0.01107994595898515 5033
0.4205140273789961 -0.01534987541120659 5034
0.4238308387674093 -0.01214762649881252 5035
0.4249918203145633 -0.0166200841633818 5036
0.4284032471677258 -0.01329926955146087 5037
0.4295715232701605 -0.01784664354591695 5038
0.4328900265850489 -0.01441090336413534 5039
0.4252512278879405 -0.02200328551794972 5040
0.4317518291337261 -0.0095062645008558 5041
0.436051077608871 -0.01104262638257869 5042
0.4374121769750692 -0.01546909449730308 5043
0.4406008686613276 -0.01201265753599388 5044
0.4419008724363673 -0.01665138955291688 5045
0.4448917287069096 -0.01280772006363155 5046
0.4435239946723524 -0.008770281988729705 5047
0.4477888034808605 -0.008859546947493399 5048
0.4493135445900209 -0.01324470742395767 5049
0.4524485436984658 -0.009294450645232965 5050
0.4539194018911005 -0.01396234558616992 5051
0.4569272324012895 -0.01056475452613216 5052
0.4584373945355016 -0.01493158457643192 5053
0.4613399106931877 -0.01137349457775935 5054
0.4633195176147647 -0.01548731261487258 5055
0.4554574838710779 -0.01873345229750491 5056
0.4225375388620485 -0.007620266107820862 5057
0.465686441286052 -0.01192575245965729 5058
0.4642629023785683 -0.008175293777114647 5059
0.4681170018342993 -0.008843666510487264 5060
0.3663128949367839 -0.01273513865848984 5061
0.3658476901543213 -0.017222290407205 5062
0.4599578319745216 -0.007268917562909304 5063
0.4556498727196924 -0.006555167815610091 5064
0.4354067889777987 -0.006903659287428872 5065
0.4221288897378583 -0.02764298312043179 5066
0.4277715070546609 -0.03090691385358435 5067
0.6283732394197949 0.1249404115845178 5068
0.6276894281383669 0.1207650500977856 5069
0.9510987532839579 0.1564412179125963 5070
0.9698970095358217 -0.03326663955317464 5071
0.964442071975286 -0.02733792479159895 5072
2.016482587502861 -0.9456337946850144 5073
0.2807699588159489 -1.534438998074336 5074
0.6563422326192745 -0.01116730355799179 5075
0.02507232654279695 -0.02641945275391585 5076
-0.4830387426646566 -0.05193663900584158 5077
0.5376639443143142 0.1354001914089575 5078
0.5552869100693619 0.1326446705025095 5079
1.058632387138721 -0.1285602901365012 5080
1.046002484500679 -0.1064369280493339 5081
1.03350864949589 -0.1262734898555186 5082
1.025202445745846 -0.1042211590041949 5083
1.035637641802222 -0.08766913744179466 5084
1.016677046403019 -0.08383478603279797 5085
1.006217247931346 -0.1006307997027604 5086
0.9988687735991977 -0.08430451840824826 5087
0.9881422321719937 -0.09656753196188878 5088
0.9836767006767693 -0.08214344015028811 5089
1.042761965528361 -0.1498152746537309 5090
1.018333929721877 -0.1441307632846179 5091
-0.008448559762433833 0.00832439004890515 5092
0.4750920685765971 -0.01263487699702139 5093
0.475765244087387 -0.008046788871306306 5094
0.9918683306862619 -0.06894093875416481 5095
0.7831527707985747 -0.01343916776098972 5096
0.7815015485740026 -0.0087965618523174 5097
0.8727052013716118 -0.01631348882812882 5098
0.8701897521395706 -0.01082076467623924 5099
0.2567777965134608 -0.2195210932444141 5100
0.7721687759022646 -0.05382691618854205 5101
0.797915901611387 0.07928910913246393 5102
0.7930787333593133 0.08033958029254558 5103
0.8023401582165668 0.07827989865002823 5104
0.8051330117612514 0.08047852526451406 5105
1.029237739478972 -0.0718348861765787 5106
0.8186181659420135 -0.05776360135258402 5107
0.8251178520460097 -0.04948643741289703 5108
0.8151289048819308 -0.04839647021799319 5109
0.821298591834752 -0.04175241372055239 5110
0.8299116960944369 -0.04142534026353721 5111
0.9379948600829706 0.04072160018359661 5112
0.9372538479941243 0.03469524775034311 5113
0.9410276579349127 0.03140971618533918 5114
0.4257761823613977 0.1642193019205655 5115
0.8997767786517866 -0.005658050257368775 5116
1.571330557073927 -0.731734738151455 5117
0.3531525860306023 0.1653152203532426 5118
0.3004678044751497 -0.02438269493257083 5119
0.4299411858977464 -0.1094251918158956 5120
0.1974464167698561 0.6099263784208635 5121
0.2400390550078422 -0.02377712944799196 5122
0.7447398695905105 0.7545435761062886 5123
0.4835424088576177 -0.006654841981017423 5124
0.565519277314541 -1.482529463522676 5125
0.7514781849614098 -0.05228087246776568 5126
1.534541848702079 2.451094475665922 5127
0.5437742877982578 -0.006354617145977498 5128
0.109326456762226 0.1161956811726375 5129
0.851047092765103 -0.006010774080745582 5130
1.285098689374189 0.6431883452538827 5131
0.6779663100907403 -0.03553907184550902 5132
0.6796925651497747 -0.04266990898497373 5133
0.8004394434026377 -0.004419475338018832 5134
0.9044038529948035 -0.006154384308652774 5135
0.9579969149607652 -0.008735392143987546 5136
0.3603976638356297 -0.008322265155268333 5137
0.8959680391073777 -0.004613601179671472 5138
6.909440488169807 -2.475715111813516 5139
0.6384342348913684 -0.04943094928296936 5140
0.6289507257769812 -0.04976944010391911 5141
0.6227895556326239 -0.05776044494876162 5142
0.6206242618120619 -0.04849382088155853 5143
0.6081367564915146 -0.05492346742072158 5144
0.6048725189749666 -0.04624448824538838 5145
0.5969646384795972 -0.04449363854774678 5146
0.5891899460160683 -0.05021096159445312 5147
-1.656723284861537 -2.583068918213811 5148
0.8023364361114422 -0.1186012843572381 5149
0.8121312849733942 -0.1043963497919659 5150
0.793655803383583 -0.1050621382107014 5151
0.7762388875425343 -0.1015940305375749 5152
0.7650175356738533 -0.1152988318760382 5153
0.7473415914742667 -0.1121609986640922 5154
0.7349139762061849 -0.1234215766967663 5155
0.7284772614018351 -0.1056033686663277 5156
0.7419847490012751 -0.09667108000609276 5157
0.7127698697100857 -0.1242853029783445 5158
0.7111812027460662 -0.1065645632042434 5159
0.7591858614315821 -0.1002248014400981 5160
0.05630265305613256 -0.07186559291485642 5161
0.6931444398685271 -0.00393661442416839 5162
0.2222246905946676 0.1444768578284945 5163
0.6859336673405162 -0.4421652687539441 5164
0.7294660267883577 -0.0936346317588066 5165
-0.2421516593717613 0.4907573996264665 5166
-0.3008808325111644 0.4374080091382045 5167
-0.2445943895102351 0.408722124290146 5168
-0.3102846967670448 0.3533198941248283 5169
0.6805807070967692 -0.3555295482366027 5170
0.4272011861078534 -0.008761001674251291 5171
0.9987346441585059 -0.0037569289085609 5172
0.1556334555359109 -0.02069283246193614 5173
0.1522429604757107 -0.0227352832051747 5174
0.3034066160026906 0.1857267248970887 5175
0.2822646127350549 -1.094998931991307 5176
0.6558843426380251 -0.0022676995205999 5177
0.6527669102306319 -0.004717266866606225 5178
0.1807411876027525 -0.07605609072582079 5179
0.8398433235091769 -0.1208154297023523 5180
0.9847880395641121 -0.005967981202904066 5181
1.67084336617298 -0.06058033071013225 5182
1.570372445016432 -0.02708898614577283 5183
1.588719929491737 -0.1150365923571061 5184
0.2850968821196944 -0.02526004517380384 5185
0.3651190638606469 0.2740667639420401 5186
0.3733498226496321 0.2968380455563702 5187
1.474778644002438 -0.8164754127657619 5188
-1.282588993904109 0.009595471623337718 5189
0.9898045499267145 -2.564576357755558 5190
1.202638452888705 -2.674439601179012 5191
0.235823970199476 -0.0521630386196688 5192
0.8998846517158507 -0.04326642012074188 5193
0.5799552597393637 -0.005284563810287649 5194
0.57570824864318 -0.004259567376408011 5195
0.5821620800919489 -0.002035940080437426 5196
-0.1173169749966194 -0.7669940551499045 5197
0.2627324392524381 0.150499231727677 5198
-1.225712742376713 -2.04282272208741 5199
0.1868142624009711 -0.06455645090644024 5200
0.182738870056349 -0.05583164286969296 5201
0.1870846598089122 -0.04672597419627288 5202
0.1768496522648902 -0.04799145555465048 5203
0.1809783697127009 -0.03959118928038326 5204
0.6465619006208951 -0.00658983236892816 5205
0.6446567815730442 -0.003113812956048553 5206
0.2858004981332457 -0.4808026670869868 5207
0.3671870992705285 -0.008277608207555248 5208
0.0306118713693947 -0.02615596598274577 5209
0.0371016087933327 -0.02664830405051671 5210
0.7490899587784897 0.1159617170414181 5211
0.9646208787354175 0.06926895603223571 5212
0.2320732437006678 -0.06326166798299634 5213
0.5305994746303193 0.4751109207883047 5214
-0.3879907322872677 2.294836635882293 5215
0.4818686680075544 0.1946152272777564 5216
0.490415976867674 0.1893600425618679 5217
0.4437086972488924 -0.02214076241740828 5218
0.6360425913535954 -0.002171668189367065 5219
0.4135581954800101 -0.05892369872372917 5220
0.5144009774848144 0.13738055648028 5221
0.5119675777109738 0.1402276374276617 5222
0.2297257452788731 -0.02727574149755462 5223
0.636353077636426 -0.7367380053514166 5224
0.923017482436386 -0.1994688782985695 5225
0.9439373542547839 -0.1789994521081548 5226
0.9317675109482753 -0.04852707900859236 5227
0.04622585858482939 -0.02867000444957298 5228
1.09995148786631 0.7668617657613025 5229
0.350031085942905 0.1955433871441026 5230
0.9650224254979045 0.02215189554856225 5231
-0.00393791122620091 -0.03201642715585661 5232
0.6632348223655886 -0.001547017018521362 5233
0.8476582353037596 0.07877737068546407 5234
0.9453513721818432 -0.01299397394999412 5235
0.9438614464560852 -0.008142067420707871 5236
0.8827111150862277 0.1775810766822577 5237
0.8906179126872124 0.1550470072730387 5238
0.8786917285196199 0.1390636244473397 5239
0.8977662437799704 0.1363584126777267 5240
0.9071369965882203 0.04388871310320337 5241
0.5449655781895378 0.1910593352453044 5242
0.9985524701064774 -0.0107906361951715 5243
0.2767855623552695 -0.1797039359963369 5244
0.5126614835985366 -0.0163510132668638 5245
0.6349189353420597 0.1177690404457721 5246
1.111187595412631 0.08249545406094186 5247
1.446240023717748 0.5728546849026592 5248
0.409779997269389 -0.1008348228040597 5249
1.122443400875079 0.05623431951276158 5250
0.6758122870659435 -0.1060095331383584 5251
0.6926584595755384 -0.1075515663084618 5252
0.7322087389201882 -0.03344438902018378 5253
0.06453265139796906 -0.02901954734781706 5254
-0.002051674337716923 0.02980206139576314 5255
-0.005880889482506133 0.02670178822885754 5256
0.9221750011079018 -0.04737640577959706 5257
1.307383299000617 -1.00923345173101 5258
0.5213200179911911 -0.06017780468366916 5259
0.5247433178574176 -0.04991515595906491 5260
1.15210028272183 -0.2654409200219377 5261
0.6689862887323061 0.1637933454536021 5262
0.5188226872906916 0.3175522454797496 5263
0.5324118027137243 0.2887678888153124 5264
0.5188153037002168 0.2661800195668626 5265
0.555287686400124 0.3086697201281093 5266
0.5420533195583368 0.2641126765613606 5267
0.6888379083478539 -0.05281267989458423 5268
0.6953329705137078 -0.04444814871102155 5269
0.6033271503754077 0.1383807843789383 5270
0.6039067292089811 0.1455945590814922 5271
0.6000157361357521 0.152322239474349 5272
-0.2821300123217588 0.08425569166118303 5273
-0.2817374193673998 0.1332370068591393 5274
-0.3207199371465231 0.1623495941779201 5275
-0.2761838787086129 0.1819350706392172 5276
-0.3157000369364089 0.2124513060619207 5277
-0.2476546202009157 0.1107040647650111 5278
-0.2699856601927597 0.2349264280934821 5279
-0.3653172196553825 0.1886847759531071 5280
-0.3104970247428442 0.2730497126260218 5281
0.2683559049141979 0.1885747579919844 5282
0.5355281029488826 -0.6373373893852521 5283
0.4394098759294873 -0.007699260112755632 5284
-0.08933556811461885 0.4910519151606184 5285
0.6610163126755755 -0.0329191800911473 5286
-0.6115657044143678 -0.1671637521578834 5287
0.4505910256633208 -0.006153042543195755 5288
0.7161220802774866 0.1238540227494811 5289
0.0642211692260968 0.09909286471237705 5290
0.07039546830336096 0.1017958262129302 5291
0.06253608683553483 0.09297847347913493 5292
0.06688791501979524 0.09490459500891474 5293
0.07216677620815422 0.107508440822843 5294
0.07562274915902613 0.1027759147569489 5295
0.07795868435320139 0.1076614749502586 5296
0.07470128406525306 0.09765408463995069 5297
0.7495348915655434 -1.184444015924919 5298
0.161084746928355 0.132878825088081 5299
0.4906887843153174 -0.05910388255996064 5300
0.4822439873876941 -0.05378502173749063 5301
0.5963301153734565 -0.4782003493023687 5302
0.04449678352936796 0.08081966069882507 5303
0.04095980493553567 0.07778025169374912 5304
0.8186374435568157 -0.003600860552089651 5305
0.555448209979795 -0.005718455383156372 5306
-0.6112339851638646 0.01846290507226158 5307
0.6040926193348884 -0.2367983443819879 5308
0.5746680102510511 -0.2265795423755645 5309
-0.3851587311126075 2.558839449693644 5310
0.4703973542826495 0.143392674296234 5311
10.45465188240454 2.336613766477446 5312
10.39270179088833 2.63241526765201 5313
1.119295912793086 -0.6691940603975277 5314
0.8965771556702795 -0.2006735319551546 5315
0.4950994322425301 0.1502967524271452 5316
0.4980123251680935 0.146380569423181 5317
0.4963642860965115 0.1424861048412463 5318
0.5010114391282053 0.1424544412605641 5319
0.502698191925912 0.1471517556347561 5320
0.6408840027012762 -0.002429842313308961 5321
-0.1250412851124671 0.04398695263595111 5322
0.2394333772540324 -0.07267476246007396 5323
0.2278770371786149 -0.07412670258428875 5324
0.7144995074705137 -0.003202426774303146 5325
0.5413808590729783 -0.02604952421411081 5326
0.2534609464246584 0.1516528647197763 5327
-2.504594525769076 0.0275326947544956 5328
0.3233449938398423 0.1548585205049411 5329
0.3272452309506694 0.1532396007540498 5330
1.196452687227733 -0.172255975011444 5331
1.220848317816337 -0.1213903439167087 5332
1.273369846645245 -0.1182123561925736 5333
1.246071632029659 -0.07640183314665128 5334
1.180784956557688 -0.1312446970551186 5335
0.1857543587957411 0.1382677936146551 5336
0.1892003976430204 0.1410301026793265 5337
0.1892708383696367 0.1454272948182009 5338
0.1931654336114003 0.1425386897007068 5339
0.6168038710677175 -0.002815776983062533 5340
0.6209679187274253 -0.004046627669739466 5341
0.1426334112759671 0.1256386604937745 5342
-0.007072101883747102 0.01990656677881464 5343
0.185273769554349 -0.01994477580828416 5344
0.3348869231400958 -0.4450552607548369 5345
0.8357269333210932 0.06813434174291844 5346
0.7529843083523476 -0.007506353745478578 5347
0.3278602906081865 -0.008929009307451682 5348
0.5354757135109796 -0.00394019380645267 5349
0.3568554131900499 -0.05261622057853101 5350
0.4319167420937586 -0.02350808899308787 5351
0.1203462645013073 -0.02499713155006267 5352
0.1158744495073703 -0.02658186927225795 5353
0.1247769638064727 -0.02400784309294399 5354
5.133398487324431 -2.421561792673002 5355
5.42908775282373 -2.484397180382941 5356
4.897636077087535 -2.592656884419727 5357
0.6955094644968113 -0.1386564847437296 5358
0.2856808699092092 -0.2255409458838664 5359
0.833700137540844 -0.1987553445878484 5360
0.8051752494219802 -0.191419176632725 5361
0.7865933597256198 -0.2148205378727164 5362
0.7583017358518767 -0.2063422474084304 5363
1.686612781980617 -2.464733462161229 5364
1.916550300291747 -2.52004231412084 5365
0.6725722237256333 -0.0100100773520551 5366
-0.01992456814576497 0.007751720849779372 5367
0.9507960149290319 -0.005423480506394723 5368
0.9743728489756378 -0.02764986680158354 5369
0.7277185043361298 0.09521755750207213 5370
0.5776364663436074 -0.131073038489425 5371
0.5684290910676824 -0.1497238834555857 5372
0.5948434371540244 -0.1353522737153441 5373
0.3852445078542266 -0.01169390991188866 5374
0.890729296827617 -0.00392419531288626 5375
0.3898786754492438 -0.05552740271913907 5376
1.331647813894109 1.527137462138394 5377
1.368383310865127 1.34763332408672 5378
1.229737605268319 1.229809640157993 5379
1.538982071706046 1.286045729649187 5380
1.689005535133166 1.377035848407556 5381
0.7181401993999493 -0.0117966876429366 5382
0.9893496094667991 0.01464747012236012 5383
0.8965325535860826 -0.01858906008688725 5384
1.117984554666377 -0.3087124664232307 5385
1.104773764498167 -0.26185940871351 5386
0.76360265908892 -0.002070463352706941 5387
0.3505219920794231 0.1540294559354213 5388
0.3530562451769533 0.1561692928382136 5389
0.1306786635555146 0.1242280232472765 5390
0.7689766481557767 1.233192568187534 5391
-1.726605765337431 0.4965474449579722 5392
-1.709637236138733 0.7017692997637406 5393
-1.873520892315485 0.8191505839859599 5394
-1.542529335282861 0.5961449379121366 5395
-1.540408767869228 0.7929929134557436 5396
0.2932294168995701 -0.009778120647468708 5397
0.9717567861904417 -0.1062483956163295 5398
0.376860989221138 -0.1053225639662819 5399
0.6214871436213359 -0.1417363543687888 5400
1.464772350906202 -0.2820483076454229 5401
0.1761671560928434 -0.01864094824760341 5402
0.9375084488144468 -0.0212933904179182 5403
0.9567082088382655 0.02828874375071228 5404
-1.058498666950143 -0.3054971066707207 5405
-1.029301027730827 -0.4514813240349563 5406
0.005192933077843715 0.04257355636414719 5407
0.7860459160814239 -0.00931194461762218 5408
0.7841963578678848 -0.004697174269856285 5409
0.6845755355696204 -0.09371096052179584 5410
0.4488791664289322 -0.02098210831271966 5411
0.4551417197701759 0.1445465939303642 5412
0.5545083063991816 -0.1132363625816796 5413
0.7324782753255118 -0.01134287843392264 5414
0.1632816214810095 0.1885246784782049 5415
0.01586241800120097 0.2364762936562042 5416
0.002646587949653886 0.2055174446639047 5417
-0.02313702706448397 0.1879274305170035 5418
0.3232216414666827 -0.02313616357133782 5419
0.6971667364917401 -0.001568492046358934 5420
0.7050341540544074 0.2297868601468875 5421
0.8395681015060815 0.0658380942489618 5422
0.8437321602897483 0.06391451611806204 5423
0.4267365528857242 0.2950017867614945 5424
1.471028799733323 -0.7105915511937245 5425
0.1179924595960845 -0.3654093630575104 5426
1.182592308234353 -0.9732818726111264 5427
1.088685324482256 -1.045168041301787 5428
0.3596210712179515 -0.01711300088800356 5429
-1.447507812204691 -1.929459941936173 5430
-1.418036482115283 -1.684363562470658 5431
0.6423468206081245 -0.09930104128988786 5432
0.6537287518102998 -0.08649318204612512 5433
0.6694000801081803 -0.08930950800524332 5434
0.8340932833035258 -0.04866773274354538 5435
0.837688094363557 -0.04082063310588951 5436
1.011824167600436 -0.1213023260083577 5437
0.4916565577891728 0.261725592025788 5438
0.8496906885344917 -0.002545042721288805 5439
0.4608542660182877 -0.7562034982710912 5440
-0.3714123468360319 -0.1319034656006581 5441
0.8782166034064822 -0.1229474827959701 5442
0.8979947991822114 -0.1216561579793788 5443
0.8719640984946923 -0.107870107928951 5444
0.907993351000111 -0.1383410760767504 5445
0.9152171891682012 -0.1235701383053283 5446
0.9177253280615547 -0.1556934542637665 5447
0.1961941991987 -0.04390133708120859 5448
0.1014016283243665 0.1117739971436781 5449
0.01899150686654077 0.1107856609697009 5450
0.5859974294433434 0.1626808933624462 5451
0.8840757435905793 0.05075049873042824 5452
-0.00455466958483602 0.006691278964791538 5453
-0.006791880891312924 0.004023447130748132 5454
-0.001990791030191267 -0.002557957107844936 5455
-0.005995225605862868 -0.00326879119422879 5456
0.6825021424664106 -0.01380876226653781 5457
0.4876442929687904 -0.03092916311200462 5458
0.6000220425763712 0.8679839018437036 5459
0.5195277969599348 0.7994155668842848 5460
2.301526822028281 0.2286901790263904 5461
2.17878482262497 0.1328568600622084 5462
2.334067557702439 0.04358282208015309 5463
0.2148181145559102 0.1442103508297223 5464
0.3779898765031945 0.1588500074792039 5465
0.3834502095518555 0.1572779237105787 5466
0.3829972285304021 0.1474482689675597 5467
0.3747879570932772 0.1548886485412121 5468
0.3882752193842398 0.1610610709348423 5469
0.3881254792950962 0.1555141239116826 5470
0.3795462302345876 0.1536449123080906 5471
0.3926963550929177 0.1583517075018195 5472
0.3842567123636476 0.1529290634695001 5473
0.9812887883798269 -0.02655250609864141 5474
0.05303904044513001 -1.87603701434033 5475
0.3766468222846736 -0.02179262527497959 5476
0.4245217890463368 0.3685461014337197 5477
0.3904484130949284 0.344324647778455 5478
0.9337737722952866 -0.01644321812736946 5479
0.5731935412987609 -0.1731378067142392 5480
0.4923431689560208 0.1408358615141719 5481
0.3250990710833205 -0.007325486624937535 5482
1.046863948885647 1.28665170172489 5483
-0.5850716303227839 -0.3889731895674626 5484
0.9946282169560782 -0.1383127125080631 5485
0.8762642608727296 -0.00387295636575344 5486
0.8734223667776435 -0.007411257955257032 5487
0.8721456389665015 -0.003330771165517031 5488
0.8696540526634329 -0.005990261551552562 5489
1.635588529667287 -0.6329943862002122 5490
0.08047357221685107 -0.02749211975034306 5491
0.07621724394577276 -0.02939395825238229 5492
0.08486528048875541 -0.0269946998057683 5493
4.472213083436967 2.519542421823488 5494
4.300756945961509 2.282760210915387 5495
-0.06229568139664743 -0.01799079352598631 5496
1.00033130638407 -0.5646427604502439 5497
1.074102171561188 -0.5620754742273284 5498
0.593592630429717 0.125693719900451 5499
0.5970458749790567 0.1260204993501501 5500
0.5184834880029699 0.1905908586318731 5501
0.5253582091773399 0.1807339751475886 5502
0.5140597745292336 0.1800446068054704 5503
0.5199888056924494 0.170282450589237 5504
0.7868880105766883 -0.002183263778190252 5505
0.02291305423841686 0.06264051887324952 5506
0.3299884143731813 0.3097481864020537 5507
0.7376673671073842 0.09221388650280812 5508
-0.1837056713920741 -0.3798120344797879 5509
0.7683483875272009 -0.04504249981899529 5510
0.4101499519880908 -0.02203646122318211 5511
0.5475860859544265 -0.003558597024758474 5512
0.6125500135623907 -0.00229728089256651 5513
0.8325076621259822 -0.1075227555459554 5514
0.8476218418204988 0.06237177433855048 5515
1.075604844635793 -0.01508666189689248 5516
5.856518152777799 1.075937525055044 5517
0.0884376574222682 -0.172600524251237 5518
5.35126365372926 -0.8790613947527679 5519
5.54455551713488 -0.6924991439890359 5520
0.540436090290483 0.1331369710435565 5521
-0.3225303609163296 0.6331939839537757 5522
0.2492020884843787 -0.01206673290673779 5523
0.6488834961910063 -0.003285860487812747 5524
1.521124424893148 -1.43820717316074 5525
0.5530926607681149 -0.04305990999088211 5526
0.4018386509093173 0.1623374793318747 5527
0.04645950635964455 -0.1368376075023666 5528
0.7247289727674703 -0.001749738107248295 5529
0.8335400663484694 -0.003113828189481168 5530
0.3897334184038189 -0.2215956939173147 5531
-0.09437735071340347 0.161803661021565 5532
-0.06477005024411726 0.1718605501473792 5533
-0.07071199349073823 0.1419135930015747 5534
-0.09528210483340735 0.130981863750828 5535
-0.07386716359758747 0.1143786493213513 5536
-0.04926763128485276 0.1260806770649578 5537
-0.04757890729586337 0.1533696860226267 5538
-0.04974085892952332 0.2046980692375181 5539
0.1721332657702623 -0.01731715788217551 5540
0.179600877066773 -0.03210504622742853 5541
1.025416784297742 0.01147952544107867 5542
0.5737225254349331 -0.01623508862215407 5543
1.013667746959812 -0.007782676984529733 5544
0.6293914449639266 -0.09534598895292923 5545
0.0450719777107761 2.54241969632067 5546
1.262688530452896 -0.4543678882744059 5547
2.81282836222348 2.75342870081224 5548
2.950129120238357 2.507558778769097 5549
2.677609406113777 2.50991104478709 5550
2.820975739502023 2.303661437849878 5551
0.09213923531658814 -0.02604216363072089 5552
0.8086738872221094 0.1772756731015352 5553
0.3407372968985273 -0.02383774306823378 5554
0.365984176939452 -0.04513861512731508 5555
3.103469271914289 -2.755093087231297 5556
2.928174802050683 -2.500941593262544 5557
0.676929230249569 0.1521092489865801 5558
8.827348744880092 2.518043492352544 5559
0.4680737307640954 -0.2081548789662024 5560
0.2243439428709836 -0.0139083972551291 5561
-2.294725215242527 0.172785268501954 5562
0.2109601024889201 -0.01480021706102402 5563
0.1439891961007382 -0.05992697012732806 5564
0.6899278944758586 -0.01669145301959437 5565
0.1777398589361872 -0.7066332106513155 5566
0.5594851823614033 0.1331519452489831 5567
0.5668665303644741 0.1416847543000752 5568
0.2951192228608017 0.1866134764651595 5569
0.5298946399563331 0.2478564497389592 5570
0.7047833255940892 -0.04515520640974711 5571
0.626116903396069 -0.04075809124681262 5572
0.9550211295170346 -0.005589708650796337 5573
0.4399528983551574 2.763430553223522 5574
0.1276694329784896 0.1523746040044215 5575
0.1240272108547159 0.1648451902207008 5576
-1.175908256525952 0.1031039680801685 5577
0.07761634582923652 -2.080247059893557 5578
0.07495157804553394 -2.309044108588481 5579
0.2796650950007895 -2.422613722053077 5580
-0.1308594631366164 -2.432356591848078 5581
1.400404399748689 -0.3910351183591317 5582
0.7019268780909814 -0.03698631758786789 5583
0.7069540182246066 -0.03090750399407906 5584
0.6325727110822111 -0.01280186680840972 5585
-0.2527148453411657 0.2945719083049491 5586
0.3020607258060851 -0.1159067992733072 5587
0.4664886479201414 -0.01977335016273286 5588
0.2069308219842826 -0.0161533091865726 5589
0.2040213442905616 -0.01345228190470238 5590
0.2030021812961443 -0.01700544013703386 5591
0.7441364287439824 -2.469255975869979 5592
0.5059650057010954 -2.570622882115184 5593
-0.9241529575006924 0.3650393242427139 5594
-0.8082028412626739 0.4015284918807743 5595
-0.7680159687144121 0.5209464465238053 5596
-0.8343890845337951 0.6291137699103613 5597
3.410097526228098 2.712537307439531 5598
0.414555251248487 0.1875085495602171 5599
0.4160436127562163 0.1982908357923785 5600
0.4099511833568966 0.1500204615617975 5601
0.4133657046552746 0.1480124440051439 5602
0.4174961912229364 0.1492214143808127 5603
0.8161017517078304 0.1042696524445588 5604
0.8216087372987095 0.09704207907278381 5605
0.8047563650573499 0.1057583271961024 5606
0.7203044323962242 0.8535969529469725 5607
0.8621662224969864 -0.003478348081873396 5608
0.8660650045220338 -0.003508278319126876 5609
2.955235886420587 0.8872894434134719 5610
3.111806715237226 1.028510465579627 5611
-0.1700400729881208 -0.004351147295525557 5612
0.4297098422973225 0.1478338657126823 5613
3.009358836550978 -0.8808421685477686 5614
0.4224103954337814 0.1477153951165144 5615
3.676752788486093 -2.70464381759941 5616
0.9130388563316458 -0.04607201242450863 5617
0.5942423758678771 -0.09218877473269786 5618
-0.1426910208260546 -0.1391266286270234 5619
0.5587689974194623 -0.01882365576337048 5620
0.9364107098101182 -0.005243997325778221 5621
0.4933935760347669 0.200538668835755 5622
3.114448478132617 0.2096622594693664 5623
3.079984253336185 0.4426567833767691 5624
-0.05681009136474115 -0.06178145335394032 5625
0.1714259270887544 0.1351238985814507 5626
-0.731549371822363 0.3119795549399043 5627
0.5646514046539882 2.509665823946559 5628
0.7397358131776915 -0.03507323401482474 5629
-1.712885509376807 -1.290196150636355 5630
-1.538184256448012 -1.167236231759911 5631
0.3406314136482255 -0.008815041305449665 5632
0.4175999107387437 -0.01855280404633774 5633
0.4137109451469091 -0.006108717001466947 5634
0.3993756939040569 -0.008342646069740891 5635
0.6052988850872818 0.2390749670041412 5636
0.05030389488610079 0.1303186563102893 5637
10.52315982265024 -2.19051108790674 5638
0.9285330390774312 0.06777857302422505 5639
2.559375190968181 -1.680643051454895 5640
2.34048474292368 -1.600916049944953 5641
0.731380359346534 -0.2406145839174327 5642
0.4785572161466789 0.1421118230560322 5643
0.5564886649338828 -0.05174163680044667 5644
0.9068173618175501 1.814684054090286 5645
-0.8773554986681518 -1.368696506443095 5646
-0.7177216285744887 -1.269750361470353 5647
-0.7316171259588196 -1.084445691100019 5648
-0.5717201151947595 -1.191592645809631 5649
4.923180058441893 -1.894467339915226 5650
5.094393323573334 -1.640408018053251 5651
-1.730196816904264 -0.8499195688555752 5652
0.2570297113901834 -0.01315977908818264 5653
0.271509207193051 -0.1552012389001429 5654
0.3096113090961238 -0.007320770470458276 5655
0.05117578413627238 0.08333702747904431 5656
-1.480334805118589 1.193425277404703 5657
3.306218408761123 -2.045845456747343 5658
-2.748518452173896 0.7224727112548233 5659
-1.394517106695479 -2.729625625446792 5660
0.008735320589028383 -0.03691028023607699 5661
4.718759373725412 2.690529002459246 5662
-0.0346402858436712 0.03435563175969572 5663
0.4066885678228622 -0.007288281163899494 5664
0.4025938986989348 -0.006221611850602219 5665
-0.5850254639320552 -0.5078533146177098 5666
0.9222636129492821 0.03876572999809762 5667
0.9184107477333764 0.03770242063708185 5668
0.92536928334224 0.03560146138753541 5669
0.1093233963456622 -0.03206421351515918 5670
1.010713339161269 0.01648175410885745 5671
0.941429779707833 0.1344932984967331 5672
1.039507593466061 2.738941573475868 5673
0.7309223503166317 0.3429677615401774 5674
0.2565211841746031 -0.02163432898682799 5675
0.5925684759703073 -0.2127444276370171 5676
0.6087915214949835 -0.001635210742616723 5677
3.805400205446118 -1.050810310556554 5678
-0.7659574468095514 2.742034986106884 5679
-1.35810231772744 2.753148698176755 5680
-1.198876599451219 2.510103366967514 5681
-1.496904145605108 2.505336448700479 5682
0.3993813033588606 0.30564516694934 5683
-0.9453695298812235 0.007941994601604484 5684
4.006299169792116 2.756943241131254 5685
0.4981181320705244 -0.04358423069144482 5686
0.9040808698427775 0.2911171481927105 5687
0.5276428183287045 0.1360842099569552 5688
0.5311962937916495 0.1358884527107178 5689
0.5239296815525414 0.1351532859573723 5690
-0.4491126949949865 -2.711758198892971 5691
-0.765107225248044 -2.745998550092493 5692
-0.9106106278671003 -2.531452744067755 5693
-0.6343110432744281 -2.491071611524299 5694
-0.8068656131030048 -2.261861533590788 5695
-0.3892083658907695 -2.425479999362788 5696
0.1296116328977047 -2.774789090966151 5697
-2.758373478920241 -1.344306975182502 5698
-2.502955952749965 -1.192476817379832 5699
-2.758134198752838 -1.642405533220738 5700
-2.532127461804003 -1.780288730422684 5701
0.9227759156003803 -0.02102266443980921 5702
3.530395261862362 -1.875972407862364 5703
0.3122161613255568 -0.1487695951282134 5704
0.9056031846207154 -0.05095871835220184 5705
0.3960933155351835 -0.006304649238138019 5706
0.4376142606777044 -0.004663582435996426 5707
0.6109434456518446 0.1218252678189992 5708
5.206800599810324 -1.368459190646427 5709
1.053483880706671 0.123880918280618 5710
0.5071050372472876 0.188285902083095 5711
0.5050135310366596 0.1783810068963586 5712
-1.038285011044642 -0.6082521394106575 5713
0.09500839295372654 0.1360346342769929 5714
1.990646351555566 0.323265428833846 5715
4.295924990734647 -2.770894297837938 5716
1.048167550639693 -0.06894877149382506 5717
0.7724531640516328 0.1169337280379499 5718
0.5674184495704561 -0.004085777498299495 5719
0.5713382179990601 -0.004770073706968345 5720
0.56356219570005 -0.002875547598112636 5721
0.8814612939305585 -0.7585846005829868 5722
0.7797935966936361 -0.004814277804501738 5723
-0.5410667248242249 0.06347297965386391 5724
0.3340238883614313 -0.008069455762531926 5725
0.5507182564935715 0.1327809529441803 5726
0.5141024240324775 -0.1998031454402475 5727
0.3894648201829894 0.2753505269574446 5728
0.5621796559927408 0.1395948497968868 5729
1.310498295241035 -0.1617751037334569 5730
4.169884021511617 0.1852194922599354 5731
0.4388133332518313 -0.0200325453740448 5732
8.400961378560744 2.104303613049291 5733
8.338390361335971 2.440513383692986 5734
0.5956886836662272 0.1604821938316731 5735
0.3879162791564786 0.1508514790883638 5736
-0.1212445991907973 0.06420142976201777 5737
-2.245151639216546 0.9205551381745276 5738
0.6027810365972529 -0.03861644460886297 5739
0.595118877227958 -0.03609776377820186 5740
0.853173515257073 -0.002646266823989751 5741
0.6429515802954321 0.0004365259465427682 5742
-0.07502859799749041 0.01943371140115569 5743
3.49964357455517 -1.617778809158746 5744
-0.2553088769574255 0.05185494727619067 5745
0.5055786456059118 0.1437319646439316 5746
0.5038404477573524 0.1396146623258571 5747
-0.04069834159295432 0.01853013657278477 5748
-0.0337991437370577 0.0137993586165484 5749
-1.648391111973021 -1.764501713254536 5750
-1.658840757973521 2.743279524713791 5751
-0.0007568421182526533 0.09403370932801203 5752
0.3199206036149516 0.4745011743344041 5753
0.7584239193775271 -0.01318798481168321 5754
-0.08408134214093102 0.03262696875702434 5755
0.03462733909169291 -0.04575656823788175 5756
0.523562475120489 -0.003970204321878243 5757
0.5272336454744533 -0.005759659335678501 5758
1.405555615392751 -0.09251743834617666 5759
1.49303730209882 -0.07822603253359806 5760
0.5370812510556318 0.1804951958647595 5761
0.5395323436644279 0.1704088105200539 5762
-0.09667455972866915 0.082328878766594 5763
-0.08121061597497395 0.08372431539088576 5764
0.4561834638368349 -1.631440118431878 5765
3.996071926412175 2.005775337371403 5766
0.6819709690515759 0.107527440949882 5767
0.6860419709485621 0.1075854046474266 5768
0.4180153821827672 -0.007111365308367165 5769
0.4200623841294642 -0.00385828061348218 5770
0.1163492592566226 0.117064958864708 5771
0.5163042553406836 -0.005717969264154334 5772
0.6066364366163719 0.1928998001017296 5773
0.6004647617799613 0.2039580705152308 5774
2.33309555375306 0.6839416213820815 5775
1.209236264583769 -1.469704112804269 5776
0.1806997660386391 0.1529726281751757 5777
0.9927217271914988 -0.003652163348508956 5778
0.6895168506249955 -0.231238321026813 5779
-0.2783411403548421 -1.1941419447742 5780
2.532185336085528 -1.459134130500815 5781
0.7158861113736958 -0.05430589530130704 5782
0.8009127563760321 -0.04792775179664517 5783
0.859380998050034 0.08559670673344406 5784
0.3966761844241465 -0.02124232812459011 5785
1.081646948877316 0.00474664715799979 5786
0.3307857839748325 0.1566033145328471 5787
0.9481628418777742 0.02714837310383185 5788
0.2728555904574623 -0.01045649451839483 5789
1.188117394943454 0.2713145657579398 5790
0.3541430086244677 0.1524222239019619 5791
-2.532376436465349 2.330368495895519 5792
0.2857724090711279 -0.01963830075644652 5793
0.02678223536032923 0.06400712145209196 5794
0.3097867160031328 -0.01799556645409591 5795
1.049839412022715 -0.03796796313908502 5796
0.7952802966121555 -0.01601278010696566 5797
0.5260294626043284 -2.304107629471508 5798
4.021628725570985 1.622727992923832 5799
-0.4427635540124702 -0.5792206437029868 5800
0.1250225325343736 0.2024086995928116 5801
0.9784183735875074 -0.06869657899663108 5802
0.9706854267335535 -0.07954762140799888 5803
3.716480691639573 -0.5525853482456577 5804
0.4536148831388998 0.1535656884175156 5805
0.9511921947561299 -0.03467875211795942 5806
0.8474245443526596 -0.1060454397529373 5807
2.614385626803128 0.8103128431446975 5808
0.3918639948764785 0.1530690352678736 5809
0.3948281784523958 0.1496762892082368 5810
0.04992075144018168 0.2244562912687867 5811
0.06857365516534743 -0.02735736050099803 5812
-0.273554128222845 0.8773803589562292 5813
0.3339060818865083 -0.07283490957478737 5814
0.001863621475935097 -0.008085629945495255 5815
6.937330499263295 -1.411508525895382 5816
6.667748747984139 -1.322169864394395 5817
0.846624571025143 -0.01813397273618509 5818
-0.02033408355948409 -0.2069467489911679 5819
0.9348897363529858 0.06202751626888079 5820
0.8151092299708932 -0.009299361198309262 5821
7.355636936734413 -1.009351245748322 5822
7.56484777227603 -0.8103599973622724 5823
7.289976974489052 -0.7236947592606604 5824
0.3171062521123234 -0.008390012626340471 5825
-2.75073327428706 -2.22252167936879 5826
0.267400802725374 -0.03069591612101819 5827
0.3816320485112422 -0.1657537425167263 5828
4.817444341605749 -2.139689841928214 5829
4.776795201606324 -0.452983749906312 5830
0.8599687184362156 -0.0152773002465293 5831
0.1121573770023889 0.9913568489702367 5832
0.9149782315204736 -0.003931074814535701 5833
0.47871165910269 -0.005605602093246329 5834
-1.5457307551441 -0.9593105933611823 5835
-1.537808027133865 -0.7334254412883473 5836
-1.362790876907036 -0.7187753258651279 5837
0.01220916306913612 -0.02439761459487836 5838
9.099818696220778 1.38453463675704 5839
8.892353801031819 1.179916261599122 5840
8.959550770768542 0.8920749919764636 5841
9.245280166517217 0.8099235728746851 5842
0.1327973007278361 0.1739643073702631 5843
0.9406503933208354 -0.005150206432717706 5844
0.9444316885475955 -0.004312703235377637 5845
4.004729971939562 0.004071343547618811 5846
0.3656286662919512 -0.05390968386194054 5847
7.498561959352879 -0.5267246633608031 5848
0.9495969478800972 -0.07969905151055964 5849
-0.001729360479817012 0.02278895264287699 5850
8.143372757968375 1.101981677770831 5851
2.203938187625266 2.73305879404468 5852
-0.2676539476656437 -0.2773659876912545 5853
-0.2013792499595005 -0.3074786263828777 5854
0.006580390863895513 -0.01804910135685824 5855
5.486744897007513 2.7478582645473 5856
5.333682643065218 2.484438389403154 5857
5.644264012381582 2.49076977058987 5858
5.934516659889189 2.500264763330504 5859
6.083919278908508 2.744435778181294 5860
6.261836647078487 2.446984835997134 5861
6.552651599342193 2.490593733178172 5862
6.680106156607728 2.737826175933733 5863
6.084766010898571 -2.742231500020296 5864
6.354386364536172 -2.731206518018235 5865
7.586388574317128 1.250466185417478 5866
7.375863297685427 1.047581489148228 5867
7.655183646768816 0.9734623877650688 5868
7.43686033231339 0.772333854892004 5869
7.163105589358884 0.849535231383684 5870
0.8425968249154391 0.08574154781672533 5871
0.249609234671106 0.1525622375443372 5872
0.2871600104520675 0.5182241240773544 5873
10.75555701815681 -0.1514639934106518 5874
10.51494160446349 -0.06026657361101724 5875
10.73868039866648 -0.7527166509910006 5876
10.44707674256642 -0.5720252038774531 5877
10.47144877971284 -0.906828486566893 5878
10.48521932740098 -1.212999564679073 5879
6.016125083187768 1.535499282252077 5880
10.75335639432796 1.649578250757733 5881
10.74556860290709 1.351134839813639 5882
10.49059552161345 1.209907186965445 5883
10.45459148317731 1.546417717125919 5884
10.21329048003833 1.345911298138113 5885
10.69794273769586 -1.659553909129151 5886
0.6616409117516427 0.273627878487519 5887
0.5720722606653843 -0.05603303572407364 5888
0.391309093588489 0.1957334215922662 5889
0.3826989338125627 0.1913455660456168 5890
7.576118954025838 -2.743035615359601 5891
7.724093442197458 -2.484420746907217 5892
8.020701490402946 -2.484408192067837 5893
7.880607262520684 -2.232074500517621 5894
8.170126870922021 -2.228230242321644 5895
8.020823199427893 -1.970791687875681 5896
8.281966254286061 -1.97574382066128 5897
8.459395007951574 -2.228263473826849 5898
7.575868337498307 -2.226915079771594 5899
8.592309558811605 -1.927696668366555 5900
8.761284136872849 -2.227290764357453 5901
7.438750506294424 -2.491108758512137 5902
8.169724401912891 -2.742038821065746 5903
8.17021276595878 2.742034986106888 5904
8.020266603211684 2.475534460026076 5905
8.686857200973796 0.9675823700599466 5906
9.361697807780786 -2.742006825725717 5907
9.212851877830296 -2.484058153761959 5908
9.532768453107384 -2.440337392627958 5909
9.330505911258246 -2.202765605910477 5910
9.060610910224733 -2.228587184923277 5911
8.912956407047105 -2.484621507295155 5912
8.764989607056012 -2.742074166193461 5913
9.660534390832966 -2.74207140078368 5914
-0.2549536418364357 -0.4271893002396402 5915
10.25133993091935 -2.744487570681756 5916
-0.3704290796814922 -0.06746273874216455 5917
7.777276825911597 0.4267556213730767 5918
3.19833700977411 -0.9721893486523974 5919
0.6845922986806319 -0.0012874217382798 5920
0.6811370434061745 -0.0001504745882565358 5921
8.404221679088824 -0.007352645646500459 5922
-0.3866595028210065 0.3482408572987099 5923
9.702593764790278 -1.955880934493143 5924
0.8088590159605326 -0.01337469624298569 5925
10.74101317819632 2.245972614782295 5926
9.16829613538836 2.16596247637432 5927
6.071145566311596 0.1411453331735188 5928
8.966331653042372 -0.1711697294766718 5929
8.754802049448582 -0.3705929521405907 5930
9.815395871779028 1.713620488661951 5931
9.750181943246744 -1.177689692917203 5932
0.002249677496591389 0.03104641694782249 5933
0.6100764858242441 -0.03964015347802617 5934
9.963136283623456 1.139925518433219 5935
10.10716304480298 1.624547689186996 5936
7.095544805790059 1.129902152647678 5937
0.1431388810230785 0.1473978805050183 5938
8.316919083402146 -2.484027665187341 5939
9.119666701396916 -1.784351056477323 5940
9.602582391922482 -0.6190629281376354 5941
0.2635500624034784 -0.03713500177907635 5942
0.6780609798931343 -0.05016781950031453 5943
9.035183332411012 0.6026017072717953 5944
7.988040049020897 -1.449038275586079 5945
7.925881365814307 1.944404943850166 5946
-0.002198003368005399 -0.008627542078504993 5947
0.1854708470696707 -0.02883879202852658 5948
8.753771878548839 0.6830946550837744 5949
0.08477740538312253 -0.04295328998979739 5950
10.0273897497379 0.8531890402679801 5951
9.673658041860406 0.1555711998717352 5952
8.548749312738229 -1.610669034893927 5953
8.334887864571002 -0.7700832428011261 5954
0.1870487175504687 0.7429300759682398 5955
6.47385936153057 1.571063010391151 5956
8.613144674903202 -2.483785719418108 5957
8.194604411981189 -0.2070954208240113 5958
0.9211076939824328 -0.1019555165578583 5959
0.1047357602281777 0.1147898679191648 5960
0.1048551848810624 0.1099986838548721 5961
0.6902195024179422 0.1516236972872124 5962
7.798173522531916 -1.709307596646354 5963
7.568572693378101 0.2273216810060245 5964
0.8584543993186149 -0.003349667989558789 5965
5.092376976681638 0.1642710262602292 5966
0.7764727383036241 -0.1904315646711362 5967
7.162779279278451 1.897512225095281 5968
1.954820880602065 0.7290003077517363 5969
-2.755053835452512 -0.7706224865858153 5970
6.476402641108011 -0.479997735532191 5971
0.3556505109027472 0.5277257006895107 5972
6.813693546990216 0.1843748974813779 5973
1.283938333844078 0.1046882829151159 5974
0.9166090693434243 -0.01500106942383716 5975
0.5884754211060989 -0.01459700603069748 5976
-0.05494624021126211 -0.0846248791645756 5977
0.02292830878526738 0.0586898714270227 5978
0.404990525175757 -0.01932451256279561 5979
0.7710367581685198 -0.01160903705154171 5980
5.311436048256796 1.264619845367097 5981
5.359792069093582 1.012105365788936 5982
0.8556890285954341 -0.4204914180124215 5983
0.8328743920473411 -0.3770232262071546 5984
0.8553618173461655 -0.3357728588463963 5985
0.08867347248375423 0.1037102006612172 5986
0.08459956671293344 0.1029575519181551 5987
1.006051339110169 -0.07152617829038223 5988
5.805275730733694 0.2100585053897515 5989
0.2712740577972654 -0.04900188838022348 5990
9.952823362954589 0.07426040377878051 5991
6.678891380243018 0.7331855350405536 5992
-2.066743416963267 1.776317606368033 5993
0.4244217824418671 -0.09411889628557672 5994
1.39572519188104 1.168642377434878 5995
0.4864820059485525 0.1528106580251076 5996
0.7737652718557567 -0.0007777187270917231 5997
-2.257739497939387 2.713641365721788 5998
3.327175665296096 0.9700665831387638 5999
4.533439990506105 -0.3725223513114129 6000
6.951441108542626 0.654201405873637 6001
0.1038489044264853 -0.02613040062824451 6002
5.871486477786997 2.100538954719825 6003
7.090459735188992 2.180452434548417 6004
0.001227405012374396 0.02827128971643136 6005
0.3199910420565849 0.152103842963191 6006
5.804364636980253 -0.7868230037161603 6007
0.7456023280455493 -0.0108345112675414 6008
4.213036998763 -1.873265626329601 6009
0.3335710621459519 0.1533885091340732 6010
2.875098277281397 0.5323952193749408 6011
5.990145113742457 -1.615643909347221 6012
-1.741485599329092 -0.6404645992491232 6013
8.474545312891754 -0.2881047472690253 6014
0.06537412289427427 -0.06193155781767372 6015
0.05552807251112667 -0.05983000685946294 6016
0.5709055189899902 0.1618073829395084 6017
2.551720252753555 1.960950682869875 6018
1.017727512958081 0.00561443062805515 6019
0.2394766892631815 0.1483112799121883 6020
0.552553289685949 0.1472269462273717 6021
4.394674495597894 2.019345984247644 6022
0.919281745356076 -0.004518948869010881 6023
4.841479902820677 0.2237269079221205 6024
5.638799415262621 -2.275303025543713 6025
6.747788533782453 -0.5583744339394905 6026
9.107913533450425 2.469359018530725 6027
-0.1098379072794028 -0.3610779744557013 6028
0.6317695269943839 -0.4339641942710813 6029
7.224981238718673 -0.4438856004045749 6030
3.888554101774011 -2.490677709201809 6031
0.4872274180990585 -0.02071294390405579 6032
-2.490535106735318 1.092650518333414 6033
-2.747530805721383 -0.4807471926202699 6034
1.903158077170891 2.144120236451152 6035
0.38545263892628 -0.007635681012743947 6036
0.3816163380191349 -0.006155710117618868 6037
2.093202682229215 -0.7762102881084227 6038
0.6497222925110189 -0.01985923114808619 6039
0.6550932647495313 -0.01955299805089919 6040
0.6591559165246716 -0.02496051247205682 6041
5.480033720416292 -0.4290256220224056 6042
5.057643484873599 2.321124392719171 6043
0.4301986376696116 -0.006416959020656201 6044
0.7748208090942728 1.684070425396233 6045
0.4890807168203529 -0.1911064481505216 6046
0.4874369185187058 -0.168378644761261 6047
5.603192374903409 -0.9789340538175924 6048
0.2974789049025058 -0.009761318938450635 6049
-0.05330386553152457 0.1044056380087818 6050
0.6418886624556664 0.141149147507965 6051
3.579970683863084 -0.9635386354276261 6052
0.5310019399236312 -0.3982838761639009 6053
-2.078018014619659 0.1046053851858364 6054
-2.079052388559424 -0.09966345052388734 6055
1.103189913309888 0.01008171112066818 6056
1.083541536599158 0.02795525961936925 6057
0.615743402840223 -0.1063001055510166 6058
2.607104483686822 1.567087721218226 6059
10.74320542980657 -1.355431181605004 6060
8.544731945392931 -0.5698298168481158 6061
0.9844092954783126 0.05762625127351736 6062
3.793489259634868 1.867562281849636 6063
0.5321738744238245 -0.01907912516151608 6064
0.6606497361552864 0.1116224035165113 6065
0.6647305858875188 0.1126300566527602 6066
0.656638076450928 0.1111189111724375 6067
2.607772737000209 -0.3406019993371644 6068
2.631485866716873 -0.5184013302068539 6069
2.805855465333242 -0.5885826500085698 6070
2.955392429853293 -0.4763005141775379 6071
1.059730906657291 0.3854116570453863 6072
0.4668453419588582 0.209717907003314 6073
0.168004111099263 0.1332598615247202 6074
0.5845002533514901 0.1268865362338104 6075
6.877701525871368 -1.11701116952507 6076
0.225300470865216 0.166072960344566 6077
2.233549550813262 1.659414593120502 6078
0.6019203499499542 -0.01582600724866275 6079
3.780757787282345 0.05960845799724616 6080
7.01837585140449 0.3809459811719738 6081
0.7772194174359366 -0.008020638045307647 6082
0.8656689253700615 -0.01098411850562179 6083
0.05707472276372579 0.09093634510203535 6084
4.352535996908028 -0.5396155661341947 6085
0.6446707333716482 0.1156242120336756 6086
0.6413370183352117 0.1143481072786258 6087
0.6475432395083337 0.1132647595880538 6088
-0.02060696706229962 0.07156368843713318 6089
0.505686126307672 -0.01240968401081914 6090
0.5023868243861426 -0.01546332878122722 6091
0.9882119848569304 0.07115579647140755 6092
0.2941327638997348 -0.006145819035345675 6093
3.420477779420506 1.540789433206265 6094
0.8749832362521456 -0.01199657505860654 6095
0.1790461541283745 0.1357056906975748 6096
6.004605619866912 0.4075910282811953 6097
1.043815947512837 -0.5162015077653346 6098
2.227635590334232 0.954765624529764 6099
-1.515479372479204 0.985662021679768 6100
0.2612455217318378 -0.007824774173287559 6101
0.2672240818327237 -0.007480075470847301 6102
4.784321430796533 1.414958163878885 6103
-1.030950720964089 -2.134329007179999 6104
0.9024656162773623 -0.003067286686241758 6105
-0.02596250144318437 0.04951601021477471 6106
3.266417360790223 2.245046122091397 6107
0.6626111287165817 -0.07929887542030049 6108
0.6398490665879424 -0.0849082670953365 6109
0.6153451737460532 0.1434233414715565 6110
0.3031664595640379 0.2517800063310102 6111
4.15651119593241 -1.62044469916172 6112
-0.07928396621206463 -0.6627237900843092 6113
-0.1867435567696543 1.314919895303367 6114
-0.07600627617559921 1.210896222207757 6115
0.2950371926848199 0.1560048382222043 6116
0.5469240949833606 0.1324521939348842 6117
-1.315936026050199 1.067398813385173 6118
0.7907128440927607 -0.3044316357937337 6119
0.6702724579189326 0.1091892791170814 6120
0.6727434397619241 0.1072906202532954 6121
0.4958491671462855 -0.2196631681628093 6122
0.3452949088965671 -0.06908978723916984 6123
4.713589334630087 0.7187948353731136 6124
9.360126532032648 2.722926315117311 6125
0.581919875631286 0.1302034291126158 6126
4.148978640830431 2.513371850005709 6127
-0.7522653966047069 0.2093672856137041 6128
-0.6210214665492746 0.3270835964505899 6129
0.9607323660869361 -2.109696561396329 6130
0.1756475262388257 -0.2238258040449387 6131
0.4910533852953541 -0.00530691461832894 6132
0.00572835039121169 0.03644729481821433 6133
-0.08904239210395032 -0.1691421192894574 6134
0.4880538942970265 0.1786183734105092 6135
1.002009950849567 -0.01520063738441784 6136
1.006464118705988 -0.01990190484132479 6137
0.7063912133894601 -0.001557919917113521 6138
1.088966523193273 0.6759071068449004 6139
0.6274573035656066 2.010224012671458 6140
4.470672608036571 -1.025563487166984 6141
-2.244276408350578 -2.759278992036169 6142
0.701221448216968 -0.09313488513694958 6143
0.4094495858501136 -0.5770140613020766 6144
0.7364574568578733 -0.1893981071649017 6145
0.198064038970333 -0.01682160179621909 6146
0.3030768494977291 -0.005908155923095762 6147
7.018328983871717 -0.6395642890220384 6148
1.81800275605172 1.257928404612886 6149
0.006993924505638131 -0.01248135998707211 6150
0.01129634111137662 -0.01861446934506303 6151
0.003737722178688531 -0.01416967412092806 6152
2.068838762309481 -0.4412939591145922 6153
1.948407294236458 -0.5169615341851215 6154
1.819411024401167 -0.4544212928904353 6155
0.5699402354307042 0.1287218433315075 6156
0.6465750557144129 0.1566585456704409 6157
0.9551191420475442 0.02174734481149323 6158
0.9493235061311004 0.02379837648252017 6159
0.009263738488053303 0.04168676067540268 6160
0.009109645844063713 0.04584295820973135 6161
0.8929556121435294 0.04384385291575492 6162
0.8924263684053605 0.0469839015819348 6163
0.8891155396069955 0.04809360599549544 6164
0.887218821616129 0.04572186640218279 6165
0.3541736387788126 -0.004895587639385273 6166
0.505410357895577 -0.004455071396423212 6167
0.5550227178715977 -0.08279413558586057 6168
0.544586393928261 -0.09035817828418924 6169
0.9324052428378236 -0.005476323327492467 6170
0.2009992067511206 0.2319216422830048 6171
0.05471433734210954 -0.02347163942164981 6172
0.6969578928965844 0.09986520314590021 6173
0.7028070832859615 0.09853734921926774 6174
0.8464052883900574 0.4568601597054383 6175
0.7609340293376032 0.08376235968080599 6176
0.385994523372006 0.1473020125689849 6177
-0.5799560743716424 1.632774709246687 6178
0.3921934245219021 0.1470071397154591 6179
0.8301425774856142 0.06387627585128249 6180
0.6618168345856533 -0.3171668155886996 6181
0.5765446928220299 0.1246719580535842 6182
0.575550873212158 0.1277491126737884 6183
0.5787887099169486 0.127400197779681 6184
0.4458118633659044 0.1425833021121408 6185
0.4445514553183768 0.1459892857960531 6186
0.4519029894325957 0.1420291644815579 6187
-1.577658296378567 0.3578135220173639 6188
-1.359692154776926 0.5948984279285864 6189
0.527971371865804 -0.0006816589256450822 6190
0.6326442239237278 0.1144803615915416 6191
0.6241718489458151 0.001048845651662705 6192
0.9267094426870066 -0.001535680574449023 6193
0.7229545549785592 0.001519626905086785 6194
0.8278185136102101 0.0006834260434004976 6195
3.659494860655653 0.4833683691324846 6196
0.5083757163258551 0.135241084635972 6197
0.5072736127976795 0.1382365296150033 6198
0.5142486616934766 0.1339923938734894 6199
0.6266811607652475 0.1414906741858814 6200
0.6781207219677176 -0.001974207339757288 6201
0.67518169648626 -0.0005254108700436281 6202
1.06579947008617 -0.2760470198470128 6203
5.933463142849936 0.6707460536184187 6204
0.2340298203081862 -0.01001329975000591 6205
0.06262012768859365 -0.4519687167096962 6206
0.7390576546999182 -0.00168530847809105 6207
0.7409180465387722 0.001360294940645426 6208
1.023465704352776 -0.320574556644364 6209
0.6299129331938964 0.001107862555817424 6210
0.6313481880931029 -0.001631142866796804 6211
-0.2412516425973651 0.1509932770998375 6212
-0.227166403875973 0.1997369298968784 6213
0.3109075026810623 -0.06054009606638235 6214
0.8037768842704187 0.001189440595028714 6215
0.8547351510009089 0.0002903544523223141 6216
0.7498511163886868 0.001693406116604617 6217
0.9771999445088384 -0.02277975702657203 6218
0.483102512449513 -0.09054262481195693 6219
0.01258771182958746 -0.0156780160469454 6220
5.741230240935436 -0.5043943517409722 6221
8.82511194067151 -0.6510869149416585 6222
6.398585399612818 -1.236096323399744 6223
0.313267789912644 -0.02157466329435508 6224
0.7111389524651142 0.001613180851548897 6225
0.9566771815461843 -0.00252508471226184 6226
0.6360519121280862 0.0007435608245015999 6227
0.6509274177338202 0.001420040901009462 6228
0.5519858394941919 -0.0001272758849437897 6229
-0.0398299696778068 -0.02093494927343772 6230
0.4440294097507709 -0.00281103810945669 6231
0.0199031119106867 0.05295470900332722 6232
0.3729443804754545 -0.05937102613850063 6233
0.6116983289734721 0.0008444513848954317 6234
0.6957576928422686 0.001599234473613345 6235
0.2643341068356727 -0.02576619643758393 6236
0.5969373121951255 0.0006529773836352769 6237
0.3599928990113918 -0.004779634755469133 6238
0.8218018746343623 0.001083385213739455 6239
0.9295956013316651 0.03495096047817169 6240
0.8307930351668761 0.0007869389401115043 6241
0.3500901185234858 -0.3151223518332753 6242
0.3635233976407 -0.3586372196671792 6243
0.7288590334834404 0.001724416655272422 6244
0.8510912183903778 0.1422093463894732 6245
0.6899123279657613 0.001438306937042693 6246
0.1144585972130495 -0.03079183559272401 6247
0.1112396611844006 -0.02691143094208244 6248
0.5909418284304992 0.0005046866860509622 6249
0.5924879309411999 -0.002264014422716039 6250
0.1035169989699025 0.1409209458054318 6251
0.8370598130933791 0.000686008866114884 6252
2.040237256772889 0.1700943177819343 6253
0.8097432403565771 0.0009618608919015672 6254
0.8112995592426997 -0.002027223574493573 6255
0.8150980153603471 -0.002277998167955931 6256
0.7977807819977525 0.00133227125289086 6257
0.8485566180301958 0.0004131912539814163 6258
0.7557770783337425 0.001588457882338444 6259
0.7543302895071318 -0.001189872080341315 6260
0.5339044373159105 -0.0007199188166867206 6261
0.8606463062578001 -0.0002024200091815347 6262
10.7218159024083 0.4620731532169879 6263
0.8786018570764071 -0.0003024534185664476 6264
0.7018730414631735 0.001719887650064463 6265
0.7798718293989305 0.001300977584828506 6266
0.7779106337191629 -0.001484613234112836 6267
0.584722624818836 0.0004805831664540509 6268
0.5861389236886523 -0.002466870856662681 6269
0.9207155190726333 -0.001352057585749411 6270
0.6570958514395399 0.001172045827298575 6271
-0.3296161995366969 -0.03052607712065309 6272
7.021346838648674 2.464024531681908 6273
0.8964179880861554 -0.001078446523821635 6274
0.602945390342402 0.0008369334449997809 6275
2.15815227336217 0.7083268319162023 6276
1.907255102946176 0.5956422664301998 6277
1.22317492474651 0.2202069619869024 6278
0.4290361963460704 -0.003190503096292258 6279
0.8278748929803277 -0.3061739552039778 6280
0.5582820618813562 -0.0001995966995297093 6281
0.5459695131311625 -0.000329388923555995 6282
0.9626703503860632 -0.002736766333827778 6283
0.9609805721725326 -0.005650749138196285 6284
0.3450542963185533 -0.005107973937774468 6285
0.9087273054047832 -0.0009995612013885902 6286
0.7678845061098777 0.00168995050008773 6287
0.9507095568073615 -0.002008306089613507 6288
1.035671394666422 -1.425594330057733 6289
0.7906241488052561 -0.009908984276766803 6290
0.2704333163083681 -0.007644634496881009 6291
0.2765386864475434 -0.009312325313422232 6292
0.275798185485769 -0.01350380718908779 6293
0.4502797284610403 -0.003073757635705087 6294
0.8728014781120436 -6.57586288648488e-05 6295
0.1508056563738668 -0.0176887744757878 6296
0.7168816339300964 0.001732048942583312 6297
0.7182215223160391 -0.001526558250808675 6298
0.9299098670606175 -0.001962362987285798 6299
7.266756428383986 2.747715718020531 6300
0.03319172333532636 0.06482423715935078 6301
0.5758638378245483 -0.0004253449542157138 6302
0.8158038244554419 0.001025876205780445 6303
8.897554089610088 -0.9345923683919291 6304
0.7857672387454488 0.001295206880256134 6305
0.7915881812774533 0.001129702248394449 6306
0.6179243853030217 0.0009774204408633813 6307
0.4070869678329544 0.1477581990625823 6308
2.461776765699045 1.412157864192812 6309
0.8427772470065659 0.0005472517140014009 6310
0.8847333560586546 -0.0003884065298478067 6311
6.456916187621563 -1.516450501578575 6312
0.6689092481907358 0.001495626676589281 6313
0.670114158679266 -0.00156067711652549 6314
0.7617526486984533 0.001258797904984794 6315
0.7348554887031278 0.001713794823089325 6316
0.7333519954567628 -0.001124425245850662 6317
0.2821224410513749 -0.006607734075078664 6318
2.215330967739432 -1.988404986687301 6319
-0.04117931375207647 -0.001524191305364031 6320
7.340088953403606 -2.060760302844646 6321
0.3511396438875671 -0.00487386813805527 6322
-2.674113720132999 1.484337271585708 6323
0.6629396094242788 0.001891096494984451 6324
0.3660199762027832 -0.004696815731234152 6325
0.3720304918879177 -0.00452048354751603 6326
0.7667351220835157 0.08223846730036591 6327
0.7689185554948782 0.08454745778575484 6328
0.8670773450717055 -0.0002279081756139772 6329
0.5697524864991265 0.0005605524372681608 6330
-0.2651639436261042 -0.5788105288052718 6331
0.7057194381633837 0.09781972953158755 6332
0.711563717788595 0.09647266826509429 6333
3.196878979122331 -0.0001627146879503022 6334
0.5219803696122448 -0.0009090013433644355 6335
0.8243636348876011 0.06562867211266818 6336
0.5028873610315076 0.1701550495215209 6337
0.5796096763039031 0.1242359193864567 6338
0.5855051196945225 0.1234253153664242 6339
10.25202625131379 1.043745415453881 6340
0.5174828622423427 0.1345085856120403 6341
0.9774009133740273 -0.003421583017905881 6342
0.8908368593161546 -0.0008799542428115138 6343
0.5159866140830237 -0.0009321252620000445 6344
0.5400699806499956 -0.0005300386454978843 6345
0.0953051848795575 -1.012834662827623 6346
0.2491227265015465 -0.009053396224455064 6347
0.07865220086992639 0.09899959432277623 6348
0.08154732206856605 0.09665782180435324 6349
2.926260467831584 1.888619246478422 6350
0.4557716237555006 -0.002981145744817223 6351
1.829700856022853 -0.3309084700045946 6352
2.906753279343202 1.094746712094429 6353
3.066472310116444 1.237911981454573 6354
0.1890447382447646 -0.03901590180873626 6355
-2.076014186377096 0.7457294903945215 6356
0.9147876928437123 -0.000720772830572402 6357
0.4547438549536429 0.1415208483941485 6358
0.4606913107753153 0.1412329759371906 6359
0.3136312583334004 0.1834259939641827 6360
0.2194295866916015 -0.01100179835228937 6361
0.2255265610884998 -0.01067068199676163 6362
6.989673692907505 -2.746491606419712 6363
6.642224347290465 -2.361081818872263 6364
0.9357000941945962 -0.001820161500001 6365
0.7493543551324704 0.0868933629982689 6366
0.7515254286745794 0.08924543167164939 6367
0.3390514424951604 -0.005141443570457213 6368
0.4455247217126367 -0.00562155765477001 6369
0.9715475025197529 -0.003076677906710938 6370
0.9700575644192225 -0.00587891764192827 6371
0.5099809321984625 -0.001097715160137802 6372
0.9420165396159361 -0.002041561109490749 6373
9.181752019258004 -1.02004868873996 6374
0.9754457214799048 0.01832331351390838 6375
0.9714829965660263 0.01844219752908861 6376
0.9785157682400514 0.0159555301692235 6377
0.5588082378526713 0.1277407923464708 6378
0.3949033828193818 0.1463230603761455 6379
0.6207746610523274 0.1164540100635414 6380
0.6224230473895858 0.1193697998366274 6381
0.2371355585465104 -0.009744665989328039 6382
3.504334702518638 -0.4734893346796246 6383
0.5260234514050499 -0.0174279922050933 6384
0.02865420456433024 0.0608001430913409 6385
0.2883288677344683 -0.00638617860672874 6386
0.7778121018470801 -0.04561867721198262 6387
0.7788807475746962 -0.03745621287528972 6388
3.101989659996299 -1.457985739819613 6389
0.3216491647646025 -0.01828853166355039 6390
0.2142034568317837 0.1771733921658844 6391
0.06077101758843127 -0.02352701152593618 6392
-0.5513985410099389 1.833347354142929 6393
0.5038263879232676 -0.00138209049071026 6394
0.5016504793693479 -0.004223107976270798 6395
0.4620187869628688 -0.002294905331317273 6396
0.468016992844501 -0.002198972031943143 6397
0.4665674508388141 -0.005267623367585626 6398
0.4698283226759418 -0.005744856057404484 6399
2.872699407999225 -2.222314240448332 6400
3.111676900899264 -2.287067714883769 6401
0.3181643707223177 -0.005496701869241722 6402
-0.138049896709361 1.49591409148985 6403
0.5570060766400291 -0.03628347367165306 6404
0.5975607478271572 0.1389673625195649 6405
0.9634297777460088 0.01871534842242151 6406
0.1567766720571424 -0.01709156617303274 6407
0.3761387332300073 0.1516659592830156 6408
0.1627462753099909 -0.01649119693023543 6409
0.1615786624742726 -0.01963354780608122 6410
0.1651041542562641 -0.01936144517109886 6411
0.3750256335037532 -0.004401220623017143 6412
0.4631145943704446 0.1612825113475274 6413
0.135969084003044 -0.01931498248177913 6414
0.1347065169438766 -0.02231980256228099 6415
0.1311772641813727 -0.02271736532788556 6416
0.133427983637085 -0.02611753188665726 6417
0.01545820395077002 0.04829154694497118 6418
0.01202152127118261 0.04932350424399183 6419
0.6940421700681907 0.100563577113928 6420
0.4966142900090112 0.1369043048171838 6421
0.000429126679345636 0.03393553619250234 6422
0.4400977512522642 -0.051788515390618 6423
8.927623941077913 -1.98338603467039 6424
0.674904381141577 -0.003971828883582868 6425
0.4801604913954011 -0.02979301055724855 6426
0.2552760626814446 -0.008134214575504383 6427
0.4338773738160409 0.1438118139507557 6428
0.954717314347054 0.02498616454026948 6429
0.9580042775409789 0.02425911265097374 6430
0.5779891569003424 -1.002536299684793 6431
0.660269417476433 -0.01330263911183221 6432
0.01146538284936116 0.04366098101584934 6433
0.7144808529855001 0.09577324978549898 6434
0.772779445220598 0.08057351265664135 6435
0.7435611670536419 0.08839743112740239 6436
0.7427234159915923 0.09151687678937162 6437
9.392173596166069 -0.817595226816396 6438
0.8128841099644943 0.06910889335105244 6439
0.8186314153644874 0.06739356713722602 6440
0.5885274521639285 0.1227622381368951 6441
0.6795346247948194 0.1042622558668184 6442
0.6852895494692113 0.1026482524179476 6443
0.5259462127786786 0.1328588817389004 6444
0.8843888729549594 0.04687910200827396 6445
0.8786996847604889 0.04849080200581467 6446
0.2509462417626719 0.1459202501979592 6447
0.6501810666162116 0.1105075205658699 6448
1.020372847960266 -0.960328682894224 6449
0.03832272725481873 -0.3285294626695808 6450
2.822739483605227 0.06591167530590383 6451
0.3740947036511075 0.1483057788429959 6452
0.3726158194354647 0.1513240632030586 6453
0.3691389951959421 0.1515295537270444 6454
0.552763892489714 0.1291954980529536 6455
0.6151689687046213 0.1177239770683649 6456
0.4674878706524913 -0.06278766537459274 6457
0.3172433816920109 0.1495389005484006 6458
0.3109823528635839 0.1496484852238446 6459
0.2133654989683925 -0.01163561634456681 6460
0.6727329814549037 -0.0291638966616486 6461
0.4903254311181526 -0.01664840919356313 6462
0.05524050725683032 0.0808326551886783 6463
0.05501899990283304 0.0840639490868525 6464
0.0573453531182932 0.0863323825762415 6465
0.8548962259143035 0.07951772040867031 6466
0.4952169570467051 -0.001434597356789617 6467
0.4711576569300632 -0.002554957935799996 6468
0.7596726946721641 -0.001835689130866651 6469
-1.842572432540667 1.655595349707888 6470
0.4540858194916336 -0.04243319869301852 6471
-0.4193581537776053 0.01811276466402716 6472
0.4008514141682038 0.1465448847816565 6473
0.4637158216501746 0.1409563238479408 6474
0.2436359752681164 -0.009630552087989063 6475
0.2152909243703121 0.140359439700235 6476
0.2104857528178899 -0.01183551750590538 6477
0.03807340189002008 0.06855086594163293 6478
0.03729292897361641 0.07170840416374544 6479
0.7202904460790385 0.09432583918602185 6480
0.1800133646162948 0.1325692439976101 6481
0.1853682614319894 0.1346035304957778 6482
0.5942588154247691 0.1215026149582486 6483
0.6002462835955655 0.1204313160412057 6484
0.1011006105733565 0.207806530915325 6485
0.5322842448096924 0.1321931754131911 6486
1.020023233504092 0.4294115055145718 6487
0.4905294498992729 0.1375738275180694 6488
0.04295699933068751 0.07213424772960095 6489
4.979838396174529 1.604288891784894 6490
0.661747985348884 0.1080178980163441 6491
-0.03677818488829504 0.1092288709141974 6492
0.4890899115966061 -0.001881617879244146 6493
0.4770501863982372 -0.002206460874014752 6494
0.9945664841123862 0.01376169839807289 6495
0.2753609065941988 -0.04135288813142772 6496
0.5467742838122142 0.1291457576951269 6497
0.6089983669364989 0.1187419750852936 6498
0.5647382036597137 0.1266360762905659 6499
-2.30501898054233 -0.7438549370243981 6500
0.2971166247552727 0.1606717530123484 6501
0.1956652500279581 -0.01368838885749614 6502
0.6266554928884591 0.1152730162752314 6503
0.3049670761788649 0.1494908893780041 6504
0.3220670432941763 0.1989066520906772 6505
0.8415832044181016 0.06041196961481174 6506
0.4278758662418405 0.1444259426672836 6507
0.2297580003985002 0.1553220678573471 6508
0.6402668368989537 -1.256080437681101 6509
0.7475722640402553 -1.067828368156367 6510
0.4048880407740615 -0.003835752081024342 6511
0.4112251312726481 -0.003533968222744402 6512
0.5024296970488189 0.136038934663808 6513
2.278549542227838 -2.445777236777564 6514
0.4398393439319144 0.143159062570681 6515
0.2569293776739209 0.146569592680417 6516
0.06689703088129591 -0.02375551811251306 6517
0.07333981663187218 -0.02626376577075124 6518
0.2629773520654714 0.1467874804346927 6519
0.7782131008849932 0.07905205621913321 6520
7.224310219314434 0.5758270200318116 6521
0.8071469989687411 0.07085837148723124 6522
0.8066338247681528 0.07377790289552785 6523
-0.01768040999346253 0.1296006719518964 6524
0.2449778474898249 0.1451448094892575 6525
0.2814115279589944 0.1526052154097557 6526
0.2777684300441022 0.1543000312337766 6527
0.7647060935275091 -0.6116885805110648 6528
-1.891163251097551 -2.456458297858883 6529
-0.2262065669712335 -0.2373114496702439 6530
0.3800168856164435 0.1476796386869159 6531
0.2450828777843992 -0.1305410977184582 6532
0.6792680258684799 -0.02841491490781681 6533
0.3259477366636455 0.1496360444392082 6534
0.6179905835951889 0.1196879975512095 6535
0.3677285356001695 0.1483200045872676 6536
0.3652099244059182 0.1510333388369781 6537
0.3470224947277539 0.1490151714838011 6538
0.1298906941179573 -0.01971495483400001 6539
0.9414409876193808 0.02734529455984994 6540
0.3903989440183422 -0.004239853041872432 6541
1.000169107900513 -0.06076363589080638 6542
0.04865050903633068 -0.02321619541051484 6543
0.0499338306194647 -0.02628785062234166 6544
0.4696889042286828 0.1397173450543653 6545
0.4758132917348375 0.1394619268698235 6546
0.6316792599327986 0.1174122569598747 6547
0.4830067148725157 -0.001717869512261053 6548
0.1661818585246529 -0.01631702158455528 6549
5.026718296802219 0.4112765919860294 6550
0.3529994370575341 0.1488998600891285 6551
0.3578406628739731 0.1519084717868207 6552
0.3590204708514575 0.1486312743884604 6553
0.298951898298382 0.1493436404058837 6554
0.2975540929027683 0.1527017604258255 6555
0.2937848701614375 0.1522430414409531 6556
0.6882153309208114 0.1020375532523655 6557
0.4069292547353788 0.2033240332807605 6558
0.7551566647385275 0.08537439702231911 6559
-0.9016581103253682 -0.5627698152130254 6560
0.1925574624785305 -0.01364445545895309 6561
0.1058031212057659 -0.02212740696048857 6562
0.1080251414777151 -0.02487762918196741 6563
0.2897905717910959 0.171476297423761 6564
0.6646487213857835 -0.02129659900467736 6565
0.6660789272726513 -0.02773184559982854 6566
0.6033036436123128 0.1198989226941073 6567
0.34090812892791 0.1494769426343655 6568
0.3427590524809494 0.1523721444801755 6569
0.1278030043943646 -1.291490721772957 6570
0.1402533887583962 -1.447774375494162 6571
0.7288509618137975 0.09217005755437599 6572
0.7348260160091858 0.0906031020929991 6573
0.2092939249459136 0.1396230722067954 6574
0.4846169177281873 0.1387316582858208 6575
-2.558595106483653 2.761823196910775 6576
-0.7020846736077666 0.4157861538595601 6577
-0.6605611726088469 0.5170028043897017 6578
2.477555250479746 -0.4462930169310091 6579
7.082686230406106 -0.9204741085786736 6580
0.05060144677874995 0.07716222018568256 6581
-1.442544764311958 -0.395471743359116 6582
-2.534657210096363 -2.760634643833762 6583
0.2927961905519801 0.1491857454450157 6584
0.3349308234305511 0.1496937107908685 6585
0.6648096913721597 0.1072595576693363 6586
0.3289573574440979 0.1497706497030254 6587
0.9992343355686114 0.01953966632723784 6588
-1.586297933849799 2.251152486138771 6589
0.123853437370796 -0.02031240957364721 6590
9.677092717260585 -0.8991419701799108 6591
10.46846463566452 -1.901694459540288 6592
0.2300639248244572 0.143155462766625 6593
0.2280989343558786 0.145890300951929 6594
0.2316969663068748 0.147289289886212 6595
0.1119350918715956 -0.02131985337612552 6596
0.4219140547546232 0.1445696536399532 6597
0.06054945595907604 0.08405356317984004 6598
0.06095098853666872 0.08863234475444182 6599
0.0646294907637999 0.0888331556501039 6600
5.489361702130234 -2.759889834413661 6601
0.238903395849745 0.1445733769196889 6602
1.933216477420146 -0.6687919015089384 6603
0.47826507418035 0.1557458660434226 6604
0.174101209712052 0.13149539353274 6605
0.1884972216585674 0.1352924583097615 6606
0.1945197548318507 0.1365278724413513 6607
0.8358524453540876 0.06218102383726216 6608
4.405642834502599 -1.697803953628356 6609
0.9579292472978351 0.02069997374622392 6610
0.09489209323983597 0.1027852226271203 6611
0.7840642365368604 0.07739585469497891 6612
0.7860260982811994 0.07964635498389479 6613
0.7898283280152374 0.07573934541929996 6614
0.1018987340876556 0.1247491602917182 6615
0.8011766322181312 0.07262206406696715 6616
0.1179228062480359 -0.02078911966503897 6617
0.5342800255660399 0.1392049035113036 6618
0.04540179827777308 0.07392622130120363 6619
0.2034024234376938 0.1383815902312571 6620
0.2010046182336363 0.1414295832005981 6621
0.1981476848664306 0.1397974719823909 6622
0.7983890878065685 0.07292228772551122 6623
0.2656872549746077 0.147421470312724 6624
1.198407196640005 1.082142071824266 6625
0.341765382566472 -0.04448599984287365 6626
0.2869729102275381 0.1492116485822516 6627
0.2838184052052262 0.1493186158773109 6628
0.4785360070071521 0.138813690850894 6629
-0.6119146326513555 0.8389525369190576 6630
0.5051989523029939 -0.0395228165708205 6631
0.7519732737445397 -0.08738597205365851 6632
1.424309348763465 -2.530021038439001 6633
0.2331907598192884 0.1437855905704524 6634
0.9044583845987569 0.04038531920218791 6635
0.9109281023482292 0.04133475406785619 6636
0.8758406729476547 0.04945057367750331 6637
0.3195606484517489 0.1761959263567013 6638
0.8473091331582825 0.05862732739378165 6639
0.197401840176488 0.1370833498491631 6640
1.76751739957967 1.977788162135202 6641
-2.281401023294522 -0.04266823696863344 6642
0.4029028103859942 0.1491385331075065 6643
9.963098605544291 -0.9793772557037222 6644
0.4157290629048935 0.145516087751074 6645
0.2719068400553496 0.1480030140888232 6646
0.3478597172323593 1.574091773461382 6647
0.4839989827163564 -0.1323070542119486 6648
7.499565695394063 0.4992862324206944 6649
0.9775190587728093 0.0131144826350217 6650
-0.5656875306500976 -1.364953887683819 6651
10.54214967977553 -2.706615196458613 6652
0.2779162262017841 0.1483410323355697 6653
0.09993804840661188 -0.02219766986684357 6654
0.6334502860255784 0.1429655451220821 6655
0.1004828027675639 0.1052466837121685 6656
0.8986463870381082 0.04194914982272526 6657
2.252190827254009 -0.106060527357722 6658
0.04113584694367607 -0.02880983011680644 6659
0.07888772655355378 -0.02333988554905257 6660
-1.072484274965634 2.01547002387496 6661
0.9836035725990671 -0.2606784357938869 6662
1.01371167849277 -0.2569434520099977 6663
0.1686161758440758 -0.0516525509659774 6664
0.3078107977928863 -0.09847453516111918 6665
5.250879316329707 1.527163784748971 6666
0.1678742841642171 0.1297926241693704 6667
0.1648935848315895 0.1313059460331896 6668
0.1588221921711878 0.1296050313651228 6669
0.8481069921412872 -0.1791643377435214 6670
0.5804493919459862 0.1568580246441698 6671
0.08944084738107697 0.1000288983136768 6672
0.3733832457093135 -0.01802165698552406 6673
0.4943659272655654 0.2430961649410933 6674
0.7927442759755197 0.0749422519187477 6675
0.09514437680479471 0.1061768443419944 6676
1.462451501823795 -1.924683188689956 6677
0.8725421709300131 0.05404259817940457 6678
-0.1974860202615651 -0.02291545075875394 6679
0.1310073627361793 0.1179852603653805 6680
1.354267967422071 2.757878295220639 6681
0.0852040462595047 -0.0232203370824601 6682
-1.098357922015039 1.590396886033131 6683
0.4161485375772919 -0.04850008427991226 6684
0.4086913931782726 -0.05188337528906335 6685
0.09092603271303856 -0.02275705875098445 6686
0.2794131436134267 0.1937099363474283 6687
0.3123782524221197 0.1525285478911675 6688
0.1642300013878585 -0.02294069766936552 6689
0.9236630585102301 -0.004227467939506297 6690
0.01842977268442678 -0.01804686070935833 6691
0.01566613490788833 -0.02049155644014455 6692
1.724946620100626 -1.293461179942927 6693
0.8701636342597321 0.0513328783705851 6694
0.8644805395171838 0.05325128035909589 6695
0.8668161300016028 0.05560452368311128 6696
0.8616339336362315 0.05421620741827775 6697
0.8611165349694343 0.05749923538963601 6698
0.978352051511712 0.270859645444692 6699
0.952718391774277 0.3049738367900413 6700
0.07052064039856444 0.09011357874685585 6701
0.8528956884320534 0.05726344430418867 6702
0.8558583146109013 0.05627795610415482 6703
0.2039483079146853 0.173348327252465 6704
0.8124558449488122 -0.04077284356285379 6705
-0.244624737343667 -0.7150615346159207 6706
0.7817090089096127 -0.001818724834788315 6707
0.09386499936204543 -0.02279804524621706 6708
0.3634381383389045 0.154460257822136 6709
1.985567110410473 -0.05100543434776222 6710
0.18066875280733 -0.01474065208019702 6711
0.04258025937442683 -0.02278503852564598 6712
-1.369192002451509 -1.077534873784425 6713
1.594924829649178 0.2409860638338582 6714
0.7160330992152124 0.1599205848824903 6715
0.6382479121844649 0.1159952465010397 6716
0.2153181604863742 0.1614383670630306 6717
0.8409112562757728 -0.01249921578743043 6718
0.4940661806935366 -0.02786843086699801 6719
-0.6979130477980797 0.6252795088864125 6720
0.07617272315674536 0.09304056872497714 6721
0.9430678293230069 0.06506622017770144 6722
0.3709450509520184 -0.007450095912934025 6723
0.13684581083443 0.1200213221650974 6724
0.1423963167864393 0.1219235214904582 6725
0.2420791720861083 -0.5234845174871942 6726
0.435044286417777 -0.003133563437170897 6727
0.5455627631333151 -0.461030244291663 6728
0.9535309613348369 0.1139373316433654 6729
0.9194275768314565 0.132463281304204 6730
0.9125976393818132 0.1525004455599208 6731
0.9677809594067064 -0.06816455004188629 6732
0.8442271278141223 -0.002301110965486888 6733
1.909852047557251 -1.051632288973654 6734
1.765367486487299 -1.045550159015296 6735
0.9859474405678353 0.01000631391826688 6736
-1.047718823201962 -1.89838849224473 6737
0.9743928576717233 -0.4747626352562047 6738
0.909873319477409 0.03773950239929157 6739
0.9151155597915356 0.03971397495299954 6740
0.2858250497836395 -0.9820048296971025 6741
-0.007737734154689526 0.06266686048882925 6742
0.9383983015945226 0.02833306960775725 6743
-0.452751835086325 -0.9520986780349603 6744
2.274434406251651 1.463452974960681 6745
0.1850794872083974 0.1483978528162945 6746
4.604499363029922 -2.478413284975918 6747
1.035946620367656 -0.03910311090053903 6748
1.467395346197413 1.007291316067985 6749
0.8889038922947343 -1.377301255136354 6750
0.9406650726280358 -0.01272041308036666 6751
0.06263687192385731 0.133015029652055 6752
3.222133178428983 -2.523449882245455 6753
0.4455845026922768 0.1614064465685601 6754
2.62920373929659 -0.9352819077216857 6755
1.254361078791283 0.1646176087162965 6756
0.4356087436682606 0.1465353405346143 6757
0.8219233052098596 -0.4625129445781359 6758
0.6598754520890285 0.77855088992592 6759
3.938816691565159 0.2265549170532117 6760
1.042325155217275 0.3285894583636307 6761
0.1583362628039074 -0.1088194448996704 6762
0.1478172551137766 -0.1253494378309008 6763
0.1626363873307959 -0.1402944247609607 6764
0.1385197620270965 -0.1485196360618951 6765
-0.8456124663295111 -0.03015012509198948 6766
0.9803560575484703 0.01217716244590427 6767
0.9824043964217348 0.01504307484446502 6768
-0.6795075394280461 -0.831902441872705 6769
0.4040693314413133 -0.03943249028551808 6770
-0.6897953846582022 -2.078448751813105 6771
0.1536198094076107 0.1260198362091088 6772
0.1545224728948562 0.1296934078903721 6773
0.150875541937357 0.124868097433999 6774
-0.9238074985899888 -0.9993807281481651 6775
0.1451639730208819 0.1230941941070104 6776
0.5113603593756562 -0.00370328874069328 6777
0.9959573320133717 -0.2328490859310019 6778
0.1866460261812445 -0.01373245426972129 6779
0.5303081646696877 0.171089902252393 6780
0.9934617421293441 -0.1139437721942126 6781
-1.746519395956041 -0.06780691472194303 6782
1.93326695384697 -1.729519160725698 6783
1.33068418909325 -0.1036247949459987 6784
0.9335034131311294 0.03767342829616512 6785
0.8860621172291328 -0.00311098415295243 6786
0.2081712220585294 0.8420485912747773 6787
1.369624373808208 2.061081040243007 6788
0.2569428477822746 -0.04073246082180536 6789
0.8269746668949753 -0.0349385637168835 6790
0.9506732382717265 -1.881608509518836 6791
0.9470208054037942 -0.005885556844255468 6792
0.1794584516850102 -0.01784661699565912 6793
0.10843125809171 0.108824605508841 6794
0.6905840204930651 -0.08241118670813388 6795
0.35579329110946 0.2512916305819125 6796
1.014914962676761 0.06512037689145161 6797
0.9915779539470031 0.007935247389136606 6798
3.953571304536577 0.7912597445572398 6799
0.03638652356566234 -0.02239046578659907 6800
0.07771344815033741 1.977164927769178 6801
2.814613140250332 0.742620046650969 6802
0.7106817001895342 -0.02501458499143998 6803
0.02442173053061654 -0.01980843562997127 6804
1.613007101447428 0.9815349539192325 6805
0.5420843162396756 -0.01954237668432063 6806
0.1253610842813296 0.115853760120846 6807
0.1227012482827713 0.1189083840170334 6808
1.424459874770197 0.2418740041943098 6809
-0.219736952372171 -1.065811658449833 6810
1.500457714477041 0.4872061713441576 6811
0.3120799475953887 -0.005528958549211122 6812
0.7509519480307167 0.3822882051369628 6813
0.8242285499517674 0.4145493727187616 6814
0.2558475937365983 -0.03418116199318567 6815
1.018220992183814 0.02125235046503417 6816
0.7675907834345536 -0.1683722893250695 6817
0.5209539890550949 -0.01593041567314906 6818
1.292365751167783 -0.5142022075009759 6819
0.7660724872244384 0.1620691187813657 6820
0.7704278823900593 0.1766740102352942 6821
0.4895711810134069 -0.3157414265163661 6822
-0.004265735051400277 0.01351132986430764 6823
7.717588634696126 0.7013297315917854 6824
0.6527728037062481 -0.009003869289338183 6825
0.06549544582673943 -0.5169702411473024 6826
0.5127425830227826 0.2464123453924997 6827
1.268649873045174 -0.03800180241152208 6828
0.5314753398616696 -0.04420687507343691 6829
0.03265119799616124 0.06823875150197058 6830
0.8735326113757333 0.2587189965459561 6831
0.2255699257325775 0.159395271439225 6832
0.9971113529090437 0.005616155922699912 6833
0.8823927161176569 -0.01298815906053233 6834
0.7256518778264363 -0.02460740251540021 6835
0.2587731734012914 -1.225679184310127 6836
-0.5906822969913171 -0.272852434285357 6837
0.3558657945657649 -0.01849981160953817 6838
0.03025489398840431 -0.02158761131185861 6839
0.2375406096446428 -0.3213898983468982 6840
0.1179006257738146 -0.3182164049348095 6841
0.7292893374677897 0.1555194609418411 6842
0.6369194272646534 -0.03003179509854665 6843
0.699762939763559 0.1477515969008296 6844
0.9326378687064978 0.0300237171098742 6845
0.9268639854649856 0.03232850614129913 6846
0.7719758226546518 0.2291000372208706 6847
0.5962823340781989 -0.01077229244561701 6848
0.1143767077637707 0.1111048171773062 6849
0.3794946165268712 1.263803562941073 6850
0.7513429631574025 -0.0267032498985454 6851
4.139225960379916 1.138854134448391 6852
0.5043010228088443 -0.08696652964400456 6853
0.8781137226891922 0.5868888370762493 6854
0.2565987646996571 -0.1066077134940979 6855
0.5050890523040513 -0.03255647452229617 6856
0.3635902866683965 -0.01021368667166299 6857
0.3686740642076008 -0.03737947056667244 6858
0.7031912806313265 -0.00112287210800045 6859
0.3001447752465526 -0.1331737341921459 6860
0.3808240001368995 -0.05473053538498328 6861
0.7404444718669052 -0.023588379079074 6862
9.869340937263603 2.46507958263641 6863
0.5177693624231695 -0.03747056509009891 6864
0.5885261183113305 0.3072593784762682 6865
0.1739394315021336 0.263301763153673 6866
0.161852021620869 0.2921738616612944 6867
0.8808571506155981 -0.09673629140923862 6868
0.5842202161188248 -0.02923192378791719 6869
0.6398343670534251 -0.1474153614850077 6870
1.002602391398099 0.07631488907090971 6871
0.3001145053631886 -0.005914829381481946 6872
1.236919718848175 -0.5695498471091806 6873
0.7890779712917634 -0.03021998616119399 6874
0.7009201388332866 -0.02683649537516671 6875
7.9296602240907 0.8998823847693098 6876
0.3337719892325851 -0.3945497501370538 6877
0.3874265246985126 -0.4742562378114762 6878
0.7856179621404384 -0.0919002088750336 6879
0.3919556673818408 0.1801681388501941 6880
0.3844402050135258 0.1825831908492742 6881
0.3440484381251094 -0.01979492898632333 6882
0.5440916824382821 -0.07851291368991531 6883
0.1194188958305983 0.1140022598071693 6884
0.3989906902403386 0.1499324293611554 6885
0.7665032710625922 -0.02518890831867538 6886
0.678586187185481 0.1071141222627704 6887
0.7774456503438412 -0.02738969527868551 6888
0.7735066025568378 -0.03278951582908145 6889
0.442525036010332 0.1904939555400822 6890
0.5675803269986729 -0.03244354921026448 6891
0.8207692020540572 -0.08820594421998015 6892
0.8406965831001785 -0.03406677071599179 6893
-0.4811431211894317 1.187623090266231 6894
-0.4717556596464384 1.341437658340495 6895
0.1285392858357783 0.1202881394835064 6896
0.2183551095076849 -0.05347559010139217 6897
0.5790655750285523 -0.04910281517853519 6898
0.6884476646904434 0.1110212422864526 6899
1.221619650663052 -0.03353945996548995 6900
4.58790599490338 -0.6125726606193549 6901
0.724635307493677 -0.05626032476547192 6902
2.462012348778864 2.388102007063985 6903
0.906880611520237 -0.09940522249547375 6904
-1.690772347424681 0.8979185771927642 6905
0.5869627866168116 -0.08024120260160097 6906
0.8163147863610563 -0.02950211676980326 6907
0.6662180850769338 0.1166127298791241 6908
0.6046391984555656 -0.0119415708864601 6909
0.8048059636995772 -0.02759466927724269 6910
0.4463669808902995 -0.224709970288215 6911
0.8870467438546649 -0.1095250122527835 6912
0.2444529272678686 -0.03939606064302214 6913
0.4916420029487633 -0.04873212694086682 6914
0.229034666058399 0.5012161393462444 6915
0.8444301828279674 -0.09105380659321893 6916
0.8088378873363953 -0.08786906357907338 6917
0.7760369575775135 -0.08175933534173949 6918
0.2446047338083113 0.5642101255334653 6919
0.6016250757626996 -0.03194155306600571 6920
0.8680229790531212 -0.0949298434308007 6921
-0.8892108966007208 -0.4331079745290701 6922
3.887149338925258 1.241729062363876 6923
0.6366225904039876 -0.01407438706059832 6924
0.9748901532678151 -0.09095109295966586 6925
0.856264444327559 -0.02975557473289554 6926
0.7430545809940949 -0.07774760823023619 6927
0.7382334259278356 0.2152439850735017 6928
0.8681124718322639 -0.03123375920582156 6929
0.5638979095260463 0.0002290248897516861 6930
0.9241413542687275 -0.3479491849513236 6931
1.383328183765494 0.6563199867401536 6932
-0.9474907342192233 -0.2296321693497454 6933
0.6276699402309852 -0.01272279540030917 6934
0.8802518247534949 -0.03269089621962969 6935
4.457530697328578 -1.949691127772277 6936
0.5762444974151737 -0.197309570153424 6937
0.8926879203756678 -0.03424357016773333 6938
0.1150789599053329 -0.1623773222469226 6939
3.835261348740052 1.464502655884081 6940
0.7043817453327925 -0.6031650939648638 6941
0.7983853372418592 0.2285583241990622 6942
0.772201672946607 -0.454599393627165 6943
0.2996899800162263 0.1660228582226387 6944
-0.737963749061232 0.9093216909736497 6945
-0.749561680259727 0.7556216120279331 6946
-0.5021196677640254 2.042371714710002 6947
4.964176973951476 0.6591910553351754 6948
8.202310369499067 0.8284527606934856 6949
0.4629998602686706 -0.03734052558558013 6950
0.9050677000372011 -0.03645758535651767 6951
0.7725853103968473 -0.03933655351308977 6952
0.7573340140183371 0.08754892489614408 6953
0.1736650467977265 -0.04072620463807111 6954
0.71096078623837 -0.3948359317600947 6955
0.9816095389111458 0.02755835113639753 6956
-0.5914139459585428 0.2515941886169143 6957
0.4342292092356669 -0.01903000171369116 6958
0.918402116792263 -0.03880334097339694 6959
0.8077124084887103 -0.1691509068866228 6960
0.6081216312058071 0.1528293979895799 6961
1.079809977953144 1.073137414397663 6962
1.499128094490707 0.01340751562552203 6963
0.2611820968308172 -0.0302357480657447 6964
-0.433205843575344 -1.127007356545391 6965
0.2320259500227783 -0.04542576647364981 6966
-0.097401471668373 1.054218969468618 6967
0.270175913700228 0.1508060747738021 6968
0.2395246643317792 -0.01893850215096527 6969
-2.539155567339365 -0.8825884643969324 6970
2.785744753631629 -0.787322245419434 6971
0.4719183843946684 -0.008999511556446243 6972
0.4128288271167 -0.01741109772209177 6973
0.9991264753886987 -0.4344336181552212 6974
0.6835277034410283 0.001821635268617364 6975
0.3467039518904148 -0.007586841306680481 6976
0.7081283372016651 0.001400865005698845 6977
0.6337903873119688 0.4099344184671747 6978
0.7613842817375956 -0.04236132048316334 6979
0.8079310520093343 -0.001998323661898669 6980
0.3140347412260784 -0.03815078497161985 6981
0.9004863932565705 -0.2806346967113252 6982
0.5630455228568443 -0.3290270344703899 6983
0.7451579980066639 -0.9673600516207996 6984
0.8880893669155856 0.05207407597319383 6985
0.9321994500720869 -0.03970359518258829 6986
0.3791828722846762 -0.007672845413775487 6987
0.7631284378652832 -1.317793350142644 6988
1.119700003060106 -0.1865908077552863 6989
1.155141398137694 -0.1867319726825744 6990
9.842694547660608 -2.508150460155663 6991
0.7958067211649115 0.1664713172719296 6992
0.2085029118789895 -0.02332154148949575 6993
0.05719333267718869 -0.1819904085308841 6994
8.414996138389959 1.039884435075653 6995
0.1097567297672929 -0.05865929949903554 6996
0.1077919678814305 -0.06805831201326314 6997
0.1493247689476654 -0.02063663777131994 6998
-0.145045449658992 -0.01130918602720483 6999
8.631097891392246 1.266836303818119 7000
0.3804948538428743 -0.09011204807414552 7001
4.991190850335843 2.584183749600476 7002
0.3327823255030967 -0.03928996156677508 7003
0.8258535633164683 -0.001938626184344291 7004
0.0672846924642035 -0.5905084622086378 7005
0.9920740383491726 -0.02709043725108969 7006
0.07226485348584763 -0.0308796824829979 7007
-0.5380976974643679 -0.007318271905335723 7008
0.2388995126750565 0.1851419512577607 7009
0.62817570276288 0.2055561366206029 7010
0.5067272352770544 -0.1550053528713895 7011
0.2944058483578638 0.339574496457237 7012
0.3570771042479386 0.3265085192248992 7013
0.3600422833955488 0.360253551863043 7014
0.8414895262273436 -0.2771810354450546 7015
0.5707960215841613 0.1256780425748087 7016
0.3328326004852234 -0.005288603246486993 7017
0.8981608656530182 0.04519435769789122 7018
2.35079637661298 -1.380165853793058 7019
0.3890015586039961 -0.326161244871787 7020
0.7374095121076543 0.111489564514992 7021
0.7353743014002615 0.1177269257277977 7022
0.7193946560474722 0.1498257957624358 7023
0.5068454070247785 -0.1170903556678453 7024
0.7813844894709773 0.118294643828001 7025
0.4263735597171411 0.2680648862061834 7026
0.7521107023458173 0.1591956331709424 7027
0.6485146257186698 -0.04584238882531028 7028
0.675325668934228 -0.2017425518415246 7029
-0.2264376864164633 0.6693078559025443 7030
0.8833804005503195 -0.01742832436579581 7031
0.1791294600103465 0.2360564647259745 7032
0.1455773426287813 0.2664273785618629 7033
0.1619094086141366 -0.0467732735357384 7034
0.6611404693989593 0.1378965580566058 7035
0.5356159693980409 0.7132567737147998 7036
0.9284462548481125 -0.5702333130226498 7037
0.5511113715515944 -0.7126475068652423 7038
0.6270592736272976 -0.03359686818851592 7039
0.3019031747133842 -0.01968381172068644 7040
8.559580716690263 1.553826392064917 7041
-0.3588753842826616 0.1401327570224233 7042
0.5568550501061076 -0.009515770115091051 7043
1.612209414253133 -0.5221846207554286 7044
0.6750714543096042 0.1404023263896561 7045
0.9999430383188586 0.004073266446995663 7046
-0.1193025770376041 -0.04489448256097417 7047
0.6145097551533309 -0.03374884776464335 7048
0.9293787175554011 -0.01623972591521967 7049
0.9375488143953228 -0.1552741300033429 7050
-0.09195838692308762 0.1031814096328047 7051
2.04531220668193 -2.141041550493892 7052
-0.2917080953022165 -0.04100081194587999 7053
0.3992058356782076 -0.1765804515173272 7054
0.7040482267039985 -0.004384606827695585 7055
0.6364166198726656 0.1372818781936909 7056
1.224043139479868 -0.4065521762416242 7057
0.3891633356052432 -0.007294237948802506 7058
0.9555477783797289 -0.02244390012333381 7059
0.9206411262690826 -0.01579925152921502 7060
0.1167514722952636 -0.4187215482090957 7061
0.9154336769418969 0.1134790664125451 7062
0.870103341823621 -0.03768507162445895 7063
0.9659276009724476 -0.02192787261108678 7064
0.9590443426784323 -0.0275898066576122 7065
0.2891586673265817 -0.02285015801168396 7066
0.02967795007536002 0.06609497923025162 7067
0.03328505986472589 0.07179869600609985 7068
0.7329502880032271 0.09520504335181587 7069
0.4553387451425654 0.1816074986335565 7070
0.6983091506117038 -0.3226666047302444 7071
-0.02731378266622917 0.03954546208054266 7072
0.4510798225711376 0.1457085812495048 7073
10.23463033049538 -1.083065472874521 7074
0.2103119614245143 0.1426945506490128 7075
0.5731135822967177 -0.007786772177141169 7076
0.9866150305151692 -0.003417907922601655 7077
0.5956448055549245 0.539726900235311 7078
0.6519848759583742 -0.001379543099706867 7079
0.09286488797017188 -0.06498290117205612 7080
0.9125241645118152 -0.01471206953740993 7081
1.282276004237976 -0.8053845884338193 7082
0.9969734189432098 0.009343552548187362 7083
8.478559453452565 1.818874115847019 7084
0.7224475018986852 0.09674000633345214 7085
0.3665906943094322 0.4804470647981827 7086
0.5040566316875269 0.1517212953697517 7087
-0.6071268421614404 0.7090831259300083 7088
1.918273121326426 -2.771493257675758 7089
0.7107726173333707 0.09958147934350833 7090
0.227453251116807 -0.2040001132969232 7091
-0.05801358125070646 -0.04527452667568835 7092
0.5198395129643349 0.4299584672603294 7093
0.2152171871813998 -0.01433223247129287 7094
-0.1771052609707209 -0.2541812358434484 7095
-0.01393961987556816 0.05755549030340317 7096
0.9071496897406969 -0.00378599172795223 7097
0.5415341113994973 -0.003060851675994116 7098
-0.09534895768177536 -0.3070835113600827 7099
0.1622379937705889 0.1488681238505431 7100
1.555196972979738 1.131545154160195 7101
1.86785353337107 2.76919359106371 7102
0.5616715127664454 -0.5223824727095099 7103
1.733145714652702 -0.5477886855023231 7104
-1.041054377313582 -0.05114628961811062 7105
1.281252953821693 -0.3110422511668469 7106
4.650392896820555 -0.8578112973014241 7107
0.5060275199846842 -0.3592954354226337 7108
0.7166139918638645 0.09816840594582275 7109
0.2927596266654355 -0.05989963457053255 7110
0.2908616899413961 -0.06997134250738293 7111
0.9750265674120042 -0.006456134687391604 7112
1.130939776411151 -0.5518320254467955 7113
0.6176252412849936 -0.04066157637193836 7114
1.690621181097837 2.198462576781506 7115
1.142375627800503 0.2399522930462147 7116
0.5442425514950263 -0.1015677591059459 7117
0.04080199594289458 -0.06170244164788918 7118
0.5295424059101296 -0.003452972396078025 7119
0.5263007098186743 0.1628458034578454 7120
-0.04647010787120379 -0.5319145435716467 7121
0.7019011957598692 0.1014219136657639 7122
0.1376329088287663 -1.593764182881889 7123
0.1432799524712231 -0.04632349845701508 7124
0.3391836517932462 0.1526606936690624 7125
0.06059324776381776 0.1967464813351181 7126
1.090312162077297 -0.4395639869969155 7127
0.4536904096684527 -0.1567963912105804 7128
3.277792584207712 1.182618660796313 7129
0.2949204116769299 -0.04313783211276643 7130
0.3026850816826338 -0.04706763205592794 7131
0.2182341233680414 0.1681180873644565 7132
0.1176692020045921 -0.05586500406364118 7133
3.201025556203155 2.49107474358363 7134
-1.170923997663005 -2.518401312958759 7135
0.2059421516385808 -0.01976811041061238 7136
0.1306407757178823 -0.0501704312070434 7137
-0.05927898709685146 0.7434569666968004 7138
0.4598123598491103 -0.01948859956600341 7139
0.09573655236435367 -0.02554454169234795 7140
1.445250252838781 0.05131523315490988 7141
0.2761166616030908 0.7803382627740072 7142
0.2905702236663548 0.862895124829963 7143
0.3913858700141272 0.2511740564753786 7144
2.743118037249272 0.4038286188878375 7145
0.4413162402117249 0.1814304537990676 7146
-0.4508617751723237 -0.3063206211510561 7147
0.4626871316175322 0.6833499448376041 7148
0.880820564148979 0.0717051664800326 7149
0.6910352968047548 -0.03397745039486876 7150
0.6872846561781921 -0.03901300026222229 7151
0.3044607879296991 0.2333607687237597 7152
3.549480705150403 -0.7076247788071122 7153
1.43229815974489 0.4047126663376183 7154
1.473779375188837 0.3287377663720697 7155
0.4763659645798136 0.1752171163301405 7156
8.122387769233878 2.179493801239259 7157
0.8679261847777422 -0.1757393075553936 7158
-0.05606586112599077 0.06032389444487778 7159
10.22519830468564 -0.005696005124338517 7160
2.921281529638692 0.3290620090228991 7161
0.07081276494228515 0.4967656535927915 7162
0.3467554746593732 0.2336636461798389 7163
0.2487418690571886 0.14840579599069 7164
0.2007767314190329 -0.1129609538595321 7165
0.5217192828020235 0.2313426655279271 7166
0.6602883823338983 -0.01833483280346163 7167
-1.170479570922313 -0.5296873898456833 7168
0.3796146047335541 0.1766698237341953 7169
0.3926388785457704 -0.09719792734054318 7170
1.223434530184293 0.4596104610269279 7171
0.7142968707271082 0.2131583571919145 7172
0.7501208160805275 0.2352765974051715 7173
1.043464636563493 -0.0494989922293305 7174
0.6169374640333678 0.3059451677629048 7175
0.3392085735128934 0.180260279182287 7176
0.3584574575671878 0.1911282518330735 7177
-0.6303079752912387 1.283811839903268 7178
0.3864497342317442 -0.03511698905993568 7179
1.185671232063358 0.6185665072877101 7180
0.4216607302045704 -0.01969680861557129 7181
0.3064717291710773 0.1526325274006515 7182
0.8511419103222249 0.06112778799251728 7183
6.250804089450853 -1.702359226370729 7184
0.9568138023612544 -0.05725819269281403 7185
0.1505573058766996 0.1455447831241495 7186
0.2505838538529879 -0.3711357553915545 7187
0.66667612908534 0.1097358445029553 7188
-2.055537778390347 1.549797645381996 7189
-0.03221745382089963 0.4513158762176089 7190
-0.03122266874661754 0.5169767457608634 7191
0.2484040312373069 0.2408670170430154 7192
2.189065603646362 -1.775517995986838 7193
0.1443123599968562 0.6577823699479816 7194
-1.269258578781236 0.48224468622668 7195
0.1401122173055661 0.1652400890670558 7196
-0.5581054192993854 -1.558042901842944 7197
0.264384407352154 -0.1367592550737117 7198
1.223035708850993 0.1224365179177108 7199
0.8892840342479424 0.07311140258991081 7200
8.092501902894556 -1.719570623189089 7201
-0.571901296530639 -1.035360310773464 7202
2.201033621391083 -1.462304782649203 7203
-0.03033666379350811 -0.01284348237184685 7204
-0.03902969471892082 -0.0109815851859375 7205
0.04110528862305199 0.2911660194693488 7206
0.07781093782290645 0.3100147377708238 7207
1.17238017695036 0.2013217182472972 7208
0.1381417826181757 -0.02227877883061957 7209
0.6037616572363069 0.1319726460629447 7210
1.024706053638765 0.1635935740487158 7211
0.5874799139602059 -0.03586922466847404 7212
0.8211791259888614 0.06981052444192669 7213
0.6911912681206485 0.1150079749051464 7214
0.6817739879978979 0.2027434508612165 7215
0.4180254763409889 0.1545757677847135 7216
0.6387037533970165 0.1127763227176206 7217
0.4976872118727327 -0.01416759324583498 7218
10.50574644443613 2.056812875969362 7219
-0.02187179370049093 -0.09096162775374823 7220
0.9030601730087564 0.06551554276535314 7221
0.8213784845037293 -0.0150513182242881 7222
0.725582272731673 0.1133183589442866 7223
0.4731176882517798 0.2009183915964479 7224
1.005149466579474 -0.1640029138061029 7225
0.7105470611418664 0.1172722384458013 7226
0.7218133369796762 0.1191355935460133 7227
0.7419143313476717 0.1166189789979708 7228
1.240155561622591 0.08096334261240196 7229
0.491975141406681 0.1549980761459009 7230
1.630034870903301 0.1397692438342699 7231
1.022098367992379 0.1118285801618747 7232
0.4369783168205255 -0.09507581817548756 7233
0.7215140719618017 -0.001116518754061179 7234
0.538245623934391 0.1311021416727453 7235
0.1816128709089484 0.1600037008242139 7236
0.5097014926043992 1.220731534258129 7237
0.1890201953405889 0.2201447761078678 7238
2.518770354001309 -2.786729173752717 7239
-0.1922657552844842 0.0680451967731473 7240
0.3174413053365302 -0.0199109394950611 7241
0.9212919744903445 0.06183551572253074 7242
0.4022874518557275 -0.0886881034354884 7243
6.081479954977318 2.267787382022879 7244
3.870411943205299 2.530837521172077 7245
0.4892945564558028 -0.02544644361691357 7246
0.9448210343070123 0.02943965379371797 7247
0.13885829800119 0.1416469074558267 7248
0.6284526171520201 -0.001483163458351088 7249
0.151628684807363 -0.0266154225442721 7250
0.005435017360366162 0.07934741721160145 7251
0.7044888055701499 0.1181826165878982 7252
0.9594180687469859 0.03256049564342229 7253
0.4975142482719125 -0.03660328914240946 7254
6.320725653574944 -1.981654897778214 7255
0.2629022354673075 -0.01036002443768602 7256
0.9687940629135774 0.02051126644626015 7257
0.5009939736530887 -0.001218355706647098 7258
-0.1532855055936561 0.9271722716328848 7259
0.275091673156543 -0.01784499196455346 7260
0.7262250208692316 -0.03415541859956146 7261
0.02446424824152976 -0.1051440815219394 7262
0.7910686580059407 0.1014630217306317 7263
0.793368575646027 0.1081856797203284 7264
0.5575139721322728 -0.003145765050424945 7265
0.02617530045588708 0.1008429116928524 7266
-1.422513587997463 -0.5703582338563213 7267
0.6197138103451132 0.192459112424426 7268
0.03001171353044248 0.1115883177458443 7269
0.02290363310681558 -0.2021308596154061 7270
-0.01155460494154861 0.05084656576622711 7271
0.8031021093176969 0.0987788871463616 7272
0.7159936052133478 -0.03317697923073527 7273
0.766710106702815 0.1101241556866392 7274
0.7545708063705056 0.1121748430400877 7275
0.7580255490248747 0.118781381077238 7276
0.00258175923972971 0.03680921651940219 7277
5.295867862069552 2.210548877411635 7278
0.2582593206080473 0.1494799096632683 7279
-0.5207750731001727 2.772455552573966 7280
-0.1782788808011915 2.469946202496986 7281
0.3060197371009967 0.2718248891621923 7282
0.4425963053119504 -0.005455949954238405 7283
1.163516269624142 -0.1031278440048489 7284
-0.02715674162983688 0.01042133517381512 7285
0.9658538835719145 -0.002849158699576289 7286
0.7125535716590342 0.1965820961925272 7287
0.4588377777995121 -0.06949597555262527 7288
0.0729234949799481 -0.02307439726852221 7289
7.752569055447942 2.509652508243135 7290
-0.1078099584723479 -0.02797258726204003 7291
0.0692554401733623 -0.1140368250350181 7292
0.1922203071331873 0.1388200546298238 7293
0.1849786339607669 -0.03436645091723027 7294
0.3472191851245914 -0.1104004164349937 7295
0.6446305399482345 0.1882787247951924 7296
0.7788477224034973 0.1062163832299571 7297
0.4106305909686359 -2.783476573674165 7298
0.825421187551012 -0.01206749388843537 7299
1.741643921983425 -0.3785113953271811 7300
0.9331294510955486 0.03381823944415932 7301
0.3690214846894166 -0.01926708149843512 7302
0.6961110331741651 0.1235508388161711 7303
0.9031616401266063 0.07329410896928204 7304
-1.370696706740051 -1.265673624325514 7305
0.5863606351029519 0.2056053252384145 7306
0.1769207387647246 -0.06396049192119307 7307
0.4864962436570184 0.1409121501630012 7308
0.4733654228460763 -0.09914219962768948 7309
-0.797801726547685 1.202846905924801 7310
0.5896152630925456 -0.002521550851536742 7311
-2.772316934261434 2.242116906116646 7312
0.4431018863204791 0.2006373229890449 7313
-0.03782775625129489 -0.1525194700217508 7314
-0.0237094956071804 -0.1775665808412532 7315
0.05205270974435375 0.1187538871119276 7316
0.2231483745401984 0.181543032619366 7317
0.1519208722895815 -0.06547762168494976 7318
6.589919497738602 -2.07660254872637 7319
0.1838180797242648 -0.02440022753720524 7320
0.3596806942688516 0.1821708366611692 7321
0.3675551805702167 0.18651743214067 7322
0.186538485752609 0.3480512599570462 7323
0.8124976078546876 -0.03444715122250875 7324
0.7440082033739368 0.001777938375414731 7325
0.7637414927223118 2.197518529183739 7326
0.153416643064508 0.180210921871738 7327
0.1809064019165474 2.768414777999549 7328
0.0870819479864621 0.1773650405307298 7329
0.7077460757443931 -0.05200142720116464 7330
1.11330286058438 0.03189758967471099 7331
0.8417586590106035 0.07905814441403788 7332
0.7178629401262764 -0.004809381352922148 7333
0.5140815607851612 0.1652507338949281 7334
0.5102883230575634 0.1715805102834002 7335
0.2257601624225655 -0.05738468039162027 7336
-0.003994148938150106 0.01687232161474977 7337
0.6915204857025731 -0.0009095347721967452 7338
0.8223260429013317 0.08583917185251083 7339
0.8248487473287138 0.09058318194832543 7340
0.937596221855189 0.03113493889688297 7341
0.9110273176567442 -0.004260374652827081 7342
0.07024581563319043 0.09336383534411763 7343
0.8830969270570915 -0.002920222633146845 7344
0.8914805054084139 -0.3381416169172572 7345
1.065826328336321 -0.7154310759545551 7346
0.9967465514285256 0.3190433508937203 7347
1.00166551224655 -2.798551517498102 7348
0.735985464070818 0.3076390858800799 7349
0.5537990191985155 -0.01277715392499144 7350
0.4233342723114539 -0.003758514030961138 7351
0.7571000937472165 -0.1841684932948763 7352
-0.3137745573100904 1.408488860377084 7353
0.7648855269287946 0.1164612646311226 7354
0.3020550244546563 0.1522227313159124 7355
0.2762080379160745 0.1512637976105697 7356
0.2283777114271903 -0.01008223188459233 7357
0.570111739263261 0.2351847219241702 7358
0.5613981260638903 0.2561028469903862 7359
0.9770033860530458 0.06765362259771839 7360
0.03768935886198235 0.1286202422945845 7361
0.8692407065435179 0.07670009734898638 7362
0.3047610918877251 -0.008453450280004219 7363
0.8320784844915248 0.08293653495738143 7364
0.8360704923046303 0.08635274561536499 7365
0.6566579328300356 -0.01530520709726347 7366
0.301604746555472 -0.05621465076298818 7367
0.21737459064731 -0.07687015336119833 7368
-0.189015861748595 0.2745192997623929 7369
0.2697081262959775 0.3215892045869474 7370
-0.09658692530545349 0.04264057504384881 7371
0.4133383300125441 0.1789528969149066 7372
-2.519416006519407 2.064903443798588 7373
0.7946659148813511 -0.7386686958488777 7374
0.8048572006929369 0.5748812441463037 7375
-0.4180860124659087 0.2062010632362219 7376
0.5608661605193126 0.1298966767034597 7377
0.7319332013448676 -0.004108299374234605 7378
0.02208041246709012 -0.02251113547591378 7379
-0.03502445383004772 -0.05833921670619707 7380
0.5125142364629947 -0.04216991309866359 7381
-0.4182906684969083 -0.03425233448823614 7382
0.1578999587849183 -0.07356076876879948 7383
0.667600756701888 0.236204825962031 7384
1.916469794109674 0.1883947791992663 7385
-0.03353821827946149 0.00512073542615353 7386
0.3437688423021085 -0.00758852882527628 7387
-0.2139529386402447 0.12342856816837 7388
0.004631508196374361 0.04723607993401435 7389
0.9894660461335684 -0.02166157928763105 7390
0.8164226700810973 -0.005747852735941604 7391
-0.3114010541553249 -0.1272306757837617 7392
-1.265949789340882 1.714486841286309 7393
-1.863460164275513 1.002077114126414 7394
-0.1854553629997143 0.1921631427348403 7395
0.1554754105584071 0.1497038124293309 7396
0.7396203903703926 0.166313939322581 7397
1.29630127775063 -0.4043891031589882 7398
0.5441022252251166 0.5247619485848947 7399
0.3653290242813325 -0.02199047103858709 7400
0.7659244328577933 0.08536181996948886 7401
1.496217450871146 -2.132564484465824 7402
0.8265115533729654 0.06751208606226025 7403
1.481051891597831 -1.297092230074846 7404
0.3305729507012146 0.1522769994697494 7405
0.9186524990287369 0.3322133453708975 7406
0.9538623560862041 0.05315162783151193 7407
0.7629663132341014 0.08595256632449169 7408
0.5934479223647234 0.1511150499507903 7409
0.00952444064134423 0.09613926687675087 7410
0.243412626352094 -0.1126594585359831 7411
1.144998600176099 0.03399196800401456 7412
0.6218764734032591 0.1458520918718287 7413
1.191185139438407 -0.05086750484437551 7414
1.963682906251663 0.4856575145799642 7415
0.4873001088723209 -0.004549127554070248 7416
0.8470883324308051 -0.05491143843743419 7417
0.004475243288960149 0.03926437454943278 7418
-0.05371511548696939 0.08661227877123875 7419
4.172808702130805 -2.546622260016219 7420
0.2952348993625992 -0.1031032086551263 7421
0.2719793221698145 0.1793179106397434 7422
1.360615272756619 -1.39722571734229 7423
0.4408086357966756 0.8181611194973001 7424
0.7909644988168939 -2.015781102088163 7425
0.9240263062213383 0.03279727979494179 7426
0.9910683138736729 0.01113648877965622 7427
0.9466583656873286 0.02434728837165888 7428
0.6504918125897299 0.1181535605166894 7429
0.1155980315424807 -0.12050152834722 7430
0.1447791623242991 -0.0179992229607436 7431
3.038708636971116 2.280383517825348 7432
1.066163973048417 0.09962018538689815 7433
-0.1736412450313718 0.7883515341872287 7434
0.859316209564718 0.1145546134294351 7435
0.8689226864070861 0.1271212969629047 7436
0.881859398088732 0.1208392760158915 7437
0.8022811977620428 -0.001400160692340508 7438
0.7991493922073822 -0.001325805081218273 7439
8.738885670542096 2.761936348213814 7440
0.5699957928095878 -0.01124256182653845 7441
0.9738663697087474 -0.05818931111326149 7442
0.2578460218621177 0.1640686369401631 7443
1.023952028095048 -0.06001893779912913 7444
1.035024828883218 -0.05993504998284319 7445
0.0791964815356799 -0.04170854297814877 7446
0.1437470698173194 -0.1103163648378075 7447
0.9789745056589354 -0.006140675650124984 7448
0.3129224597076022 0.1758269311148858 7449
0.3114141769483474 -0.04602013459720596 7450
0.3196679283064227 -0.007815391597114717 7451
0.09761616308860808 0.2834227720423734 7452
0.9869239448911676 -0.02591368856597862 7453
0.7018540368642063 -0.08124721752222677 7454
-0.3031294130323389 -1.686370614502225 7455
0.07431388954239602 -2.547593208158904 7456
0.01675927913756482 0.2698103526295094 7457
1.060313144375123 -0.01580837581110857 7458
0.6088842387051216 0.001392237029840364 7459
-0.1850499978034645 0.1215371412391463 7460
0.7723837738125667 0.08375655042925845 7461
0.7715963234184904 0.08705325221885676 7462
3.169607056144285 -1.867343532905867 7463
1.137927817405613 -0.2260616063661584 7464
0.6035834357443467 0.1589573790463586 7465
0.38165609963603 0.1503469808759585 7466
0.7976577801107317 0.3243014013165347 7467
-1.334725992001737 2.287948977695224 7468
0.8379332900186687 1.129093180283004 7469
0.9093010836052191 0.06907712754236449 7470
0.6987276367006112 -0.1215073464065819 7471
0.2013327696863139 -0.01237199305381299 7472
5.153951968875492 0.8414636473969728 7473
0.547566661228459 0.1657937067957418 7474
0.8690533098020501 -0.002893590093162754 7475
0.5962056293882021 -0.02981050902414864 7476
0.4711208996734959 -0.609982302771103 7477
0.07722357939231603 -0.03694279631691457 7478
-0.6686440093731302 -0.951432832992183 7479
0.6695899039126427 0.1469792660817705 7480
6.077401777338904 1.208947163748962 7481
0.221185438168213 0.1415097783160811 7482
-0.9148936170222478 2.567748698109815 7483
0.2885224518802964 0.1516829489175774 7484
0.9054251657052449 0.2546298940607687 7485
0.2387482250060824 -0.01255788582575124 7486
-0.00865719126878132 0.1653722540143122 7487
-0.02881592590646096 0.161673454118716 7488
0.5129078214252613 1.514584164507979 7489
10.49072463315471 0.2435848099440767 7490
0.4506271975666927 -0.06507627821021142 7491
0.1074842495605574 -0.02829467974284813 7492
0.2542194791481659 -0.01079970439515117 7493
10.60697190788759 2.788999595319219 7494
2.085178755591207 -2.359846624367101 7495
-0.2181526562301417 0.08877027480529284 7496
0.9033299956318432 0.04313166417553543 7497
0.0166037481444302 0.05360429130591812 7498
0.8013948562466323 -0.09591063231068225 7499
10.51334144762434 0.9377748877092411 7500
0.2695403755645062 -0.06002649216509236 7501
0.6145251306474576 0.2053857419985042 7502
0.2207993530581321 -0.01395211162260368 7503
1.01165949622643 -0.01193249105679099 7504
0.6088277156528592 -0.01260434162032949 7505
0.5580608537664177 0.1303658424016272 7506
0.7487986322222124 0.09009313675452599 7507
4.91034443533327 -0.9503555768692268 7508
0.6244639521489834 0.1222304279962405 7509
0.1943558604004598 0.1471434822566039 7510
0.1900803909122508 0.1497891721110772 7511
0.9972358981778463 -0.005980490157009411 7512
0.773842760881533 0.002123911241839313 7513
0.01923661001203034 0.06029993023681837 7514
0.628811549178788 0.1178719825889674 7515
0.4997752312762243 0.1504018300096497 7516
-0.03102298161944532 0.1237446764794403 7517
0.7804776393137604 0.08128449008993746 7518
0.8618649999487834 -0.03569243402915739 7519
0.4983297821957263 0.1393056168070041 7520
0.4417827831317026 -0.06247796901136198 7521
0.7193951689168074 0.09755532743713009 7522
0.6559489057259369 0.108578030938434 7523
0.4141047982433186 -0.5242264601036289 7524
0.9763241919422836 0.05051447539711541 7525
-2.466462649224434 -0.1801933300197387 7526
0.1279994491497971 -0.02295435953622629 7527
0.7457324971793637 0.09096312662418916 7528
0.4129047704903862 0.1450741499338623 7529
0.4260330554298817 0.2048915304413333 7530
0.3533081498590053 -0.02652341353460937 7531
0.7135290977824507 0.09896946577397123 7532
0.566392521131543 0.1291046172889979 7533
0.6041653914909266 -0.1206501785094908 7534
-2.268962097883562 -1.195578812790009 7535
0.7514753605889135 -0.001077036095027735 7536
0.6044923112407268 -0.001766991591477185 7537
1.016820554121415 0.01275756434843902 7538
0.5379775610684832 -0.02199731455521164 7539
-0.3960031120870626 -0.5009291147956593 7540
-0.003580627251030731 0.004002080821103995 7541
0.1457094161392323 0.1263017204647457 7542
5.408524251227271 0.7786058295452092 7543
0.4655105868731378 0.1433169772429329 7544
2.156382789781136 -0.9431670135021551 7545
1.870412241366062 0.2917748185173157 7546
0.5988343286431319 0.2192420872367727 7547
0.5739702913891039 0.3333854907376449 7548
0.6714876358087208 0.1169055028717761 7549
0.2495901308491705 -0.0438522729850505 7550
0.4327135163883978 0.1464462295260484 7551
0.9605219551862587 -0.07472391359988403 7552
6.229375478728618 1.666034977769051 7553
0.08428006719152036 0.0970630248412996 7554
0.3056734806799966 -0.0180517785424271 7555
1.041760187221488 -0.02884109578151996 7556
0.4139463089105253 -0.003057737424900484 7557
0.9156941041290723 0.03600951078201617 7558
0.4253349806105848 -0.006044388231529196 7559
0.6551946153283478 -0.03009504212246682 7560
0.3268932897653817 -0.005160039392616691 7561
3.250113290329691 -1.314039416761027 7562
0.08065369401388647 0.1033194339562621 7563
0.05421993586717042 -0.05172552209746504 7564
10.77549394566541 -2.268387605355771 7565
5.174297301989752 -1.055104515981138 7566
0.7949433194763702 0.07726703892577648 7567
2.51661021368849 -0.6085616258684539 7568
1.564196096169566 0.07268895910640333 7569
-2.307648666457362 -1.930355583457913 7570
1.286876545044269 0.2221564233520726 7571
0.5517294386247399 -0.2154014078421404 7572
-2.550122435850882 -1.488270590132234 7573
0.03540086496024299 0.06939243477493361 7574
0.03589235893098797 0.07576532619506932 7575
0.9718808744008636 0.0152027945366501 7576
1.004623194598347 0.01701591764839992 7577
0.8411221217106433 -0.001962148149256283 7578
0.03683547339073324 -0.05372105113691203 7579
0.04387244467103374 -0.02568672337467335 7580
0.475745805998675 -0.004838523662670247 7581
0.000434017780060698 -0.01163856474719024 7582
0.135555002326949 -0.05595764780346214 7583
0.02265538587416305 2.178624815755108 7584
-0.0843811824709764 0.2326694256734953 7585
1.002202548753685 0.1841143565185192 7586
6.147192380441338 1.962589165455023 7587
0.1086997042245053 0.1124592410109726 7588
7.76823319990294 -2.001567866390226 7589
0.4945204958452694 -0.1104752567725314 7590
1.148529090932225 -0.1295620484492991 7591
-0.1934248217286033 0.4494150519678014 7592
0.05282428056808657 0.09354443622525681 7593
0.666272557830759 0.5444112412350807 7594
0.5819959882474074 0.0009646504513493944 7595
0.1135400840650824 -0.02387051913576307 7596
0.8324411884546562 0.0663906457848711 7597
1.523653104297189 -0.158291066068795 7598
-0.2443461558541094 0.3503974100593986 7599
0.2122019809921634 -0.02669508896423517 7600
0.6148349564762096 -0.01759049580822267 7601
0.4595106767973726 0.143774500448873 7602
-0.2561416401799662 -0.5043214400005411 7603
0.3221734802287264 -0.05794703782541449 7604
0.5536413991157826 -0.002790262249438874 7605
0.9611648834745654 0.02199811175374085 7606
0.3456014140262814 0.151724440388101 7607
0.2494910127941231 0.1571922848989838 7608
10.29647886341242 -1.359553498654435 7609
0.04507164165375575 0.0773075896465866 7610
0.8121646321407325 0.07216312386845709 7611
-0.8578172622471012 0.9650374280900001 7612
0.6177432328517691 -0.01423700950811259 7613
0.390834726363294 0.1495842960686158 7614
0.748337859191273 -0.0008190083700055049 7615
0.008281101551505118 -1.694826659247597 7616
0.7444513747297001 0.09467652977952626 7617
7.185808591534685 -2.498494356075144 7618
-2.309075147842914 -1.6561505185029 7619
0.7362333028208566 -0.0007413656690406533 7620
0.241539114948527 -0.01199334331535398 7621
0.5361807672957098 0.1438980869071567 7622
0.1217425073063174 0.3007546192105787 7623
0.3374755031059512 -0.1589580620471877 7624
2.423306140244752 1.604043098020417 7625
0.02798288121516544 -0.0237140316438362 7626
0.3008069264298276 -0.04020511872522209 7627
-0.01007989928015605 0.02756929377716483 7628
6.789271328206079 2.53133687495004 7629
0.8112867926431947 0.1150653241230132 7630
0.4632154703972446 -0.004966828289024174 7631
0.3626096185221815 -0.03892728339256513 7632
0.3744035613013008 0.1947974907789029 7633
-0.06247630916453964 -0.03198325637969629 7634
0.720616884182787 0.1138128067117612 7635
0.9070489270758298 -0.0428070767254279 7636
0.3896485922525623 0.1874516964756191 7637
0.2973690160915983 -0.0204528960637398 7638
0.5232894199237013 0.1325296980543327 7639
0.01461257109880658 0.05120728614628756 7640
0.7425412266605038 -0.03017549453596067 7641
0.7464917165369193 -0.03496478356633918 7642
0.7891963955622483 0.0787007036324532 7643
0.02755559201911746 -0.04395717064455204 7644
0.02674714116242959 -0.05187261517031291 7645
0.01921150729294683 -0.061380970831018 7646
1.007343957970038 0.3708207324414227 7647
-0.01007243110591763 -0.0278094233257613 7648
-1.252587832333135 0.9100906662204914 7649
0.5222850331455694 -0.5672152051369236 7650
0.2927642744521461 -0.3742333639230422 7651
0.1061562628541027 0.1072079444682254 7652
0.9026960870973465 -0.0001874631221148382 7653
4.821864888672407 -2.366167054509777 7654
9.178542450966061 -2.02112806835605 7655
0.3650152728949125 0.1478653531935189 7656
0.8954447104972797 0.04627199949336842 7657
-1.910855384225046 -0.1634386054332344 7658
0.52046195609914 -0.003171708195268824 7659
0.112951021911272 0.1144574938877505 7660
0.9550802621441313 0.06285690162537949 7661
0.01341570504598185 -0.5550282624167512 7662
0.1260471904548224 -0.06111037003118855 7663
0.2809250727696887 -0.00930108631958405 7664
-0.8435270513462716 -0.2269312850235952 7665
0.1971248274493032 -0.566128274805912 7666
0.1428138071305999 -0.6180174508080177 7667
0.008836570836858284 -0.02964662284441935 7668
0.5591227822969532 0.1432059936164669 7669
0.02729524720333277 0.2126178096471903 7670
1.192095078413459 -0.1027304461861196 7671
0.7701292033680596 0.34913289958424 7672
0.3199914901616125 0.1490197803345432 7673
0.2010261338196119 -0.01454119052031552 7674
0.6913109041575546 0.1434403805244391 7675
0.6470466973990014 0.1105618914494071 7676
3.871872814158418 0.4372795815389379 7677
0.01311131257680431 -0.0447363236634199 7678
1.177699373904417 0.5252544000090148 7679
0.5975598405026394 -0.08092421732355935 7680
0.04851834598198773 0.0800467381046191 7681
0.1681662803568242 -0.06985790434523245 7682
0.2072578661245847 0.1421665473932963 7683
0.03700057605297323 0.0804070961699884 7684
0.3968752080746571 0.160244724944056 7685
0.8077450540754323 -0.04587065158354338 7686
-0.1417591430233675 -1.613481768960177 7687
1.050786421362946 0.04017619424163116 7688
0.7517600233365412 0.09260676895704906 7689
0.4740615038556573 -0.05504724005585005 7690
0.2961482366153566 0.1721461852681781 7691
0.6229610994048529 -0.001565433012979623 7692
0.06220565989588885 -0.02610582376607379 7693
0.7377173568845101 0.0895648843324361 7694
0.1827001225043193 -0.01746753803304034 7695
0.1038851511462409 -0.07817607635947572 7696
0.276232320466938 -0.006398533658340252 7697
0.2732049423052386 0.150561289444178 7698
0.8789091841543775 -0.01169381522493295 7699
0.2571955817681629 0.6290903441949552 7700
0.9447350558613148 -0.001583082186128281 7701
5.686455989143956 -2.529580705705004 7702
-0.0148223194352292 0.06510688682301458 7703
0.7076928250176833 0.1000695437607172 7704
-2.27933020524293 1.681623570222917 7705
0.1687575261297629 -0.01858876725568329 7706
0.5435724069784557 0.1330554169107069 7707
0.7259214071637168 0.09285294218173815 7708
-2.735882317906713 1.691696112296032 7709
0.7361441831971067 -0.08660376058576001 7710
-0.4515501490602073 1.489466694986722 7711
-0.002081447281553453 0.0840001975494743 7712
0.9973058931082815 -0.02588486936344085 7713
0.7886747299243982 0.08236473601040746 7714
1.367413406678337 -0.8245716498986981 7715
0.4945254831232441 -0.09528417840254731 7716
0.1953401241085636 -0.1314701615504147 7717
0.6329853652072384 -0.03504900147394983 7718
0.04004629510860964 0.07381813809344646 7719
0.9008617945249142 0.04356216223821907 7720
-0.004788257152203677 0.0226443551614979 7721
0.4745792001081653 0.1420607396905818 7722
0.2377472771833233 -0.01556344078915264 7723
0.2358161033491961 -0.02149716235946719 7724
0.127772714357206 0.1278649878744339 7725
1.035052754538099 0.491365543604997 7726
0.07940381204885794 -0.344277271531245 7727
0.8581720386382363 0.05845936991860476 7728
0.854846370146313 0.7256999427283851 7729
0.197417168692961 -1.032650692565694 7730
1.723212095041166 2.556319875552044 7731
0.1344399357586834 0.122340107906554 7732
0.5102623605347714 0.1376835458481538 7733
0.1037676402284017 -0.03508206027770913 7734
0.8778319523414418 0.07911379200075874 7735
0.5336685767701763 -0.01482645206291699 7736
-2.533347290118105 -2.067710326647382 7737
0.2867374177687321 0.1861382331996551 7738
-0.1927039836367681 -0.05022527962916848 7739
0.3657587726756126 0.178951745631955 7740
0.09806370498183073 0.1068820939337178 7741
0.06665466964477681 0.0915344946169246 7742
0.7543883599150553 0.08784012181709616 7743
0.2177002511843638 -0.1816401416195517 7744
0.2596828513385742 -0.01044793434052351 7745
0.9883502636434653 -0.006045633403026773 7746
0.8638982848400931 0.05601651852868125 7747
0.8051438783589232 -0.001342647683713778 7748
0.402118848964159 -0.003377295524736401 7749
-0.08979848060388519 0.430349494160033 7750
0.5342558581732936 0.134734484994707 7751
1.077978024204838 -0.2414275247378684 7752
0.694419757328827 0.1185929647040339 7753
3.455872694086747 -2.541739488086343 7754
1.034631556756466 2.510942828037654 7755
0.894819998480033 0.0497368237475694 7756
0.09235912019254977 0.1045737721093031 7757
-1.248311733353962 1.925554701248552 7758
0.8297796307260851 0.09674725475052393 7759
0.735848290598457 0.5638129065811649 7760
-0.954683689103905 -0.1134891647081789 7761
0.03026728969791163 0.07561660121482942 7762
1.841826243937633 -0.5577199635314848 7763
0.7532650788477693 -0.07707527021348602 7764
0.6589132282859527 -0.001344159364818401 7765
0.8186989461156339 -0.03523136977376611 7766
0.5381296911053572 0.233043477954166 7767
0.05313000373548159 -0.0264733383727333 7768
0.2918094106059383 0.178964599125172 7769
0.3474054535884674 -0.02309082258368374 7770
0.9580699080766542 -0.005026484372883901 7771
1.003351514985601 -0.02637293064668421 7772
1.003584083402374 -0.03313148894729833 7773
0.3630724127345388 -0.01478918034983088 7774
3.299057047058057 -1.532961899399366 7775
0.5634817375996412 -0.03657197587145864 7776
0.04288730786127232 0.07499328969291735 7777
-0.1930403508106744 0.3809898073130665 7778
0.2688977283378993 -0.04168967633196202 7779
0.3690321205720322 -0.09364708956086137 7780
0.6774520379754242 0.1184279768762283 7781
2.079344771026689 0.041114631536804 7782
0.2814818426978133 -0.07212060208862214 7783
0.4220366943101699 0.1564008974792698 7784
0.4247380082984185 0.1593537682661975 7785
0.3960678845436145 -0.00353202873279096 7786
1.456966422405822 -0.6270118130270832 7787
0.1961379554516013 0.1782364753411596 7788
0.7599792886510489 0.08628374006498006 7789
0.393059569106774 -0.007054290216073118 7790
0.4266183584597688 0.14699392469116 7791
1.532332786553493 -2.34303547301154 7792
0.4230175003372613 -0.2392537185113865 7793
0.1197316728946578 0.1170990676655287 7794
1.032678760094925 -0.2847154668551981 7795
1.792466801931836 0.6564950474770965 7796
0.5085884786199403 0.1414567163704926 7797
0.7686354640348092 -0.09117757088322069 7798
0.8993734398604598 -0.1078113719828975 7799
-0.008937077541116447 0.07934036181489347 7800
0.4542435380190242 -0.02311578581093488 7801
0.876905495952739 -0.03777802190269636 7802
0.7294706111973295 0.117928340109472 7803
-0.2260351494300422 0.2465801046337904 7804
0.7779498469372244 0.1122020742297539 7805
-2.067997940695544 2.527395530813774 7806
1.001186478534725 0.1563643667602943 7807
0.9075209249358187 1.221013739008076 7808
0.3613472032063975 0.1514428062232211 7809
0.6454150857281045 0.001788653033842958 7810
1.115043864567693 -0.6052420256031901 7811
-0.06937274181944783 0.02965966553721095 7812
0.5998756387440782 0.1285211491446984 7813
0.4013125875134887 -0.1985925211941986 7814
3.444808134247459 1.340820362981641 7815
0.9017508669527509 0.1206371579329504 7816
-0.01114179449649757 0.00429475633943838 7817
0.08331474398196176 0.09979448092797295 7818
1.4044240706125 -0.3260735547155286 7819
0.8032289750676276 0.07493693706463486 7820
0.7274962745991006 -0.0005450086507368377 7821
10.55489116218912 1.808049894633161 7822
0.2997256605554263 0.1938790103280789 7823
0.05618505193632731 -0.02614187690354862 7824
0.7843032459188273 -0.0008959468298664957 7825
0.7303052499445506 -0.0009621417364609546 7826
0.7046321390368264 0.1002820074530505 7827
1.365360648505049 -0.05303947911096163 7828
0.3344301990645659 0.1612804655627405 7829
0.5883983670102292 0.2340506772892459 7830
0.9379637214023721 -0.01614927133335459 7831
0.07761327675794438 0.1944036699758027 7832
0.6500697710953418 -0.006726484229527352 7833
0.3787028218982236 0.1502150165202982 7834
1.104406071750995 0.5835020557128981 7835
9.659574468085726 2.811823041176694 7836
2.695734292536569 2.125693029620319 7837
0.8150457885146422 0.07112790236040466 7838
0.7844136909163151 -0.0343970967773124 7839
10.1949663644941 2.776879682451066 7840
0.6528366176279984 0.4544282417375755 7841
0.3709567930295581 0.1546102434841999 7842
3.026839319680093 -1.073628076793234 7843
0.1317052908435297 0.1207592945435203 7844
0.7762408547136177 0.08214207162514449 7845
0.3642409422053456 -0.1318402830894596 7846
0.3627557741188746 -0.117169307681808 7847
0.6336322676579099 1.658382897703637 7848
0.3194508562889805 0.1900666395376809 7849
0.6433174858255842 0.3011828066790495 7850
0.7018737115197849 0.1227347629780219 7851
0.175117534489191 0.134537408869443 7852
0.7682131942210055 0.08793600141597008 7853
0.2656143874463443 -0.009940022681451381 7854
0.9920962486654801 -0.05666581684683211 7855
-0.5373109504101284 -0.07424258063606852 7856
0.376485025931486 0.1852246279255479 7857
0.3154785385875356 0.152183081478481 7858
0.9938918653626798 -0.006064762284116862 7859
0.6589080548638742 0.1569791256081678 7860
0.2595720078955541 -0.01646532017286345 7861
0.1322882134250201 0.16053667231048 7862
-0.01900924227005624 0.0530470583426614 7863
0.3085889678406832 -0.05296434047741654 7864
0.3330644515053107 0.1979010281549346 7865
-0.01094502436080626 -0.004644399844414177 7866
0.5905262408022082 -0.04166918280935179 7867
0.1984202639306943 0.1497788257010688 7868
-1.659574468085738 -2.819550293009689 7869
0.6411647365692678 0.1117238619237327 7870
-2.11219043401465 -2.56418041274342 7871
2.261840959752099 0.8132662538663606 7872
0.3861965859377279 -0.04265172111270399 7873
0.8231550060208486 -0.001128166816672178 7874
0.3139258275134046 0.155716179429329 7875
0.7938101363061909 0.4670696037587238 7876
0.61737273107715 -0.09083098258163276 7877
0.489985260848983 0.4666929598413883 7878
0.6933619042507742 0.1032633308277373 7879
1.020817575617312 -0.2304279159915467 7880
0.7550052967727237 0.09451400390108877 7881
-0.007063729348401682 0.0119828217848102 7882
0.7152645532072054 -0.0003613098630196421 7883
0.02811354673201488 0.1352523695493758 7884
10.097866943717 -2.554959465093629 7885
0.3613298605718042 0.2363005202415324 7886
-0.0654766455919458 -0.1545406819985992 7887
-0.1110913681191898 -0.1420642816237783 7888
0.02471044681867509 0.05640036283188382 7889
0.01960686015573825 0.05667505928417702 7890
0.4099384527906089 0.2809039594967335 7891
0.5783353487902487 -0.002435098718696019 7892
1.068090423288578 0.01306307631587266 7893
0.769654704591785 -0.0009123638507667349 7894
0.253363065607884 0.1606980951989535 7895
-0.3787415606272171 0.4179583458599264 7896
-0.003984419330395219 -0.00573300949615558 7897
0.4830454023215636 0.1560690596833475 7898
0.1597331437178087 0.1270118525572297 7899
10.55479121505244 -0.2999432159588065 7900
0.8983672685967831 -0.003007281302744406 7901
0.1106858424193486 -0.0238456813604055 7902
-2.731356991100334 1.26952941037801 7903
0.07024607577025543 0.09726276748953355 7904
0.8092071137433618 0.07249349507190857 7905
0.5798163774708082 0.1349334954935347 7906
-0.06605013234836489 0.07461433127115816 7907
-0.03132989234074644 0.1401664878907203 7908
0.3095247370315563 0.1519879836978092 7909
0.6989241597010057 0.1015382823769348 7910
1.47694543605608 0.6643129059789891 7911
0.3839427231463842 -0.003930454228912395 7912
0.7457114019948807 -0.0005524568557793824 7913
-1.539704991065918 -1.376667588629362 7914
0.1745132324316817 -0.01500679005050185 7915
0.9911888697809655 -0.005574286231844134 7916
0.4698023898836071 -0.01252931849747292 7917
-0.04063854755684349 0.0280675242657095 7918
0.5604685228591024 -0.002705815787778879 7919
0.2241606557877183 0.1421527969569732 7920
0.5335033074244599 -0.05285061103149394 7921
0.9534747389433407 0.1788206045343978 7922
0.2868094072901867 -0.008848524365061077 7923
0.9807424925396928 0.01908840388619208 7924
0.2774574818483763 0.1584692537006734 7925
1.498222794809488 2.20203947972221 7926
0.2838899592103152 -0.0085726488162056 7927
0.1290985636821096 0.186632189383996 7928
0.6673239647164313 -0.0008050979930665097 7929
-0.007809396059759114 0.02386554941462668 7930
0.2931212927071571 -0.02109480627128496 7931
0.9857415173525107 0.01338515500866935 7932
0.1258995227287898 0.1188073841375899 7933
0.4484129072526632 0.1851391910921691 7934
0.6072265568022035 -0.1479282222400121 7935
0.6866246912281946 -0.01414547767692522 7936
0.4673168180020317 -0.01528172846845013 7937
0.2871842288291513 -0.1452330307944545 7938
0.5406506777489478 0.1631248335511885 7939
0.1913427388415403 -0.01622679956505782 7940
-0.359382884054495 0.2416032737314341 7941
0.9182080987285657 0.03463263456644476 7942
0.6138859733883221 0.1203203395177472 7943
1.251548606609692 -1.338183668523558 7944
1.019387977819066 -0.006984635114691747 7945
0.6385981625329338 0.1193466517901807 7946
0.7570219480816893 -0.0008315326852847212 7947
0.8154484157174113 0.09487882132972755 7948
0.2752288757788629 -0.2026075276814722 7949
0.6128768096146057 -0.04747121657827236 7950
1.401527723515968 -2.789596401157646 7951
4.893617021278444 -2.820693235801059 7952
0.6749240553794624 0.002158724267661822 7953
0.1319725484027243 -0.03015929721184881 7954
0.3640090959074847 -0.007265963749838013 7955
0.7987937740858134 0.2038050424659688 7956
0.7922826781466005 0.08364894468354979 7957
0.5211937744091312 0.1367115713443294 7958
0.7866890528895722 -0.0811343349637445 7959
0.3541929122002028 0.1598675411559996 7960
0.9533335659514387 0.8261770688876586 7961
1.060784540201388 -0.4738644106615311 7962
0.1870983667677625 -0.01678990762406909 7963
0.8236058348031494 -0.09998832680202566 7964
0.8648249637053707 0.1403593787467611 7965
7.578844487654578 2.805282821184885 7966
0.3483451343682944 0.1625322417272931 7967
4.037741084737496 0.6209965400207165 7968
0.8730795757882511 -0.05701182099873087 7969
2.199983039527015 0.005399347333890938 7970
0.8752359429254278 0.05237951147328135 7971
0.9691617689963063 0.01662830629648934 7972
0.3411333310536429 0.1943110977918686 7973
0.243332508095634 0.147724483934115 7974
0.851296118594295 -0.06315411811814642 7975
0.7191845779380187 -0.007735036738070748 7976
0.730714290343266 -0.4390885618348822 7977
0.5954765308383957 -0.001602405178756254 7978
0.591867933196365 -0.005540699577372928 7979
0.7684057305781781 -0.03037187358128984 7980
0.3309535226793836 -0.00795195699660764 7981
0.5322822516309597 -0.003046183602717259 7982
1.300239504194816 -0.9060419057235506 7983
0.7673714870985903 0.09138836471796528 7984
0.1029032686099552 -0.04034961321095348 7985
0.7333883904809037 -0.007066632813264919 7986
0.7843335121001255 0.1113104922164876 7987
0.773951569749791 -2.254750120886094 7988
0.9315649326929816 0.1506336857509602 7989
0.6256462225554407 0.1181627843307366 7990
0.6705352530694113 0.1053778958885032 7991
0.2322523354056874 0.1521370502148302 7992
0.9564262396199606 -0.03289349908279034 7993
0.5533590737140589 0.2798520131647249 7994
0.8324888562570965 0.6375647226876724 7995
0.4096009765264032 -0.006042726611166846 7996
0.4476945194062442 0.1449218346582274 7997
0.4819679449789789 -0.003982048455088059 7998
-0.09668244475306192 -0.1149775267741017 7999
-2.785175333580633 2.785112625239231 8000
-2.780591204817706 -2.780027180880987 8001
-0.1406912360704847 -0.03377342406032886 8002
0.9976748687214683 -0.5151503839037064 8003
5.619772257000839 0.9412476855237399 8004
-1.13680462753105 0.008525637099102883 8005
10.78059120481911 -2.780027180882984 8006
0.05114798483769322 -0.02992459430279119 8007
-0.001194764917709774 0.1830604910599216 8008
0.6227417338875817 -0.01447867064101229 8009
0.6105386390773548 0.1467913670131455 8010
-2.536452660508004 -2.313404924074804 8011
0.6871382538580252 0.1046722655955323 8012
0.7050640799659205 -0.007534217600140601 8013
0.006067701577549226 -0.2252440093365206 8014
0.5618135553413653 0.1356253470207379 8015
0.1579775100018375 -0.1590899462603123 8016
0.3373370768855981 -0.00756356371561762 8017
0.8989280207840104 -0.05963323526885093 8018
0.3601102487665809 -0.1650337623056707 8019
0.1418211236962084 -0.01840321174830839 8020
1.052358739958891 -0.0895963689042315 8021
0.6857342084304475 -0.04589315644102945 8022
0.2599068400334668 -0.02534866508228505 8023
0.5573858467729979 0.1470570579206231 8024
1.287367700860075 -0.07771381167779823 8025
0.8293315513750366 -0.01243951420876125 8026
0.8068869090186027 -0.03248133606851651 8027
0.0417524423416297 1.241576867375488 8028
-0.1539772118346856 -0.3297241271985658 8029
0.8560257636386124 -0.002177895264533479 8030
0.9835395405110197 -0.003393000611287211 8031
0.4977489924144633 -0.003794561994543619 8032
1.670711241210422 1.239240273037594 8033
0.4541004667812953 0.1589074445244987 8034
0.09879100984241657 -0.02445216831185679 8035
0.5883927496143694 0.7838394172046124 8036
0.5645783191069873 -0.05209635164900744 8037
1.019401821627338 0.08500575492196795 8038
0.6487180815476725 -1.373947198650201 8039
0.9276757333527534 -0.1167151591982096 8040
0.8408638895272821 0.06312929657095329 8041
0.116522282389002 -0.02345506034448407 8042
0.1586468630187861 -0.01945333782216094 8043
0.8095394119313732 0.07968676422162485 8044
0.4874773608485367 -0.6907118910999185 8045
4.981317268055225 -1.437989967108787 8046
0.4329924994286883 -0.03007576267438206 8047
0.8815936755956373 -0.05781698493457306 8048
0.9818597865521119 -0.005663772172362899 8049
0.9937101372020672 0.009800538818919208 8050
0.4040026484110412 -0.04615428044813241 8051
0.5733429344144373 -0.002506406616783103 8052
0.06601093727689387 0.08651450451881038 8053
0.8223317191228835 0.07233554760543999 8054
-0.1557571181612002 -0.6925914605781581 8055
1.716888823072114 -1.161873553576026 8056
0.7220906250970409 0.1250704709061291 8057
1.117090439988084 -0.008014320855329255 8058
4.911705631001587 2.816212227064245 8059
-0.05172710780851121 -0.02210911058047202 8060
0.2014233911768498 -0.02039294957500734 8061
0.5025038470146272 -0.00695242960706528 8062
-0.5585269298737137 -0.1250907285740878 8063
0.7896343493087657 -0.001354115184280012 8064
-0.3524747950288118 0.3050561849041141 8065
0.5815843092363243 0.1264377970354803 8066
0.324190457184797 0.1519297592081016 8067
0.5549729722480272 -0.01696657898700981 8068
0.4505065519584487 0.1621392096409708 8069
-2.025542668720035 0.9140565299732236 8070
0.3224061462084615 -0.007828521233086095 8071
0.4466493056716641 -0.01711071039600433 8072
0.6845666533349597 0.1051637395676232 8073
0.3307787856785137 -0.4957714694727818 8074
-0.1982271707716786 -0.08000312987099206 8075
0.6427865671109882 -0.05525588442024915 8076
-1.401138938713569 0.8669808440646379 8077
0.2554041840396316 0.1492308393243934 8078
0.1548757282839549 -0.02946679752181781 8079
5.835400014139218 0.8639885725136752 8080
10.80770166496994 0.7561444821755278 8081
8.357490138945812 -1.750972848257351 8082
0.4581958091280889 -0.004769617219587684 8083
0.9156297179594213 0.07146983854086877 8084
0.7557090227674341 -0.04640311635681002 8085
0.4858906330491247 -0.1028400077206525 8086
0.8362627722125118 -0.001522396160513912 8087
0.8907275157570855 -0.01448838316464287 8088
0.8941843097851345 -0.01540354855229394 8089
0.2292282078464409 0.188790834915556 8090
0.3559067901519941 -0.006959886432989394 8091
0.6598303445098862 0.2521474576794253 8092
-0.2982781202319368 -2.266381757432979 8093
-0.008658272579594459 0.0001961676772879871 8094
0.2314796591282354 -0.02350375099871554 8095
0.8061593637727624 0.07714437079419616 8096
0.8522930082454009 0.07476599213120842 8097
0.538611194452687 -0.002774444055230897 8098
1.050517199011877 -0.00984702573989453 8099
0.5411014804706136 0.1302182527732674 8100
1.479100873534313 -0.2085190790696105 8101
0.8179331321395161 0.06990690844190084 8102
0.920792245992435 0.06851359133158465 8103
0.3363095235525074 0.1876538827533151 8104
0.4604817904072165 -0.004339547329661699 8105
0.8290581190326233 2.545616060183201 8106
-0.3973123717676744 1.891395620721879 8107
0.1385292793356399 0.1236560637070343 8108
-0.1516486662671873 -0.1115641771641412 8109
0.2439502817291414 -0.04541570809713981 8110
0.7742302483530524 0.08951165378140857 8111
0.2038387192031384 -0.2200384864405178 8112
1.068637919078121 -0.06667028415622712 8113
0.786641116591003 -0.04809748375624175 8114
0.8561183203849958 -0.2999923913034527 8115
0.8885503434520481 -0.03898080959674854 8116
0.2521329664032207 0.1486259713216432 8117
0.1654538205353137 0.1285973975995029 8118
0.6940832402365387 -0.0006236998914980455 8119
0.4902765383920599 0.1717806422232274 8120
0.496669281768701 0.1746132000823374 8121
0.8777666057742137 -0.1941956277793317 8122
0.6671335062885422 0.1540160272480187 8123
-1.417634924596983 0.7179970505578008 8124
0.2251130526323137 -0.02714166020521952 8125
0.07297203607090226 0.09459362589618002 8126
0.7126469208016255 -0.2255865792547497 8127
0.2370664787689667 0.1466037639746352 8128
0.7665716624266552 -0.0006301580097323655 8129
0.1179678197346981 -0.0339388100357598 8130
0.2924325630702547 0.24144149577775 8131
0.3729250092983912 0.2022499210065772 8132
0.6197042826421058 -0.001235069597367896 8133
0.7991071183433776 0.07563763612978867 8134
-1.297903674634388 -0.5996946693729687 8135
0.7858421100928507 0.1250199134917001 8136
0.07509349750016665 0.1122669291249845 8137
0.08060744834554288 0.1131149148475321 8138
0.406906744609846 0.1452928558115567 8139
0.8877625839329251 -0.01750351134899782 8140
0.3083174061689327 0.2958010322248684 8141
0.8601193925611484 -0.1043819259711856 8142
1.025264792750688 -0.1638730466059531 8143
0.8863065355745361 0.04885022932556975 8144
5.781019601724936 2.313409442625774 8145
0.8914417229388241 -0.06804708813597798 8146
0.8436648107359576 -0.03960740595738373 8147
1.020039988311555 -0.4751268071480255 8148
0.4887034683631303 1.344377560435856 8149
0.01828424326972404 0.1892169058990064 8150
0.04697228564591787 -0.1576285757518252 8151
-0.3334045323924297 -0.5495748738863938 8152
0.5444179227571303 -0.002677659786215899 8153
0.2784138655791769 -0.01931034900688362 8154
0.1483447979044765 0.126768546227396 8155
0.4876482979840958 -0.1489616458434097 8156
2.580991380551695 1.762531751949096 8157
1.396172595541213 -0.6834724304259302 8158
6.500023957766377 2.277270434995918 8159
0.5996287440312352 0.1238916949586882 8160
0.8779950469013329 0.05156519441006206 8161
0.2322790309032283 -0.01238552088926222 8162
1.107810661284054 1.168598909099365 8163
0.5065175799234419 0.1481540406528895 8164
10.52875298999442 -1.437793538824766 8165
0.6459433165512657 0.1476151646247679 8166
0.8636682721059054 -0.01436225883404698 8167
0.4935583063335436 -0.003805642176967778 8168
2.693487243658055 -2.588242220361211 8169
0.6757124209796004 -0.007545823606172819 8170
0.1008126102848012 0.108306818949864 8171
0.2502809646630753 0.2604968920057593 8172
0.6107849878065984 -0.01662590498410853 8173
0.6949517436086466 -0.03756103848042747 8174
0.6960434753480834 0.1025206420628512 8175
2.671686868961848 -0.6622219393039633 8176
0.3361901395568753 0.1520605184472724 8177
-2.511744366777802 1.815171887422894 8178
0.494606361181939 -0.122871450743923 8179
0.6756640098558411 0.1073212134944488 8180
0.006384479930640606 0.0878201071409194 8181
0.9268930076072214 -0.01989496843995246 8182
1.593639493123496 -0.1968023977075256 8183
0.4979284206538147 0.1839737464130134 8184
0.9032962339642225 0.109100213643977 8185
0.5125897589274102 0.1438659803382161 8186
1.054743613110016 -0.02689657921234563 8187
0.129480022713579 -0.1307602771047606 8188
-0.5236507234762751 -0.3285993250313448 8189
0.4415524718549675 0.1453196571295054 8190
0.6221600197479756 0.1522979663975991 8191
0.03414467611161311 -0.02537790813883681 8192
0.4388836128400525 0.1461386516390227 8193
0.4197959110298108 0.1826645024694575 8194
0.8125369258580091 -0.01271662296708214 8195
0.4531152270677282 -0.005210998464829002 8196
0.7259344415140356 -0.6528062320503745 8197
0.7222742711957612 -0.7075730050953105 8198
0.8830125786220923 -0.03730223180105563 8199
0.1717479905069027 -0.01480552960056914 8200
0.7204953265972179 2.374649989980584 8201
0.2251178496852005 0.1446609637727835 8202
0.9827894225215886 0.02281195551067578 8203
0.3536154675281028 -0.06379738562655282 8204
0.7003026300256607 -0.000559830671958352 8205
0.2382454727235437 0.1978846297348269 8206
0.6504697006209916 0.1138268043313211 8207
0.03330291133872364 -0.0292097292954582 8208
0.5557010166905645 0.1885549879740454 8209
0.1352931204810988 0.1497622510037109 8210
0.08839076729164072 -0.02525771588390271 8211
0.5906303150989081 0.1250452941368738 8212
0.3512567350458859 0.1511180742361781 8213
0.7831146119104522 0.07986795715206799 8214
0.6637300108586208 0.1197385671188052 8215
0.4954034189121167 0.139378096448975 8216
-0.1145109248051189 0.1196998192166876 8217
0.7746450311241702 -0.01095793529922582 8218
3.613434326043284 2.556891634170166 8219
3.338582046788896 -1.753032759854684 8220
3.209120385479288 -1.148051955023132 8221
1.010605262765346 -0.016458518012787 8222
0.7169269564721952 -0.09501630406509334 8223
0.28957959712772 -0.0273245621901923 8224
4.659961163514556 -2.002118769745653 8225
0.1524537939724047 -0.01980461925708897 8226
1.017403517364037 -0.06941337273904827 8227
-0.03775401517392675 -0.08486892837484666 8228
0.6855786129160997 0.2339169163842724 8229
0.7476490844622588 -0.0299784982690327 8230
8.586685977995668 2.551706725026826 8231
0.749085750089863 -0.01022697295909052 8232
0.8237452522581858 0.06807081951819953 8233
0.5801234428814783 0.1509524084923523 8234
0.4008262997586818 -0.3628772686375362 8235
0.3761348919210784 -0.007098708743175594 8236
0.4015026866082991 -0.02164304845070168 8237
0.4512561202577737 -0.01710324785763666 8238
0.1747468795539698 -0.05602229085826407 8239
1.54556126122069 0.3098973318855429 8240
-0.9660300515829503 -0.3613200136430566 8241
0.5161431535009326 -0.01960953707087329 8242
10.5785607904462 -2.430542518127612 8243
0.2109599856643875 -0.03178668430300879 8244
0.07689597698343814 -0.0259866049190127 8245
0.4309352538925219 0.1651660409482788 8246
0.01636488288592531 -0.121994155224483 8247
0.7119116643948717 -0.03043242574893638 8248
0.8800047502619374 -0.002539711749844338 8249
0.1944785477451582 -0.03682559894118319 8250
0.3072814210584961 -0.007863922172528398 8251
0.8619605714536842 0.06072267978923417 8252
0.5190565839301865 -0.04410847466709309 8253
0.6094361741820686 -0.13390552702348 8254
0.7341599035866573 0.1237609599233653 8255
1.288875960544598 1.129666389459285 8256
0.2043949001961196 0.1410725751821492 8257
-0.2772475894256891 -2.574894470654967 8258
0.6298045853883545 -0.01548494279717506 8259
0.9277085189703456 0.04362267791843027 8260
0.7206921147580876 -0.03443867514904554 8261
0.753265448234319 -0.003766495143931488 8262
0.0593107416754492 -0.02562686811900481 8263
0.5784153241365886 0.163167761925769 8264
1.319457145262289 0.726372266522225 8265
-0.0209423902642752 0.04187134200934851 8266
0.5098701792571627 -0.01344658731621775 8267
0.1013181071324287 -0.02447094925400947 8268
0.9111623498201721 -0.1108978795850206 8269
0.1323531047855769 0.3537849133164117 8270
2.046915484621536 -1.05982055579276 8271
0.4944637172723333 -0.01691708062960772 8272
0.7580039226225762 0.1258134954980333 8273
0.5353511409189354 -0.2030149206309227 8274
0.6761017916115415 0.7159944159259382 8275
0.5355677594951712 -0.08471940799592032 8276
0.8806528114761172 0.05039749468578508 8277
0.1406656957488036 0.8993829332215569 8278
4.517576019572756 2.790792108612192 8279
0.6255802997612404 -0.0009983346111126202 8280
0.4843646305589902 -0.003723499193583076 8281
0.2104880238545387 0.6678860079238373 8282
0.4932333956528434 -0.03316334162595617 8283
0.2789513278816318 0.1509674909957635 8284
0.01562880801931149 0.06162402699349898 8285
0.05297448204401647 -0.2153871187787538 8286
0.8394190133704384 -0.05376961171628739 8287
0.4062273934098037 0.2135510370848173 8288
2.103357903922499 -2.567519977873823 8289
0.9852130463186505 0.03127977492658546 8290
0.9104733467553421 0.04590361821370539 8291
-0.02789475878135458 2.359049241183811 8292
0.6288815600055175 1.30281010702284 8293
0.6054195107069495 0.1215551101670305 8294
0.6464898530525505 -0.0006495393476413053 8295
0.167301834152442 -0.02560248314199976 8296
0.4993524894167634 0.1926083728311561 8297
0.1787064876603252 -0.1326543637757509 8298
0.6681423651042202 0.1128803897938652 8299
0.06624899098872021 0.1435083955657828 8300
0.5831965702717359 -0.1433410721210992 8301
0.8945541643969895 -0.03942273560951509 8302
0.4589842369483943 0.219336149610524 8303
1.052206765092996 0.5466433589464825 8304
0.2817313494394532 0.2053616294295495 8305
0.359965801972975 0.1542922263629992 8306
0.3565757231979364 0.1554626020240579 8307
0.04685962683582268 -0.02537895885156478 8308
0.1669228112139938 -0.1962080250636548 8309
-2.476571754131089 2.541276712162035 8310
0.8811675337739189 -0.3077169054036213 8311
0.7456344960160264 0.1204140927182778 8312
0.3887699437456965 -0.01146558167531526 8313
0.2180715842633406 -0.01336474320241256 8314
1.036296980687535 0.1426674605664068 8315
0.2242548400671351 -0.08311339309474461 8316
0.3810335754403772 -0.003547044882985486 8317
-0.2447116565988937 0.07887580691238689 8318
1.407873645051704 -0.7568616866324367 8319
-2.053688411362571 -0.2595407057203504 8320
0.01582207741357375 0.1016880104145031 8321
0.9696260797780724 -0.02610688954027954 8322
-0.001887794507010235 -0.03870321489068067 8323
-1.232248421398184 2.113395711238702 8324
0.1967487867299705 0.1430547211303365 8325
0.357021556788457 0.1982491923426664 8326
0.09941861370719596 -0.08566702861905977 8327
0.7101646747757249 -0.05898694127548725 8328
-0.1094290329227333 0.04976121496028756 8329
0.4380848942394997 -0.002313234832259616 8330
0.7288381368188234 1.130502253895984 8331
0.8329682331846336 -0.01855219529678111 8332
-0.04182333252029581 0.1782282161156225 8333
0.0481399859332936 -0.06453780707502241 8334
0.3090081665408403 -0.00499305193060528 8335
0.09711660989473572 0.1285564334011857 8336
4.181098194716162 2.089379757088686 8337
3.622494138192181 1.50325490563522 8338
0.4481818641577028 -0.005097971223992925 8339
2.896409722982774 2.075472799584994 8340
0.6157192203497184 -0.05474271442276332 8341
0.289739860664683 -0.008579475707083393 8342
0.3485958946152026 0.1512814562789778 8343
0.3327428692613052 0.1651457500622308 8344
0.7347686480781802 0.09323987515958812 8345
0.4399812869383266 -0.005065939072037461 8346
0.3845641686117128 0.1497755609940734 8347
0.7123982784834884 0.1019696777286984 8348
0.1518209875794485 0.1330387485482586 8349
0.4730934580241368 -0.005723651687105379 8350
0.7962179266231483 -0.0009568513533081273 8351
0.5505877323581363 -0.002358262423468147 8352
6.420480848722717 -2.481923057476929 8353
1.07512518742877 -0.08581357733383246 8354
0.8291457029752358 0.06632272492342153 8355
0.663391558703796 0.1435983876221069 8356
0.3771193887381284 0.2603275280286619 8357
-0.5169044001779866 -0.5445245300957453 8358
9.554967615628872 -2.143329526839692 8359
-0.1384591721682042 0.4624730817941376 8360
0.2194391519139045 0.1436697298669841 8361
7.354492527292832 -2.283167340322081 8362
0.6075403909664941 -0.09741174835479113 8363
0.7129881701268077 -0.0004731397745091997 8364
0.4038672831175995 -0.05809982001789307 8365
0.5265611393645127 -0.002872780762837813 8366
0.6561971837027507 -0.07414112282799469 8367
0.4778568878360419 -0.04844671381156556 8368
0.6652845315907527 -1.018888407662515 8369
0.7919582104777377 0.07739778403776458 8370
5.332393227750337 -1.622885463857068 8371
-0.01545073020557336 0.004276591282168881 8372
0.220908972131822 0.1624756223811789 8373
0.1823042294398347 0.136578312137132 8374
-0.1982295056220892 -0.114493634860036 8375
0.06946566488862982 0.340078844007293 8376
0.07545191633279988 -0.03323830109664252 8377
0.9452514523321446 0.03321189213096952 8378
0.2417140982576961 0.3772051414333112 8379
-0.003199608864952704 0.02527969778254338 8380
-1.026610219485544 -2.347969652284453 8381
1.607912818023439 -1.336729504256695 8382
0.3735698856173413 -0.006574330423618469 8383
0.9079394338541131 -0.05972263840727358 8384
0.7182185968003117 0.1006837256051708 8385
0.0636132185871293 -0.1293140375664647 8386
0.8658186268613699 0.0837099947547995 8387
0.02622193944654229 0.5288613378971624 8388
0.8202701422202777 -0.001073110113287432 8389
0.04084931387759903 -0.02526019898150693 8390
1.16316579320423 -0.1567489030357329 8391
0.6932800190651405 0.2164974986127524 8392
-1.033273052012238 2.423129342776704 8393
0.02539598581501658 -0.02260181094848768 8394
0.42758444502182 -0.005524069202944435 8395
0.9006117539874067 -0.01720539856657931 8396
-0.04259149863723038 -0.07263610480184501 8397
0.189461468673366 0.1378484924149786 8398
1.34706670464961 -0.3783220814292538 8399
0.01924707955221844 -0.02103232391471802 8400
0.6244548296681948 0.1262683160968615 8401
0.8282283225465886 -0.02996710051974858 8402
0.4505280696701686 -0.03802072284505226 8403
0.4793211947812436 0.7477507770410127 8404
0.6787784987672474 0.1232911897643397 8405
0.0867000204371378 0.1010448754917883 8406
0.6015345250888566 -0.00148245428922881 8407
0.9028804735040853 0.08011750294415272 8408
0.5394650644407346 -0.3559831739825951 8409
1.78461437004809 -2.624576005016178 8410
0.2669717138136292 0.1499455713033701 8411
0.367720832550527 0.1601253262972683 8412
0.962921993953904 0.03612837880780951 8413
0.513109539474541 0.1488087199042648 8414
-0.1705687099060333 -0.1251472868359594 8415
1.18422750754553 -0.5500551583099568 8416
0.2955405455423636 -0.007970207941285763 8417
0.4278263419762086 -0.02624503761381618 8418
0.1407664752524714 -0.02087936229040417 8419
-0.07936300100944341 0.2679990494882685 8420
0.6525049042281879 0.1230547087022822 8421
0.3199334330482121 0.1555481944199043 8422
4.000900771299487 1.813773050092977 8423
0.7336347023231676 0.09755124571486912 8424
0.329636307336565 -0.06312271545705944 8425
0.7304287546355387 0.09446188607223335 8426
0.4416298185493945 0.2104236049759276 8427
0.5985602106719398 -0.01425363591506157 8428
0.4512730552779489 0.1496374791208636 8429
1.317891971161286 0.279029288229373 8430
0.3642923537553189 0.1580496374148758 8431
0.2461177834608956 0.1474128089993027 8432
0.008908522133550858 -0.02154691491883161 8433
0.02469955709618173 0.07069049137777272 8434
10.81208297351299 2.811295603698865 8435
0.3173259876543315 0.158025483549293 8436
0.1357207718392593 -0.07307677907990071 8437
0.724886757371245 0.09562167323291158 8438
0.4711942788726752 -0.1597800440226405 8439
0.5145386604212069 -0.003100858229904533 8440
0.6173640021606654 0.1574012433983039 8441
0.6575597484787561 -0.04142359608776401 8442
0.7270754458132721 -0.02931315956082081 8443
0.8312079717566148 0.08907251673138369 8444
-0.3434780510609057 -0.09987490530691845 8445
0.1463304580629663 -0.01995697204858995 8446
0.2763279428675146 0.1626929382139602 8447
-0.0006129535201426292 0.03748097220977829 8448
0.8323798023130716 0.06966456596499818 8449
5.933658194338792 -2.579320114413584 8450
0.7071077086739285 0.1575226823026644 8451
0.8806558042466863 0.1093316810822385 8452
-0.4672102071458407 -0.006829494746398239 8453
1.656289582312083 -1.08630776269279 8454
0.149216876567767 -0.02395937003239852 8455
0.3952371041511853 -0.06233905426560878 8456
0.2974306611402758 -0.5254886657347312 8457
0.141511326949439 0.1818283054846063 8458
1.143633929747488 -0.907261826823096 8459
1.102423570460582 -0.9558940315068573 8460
0.5281937954366158 -0.05759536989361209 8461
0.6115586774127428 -0.207669830640744 8462
0.9914253833157775 0.08417067842320906 8463
0.08228283698125161 0.1184666166330962 8464
0.2564167752281529 -0.1916576390686817 8465
0.9516552472118746 0.02535161858019685 8466
0.4357754668093281 -0.02286058681651578 8467
0.3454740560509655 -0.04021745369647774 8468
0.01583973572871135 1.00789748756294 8469
0.04455064070359641 0.1226173041633453 8470
0.6729531401315254 -0.002143788194459333 8471
1.812430337237495 0.5262796301568868 8472
0.2514582660267722 -0.01087163237631217 8473
0.05320459777707755 -0.03308497220819427 8474
0.01717582040663387 -0.05212055590466309 8475
0.2763004833841548 -0.06457016423413861 8476
0.7244914437455503 -0.08432310605125853 8477
0.8363943428885192 0.06480222532442441 8478
-0.02810342867675189 0.01755947321884351 8479
0.9257780187668023 -0.1728574917307047 8480
0.07002367319422785 -0.04052205847554069 8481
0.653713845463795 0.112548155901188 8482
0.8694214867705736 0.0542051637070583 8483
0.2578424343441484 -0.1693062382634057 8484
0.6078350397225167 0.121133824415304 8485
0.09983554296585068 -0.0699562841268747 8486
1.074005001971208 0.1387597622617699 8487
0.5504481631865329 -0.2378588211985392 8488
0.3788401875176125 0.318604186949851 8489
0.7017502492645342 -0.03167615365333844 8490
0.7497606602845935 -0.04536225262560022 8491
0.9279067109791841 -0.04378598753785283 8492
2.741663273639832 1.915577115016701 8493
0.4890699731872521 0.140221225514565 8494
0.03662011585979218 0.118397557815186 8495
0.6326350961137588 -1.606597448660948 8496
1.021097660810739 -0.7469476691559759 8497
0.7364110802379821 -0.217007214585823 8498
0.8184299698029162 -0.01146152655073239 8499
-0.01638982777515147 0.0790676040131869 8500
0.5175346312600564 -0.002984248265485077 8501
0.5635146049554335 0.1289236310170884 8502
-0.01441052140833764 0.02686443621134387 8503
0.893434583227304 -0.003035522738438137 8504
0.4197068224417478 -0.02301812682142048 8505
0.5919919554226801 -0.01330716883711131 8506
2.419286317823561 2.573920986723722 8507
0.2568920640369816 -0.010095294019157 8508
0.1214827864347176 0.1241202037000083 8509
0.6477312248239872 0.1161297926786636 8510
1.533496285363166 -0.6558462694001732 8511
0.6002487086881112 0.1421845802992256 8512
0.243431753142722 -0.02134926511894868 8513
0.3857991039128672 -0.04975717315333218 8514
0.7618106966823854 1.869705311003435 8515
0.5698646015731725 -0.002126473742381954 8516
3.813320897124773 1.661801340317837 8517
0.3103820870461521 0.3217325365426455 8518
0.1414484407900736 -0.0528858177793675 8519
0.122599120549471 -0.02253940622195329 8520
0.7553490782479262 -0.01124289496967155 8521
-1.237860013603922 0.6113011384219781 8522
0.720688796864577 -0.1154561223363759 8523
0.8847106666776962 -0.06466225075350322 8524
0.864323117524166 -0.05635153021391551 8525
0.675227333496823 -0.02483389130422797 8526
0.980640240582374 -0.020929223134755 8527
0.9294813187655887 0.07585081679671135 8528
0.2910478469576132 0.1513914568396292 8529
0.5463536124379824 0.2484730638810968 8530
1.209762859112544 -0.07595243310857067 8531
0.5900222896920517 0.1566280196748684 8532
1.821068820316605 1.444469822736112 8533
0.4584639850746457 0.1620502766700937 8534
-1.535348269651958 -1.55931710585662 8535
0.9143017378441287 -0.01733396655563051 8536
0.3143622254825203 -0.008116372108325508 8537
0.8168295460061781 0.1238332667981585 8538
0.6812991434864825 -0.01047386246946739 8539
0.5963658633765457 0.1235995185120474 8540
0.9739288891965958 0.4138618315076414 8541
-0.8964069622371305 0.7262574738464784 8542
0.8742421595678999 -0.001851371515287169 8543
1.089761895706798 -0.290759354597021 8544
0.4377524188152075 0.1498319043876346 8545
0.6707494595408356 -0.07610741633637193 8546
0.9726157918674578 -0.005472619504572392 8547
0.6789604546542853 -0.008597934310120504 8548
-0.4196322859809413 -1.590735561693041 8549
0.8735743234848515 0.05684148987473484 8550
0.7236876465144502 -0.1316418532752432 8551
0.5084947430389196 -0.00331630065708648 8552
0.7141637578699155 -0.3547011160419224 8553
0.2465259495706759 -0.01146597192765966 8554
0.6492954051916948 -0.0005208508498194017 8555
0.2800372428221242 -2.619819095393496 8556
0.01349225580369794 0.08970542772625718 8557
1.010706514193894 0.7494708634133744 8558
0.5219081069588242 0.1403156849345255 8559
0.2345254082839475 0.1462688709385995 8560
0.9613596965166196 -0.0638204822887431 8561
0.9350819926498757 0.03169910916512245 8562
0.2300646381185637 -0.01208061266922577 8563
0.414730676822688 -0.02109503375923359 8564
0.8670086775871496 -0.007877310739512757 8565
0.3627528771618687 -0.01911634425108933 8566
0.9881742753648315 0.01163020458706286 8567
0.2422344683700763 0.1506224821014218 8568
0.7860559880949261 0.0856340097016114 8569
0.5011595956955541 0.1383881453857764 8570
0.1014589785313556 0.1197424490161039 8571
0.9674793206004375 -0.005223940310013678 8572
2.633663080056222 2.301153205167838 8573
0.2002363354645862 -0.02409734763309022 8574
0.7794940358954681 -0.03211312203037616 8575
-0.5771996302398955 0.508151526658342 8576
4.422761568965125 -2.582055150006096 8577
0.400205407192773 0.1980773583048659 8578
0.6384194667311911 -0.00134690328541072 8579
-0.01177927433111762 -0.03699388947020013 8580
0.5820226989428999 0.1380172367705064 8581
0.7922767693625676 -0.01384593774825209 8582
0.9036014166387263 0.171348673073561 8583
0.6206388321724751 0.1278750381294819 8584
0.3115595662134183 -0.2234005175839394 8585
0.6637228255698377 0.1098531520715814 8586
0.03792131944359779 0.1107201452100881 8587
-0.06665693332015439 0.09549753584398855 8588
0.1684228691226246 0.1360329775314232 8589
0.8175941267099367 -0.0009528742744800037 8590
0.3239452013102 -0.00496528744488548 8591
0.6734884652007112 0.1047294112573767 8592
0.0652008393117926 -0.02595697930967811 8593
0.8592790499180394 -0.06272869032131531 8594
0.2552429485108212 -0.120812348108916 8595
0.9342576723034123 -0.003612262522922724 8596
0.8384936857458496 -0.001344370301025101 8597
0.8377793135748107 -0.09874943604048506 8598
0.8886386590042995 -0.002778650662619322 8599
0.6808782534763012 0.002445917474639773 8600
0.3581864361171232 -0.006864271981417996 8601
0.5932296757940934 -0.008978842990391124 8602
0.3495867077107269 -0.006933089057005945 8603
0.02553435544809613 0.06092673324478019 8604
0.6338680999597687 -0.001113921648404627 8605
0.6732260143964552 0.4985225919797366 8606
0.7401224808144666 0.09158592759985384 8607
0.8467842984688128 -0.001808203922678943 8608
2.931153378544361 0.1666318603836839 8609
0.4326992090660056 -0.005681025023791426 8610
0.1952190215108849 0.1393094589430501 8611
0.1982296887356689 0.1542744499953406 8612
1.015869070949926 -0.001620641310155136 8613
0.5725932038889714 0.1277489118139159 8614
1.304092353071286 -0.3549760533056611 8615
0.8425221282680904 -0.01654435458476215 8616
-0.1134103689445546 0.08081017843532462 8617
0.50306795991411 0.5063550734912817 8618
0.4349269893143142 0.2049897444635379 8619
NMARK= 2
MARKER_TAG= airfoil
MARKER_ELEMS= 697
3 0 6 
3 6 7 
3 7 8 
3 8 9 
3 9 10 
3 10 11 
3 11 12 
3 12 13 
3 13 14 
3 14 15 
3 15 16 
3 16 17 
3 17 18 
3 18 19 
3 19 20 
3 20 21 
3 21 22 
3 22 23 
3 23 24 
3 24 25 
3 25 26 
3 26 27 
3 27 28 
3 28 29 
3 29 30 
3 30 31 
3 31 32 
3 32 33 
3 33 34 
3 34 35 
3 35 36 
3 36 37 
3 37 38 
3 38 39 
3 39 40 
3 40 41 
3 41 42 
3 42 43 
3 43 44 
3 44 45 
3 45 46 
3 46 47 
3 47 48 
3 48 49 
3 49 50 
3 50 51 
3 51 52 
3 52 53 
3 53 54 
3 54 55 
3 55 56 
3 56 57 
3 57 58 
3 58 59 
3 59 60 
3 60 61 
3 61 62 
3 62 63 
3 63 64 
3 64 65 
3 65 66 
3 66 67 
3 67 68 
3 68 69 
3 69 70 
3 70 71 
3 71 72 
3 72 73 
3 73 74 
3 74 75 
3 75 76 
3 76 77 
3 77 78 
3 78 79 
3 79 80 
3 80 81 
3 81 82 
3 82 83 
3 83 84 
3 84 85 
3 85 86 
3 86 87 
3 87 88 
3 88 89 
3 89 90 
3 90 91 
3 91 92 
3 92 93 
3 93 94 
3 94 95 
3 95 96 
3 96 97 
3 97 98 
3 98 99 
3 99 100 
3 100 101 
3 101 102 
3 102 103 
3 103 104 
3 104 105 
3 105 106 
3 106 107 
3 107 108 
3 108 109 
3 109 110 
3 110 111 
3 111 112 
3 112 113 
3 113 114 
3 114 115 
3 115 116 
3 116 117 
3 117 118 
3 118 119 
3 119 120 
3 120 121 
3 121 122 
3 122 123 
3 123 124 
3 124 125 
3 125 126 
3 126 127 
3 127 128 
3 128 129 
3 129 130 
3 130 131 
3 131 132 
3 132 133 
3 133 134 
3 134 135 
3 135 136 
3 136 137 
3 137 138 
3 138 139 
3 139 140 
3 140 141 
3 141 142 
3 142 143 
3 143 144 
3 144 145 
3 145 146 
3 146 147 
3 147 148 
3 148 149 
3 149 150 
3 150 151 
3 151 152 
3 152 153 
3 153 154 
3 154 155 
3 155 156 
3 156 157 
3 157 158 
3 158 159 
3 159 160 
3 160 161 
3 161 162 
3 162 163 
3 163 164 
3 164 165 
3 165 166 
3 166 167 
3 167 168 
3 168 169 
3 169 170 
3 170 171 
3 171 172 
3 172 173 
3 173 174 
3 174 175 
3 175 176 
3 176 177 
3 177 178 
3 178 179 
3 179 180 
3 180 181 
3 181 182 
3 182 183 
3 183 184 
3 184 185 
3 185 186 
3 186 187 
3 187 188 
3 188 189 
3 189 190 
3 190 191 
3 191 192 
3 192 193 
3 193 194 
3 194 195 
3 195 196 
3 196 197 
3 197 198 
3 198 199 
3 199 200 
3 200 201 
3 201 202 
3 202 203 
3 203 204 
3 204 205 
3 205 206 
3 206 207 
3 207 208 
3 208 209 
3 209 210 
3 210 211 
3 211 212 
3 212 213 
3 213 214 
3 214 215 
3 215 216 
3 216 217 
3 217 218 
3 218 219 
3 219 220 
3 220 221 
3 221 222 
3 222 223 
3 223 224 
3 224 225 
3 225 226 
3 226 227 
3 227 228 
3 228 229 
3 229 230 
3 230 231 
3 231 232 
3 232 233 
3 233 234 
3 234 235 
3 235 236 
3 236 237 
3 237 238 
3 238 239 
3 239 240 
3 240 241 
3 241 242 
3 242 243 
3 243 244 
3 244 245 
3 245 246 
3 246 247 
3 247 248 
3 248 249 
3 249 250 
3 250 251 
3 251 252 
3 252 253 
3 253 254 
3 254 255 
3 255 256 
3 256 257 
3 257 258 
3 258 259 
3 259 260 
3 260 261 
3 261 262 
3 262 263 
3 263 264 
3 264 265 
3 265 266 
3 266 267 
3 267 268 
3 268 269 
3 269 270 
3 270 271 
3 271 272 
3 272 273 
3 273 274 
3 274 275 
3 275 276 
3 276 277 
3 277 278 
3 278 279 
3 279 280 
3 280 281 
3 281 282 
3 282 283 
3 283 284 
3 284 285 
3 285 286 
3 286 287 
3 287 288 
3 288 289 
3 289 290 
3 290 291 
3 291 292 
3 292 293 
3 293 294 
3 294 295 
3 295 296 
3 296 297 
3 297 298 
3 298 299 
3 299 300 
3 300 301 
3 301 302 
3 302 303 
3 303 304 
3 304 305 
3 305 306 
3 306 307 
3 307 308 
3 308 309 
3 309 310 
3 310 311 
3 311 312 
3 312 313 
3 313 314 
3 314 315 
3 315 316 
3 316 317 
3 317 318 
3 318 319 
3 319 320 
3 320 321 
3 321 322 
3 322 323 
3 323 324 
3 324 325 
3 325 326 
3 326 327 
3 327 328 
3 328 329 
3 329 330 
3 330 331 
3 331 332 
3 332 333 
3 333 334 
3 334 335 
3 335 336 
3 336 337 
3 337 338 
3 338 339 
3 339 340 
3 340 341 
3 341 342 
3 342 343 
3 343 344 
3 344 345 
3 345 346 
3 346 347 
3 347 348 
3 348 349 
3 349 350 
3 350 351 
3 351 352 
3 352 353 
3 353 354 
3 354 355 
3 355 356 
3 356 357 
3 357 358 
3 358 359 
3 359 360 
3 360 361 
3 361 362 
3 362 363 
3 363 364 
3 364 1 
3 1 365 
3 365 366 
3 366 367 
3 367 368 
3 368 369 
3 369 370 
3 370 371 
3 371 372 
3 372 373 
3 373 374 
3 374 375 
3 375 376 
3 376 377 
3 377 378 
3 378 379 
3 379 380 
3 380 381 
3 381 382 
3 382 383 
3 383 384 
3 384 385 
3 385 386 
3 386 387 
3 387 388 
3 388 389 
3 389 390 
3 390 391 
3 391 392 
3 392 393 
3 393 394 
3 394 395 
3 395 396 
3 396 397 
3 397 398 
3 398 399 
3 399 400 
3 400 401 
3 401 402 
3 402 403 
3 403 404 
3 404 405 
3 405 406 
3 406 407 
3 407 408 
3 408 409 
3 409 410 
3 410 411 
3 411 412 
3 412 413 
3 413 414 
3 414 415 
3 415 416 
3 416 417 
3 417 418 
3 418 419 
3 419 420 
3 420 421 
3 421 422 
3 422 423 
3 423 424 
3 424 425 
3 425 426 
3 426 427 
3 427 428 
3 428 429 
3 429 430 
3 430 431 
3 431 432 
3 432 433 
3 433 434 
3 434 435 
3 435 436 
3 436 437 
3 437 438 
3 438 439 
3 439 440 
3 440 441 
3 441 442 
3 442 443 
3 443 444 
3 444 445 
3 445 446 
3 446 447 
3 447 448 
3 448 449 
3 449 450 
3 450 451 
3 451 452 
3 452 453 
3 453 454 
3 454 455 
3 455 456 
3 456 457 
3 457 458 
3 458 459 
3 459 460 
3 460 461 
3 461 462 
3 462 463 
3 463 464 
3 464 465 
3 465 466 
3 466 467 
3 467 468 
3 468 469 
3 469 470 
3 470 471 
3 471 472 
3 472 473 
3 473 474 
3 474 475 
3 475 476 
3 476 477 
3 477 478 
3 478 479 
3 479 480 
3 480 481 
3 481 482 
3 482 483 
3 483 484 
3 484 485 
3 485 486 
3 486 487 
3 487 488 
3 488 489 
3 489 490 
3 490 491 
3 491 492 
3 492 493 
3 493 494 
3 494 495 
3 495 496 
3 496 497 
3 497 498 
3 498 499 
3 499 500 
3 500 501 
3 501 502 
3 502 503 
3 503 504 
3 504 505 
3 505 506 
3 506 507 
3 507 508 
3 508 509 
3 509 510 
3 510 511 
3 511 512 
3 512 513 
3 513 514 
3 514 515 
3 515 516 
3 516 517 
3 517 518 
3 518 519 
3 519 520 
3 520 521 
3 521 522 
3 522 523 
3 523 524 
3 524 525 
3 525 526 
3 526 527 
3 527 528 
3 528 529 
3 529 530 
3 530 531 
3 531 532 
3 532 533 
3 533 534 
3 534 535 
3 535 536 
3 536 537 
3 537 538 
3 538 539 
3 539 540 
3 540 541 
3 541 542 
3 542 543 
3 543 544 
3 544 545 
3 545 546 
3 546 547 
3 547 548 
3 548 549 
3 549 550 
3 550 551 
3 551 552 
3 552 553 
3 553 554 
3 554 555 
3 555 556 
3 556 557 
3 557 558 
3 558 559 
3 559 560 
3 560 561 
3 561 562 
3 562 563 
3 563 564 
3 564 565 
3 565 566 
3 566 567 
3 567 568 
3 568 569 
3 569 570 
3 570 571 
3 571 572 
3 572 573 
3 573 574 
3 574 575 
3 575 576 
3 576 577 
3 577 578 
3 578 579 
3 579 580 
3 580 581 
3 581 582 
3 582 583 
3 583 584 
3 584 585 
3 585 586 
3 586 587 
3 587 588 
3 588 589 
3 589 590 
3 590 591 
3 591 592 
3 592 593 
3 593 594 
3 594 595 
3 595 596 
3 596 597 
3 597 598 
3 598 599 
3 599 600 
3 600 601 
3 601 602 
3 602 603 
3 603 604 
3 604 605 
3 605 606 
3 606 607 
3 607 608 
3 608 609 
3 609 610 
3 610 611 
3 611 612 
3 612 613 
3 613 614 
3 614 615 
3 615 616 
3 616 617 
3 617 618 
3 618 619 
3 619 620 
3 620 621 
3 621 622 
3 622 623 
3 623 624 
3 624 625 
3 625 626 
3 626 627 
3 627 628 
3 628 629 
3 629 630 
3 630 631 
3 631 632 
3 632 633 
3 633 634 
3 634 635 
3 635 636 
3 636 637 
3 637 638 
3 638 639 
3 639 640 
3 640 641 
3 641 642 
3 642 643 
3 643 644 
3 644 645 
3 645 646 
3 646 647 
3 647 648 
3 648 649 
3 649 650 
3 650 651 
3 651 652 
3 652 653 
3 653 654 
3 654 655 
3 655 656 
3 656 657 
3 657 658 
3 658 659 
3 659 660 
3 660 661 
3 661 662 
3 662 663 
3 663 664 
3 664 665 
3 665 666 
3 666 667 
3 667 668 
3 668 669 
3 669 670 
3 670 671 
3 671 672 
3 672 673 
3 673 674 
3 674 675 
3 675 676 
3 676 677 
3 677 678 
3 678 679 
3 679 680 
3 680 681 
3 681 682 
3 682 683 
3 683 684 
3 684 685 
3 685 686 
3 686 687 
3 687 688 
3 688 689 
3 689 690 
3 690 691 
3 691 692 
3 692 693 
3 693 694 
3 694 695 
3 695 696 
3 696 697 
3 697 698 
3 698 699 
3 699 700 
3 700 0 
MARKER_TAG= farfield
MARKER_ELEMS= 134
3 2 701 
3 701 702 
3 702 703 
3 703 704 
3 704 705 
3 705 706 
3 706 707 
3 707 708 
3 708 709 
3 709 710 
3 710 711 
3 711 712 
3 712 713 
3 713 714 
3 714 715 
3 715 716 
3 716 717 
3 717 718 
3 718 719 
3 719 720 
3 720 721 
3 721 722 
3 722 723 
3 723 724 
3 724 725 
3 725 726 
3 726 727 
3 727 728 
3 728 729 
3 729 730 
3 730 731 
3 731 732 
3 732 733 
3 733 734 
3 734 735 
3 735 736 
3 736 737 
3 737 738 
3 738 739 
3 739 740 
3 740 741 
3 741 742 
3 742 743 
3 743 744 
3 744 745 
3 745 746 
3 746 3 
3 3 747 
3 747 748 
3 748 749 
3 749 750 
3 750 751 
3 751 752 
3 752 753 
3 753 754 
3 754 755 
3 755 756 
3 756 757 
3 757 758 
3 758 759 
3 759 760 
3 760 761 
3 761 762 
3 762 763 
3 763 764 
3 764 765 
3 765 4 
3 4 766 
3 766 767 
3 767 768 
3 768 769 
3 769 770 
3 770 771 
3 771 772 
3 772 773 
3 773 774 
3 774 775 
3 775 776 
3 776 777 
3 777 778 
3 778 779 
3 779 780 
3 780 781 
3 781 782 
3 782 783 
3 783 784 
3 784 785 
3 785 786 
3 786 787 
3 787 788 
3 788 789 
3 789 790 
3 790 791 
3 791 792 
3 792 793 
3 793 794 
3 794 795 
3 795 796 
3 796 797 
3 797 798 
3 798 799 
3 799 800 
3 800 801 
3 801 802 
3 802 803 
3 803 804 
3 804 805 
3 805 806 
3 806 807 
3 807 808 
3 808 809 
3 809 810 
3 810 811 
3 811 5 
3 5 812 
3 812 813 
3 813 814 
3 814 815 
3 815 816 
3 816 817 
3 817 818 
3 818 819 
3 819 820 
3 820 821 
3 821 822 
3 822 823 
3 823 824 
3 824 825 
3 825 826 
3 826 827 
3 827 828 
3 828 829 
3 829 830 
3 830 2 
